company_name,ticker_bb,gics_sector,gics_industry_group,gics_industry,gics_sub_industry,market_cap_mln_gbp,financial_year_end_month,financial_year,executive_name,position,canonical_position,position_status,base_salary_amount,base_salary_currency,base_salary_effective_date,annual_bonus_max_percentage,bonus_deferral_percentage,bonus_deferral_period_years,ltip_max_percentage,psp_max_percentage,rsp_max_percentage,rsp_status,ltip_hybrid_mechanism,shareholding_guideline_percentage,post_employment_shareholding_years,policy_change_summary,policy_effective_date,base_salary_source_chunk_id,annual_bonus_max_source_chunk_id,ltip_max_source_chunk_id,shareholding_guideline_source_chunk_id,file_name,ar_link,source_link,source_chunk_id,base_salary_source_link,annual_bonus_max_source_link,ltip_max_source_link,shareholding_guideline_source_link,source_attribution_tier
4Imprint Group Plc,FOUR LN Equity,Communication Services,Media & Entertainment,Media,Advertising,1014.1,12.0,2025,Kevin Lyons-Tarr,Chief Executive Officer,CEO,current,565262.0,USD,,150.0,50.0,5.0,,,,,,200.0,2.0,Maximum annual bonus increased from 100% to 150% of base salary (on-target moved from 50% to 75% of salary) to align with CFO Designate and market practice; no base salary increase for 2025; CEO continues not to participate in the LTIP.,,164,166,,58,4imprint_group_ar_2024,https://investors.4imprint.com/media/4pxdv4c3/4imprint_ar25_web.pdf,"=HYPERLINK(""https://investors.4imprint.com/media/4pxdv4c3/4imprint_ar25_web.pdf#page=90"",""p.90 of AR"")",25.0,"=HYPERLINK(""https://investors.4imprint.com/media/4pxdv4c3/4imprint_ar25_web.pdf#page=107"",""p.107 of AR"")","=HYPERLINK(""https://investors.4imprint.com/media/4pxdv4c3/4imprint_ar25_web.pdf#page=107"",""p.107 of AR"")",,"=HYPERLINK(""https://investors.4imprint.com/media/4pxdv4c3/4imprint_ar25_web.pdf#page=95"",""p.95 of AR"")",3
4Imprint Group Plc,FOUR LN Equity,Communication Services,Media & Entertainment,Media,Advertising,1014.1,12.0,2025,David Seekings,Chief Financial Officer (outgoing; six-month notice period from 31 December 2024),CFO,former,376841.0,USD,,100.0,50.0,5.0,,,,,,200.0,2.0,No changes to bonus maximum (remains 100% of salary) or LTIP participation (none); retirement/leaver terms to be agreed and disclosed in next year's report.,,164,25,,58,4imprint_group_ar_2024,https://investors.4imprint.com/media/4pxdv4c3/4imprint_ar25_web.pdf,"=HYPERLINK(""https://investors.4imprint.com/media/4pxdv4c3/4imprint_ar25_web.pdf#page=90"",""p.90 of AR"")",23.0,"=HYPERLINK(""https://investors.4imprint.com/media/4pxdv4c3/4imprint_ar25_web.pdf#page=107"",""p.107 of AR"")","=HYPERLINK(""https://investors.4imprint.com/media/4pxdv4c3/4imprint_ar25_web.pdf#page=90"",""p.90 of AR"")",,"=HYPERLINK(""https://investors.4imprint.com/media/4pxdv4c3/4imprint_ar25_web.pdf#page=95"",""p.95 of AR"")",3
4Imprint Group Plc,FOUR LN Equity,Communication Services,Media & Entertainment,Media,Advertising,1014.1,12.0,2025,Michelle Brukwicki,"CFO Designate (Chief Financial Officer designate, appointed 18 October 2024)",CFO,current,470000.0,USD,1 January 2026,150.0,33.33,3.0,150.0,,,,,200.0,2.0,"New recruit; first Executive Director to participate in the new 2025 LTIP; also received a buy-out package and $50,000 relocation allowance; no base salary increase permitted until 1 January 2026.",,164,114,169.0,58,4imprint_group_ar_2024,https://investors.4imprint.com/media/4pxdv4c3/4imprint_ar25_web.pdf,"=HYPERLINK(""https://investors.4imprint.com/media/4pxdv4c3/4imprint_ar25_web.pdf#page=90"",""p.90 of AR"")",20.0,"=HYPERLINK(""https://investors.4imprint.com/media/4pxdv4c3/4imprint_ar25_web.pdf#page=107"",""p.107 of AR"")","=HYPERLINK(""https://investors.4imprint.com/media/4pxdv4c3/4imprint_ar25_web.pdf#page=102"",""p.102 of AR"")","=HYPERLINK(""https://investors.4imprint.com/media/4pxdv4c3/4imprint_ar25_web.pdf#page=107"",""p.107 of AR"")","=HYPERLINK(""https://investors.4imprint.com/media/4pxdv4c3/4imprint_ar25_web.pdf#page=95"",""p.95 of AR"")",3
4Imprint Group Plc,FOUR LN Equity,Communication Services,Media & Entertainment,Media,Advertising,1014.1,12.0,2026,Kevin Lyons-Tarr,Chief Executive Officer,CEO,current,582000.0,USD,1 January 2026,150.0,33.33,3.0,150.0,,,,,200.0,2.0,"3% base salary increase for 2026; 2026 annual bonus plan redesigned to assess revenue and operating profit independently (50/50 weighting) using consolidated Group results rather than North American business results only; Kevin Lyons-Tarr will participate in the LTIP for the first time in 2026 (previously did not participate), which also changes his bonus deferral from 50%/5 years to one-third/3 years in line with policy for LTIP participants.",1 January 2026,166,169,20,48,4imprint_group_ar_2025,https://investors.4imprint.com/media/4pxdv4c3/4imprint_ar25_web.pdf,"=HYPERLINK(""https://investors.4imprint.com/media/4pxdv4c3/4imprint_ar25_web.pdf#page=45"",""p.45 of AR"")",20.0,"=HYPERLINK(""https://investors.4imprint.com/media/4pxdv4c3/4imprint_ar25_web.pdf#page=54"",""p.54 of AR"")","=HYPERLINK(""https://investors.4imprint.com/media/4pxdv4c3/4imprint_ar25_web.pdf#page=54"",""p.54 of AR"")","=HYPERLINK(""https://investors.4imprint.com/media/4pxdv4c3/4imprint_ar25_web.pdf#page=45"",""p.45 of AR"")","=HYPERLINK(""https://investors.4imprint.com/media/4pxdv4c3/4imprint_ar25_web.pdf#page=47"",""p.47 of AR"")",3
4Imprint Group Plc,FOUR LN Equity,Communication Services,Media & Entertainment,Media,Advertising,1014.1,12.0,2026,Michelle Brukwicki,Chief Financial Officer,CFO,current,484000.0,USD,1 January 2026,150.0,33.33,3.0,150.0,,,,,200.0,2.0,3% base salary increase for 2026; 2026 annual bonus plan redesigned to assess revenue and operating profit independently (50/50 weighting) using consolidated Group results rather than North American business results only; continues LTIP participation begun in 2025.,1 January 2026,166,169,20,48,4imprint_group_ar_2025,https://investors.4imprint.com/media/4pxdv4c3/4imprint_ar25_web.pdf,"=HYPERLINK(""https://investors.4imprint.com/media/4pxdv4c3/4imprint_ar25_web.pdf#page=45"",""p.45 of AR"")",20.0,"=HYPERLINK(""https://investors.4imprint.com/media/4pxdv4c3/4imprint_ar25_web.pdf#page=54"",""p.54 of AR"")","=HYPERLINK(""https://investors.4imprint.com/media/4pxdv4c3/4imprint_ar25_web.pdf#page=54"",""p.54 of AR"")","=HYPERLINK(""https://investors.4imprint.com/media/4pxdv4c3/4imprint_ar25_web.pdf#page=45"",""p.45 of AR"")","=HYPERLINK(""https://investors.4imprint.com/media/4pxdv4c3/4imprint_ar25_web.pdf#page=47"",""p.47 of AR"")",3
Aberdeen Group Plc,ABDN LN Equity,Financials,Financial Services,Capital Markets,Asset Management & Custody Banks,4251.0,12.0,2025,Jason Windsor,Chief Executive Officer,CEO,current,800000.0,GBP,10 September 2024,250.0,50.0,3.0,350.0,,,,,350.0,2.0,"No salary increase for 2025. Relative TSR component of the 2025 LTIP (50% weighting) will now be benchmarked against the FTSE 350 index rather than the previous comparator group, with threshold at median and maximum at the 75th percentile. The overall Remuneration Policy (approved at the 2023 AGM) is in its final year of operation and will be reviewed during 2025 ahead of resubmission to shareholders at the 2026 AGM.",,75,75,75,75.0,aberdeen_group_ar_2024,https://www.aberdeeninvestments.com/docs?documentid=AA-110326-205370-24,"=HYPERLINK(""https://www.aberdeeninvestments.com/docs?documentid=AA-110326-205370-24#page=129"",""p.129 of AR"")",75.0,"=HYPERLINK(""https://www.aberdeeninvestments.com/docs?documentid=AA-110326-205370-24#page=129"",""p.129 of AR"")","=HYPERLINK(""https://www.aberdeeninvestments.com/docs?documentid=AA-110326-205370-24#page=129"",""p.129 of AR"")","=HYPERLINK(""https://www.aberdeeninvestments.com/docs?documentid=AA-110326-205370-24#page=129"",""p.129 of AR"")","=HYPERLINK(""https://www.aberdeeninvestments.com/docs?documentid=AA-110326-205370-24#page=129"",""p.129 of AR"")",3
Aberdeen Group Plc,ABDN LN Equity,Financials,Financial Services,Capital Markets,Asset Management & Custody Banks,4251.0,12.0,2025,Siobhan Boylan,Chief Financial Officer,CFO,current,495000.0,GBP,,150.0,50.0,3.0,200.0,,,,,,2.0,New CFO appointment; remuneration package stated to be fully in line with the Policy. Eligible for buyout awards to compensate for forfeited awards from her previous employer; full details (including any buyout awards and 2025 implementation) to be disclosed in the 2025 Annual Report and Accounts.,,22,22,22,,aberdeen_group_ar_2024,https://www.aberdeeninvestments.com/docs?documentid=AA-110326-205370-24,"=HYPERLINK(""https://www.aberdeeninvestments.com/docs?documentid=AA-110326-205370-24#page=125"",""p.125 of AR"")",22.0,"=HYPERLINK(""https://www.aberdeeninvestments.com/docs?documentid=AA-110326-205370-24#page=125"",""p.125 of AR"")","=HYPERLINK(""https://www.aberdeeninvestments.com/docs?documentid=AA-110326-205370-24#page=125"",""p.125 of AR"")","=HYPERLINK(""https://www.aberdeeninvestments.com/docs?documentid=AA-110326-205370-24#page=125"",""p.125 of AR"")",,3
Aberdeen Group Plc,ABDN LN Equity,Financials,Financial Services,Capital Markets,Asset Management & Custody Banks,4251.0,12.0,2026,Jason Windsor,Chief Executive Officer,CEO,current,800000.0,GBP,,250.0,50.0,3.0,262.5,175.0,87.5,active,additive,350.0,2.0,"LTIP now comprises performance shares plus a new restricted shares element (previously performance shares only); performance shares condition reduced from at least two financial measures (one absolute, one relative) to at least one financial measure; restricted shares element subject to an underpin rather than performance conditions; bonus deferral minimum reduced from 50% to 25% once shareholding requirement is met; shareholding requirement decoupled from LTIP maximum opportunity; total maximum LTIP opportunity for 2026 reduced to 262.5% of salary from 350% in 2025; no change to base salary, pension, or benefits provision.","2026 AGM, 29 April 2026",111,111,derived,111,aberdeen_group_ar_2025,https://www.aberdeeninvestments.com/docs?documentid=AA-110326-205370-24,"=HYPERLINK(""https://www.aberdeeninvestments.com/docs?documentid=AA-110326-205370-24#page=113"",""p.113 of AR"")",111.0,"=HYPERLINK(""https://www.aberdeeninvestments.com/docs?documentid=AA-110326-205370-24#page=113"",""p.113 of AR"")","=HYPERLINK(""https://www.aberdeeninvestments.com/docs?documentid=AA-110326-205370-24#page=113"",""p.113 of AR"")",derived,"=HYPERLINK(""https://www.aberdeeninvestments.com/docs?documentid=AA-110326-205370-24#page=113"",""p.113 of AR"")",3
Aberdeen Group Plc,ABDN LN Equity,Financials,Financial Services,Capital Markets,Asset Management & Custody Banks,4251.0,12.0,2026,Siobhan Boylan,Chief Financial Officer,CFO,current,495000.0,GBP,,150.0,50.0,3.0,150.0,100.0,50.0,active,additive,200.0,2.0,"LTIP now comprises performance shares plus a new restricted shares element (previously performance shares only); performance shares condition reduced from at least two financial measures (one absolute, one relative) to at least one financial measure; restricted shares element subject to an underpin rather than performance conditions; bonus deferral minimum reduced from 50% to 25% once shareholding requirement is met; shareholding requirement decoupled from LTIP maximum opportunity; total maximum LTIP opportunity for 2026 reduced to 150% of salary from 200% in 2025; no change to base salary, pension, or benefits provision.","2026 AGM, 29 April 2026",111,111,derived,111,aberdeen_group_ar_2025,https://www.aberdeeninvestments.com/docs?documentid=AA-110326-205370-24,"=HYPERLINK(""https://www.aberdeeninvestments.com/docs?documentid=AA-110326-205370-24#page=113"",""p.113 of AR"")",111.0,"=HYPERLINK(""https://www.aberdeeninvestments.com/docs?documentid=AA-110326-205370-24#page=113"",""p.113 of AR"")","=HYPERLINK(""https://www.aberdeeninvestments.com/docs?documentid=AA-110326-205370-24#page=113"",""p.113 of AR"")",derived,"=HYPERLINK(""https://www.aberdeeninvestments.com/docs?documentid=AA-110326-205370-24#page=113"",""p.113 of AR"")",3
Admiral Group Plc,ADM LN Equity,Financials,Insurance,Insurance,Property & Casualty Insurance,9821.9,12.0,2025,Milena Mondini de Focatiis,Chief Executive Officer,CEO,current,797220.0,GBP,1 January 2025,200.0,40.0,3.0,500.0,,,,,400.0,2.0,"Salary increased by 3.00% to £797,220, effective 1 January 2025, in line with average employee pay review; no other changes to bonus, LTIP, or shareholding requirements under the 2024 Policy carried forward into 2025.",1 January 2025,299,321,100,100,admiral_group_ar_2024,https://admiralgroup.co.uk/static-files/1cc7d555-af0c-42c8-b2d9-8bae4036c278,"=HYPERLINK(""https://admiralgroup.co.uk/static-files/1cc7d555-af0c-42c8-b2d9-8bae4036c278#page=171"",""p.171 of AR"")",299.0,"=HYPERLINK(""https://admiralgroup.co.uk/static-files/1cc7d555-af0c-42c8-b2d9-8bae4036c278#page=171"",""p.171 of AR"")","=HYPERLINK(""https://admiralgroup.co.uk/static-files/1cc7d555-af0c-42c8-b2d9-8bae4036c278#page=173"",""p.173 of AR"")","=HYPERLINK(""https://admiralgroup.co.uk/static-files/1cc7d555-af0c-42c8-b2d9-8bae4036c278#page=158"",""p.158 of AR"")","=HYPERLINK(""https://admiralgroup.co.uk/static-files/1cc7d555-af0c-42c8-b2d9-8bae4036c278#page=158"",""p.158 of AR"")",3
Admiral Group Plc,ADM LN Equity,Financials,Insurance,Insurance,Property & Casualty Insurance,9821.9,12.0,2025,Geraint Jones,Chief Financial Officer,CFO,current,495000.0,GBP,1 January 2025,200.0,40.0,3.0,500.0,,,,,400.0,2.0,"Salary increased by 6.45% to £495,000, effective 1 January 2025 — an above-average increase intended to begin addressing the competitiveness of his base pay relative to the lower quartile of the market; the Committee intends to continue phased increases toward this positioning over the policy period.",1 January 2025,299,321,100,100,admiral_group_ar_2024,https://admiralgroup.co.uk/static-files/1cc7d555-af0c-42c8-b2d9-8bae4036c278,"=HYPERLINK(""https://admiralgroup.co.uk/static-files/1cc7d555-af0c-42c8-b2d9-8bae4036c278#page=171"",""p.171 of AR"")",299.0,"=HYPERLINK(""https://admiralgroup.co.uk/static-files/1cc7d555-af0c-42c8-b2d9-8bae4036c278#page=171"",""p.171 of AR"")","=HYPERLINK(""https://admiralgroup.co.uk/static-files/1cc7d555-af0c-42c8-b2d9-8bae4036c278#page=173"",""p.173 of AR"")","=HYPERLINK(""https://admiralgroup.co.uk/static-files/1cc7d555-af0c-42c8-b2d9-8bae4036c278#page=158"",""p.158 of AR"")","=HYPERLINK(""https://admiralgroup.co.uk/static-files/1cc7d555-af0c-42c8-b2d9-8bae4036c278#page=158"",""p.158 of AR"")",3
Admiral Group Plc,ADM LN Equity,Financials,Insurance,Insurance,Property & Casualty Insurance,9821.9,12.0,2026,Milena Mondini de Focatiis,Chief Executive Officer,CEO,current,895000.0,GBP,1 January 2026,200.0,40.0,3.0,,,,,,400.0,2.0,"Salary increased by 12.27% to £895,000 effective 1 January 2026 — described as a one-off adjustment to align base pay with the lower quartile of comparator peer groups; future increases expected to be broadly aligned with the wider workforce.",1 January 2026,40,365,,126,admiral_group_ar_2025,https://admiralgroup.co.uk/static-files/1cc7d555-af0c-42c8-b2d9-8bae4036c278,"=HYPERLINK(""https://admiralgroup.co.uk/static-files/1cc7d555-af0c-42c8-b2d9-8bae4036c278#page=163"",""p.163 of AR"")",40.0,"=HYPERLINK(""https://admiralgroup.co.uk/static-files/1cc7d555-af0c-42c8-b2d9-8bae4036c278#page=163"",""p.163 of AR"")","=HYPERLINK(""https://admiralgroup.co.uk/static-files/1cc7d555-af0c-42c8-b2d9-8bae4036c278#page=186"",""p.186 of AR"")",,"=HYPERLINK(""https://admiralgroup.co.uk/static-files/1cc7d555-af0c-42c8-b2d9-8bae4036c278#page=170"",""p.170 of AR"")",3
Admiral Group Plc,ADM LN Equity,Financials,Insurance,Insurance,Property & Casualty Insurance,9821.9,12.0,2026,Geraint Jones,Chief Financial Officer (retiring effective July 2026),CFO,current,510000.0,GBP,1 January 2026,200.0,40.0,3.0,,,,,,400.0,2.0,"Salary increased 3.03% to £510,000 effective 1 January 2026 (in line with average UK staff increase); to retire as Group CFO in July 2026; 2026 DFSS award is his final award; will remain eligible for ABP only for H1 2026; intends to take up a consultant position post-retirement.",1 January 2026,40,365,,126,admiral_group_ar_2025,https://admiralgroup.co.uk/static-files/1cc7d555-af0c-42c8-b2d9-8bae4036c278,"=HYPERLINK(""https://admiralgroup.co.uk/static-files/1cc7d555-af0c-42c8-b2d9-8bae4036c278#page=184"",""p.184 of AR"")",341.0,"=HYPERLINK(""https://admiralgroup.co.uk/static-files/1cc7d555-af0c-42c8-b2d9-8bae4036c278#page=163"",""p.163 of AR"")","=HYPERLINK(""https://admiralgroup.co.uk/static-files/1cc7d555-af0c-42c8-b2d9-8bae4036c278#page=186"",""p.186 of AR"")",,"=HYPERLINK(""https://admiralgroup.co.uk/static-files/1cc7d555-af0c-42c8-b2d9-8bae4036c278#page=170"",""p.170 of AR"")",3
Admiral Group Plc,ADM LN Equity,Financials,Insurance,Insurance,Property & Casualty Insurance,9821.9,12.0,2026,Rachel Lewis,"Group Chief Financial Officer (incoming, effective 1 July 2026)",CFO,current,475000.0,GBP,1 July 2026,200.0,40.0,3.0,,,,,,400.0,2.0,"New appointment as Group CFO effective 1 July 2026, following Geraint Jones' retirement; Committee has outlined a ""flight path"" through to 2028, with 2027 pay increases aligned to the broader workforce and a more significant increase in 2028 reflecting development in role; DFSS share awards likely to increase over this period; ABP participation to continue in line with Policy.",1 July 2026,342,342,,126,admiral_group_ar_2025,https://admiralgroup.co.uk/static-files/1cc7d555-af0c-42c8-b2d9-8bae4036c278,"=HYPERLINK(""https://admiralgroup.co.uk/static-files/1cc7d555-af0c-42c8-b2d9-8bae4036c278#page=184"",""p.184 of AR"")",342.0,"=HYPERLINK(""https://admiralgroup.co.uk/static-files/1cc7d555-af0c-42c8-b2d9-8bae4036c278#page=184"",""p.184 of AR"")","=HYPERLINK(""https://admiralgroup.co.uk/static-files/1cc7d555-af0c-42c8-b2d9-8bae4036c278#page=184"",""p.184 of AR"")",,"=HYPERLINK(""https://admiralgroup.co.uk/static-files/1cc7d555-af0c-42c8-b2d9-8bae4036c278#page=170"",""p.170 of AR"")",3
A.G. Barr Plc,BAG LN Equity,Consumer Staples,Food Beverage & Tobacco,Beverages,Soft Drinks & Non-alcoholic Beverages,664.7,1.0,2025,Euan Sutherland,Chief Executive Officer,CEO,current,650000.0,GBP,1 May 2024,125.0,25.0,2.0,150.0,,,,,200.0,2.0,"Newly appointed CEO; base salary set at £650,000 (higher than predecessor Roger White's salary, but below his prior Saga plc package); pension aligned to wider workforce at 8% of salary (rather than the higher 24% legacy rate for incumbents); received £130,000 relocation payment; no buyout awards approved; included in full-year 2024/25 bonus scheme despite joining mid-year; will receive an LTIP award for the three financial years commencing 29 January 2024.",1 May 2024,131,131,131,137,ag_barr_ar_2024,https://www.agbarr.co.uk/media/l0iibclx/50067-ag-barr-annual-report-2026-web2.pdf,"=HYPERLINK(""https://www.agbarr.co.uk/media/l0iibclx/50067-ag-barr-annual-report-2026-web2.pdf#page=86"",""p.86 of AR"")",131.0,"=HYPERLINK(""https://www.agbarr.co.uk/media/l0iibclx/50067-ag-barr-annual-report-2026-web2.pdf#page=86"",""p.86 of AR"")","=HYPERLINK(""https://www.agbarr.co.uk/media/l0iibclx/50067-ag-barr-annual-report-2026-web2.pdf#page=86"",""p.86 of AR"")","=HYPERLINK(""https://www.agbarr.co.uk/media/l0iibclx/50067-ag-barr-annual-report-2026-web2.pdf#page=86"",""p.86 of AR"")","=HYPERLINK(""https://www.agbarr.co.uk/media/l0iibclx/50067-ag-barr-annual-report-2026-web2.pdf#page=87"",""p.87 of AR"")",3
A.G. Barr Plc,BAG LN Equity,Consumer Staples,Food Beverage & Tobacco,Beverages,Soft Drinks & Non-alcoholic Beverages,664.7,1.0,2025,Stuart Lorimer,Chief Financial Officer (Executive Director),CFO,current,367000.0,GBP,1 April 2024,125.0,25.0,2.0,150.0,,,,,150.0,1.0,"Salary increased by 4.0% effective 1 April 2024, set below the average wider-workforce increase (4.2%); continues to receive legacy pension contribution of 24% of salary as an incumbent director.",1 April 2024,60,206,106,137,ag_barr_ar_2024,https://www.agbarr.co.uk/media/l0iibclx/50067-ag-barr-annual-report-2026-web2.pdf,"=HYPERLINK(""https://www.agbarr.co.uk/media/l0iibclx/50067-ag-barr-annual-report-2026-web2.pdf#page=80"",""p.80 of AR"")",60.0,"=HYPERLINK(""https://www.agbarr.co.uk/media/l0iibclx/50067-ag-barr-annual-report-2026-web2.pdf#page=80"",""p.80 of AR"")","=HYPERLINK(""https://www.agbarr.co.uk/media/l0iibclx/50067-ag-barr-annual-report-2026-web2.pdf#page=95"",""p.95 of AR"")","=HYPERLINK(""https://www.agbarr.co.uk/media/l0iibclx/50067-ag-barr-annual-report-2026-web2.pdf#page=84"",""p.84 of AR"")","=HYPERLINK(""https://www.agbarr.co.uk/media/l0iibclx/50067-ag-barr-annual-report-2026-web2.pdf#page=87"",""p.87 of AR"")",3
A.G. Barr Plc,BAG LN Equity,Consumer Staples,Food Beverage & Tobacco,Beverages,Soft Drinks & Non-alcoholic Beverages,664.7,1.0,2025,Jonathan Kemp,Executive Director,Executive Director,current,280000.0,GBP,1 April 2024,125.0,25.0,2.0,150.0,,,,,150.0,1.0,Stepping down as executive director on 31 May 2024; treated as a good leaver — existing LTIP awards pro-rated and will vest at normal three-year anniversary dates; no new LTIP awards; will not participate in the 2025/26 bonus scheme; salary increased 4.0% effective 1 April 2024 despite planned departure; no compensation for loss of office.,1 April 2024,60,206,106,137,ag_barr_ar_2024,https://www.agbarr.co.uk/media/l0iibclx/50067-ag-barr-annual-report-2026-web2.pdf,"=HYPERLINK(""https://www.agbarr.co.uk/media/l0iibclx/50067-ag-barr-annual-report-2026-web2.pdf#page=78"",""p.78 of AR"")",36.0,"=HYPERLINK(""https://www.agbarr.co.uk/media/l0iibclx/50067-ag-barr-annual-report-2026-web2.pdf#page=80"",""p.80 of AR"")","=HYPERLINK(""https://www.agbarr.co.uk/media/l0iibclx/50067-ag-barr-annual-report-2026-web2.pdf#page=95"",""p.95 of AR"")","=HYPERLINK(""https://www.agbarr.co.uk/media/l0iibclx/50067-ag-barr-annual-report-2026-web2.pdf#page=84"",""p.84 of AR"")","=HYPERLINK(""https://www.agbarr.co.uk/media/l0iibclx/50067-ag-barr-annual-report-2026-web2.pdf#page=87"",""p.87 of AR"")",3
A.G. Barr Plc,BAG LN Equity,Consumer Staples,Food Beverage & Tobacco,Beverages,Soft Drinks & Non-alcoholic Beverages,664.7,1.0,2025,Roger White,Chief Executive Officer,CEO,current,517000.0,GBP,,125.0,25.0,2.0,150.0,,,,,200.0,1.0,"Stepped down as CEO/director on 30 April 2024, employment ends 31 July 2024; treated as a good leaver; no salary increase awarded for 2024/25; no payment in lieu of notice; no compensation for loss of office; retains life assurance benefits until normal retirement age of 63.",,60,206,106,137,ag_barr_ar_2024,https://www.agbarr.co.uk/media/l0iibclx/50067-ag-barr-annual-report-2026-web2.pdf,"=HYPERLINK(""https://www.agbarr.co.uk/media/l0iibclx/50067-ag-barr-annual-report-2026-web2.pdf#page=86"",""p.86 of AR"")",130.0,"=HYPERLINK(""https://www.agbarr.co.uk/media/l0iibclx/50067-ag-barr-annual-report-2026-web2.pdf#page=80"",""p.80 of AR"")","=HYPERLINK(""https://www.agbarr.co.uk/media/l0iibclx/50067-ag-barr-annual-report-2026-web2.pdf#page=95"",""p.95 of AR"")","=HYPERLINK(""https://www.agbarr.co.uk/media/l0iibclx/50067-ag-barr-annual-report-2026-web2.pdf#page=84"",""p.84 of AR"")","=HYPERLINK(""https://www.agbarr.co.uk/media/l0iibclx/50067-ag-barr-annual-report-2026-web2.pdf#page=87"",""p.87 of AR"")",3
A.G. Barr Plc,BAG LN Equity,Consumer Staples,Food Beverage & Tobacco,Beverages,Soft Drinks & Non-alcoholic Beverages,664.7,1.0,2027,Euan Sutherland,Chief Executive Officer,CEO,current,690000.0,GBP,1 April 2026,150.0,50.0,2.0,200.0,,,,,200.0,2.0,"Maximum annual bonus opportunity increased to 150% of salary (from 125%) for the CEO from 2026; bonus deferral simplified to a headline 50% (reducing to 25% once shareholding guideline met, removing the prior requirement to buy additional shares); threshold bonus payout introduced at 20% of maximum (previously 0%); LTIP maximum opportunity under the Policy remains at 200% of salary but wording restricting use of the maximum to 'exceptional circumstances' removed, giving the Committee more flexibility; implemented LTIP award for 2026 remains at 150% of salary; deferred bonus leaver provisions formalised so unvested deferred shares are normally forfeited on leaving unless 'good leaver.'",,104,260,260,269,ag_barr_ar_2025,https://www.agbarr.co.uk/media/l0iibclx/50067-ag-barr-annual-report-2026-web2.pdf,"=HYPERLINK(""https://www.agbarr.co.uk/media/l0iibclx/50067-ag-barr-annual-report-2026-web2.pdf#page=116"",""p.116 of AR"")",260.0,"=HYPERLINK(""https://www.agbarr.co.uk/media/l0iibclx/50067-ag-barr-annual-report-2026-web2.pdf#page=101"",""p.101 of AR"")","=HYPERLINK(""https://www.agbarr.co.uk/media/l0iibclx/50067-ag-barr-annual-report-2026-web2.pdf#page=116"",""p.116 of AR"")","=HYPERLINK(""https://www.agbarr.co.uk/media/l0iibclx/50067-ag-barr-annual-report-2026-web2.pdf#page=116"",""p.116 of AR"")","=HYPERLINK(""https://www.agbarr.co.uk/media/l0iibclx/50067-ag-barr-annual-report-2026-web2.pdf#page=118"",""p.118 of AR"")",3
A.G. Barr Plc,BAG LN Equity,Consumer Staples,Food Beverage & Tobacco,Beverages,Soft Drinks & Non-alcoholic Beverages,664.7,1.0,2027,Stuart Lorimer,Chief Finance and Operating Officer,CFO,current,443000.0,GBP,1 April 2026,125.0,50.0,2.0,200.0,,,,,150.0,1.0,"Maximum annual bonus opportunity remains at 125% of salary for 2026 (no change for this role); bonus deferral simplified to a headline 50% (reducing to 25% once shareholding guideline met, removing the prior requirement to buy additional shares); threshold bonus payout introduced at 20% of maximum (previously 0%); pension contribution reduced from 24% to 8% effective 1 April 2025, aligning with wider workforce and CEO rate; LTIP maximum opportunity under the Policy remains at 200% of salary but wording restricting use of the maximum to 'exceptional circumstances' removed; implemented LTIP award for 2026 remains at 150% of salary; deferred bonus leaver provisions formalised so unvested deferred shares are normally forfeited on leaving unless 'good leaver.'",,104,260,260,269,ag_barr_ar_2025,https://www.agbarr.co.uk/media/l0iibclx/50067-ag-barr-annual-report-2026-web2.pdf,"=HYPERLINK(""https://www.agbarr.co.uk/media/l0iibclx/50067-ag-barr-annual-report-2026-web2.pdf#page=116"",""p.116 of AR"")",260.0,"=HYPERLINK(""https://www.agbarr.co.uk/media/l0iibclx/50067-ag-barr-annual-report-2026-web2.pdf#page=101"",""p.101 of AR"")","=HYPERLINK(""https://www.agbarr.co.uk/media/l0iibclx/50067-ag-barr-annual-report-2026-web2.pdf#page=116"",""p.116 of AR"")","=HYPERLINK(""https://www.agbarr.co.uk/media/l0iibclx/50067-ag-barr-annual-report-2026-web2.pdf#page=116"",""p.116 of AR"")","=HYPERLINK(""https://www.agbarr.co.uk/media/l0iibclx/50067-ag-barr-annual-report-2026-web2.pdf#page=118"",""p.118 of AR"")",3
Airtel Africa Plc,AAF LN Equity,Communication Services,Telecommunication Services,Wireless Telecommunication Services,Wireless Telecommunication Services,11982.5,3.0,2026,Sunil Taldar,Chief Executive Officer,CEO,current,836000.0,USD,1 June 2025,200.0,33.33,2.0,200.0,150.0,50.0,active,additive,250.0,2.0,"Under the 2023 AGM-approved policy, LTIP maximum was increased from 200% to 300% of salary for the CEO, with a new 50%-of-salary cap introduced for RSUs. 2025/26 salary increased 10% (above ~7.5% workforce increase) reflecting strong personal and company performance. Actual bonus and LTIP implementation levels remain below policy maxima.",,77,92,77.0,77,airtel_africa_ar_2025,https://cdn-webportal.airtelstream.net/website/investor/main/pdf/Airtel_Africa_plc_Annual_Report_and_Accounts_2026.pdf,"=HYPERLINK(""https://cdn-webportal.airtelstream.net/website/investor/main/pdf/Airtel_Africa_plc_Annual_Report_and_Accounts_2026.pdf#page=150"",""p.150 of AR"")",26.0,"=HYPERLINK(""https://cdn-webportal.airtelstream.net/website/investor/main/pdf/Airtel_Africa_plc_Annual_Report_and_Accounts_2026.pdf#page=154"",""p.154 of AR"")","=HYPERLINK(""https://cdn-webportal.airtelstream.net/website/investor/main/pdf/Airtel_Africa_plc_Annual_Report_and_Accounts_2026.pdf#page=156"",""p.156 of AR"")","=HYPERLINK(""https://cdn-webportal.airtelstream.net/website/investor/main/pdf/Airtel_Africa_plc_Annual_Report_and_Accounts_2026.pdf#page=154"",""p.154 of AR"")","=HYPERLINK(""https://cdn-webportal.airtelstream.net/website/investor/main/pdf/Airtel_Africa_plc_Annual_Report_and_Accounts_2026.pdf#page=154"",""p.154 of AR"")",3
Airtel Africa Plc,AAF LN Equity,Communication Services,Telecommunication Services,Wireless Telecommunication Services,Wireless Telecommunication Services,11982.5,3.0,2026,Kamal Dua,"Chief Financial Officer (incoming, effective after 2025 AGM)",CFO,current,325000.0,USD,,175.0,33.33,2.0,140.0,100.0,40.0,active,additive,200.0,2.0,"New appointment as CFO following Jaideep Paul's retirement; no pension provided; no buyout or joining award granted. Received a one-off special incentive award of $65,000 linked to a successful Airtel Money IPO, on the same terms as the CEO's prior award, with a one-year post-vesting holding period. Remuneration Committee will keep base salary and bonus structure under review, potentially allowing above-workforce salary increases in future years.",,18,18,18.0,77,airtel_africa_ar_2025,https://cdn-webportal.airtelstream.net/website/investor/main/pdf/Airtel_Africa_plc_Annual_Report_and_Accounts_2026.pdf,"=HYPERLINK(""https://cdn-webportal.airtelstream.net/website/investor/main/pdf/Airtel_Africa_plc_Annual_Report_and_Accounts_2026.pdf#page=149"",""p.149 of AR"")",18.0,"=HYPERLINK(""https://cdn-webportal.airtelstream.net/website/investor/main/pdf/Airtel_Africa_plc_Annual_Report_and_Accounts_2026.pdf#page=149"",""p.149 of AR"")","=HYPERLINK(""https://cdn-webportal.airtelstream.net/website/investor/main/pdf/Airtel_Africa_plc_Annual_Report_and_Accounts_2026.pdf#page=149"",""p.149 of AR"")","=HYPERLINK(""https://cdn-webportal.airtelstream.net/website/investor/main/pdf/Airtel_Africa_plc_Annual_Report_and_Accounts_2026.pdf#page=149"",""p.149 of AR"")","=HYPERLINK(""https://cdn-webportal.airtelstream.net/website/investor/main/pdf/Airtel_Africa_plc_Annual_Report_and_Accounts_2026.pdf#page=154"",""p.154 of AR"")",3
Airtel Africa Plc,AAF LN Equity,Communication Services,Telecommunication Services,Wireless Telecommunication Services,Wireless Telecommunication Services,11982.5,3.0,2026,Jaideep Paul,Chief Financial Officer (outgoing),CFO,former,670000.0,USD,,140.0,0.0,,,,,,,100.0,2.0,"Treated as a ""good leaver"" by committee discretion; all remuneration elements cease at departure; pro-rated bonus paid in cash; deferred bonus and LTIP awards vest at normal time subject to time pro-ration and performance testing; malus/clawback continues to apply.",,26,27,,25,airtel_africa_ar_2025,https://cdn-webportal.airtelstream.net/website/investor/main/pdf/Airtel_Africa_plc_Annual_Report_and_Accounts_2026.pdf,"=HYPERLINK(""https://cdn-webportal.airtelstream.net/website/investor/main/pdf/Airtel_Africa_plc_Annual_Report_and_Accounts_2026.pdf#page=150"",""p.150 of AR"")",23.0,"=HYPERLINK(""https://cdn-webportal.airtelstream.net/website/investor/main/pdf/Airtel_Africa_plc_Annual_Report_and_Accounts_2026.pdf#page=150"",""p.150 of AR"")","=HYPERLINK(""https://cdn-webportal.airtelstream.net/website/investor/main/pdf/Airtel_Africa_plc_Annual_Report_and_Accounts_2026.pdf#page=150"",""p.150 of AR"")",,"=HYPERLINK(""https://cdn-webportal.airtelstream.net/website/investor/main/pdf/Airtel_Africa_plc_Annual_Report_and_Accounts_2026.pdf#page=150"",""p.150 of AR"")",3
AJ Bell Plc,AJB LN Equity,Financials,Financial Services,Capital Markets,Investment Banking & Brokerage,2040.9,9.0,2026,Michael Summersgill,Chief Executive Officer,CEO,current,605640.0,GBP,1 October 2025,400.0,67.0,3.0,,,,,,400.0,2.0,"Base salary increased 12% for FY26 (£540,750 → £605,640), part of a phased two-year 24% increase (further 12% proposed for FY27, subject to performance); positions CEO package between lower quartile and median vs. FTSE 250 financial services comparators. EIP maximum and shareholding guideline were increased in FY25 (to 400% of salary) and continue to apply for FY26.",1 October 2025,47,37,37,130,aj_bell_ar_2025,https://www.ajbell.co.uk/group/sites/ajbell.co.uk/files/accounts/FY25-annual-report.pdf,"=HYPERLINK(""https://www.ajbell.co.uk/group/sites/ajbell.co.uk/files/accounts/FY25-annual-report.pdf#page=98"",""p.98 of AR"")",43.0,"=HYPERLINK(""https://www.ajbell.co.uk/group/sites/ajbell.co.uk/files/accounts/FY25-annual-report.pdf#page=98"",""p.98 of AR"")","=HYPERLINK(""https://www.ajbell.co.uk/group/sites/ajbell.co.uk/files/accounts/FY25-annual-report.pdf#page=98"",""p.98 of AR"")","=HYPERLINK(""https://www.ajbell.co.uk/group/sites/ajbell.co.uk/files/accounts/FY25-annual-report.pdf#page=98"",""p.98 of AR"")","=HYPERLINK(""https://www.ajbell.co.uk/group/sites/ajbell.co.uk/files/accounts/FY25-annual-report.pdf#page=105"",""p.105 of AR"")",3
AJ Bell Plc,AJB LN Equity,Financials,Financial Services,Capital Markets,Investment Banking & Brokerage,2040.9,9.0,2026,Peter Birch,Chief Financial Officer,CFO,current,436688.0,GBP,1 October 2025,350.0,67.0,3.0,,,,,,350.0,2.0,"Base salary increased 2.75% for FY26 (£425,000 → £436,688), following a 10% increase the prior year for additional responsibilities; positions CFO salary between lower quartile and median. EIP maximum (350%) and shareholding guideline (350%) unchanged from FY25 increase. Current shareholding stood at 309% of salary as at 30 September 2025, still building toward the guideline.",1 October 2025,49,37,37,130,aj_bell_ar_2025,https://www.ajbell.co.uk/group/sites/ajbell.co.uk/files/accounts/FY25-annual-report.pdf,"=HYPERLINK(""https://www.ajbell.co.uk/group/sites/ajbell.co.uk/files/accounts/FY25-annual-report.pdf#page=98"",""p.98 of AR"")",49.0,"=HYPERLINK(""https://www.ajbell.co.uk/group/sites/ajbell.co.uk/files/accounts/FY25-annual-report.pdf#page=98"",""p.98 of AR"")","=HYPERLINK(""https://www.ajbell.co.uk/group/sites/ajbell.co.uk/files/accounts/FY25-annual-report.pdf#page=98"",""p.98 of AR"")","=HYPERLINK(""https://www.ajbell.co.uk/group/sites/ajbell.co.uk/files/accounts/FY25-annual-report.pdf#page=98"",""p.98 of AR"")","=HYPERLINK(""https://www.ajbell.co.uk/group/sites/ajbell.co.uk/files/accounts/FY25-annual-report.pdf#page=105"",""p.105 of AR"")",3
Alfa Financial Software Holdings Plc,ALFA LN Equity,Information Technology,Software & Services,Software,Application Software,463.7,12.0,2025,Andrew Denton,Chief Executive Officer,CEO,current,28900.0,GBP,1 January 2025,0.0,,,0.0,,,,,200.0,2.0,Salary increased 5.6% in line with London Living Wage increase; continues to waive rights to any variable incentive (bonus/LTIP) and pension contribution for 2025,,152,153,161,195,alfa_financial_software_holdings_ar_2024,https://alfa-website-2022.cdn.prismic.io/alfa-website-2022/acJciZGXnQHGY5CT_2025_Alfa_AR25_FullReport.pdf,"=HYPERLINK(""https://alfa-website-2022.cdn.prismic.io/alfa-website-2022/acJciZGXnQHGY5CT_2025_Alfa_AR25_FullReport.pdf#page=86"",""p.86 of AR"")",25.0,"=HYPERLINK(""https://alfa-website-2022.cdn.prismic.io/alfa-website-2022/acJciZGXnQHGY5CT_2025_Alfa_AR25_FullReport.pdf#page=99"",""p.99 of AR"")","=HYPERLINK(""https://alfa-website-2022.cdn.prismic.io/alfa-website-2022/acJciZGXnQHGY5CT_2025_Alfa_AR25_FullReport.pdf#page=99"",""p.99 of AR"")","=HYPERLINK(""https://alfa-website-2022.cdn.prismic.io/alfa-website-2022/acJciZGXnQHGY5CT_2025_Alfa_AR25_FullReport.pdf#page=100"",""p.100 of AR"")","=HYPERLINK(""https://alfa-website-2022.cdn.prismic.io/alfa-website-2022/acJciZGXnQHGY5CT_2025_Alfa_AR25_FullReport.pdf#page=104"",""p.104 of AR"")",3
Alfa Financial Software Holdings Plc,ALFA LN Equity,Information Technology,Software & Services,Software,Application Software,463.7,12.0,2025,Andrew Page,Executive Chairman,Chair,current,28900.0,GBP,1 January 2025,0.0,,,0.0,,,,,200.0,2.0,"Salary increased 5.6% in line with London Living Wage increase; continues to waive rights to any variable incentive (bonus/LTIP) and pension contribution for 2025, reflecting significant shareholder alignment",,152,153,161,195,alfa_financial_software_holdings_ar_2024,https://alfa-website-2022.cdn.prismic.io/alfa-website-2022/acJciZGXnQHGY5CT_2025_Alfa_AR25_FullReport.pdf,"=HYPERLINK(""https://alfa-website-2022.cdn.prismic.io/alfa-website-2022/acJciZGXnQHGY5CT_2025_Alfa_AR25_FullReport.pdf#page=86"",""p.86 of AR"")",25.0,"=HYPERLINK(""https://alfa-website-2022.cdn.prismic.io/alfa-website-2022/acJciZGXnQHGY5CT_2025_Alfa_AR25_FullReport.pdf#page=99"",""p.99 of AR"")","=HYPERLINK(""https://alfa-website-2022.cdn.prismic.io/alfa-website-2022/acJciZGXnQHGY5CT_2025_Alfa_AR25_FullReport.pdf#page=99"",""p.99 of AR"")","=HYPERLINK(""https://alfa-website-2022.cdn.prismic.io/alfa-website-2022/acJciZGXnQHGY5CT_2025_Alfa_AR25_FullReport.pdf#page=100"",""p.100 of AR"")","=HYPERLINK(""https://alfa-website-2022.cdn.prismic.io/alfa-website-2022/acJciZGXnQHGY5CT_2025_Alfa_AR25_FullReport.pdf#page=104"",""p.104 of AR"")",3
Alfa Financial Software Holdings Plc,ALFA LN Equity,Information Technology,Software & Services,Software,Application Software,463.7,12.0,2025,Duncan Magrath,Chief Financial Officer,CFO,current,310000.0,GBP,1 January 2025,125.0,50.0,3.0,150.0,,,,,200.0,2.0,3.3% salary increase effective 1 Jan 2025; bonus maximum unchanged at 125% of salary; cash modifier removed from bonus framework going forward (Committee may instead apply discretion for exceptional cash performance); LTIP opportunity unchanged at 150% of salary with same EPS/TSR measures,,152,153,161,195,alfa_financial_software_holdings_ar_2024,https://alfa-website-2022.cdn.prismic.io/alfa-website-2022/acJciZGXnQHGY5CT_2025_Alfa_AR25_FullReport.pdf,"=HYPERLINK(""https://alfa-website-2022.cdn.prismic.io/alfa-website-2022/acJciZGXnQHGY5CT_2025_Alfa_AR25_FullReport.pdf#page=99"",""p.99 of AR"")",152.0,"=HYPERLINK(""https://alfa-website-2022.cdn.prismic.io/alfa-website-2022/acJciZGXnQHGY5CT_2025_Alfa_AR25_FullReport.pdf#page=99"",""p.99 of AR"")","=HYPERLINK(""https://alfa-website-2022.cdn.prismic.io/alfa-website-2022/acJciZGXnQHGY5CT_2025_Alfa_AR25_FullReport.pdf#page=99"",""p.99 of AR"")","=HYPERLINK(""https://alfa-website-2022.cdn.prismic.io/alfa-website-2022/acJciZGXnQHGY5CT_2025_Alfa_AR25_FullReport.pdf#page=100"",""p.100 of AR"")","=HYPERLINK(""https://alfa-website-2022.cdn.prismic.io/alfa-website-2022/acJciZGXnQHGY5CT_2025_Alfa_AR25_FullReport.pdf#page=104"",""p.104 of AR"")",3
Alfa Financial Software Holdings Plc,ALFA LN Equity,Information Technology,Software & Services,Software,Application Software,463.7,12.0,2025,Matthew White,Chief Operating Officer,COO,current,250000.0,GBP,1 January 2025,125.0,50.0,3.0,100.0,,,,,200.0,2.0,3.6% salary increase effective 1 Jan 2025; bonus maximum unchanged at 125% of salary; cash modifier removed from bonus framework going forward (Committee may instead apply discretion for exceptional cash performance); LTIP opportunity unchanged at 100% of salary with same EPS/TSR measures,,152,153,161,195,alfa_financial_software_holdings_ar_2024,https://alfa-website-2022.cdn.prismic.io/alfa-website-2022/acJciZGXnQHGY5CT_2025_Alfa_AR25_FullReport.pdf,"=HYPERLINK(""https://alfa-website-2022.cdn.prismic.io/alfa-website-2022/acJciZGXnQHGY5CT_2025_Alfa_AR25_FullReport.pdf#page=99"",""p.99 of AR"")",152.0,"=HYPERLINK(""https://alfa-website-2022.cdn.prismic.io/alfa-website-2022/acJciZGXnQHGY5CT_2025_Alfa_AR25_FullReport.pdf#page=99"",""p.99 of AR"")","=HYPERLINK(""https://alfa-website-2022.cdn.prismic.io/alfa-website-2022/acJciZGXnQHGY5CT_2025_Alfa_AR25_FullReport.pdf#page=99"",""p.99 of AR"")","=HYPERLINK(""https://alfa-website-2022.cdn.prismic.io/alfa-website-2022/acJciZGXnQHGY5CT_2025_Alfa_AR25_FullReport.pdf#page=100"",""p.100 of AR"")","=HYPERLINK(""https://alfa-website-2022.cdn.prismic.io/alfa-website-2022/acJciZGXnQHGY5CT_2025_Alfa_AR25_FullReport.pdf#page=104"",""p.104 of AR"")",3
Alfa Financial Software Holdings Plc,ALFA LN Equity,Information Technology,Software & Services,Software,Application Software,463.7,12.0,2026,Andrew Page,Chairman,Chair,current,30800.0,GBP,2026,150.0,50.0,3.0,150.0,,,,,200.0,2.0,"Salary increased 6.6% to align with London Living Wage (rounded up from £30,784 to £30,800); continues to waive all variable pay (bonus, LTIP, and pension) to remain aligned with shareholder interests.",,60,204,209,147,alfa_financial_software_holdings_ar_2025,https://alfa-website-2022.cdn.prismic.io/alfa-website-2022/acJciZGXnQHGY5CT_2025_Alfa_AR25_FullReport.pdf,"=HYPERLINK(""https://alfa-website-2022.cdn.prismic.io/alfa-website-2022/acJciZGXnQHGY5CT_2025_Alfa_AR25_FullReport.pdf#page=87"",""p.87 of AR"")",59.0,"=HYPERLINK(""https://alfa-website-2022.cdn.prismic.io/alfa-website-2022/acJciZGXnQHGY5CT_2025_Alfa_AR25_FullReport.pdf#page=87"",""p.87 of AR"")","=HYPERLINK(""https://alfa-website-2022.cdn.prismic.io/alfa-website-2022/acJciZGXnQHGY5CT_2025_Alfa_AR25_FullReport.pdf#page=102"",""p.102 of AR"")","=HYPERLINK(""https://alfa-website-2022.cdn.prismic.io/alfa-website-2022/acJciZGXnQHGY5CT_2025_Alfa_AR25_FullReport.pdf#page=103"",""p.103 of AR"")","=HYPERLINK(""https://alfa-website-2022.cdn.prismic.io/alfa-website-2022/acJciZGXnQHGY5CT_2025_Alfa_AR25_FullReport.pdf#page=95"",""p.95 of AR"")",3
Alfa Financial Software Holdings Plc,ALFA LN Equity,Information Technology,Software & Services,Software,Application Software,463.7,12.0,2026,Andrew Denton,Chief Executive Officer,CEO,current,30800.0,GBP,2026,150.0,50.0,3.0,150.0,,,,,200.0,2.0,"Salary increased 6.6% to align with London Living Wage; continues to waive bonus, LTIP and pension contribution as a significant shareholder.",,60,204,209,147,alfa_financial_software_holdings_ar_2025,https://alfa-website-2022.cdn.prismic.io/alfa-website-2022/acJciZGXnQHGY5CT_2025_Alfa_AR25_FullReport.pdf,"=HYPERLINK(""https://alfa-website-2022.cdn.prismic.io/alfa-website-2022/acJciZGXnQHGY5CT_2025_Alfa_AR25_FullReport.pdf#page=87"",""p.87 of AR"")",59.0,"=HYPERLINK(""https://alfa-website-2022.cdn.prismic.io/alfa-website-2022/acJciZGXnQHGY5CT_2025_Alfa_AR25_FullReport.pdf#page=87"",""p.87 of AR"")","=HYPERLINK(""https://alfa-website-2022.cdn.prismic.io/alfa-website-2022/acJciZGXnQHGY5CT_2025_Alfa_AR25_FullReport.pdf#page=102"",""p.102 of AR"")","=HYPERLINK(""https://alfa-website-2022.cdn.prismic.io/alfa-website-2022/acJciZGXnQHGY5CT_2025_Alfa_AR25_FullReport.pdf#page=103"",""p.103 of AR"")","=HYPERLINK(""https://alfa-website-2022.cdn.prismic.io/alfa-website-2022/acJciZGXnQHGY5CT_2025_Alfa_AR25_FullReport.pdf#page=95"",""p.95 of AR"")",3
Alfa Financial Software Holdings Plc,ALFA LN Equity,Information Technology,Software & Services,Software,Application Software,463.7,12.0,2026,Duncan Magrath,Chief Financial Officer,CFO,current,310000.0,GBP,,125.0,50.0,3.0,150.0,,,,,200.0,2.0,"No salary increase for 2026 (fiscal discipline); will not receive a 2026 LTIP award, ahead of his announced retirement at the end of 2026.",,61,101,127,147,alfa_financial_software_holdings_ar_2025,https://alfa-website-2022.cdn.prismic.io/alfa-website-2022/acJciZGXnQHGY5CT_2025_Alfa_AR25_FullReport.pdf,"=HYPERLINK(""https://alfa-website-2022.cdn.prismic.io/alfa-website-2022/acJciZGXnQHGY5CT_2025_Alfa_AR25_FullReport.pdf#page=84"",""p.84 of AR"")",13.0,"=HYPERLINK(""https://alfa-website-2022.cdn.prismic.io/alfa-website-2022/acJciZGXnQHGY5CT_2025_Alfa_AR25_FullReport.pdf#page=87"",""p.87 of AR"")","=HYPERLINK(""https://alfa-website-2022.cdn.prismic.io/alfa-website-2022/acJciZGXnQHGY5CT_2025_Alfa_AR25_FullReport.pdf#page=91"",""p.91 of AR"")","=HYPERLINK(""https://alfa-website-2022.cdn.prismic.io/alfa-website-2022/acJciZGXnQHGY5CT_2025_Alfa_AR25_FullReport.pdf#page=93"",""p.93 of AR"")","=HYPERLINK(""https://alfa-website-2022.cdn.prismic.io/alfa-website-2022/acJciZGXnQHGY5CT_2025_Alfa_AR25_FullReport.pdf#page=95"",""p.95 of AR"")",3
Alfa Financial Software Holdings Plc,ALFA LN Equity,Information Technology,Software & Services,Software,Application Software,463.7,12.0,2026,Matthew White,Chief Operating Officer,COO,current,250000.0,GBP,,125.0,50.0,3.0,150.0,,,,,200.0,2.0,"No salary increase for 2026; LTIP opportunity increased from 100% to 150% of salary (the maximum permitted under the Remuneration Policy) following a benchmarking review, reflecting his contribution to operational and financial performance.",,61,101,35,147,alfa_financial_software_holdings_ar_2025,https://alfa-website-2022.cdn.prismic.io/alfa-website-2022/acJciZGXnQHGY5CT_2025_Alfa_AR25_FullReport.pdf,"=HYPERLINK(""https://alfa-website-2022.cdn.prismic.io/alfa-website-2022/acJciZGXnQHGY5CT_2025_Alfa_AR25_FullReport.pdf#page=85"",""p.85 of AR"")",35.0,"=HYPERLINK(""https://alfa-website-2022.cdn.prismic.io/alfa-website-2022/acJciZGXnQHGY5CT_2025_Alfa_AR25_FullReport.pdf#page=87"",""p.87 of AR"")","=HYPERLINK(""https://alfa-website-2022.cdn.prismic.io/alfa-website-2022/acJciZGXnQHGY5CT_2025_Alfa_AR25_FullReport.pdf#page=91"",""p.91 of AR"")","=HYPERLINK(""https://alfa-website-2022.cdn.prismic.io/alfa-website-2022/acJciZGXnQHGY5CT_2025_Alfa_AR25_FullReport.pdf#page=85"",""p.85 of AR"")","=HYPERLINK(""https://alfa-website-2022.cdn.prismic.io/alfa-website-2022/acJciZGXnQHGY5CT_2025_Alfa_AR25_FullReport.pdf#page=95"",""p.95 of AR"")",3
Alpha Group International Plc,ALPH LN Equity,,,,,,,2025,Name Not Disclosed - CEO,Chief Executive Officer,CEO,current,650000.0,GBP,,150.0,33.33,3.0,200.0,,,,,200.0,2.0,"First formal Main Market Policy following FTSE 250 listing; base salary reset to £650,000 (mid-market rate); no further growth share awards — replaced by conventional LTIP (performance shares, 3-year vesting + 2-year holding period); bonus set at 150% of salary with one-third deferral (for bonus opportunities >100% of salary, from 2025 no more than two-thirds paid in cash).",,314,320,324,124,alpha_group_international_ar_2024,https://www.alphagroup.com/bitnami/wordpress/wp-content/uploads/2025/04/Alpha-Group-Annual-Report-FY2024.pdf,"=HYPERLINK(""https://www.alphagroup.com/bitnami/wordpress/wp-content/uploads/2025/04/Alpha-Group-Annual-Report-FY2024.pdf#page=57"",""p.57 of AR"")",37.0,"=HYPERLINK(""https://www.alphagroup.com/bitnami/wordpress/wp-content/uploads/2025/04/Alpha-Group-Annual-Report-FY2024.pdf#page=72"",""p.72 of AR"")","=HYPERLINK(""https://www.alphagroup.com/bitnami/wordpress/wp-content/uploads/2025/04/Alpha-Group-Annual-Report-FY2024.pdf#page=72"",""p.72 of AR"")","=HYPERLINK(""https://www.alphagroup.com/bitnami/wordpress/wp-content/uploads/2025/04/Alpha-Group-Annual-Report-FY2024.pdf#page=72"",""p.72 of AR"")","=HYPERLINK(""https://www.alphagroup.com/bitnami/wordpress/wp-content/uploads/2025/04/Alpha-Group-Annual-Report-FY2024.pdf#page=62"",""p.62 of AR"")",3
Alpha Group International Plc,ALPH LN Equity,,,,,,,2025,Tim Powell,Chief Financial Officer,CFO,current,365000.0,GBP,1 January 2025,125.0,33.33,3.0,175.0,,,,,200.0,2.0,"Salary increase from £325,000 to £400,000 phased over two years (£365,000 in 2025, £400,000 in 2026) to mid-market rate; bonus opportunity unchanged at 125% of salary; first participation in new conventional LTIP (175% of salary) replacing growth shares.",,315,320,324,124,alpha_group_international_ar_2024,https://www.alphagroup.com/bitnami/wordpress/wp-content/uploads/2025/04/Alpha-Group-Annual-Report-FY2024.pdf,"=HYPERLINK(""https://www.alphagroup.com/bitnami/wordpress/wp-content/uploads/2025/04/Alpha-Group-Annual-Report-FY2024.pdf#page=57"",""p.57 of AR"")",37.0,"=HYPERLINK(""https://www.alphagroup.com/bitnami/wordpress/wp-content/uploads/2025/04/Alpha-Group-Annual-Report-FY2024.pdf#page=72"",""p.72 of AR"")","=HYPERLINK(""https://www.alphagroup.com/bitnami/wordpress/wp-content/uploads/2025/04/Alpha-Group-Annual-Report-FY2024.pdf#page=72"",""p.72 of AR"")","=HYPERLINK(""https://www.alphagroup.com/bitnami/wordpress/wp-content/uploads/2025/04/Alpha-Group-Annual-Report-FY2024.pdf#page=72"",""p.72 of AR"")","=HYPERLINK(""https://www.alphagroup.com/bitnami/wordpress/wp-content/uploads/2025/04/Alpha-Group-Annual-Report-FY2024.pdf#page=62"",""p.62 of AR"")",3
Alpha Group International Plc,ALPH LN Equity,,,,,,,2025,Tim Butters,Chief Risk Officer,Other Executive,current,306000.0,GBP,,50.0,,,100.0,,,,,200.0,2.0,"From 2025, CRO participates in an annual bonus scheme for the first time (50% of salary maximum) with role-specific, non-financial performance measures to avoid conflicts with risk oversight duties; also joins the new LTIP for the first time (100% of salary) as growth share participation ceases, providing a bias toward fixed pay consistent with the risk management role.",,37,320,324,124,alpha_group_international_ar_2024,https://www.alphagroup.com/bitnami/wordpress/wp-content/uploads/2025/04/Alpha-Group-Annual-Report-FY2024.pdf,"=HYPERLINK(""https://www.alphagroup.com/bitnami/wordpress/wp-content/uploads/2025/04/Alpha-Group-Annual-Report-FY2024.pdf#page=57"",""p.57 of AR"")",40.0,"=HYPERLINK(""https://www.alphagroup.com/bitnami/wordpress/wp-content/uploads/2025/04/Alpha-Group-Annual-Report-FY2024.pdf#page=57"",""p.57 of AR"")","=HYPERLINK(""https://www.alphagroup.com/bitnami/wordpress/wp-content/uploads/2025/04/Alpha-Group-Annual-Report-FY2024.pdf#page=72"",""p.72 of AR"")","=HYPERLINK(""https://www.alphagroup.com/bitnami/wordpress/wp-content/uploads/2025/04/Alpha-Group-Annual-Report-FY2024.pdf#page=72"",""p.72 of AR"")","=HYPERLINK(""https://www.alphagroup.com/bitnami/wordpress/wp-content/uploads/2025/04/Alpha-Group-Annual-Report-FY2024.pdf#page=62"",""p.62 of AR"")",3
Anglo American Plc,AAL LN Equity,Materials,Materials,Metals & Mining,Diversified Metals & Mining,41070.1,12.0,2025,Duncan Wanblad,Chief Executive Officer,CEO,current,1385800.0,GBP,1 January 2025,210.0,50.0,3.0,350.0,,,,,400.0,2.0,2.5% salary increase for 2025 in line with UK workforce increases; no significant structural changes to remuneration package for 2025; annual bonus performance measures updated to include a new critical action closure safety measure (subject to TRIFR underpin); LTIP ESG measures updated to include continued Tailings management progress and a new gender representation measure,,69,101,105,118,anglo_american_ar_2024,https://www.angloamerican.com/~/media/Files/A/Anglo-American-Group-v9/PLC/investors/annual-reporting/2025/aa-annual-report-full-2025.pdf,"=HYPERLINK(""https://www.angloamerican.com/~/media/Files/A/Anglo-American-Group-v9/PLC/investors/annual-reporting/2025/aa-annual-report-full-2025.pdf#page=202"",""p.202 of AR"")",101.0,"=HYPERLINK(""https://www.angloamerican.com/~/media/Files/A/Anglo-American-Group-v9/PLC/investors/annual-reporting/2025/aa-annual-report-full-2025.pdf#page=199"",""p.199 of AR"")","=HYPERLINK(""https://www.angloamerican.com/~/media/Files/A/Anglo-American-Group-v9/PLC/investors/annual-reporting/2025/aa-annual-report-full-2025.pdf#page=202"",""p.202 of AR"")","=HYPERLINK(""https://www.angloamerican.com/~/media/Files/A/Anglo-American-Group-v9/PLC/investors/annual-reporting/2025/aa-annual-report-full-2025.pdf#page=203"",""p.203 of AR"")","=HYPERLINK(""https://www.angloamerican.com/~/media/Files/A/Anglo-American-Group-v9/PLC/investors/annual-reporting/2025/aa-annual-report-full-2025.pdf#page=205"",""p.205 of AR"")",3
Anglo American Plc,AAL LN Equity,Materials,Materials,Metals & Mining,Diversified Metals & Mining,41070.1,12.0,2025,John Heasley,Finance Director (CFO),CFO,current,830250.0,GBP,1 January 2025,210.0,50.0,3.0,350.0,,,,,300.0,2.0,2.5% salary increase for 2025 in line with UK workforce increases; no significant structural changes to remuneration package for 2025; annual bonus performance measures updated to include a new critical action closure safety measure (subject to TRIFR underpin); LTIP ESG measures updated to include continued Tailings management progress and a new gender representation measure,,101,101,105,76,anglo_american_ar_2024,https://www.angloamerican.com/~/media/Files/A/Anglo-American-Group-v9/PLC/investors/annual-reporting/2025/aa-annual-report-full-2025.pdf,"=HYPERLINK(""https://www.angloamerican.com/~/media/Files/A/Anglo-American-Group-v9/PLC/investors/annual-reporting/2025/aa-annual-report-full-2025.pdf#page=202"",""p.202 of AR"")",101.0,"=HYPERLINK(""https://www.angloamerican.com/~/media/Files/A/Anglo-American-Group-v9/PLC/investors/annual-reporting/2025/aa-annual-report-full-2025.pdf#page=202"",""p.202 of AR"")","=HYPERLINK(""https://www.angloamerican.com/~/media/Files/A/Anglo-American-Group-v9/PLC/investors/annual-reporting/2025/aa-annual-report-full-2025.pdf#page=202"",""p.202 of AR"")","=HYPERLINK(""https://www.angloamerican.com/~/media/Files/A/Anglo-American-Group-v9/PLC/investors/annual-reporting/2025/aa-annual-report-full-2025.pdf#page=203"",""p.203 of AR"")","=HYPERLINK(""https://www.angloamerican.com/~/media/Files/A/Anglo-American-Group-v9/PLC/investors/annual-reporting/2025/aa-annual-report-full-2025.pdf#page=200"",""p.200 of AR"")",3
Anglo American Plc,AAL LN Equity,Materials,Materials,Metals & Mining,Diversified Metals & Mining,41070.1,12.0,2026,Duncan Wanblad,Chief Executive Officer,CEO,current,1434303.0,GBP,1 January 2026,210.0,50.0,3.0,450.0,,,,,400.0,2.0,"LTIP maximum opportunity increased from 350% to 450% of salary; annual bonus deferral simplified from a two-tranche 17%/two-year + 33%/three-year structure to a flat 50% deferred for three years, reducing to 20% deferred for three years where shareholding guidelines are met.",,312,68,44,46,anglo_american_ar_2025,https://www.angloamerican.com/~/media/Files/A/Anglo-American-Group-v9/PLC/investors/annual-reporting/2025/aa-annual-report-full-2025.pdf,"=HYPERLINK(""https://www.angloamerican.com/~/media/Files/A/Anglo-American-Group-v9/PLC/investors/annual-reporting/2025/aa-annual-report-full-2025.pdf#page=227"",""p.227 of AR"")",87.0,"=HYPERLINK(""https://www.angloamerican.com/~/media/Files/A/Anglo-American-Group-v9/PLC/investors/annual-reporting/2025/aa-annual-report-full-2025.pdf#page=252"",""p.252 of AR"")","=HYPERLINK(""https://www.angloamerican.com/~/media/Files/A/Anglo-American-Group-v9/PLC/investors/annual-reporting/2025/aa-annual-report-full-2025.pdf#page=224"",""p.224 of AR"")","=HYPERLINK(""https://www.angloamerican.com/~/media/Files/A/Anglo-American-Group-v9/PLC/investors/annual-reporting/2025/aa-annual-report-full-2025.pdf#page=223"",""p.223 of AR"")","=HYPERLINK(""https://www.angloamerican.com/~/media/Files/A/Anglo-American-Group-v9/PLC/investors/annual-reporting/2025/aa-annual-report-full-2025.pdf#page=223"",""p.223 of AR"")",3
Anglo American Plc,AAL LN Equity,Materials,Materials,Metals & Mining,Diversified Metals & Mining,41070.1,12.0,2026,John Heasley,Chief Financial Officer,CFO,current,859309.0,GBP,1 January 2026,210.0,50.0,3.0,400.0,,,,,300.0,2.0,"LTIP maximum opportunity increased from 350% to 400% of salary; annual bonus deferral simplified from a two-tranche 17%/two-year + 33%/three-year structure to a flat 50% deferred for three years, reducing to 20% deferred for three years where shareholding guidelines are met. As of 31 December 2025, shareholding had not yet met the 300% requirement and he is expected to meet it by 1 December 2028.",,312,68,44,46,anglo_american_ar_2025,https://www.angloamerican.com/~/media/Files/A/Anglo-American-Group-v9/PLC/investors/annual-reporting/2025/aa-annual-report-full-2025.pdf,"=HYPERLINK(""https://www.angloamerican.com/~/media/Files/A/Anglo-American-Group-v9/PLC/investors/annual-reporting/2025/aa-annual-report-full-2025.pdf#page=227"",""p.227 of AR"")",87.0,"=HYPERLINK(""https://www.angloamerican.com/~/media/Files/A/Anglo-American-Group-v9/PLC/investors/annual-reporting/2025/aa-annual-report-full-2025.pdf#page=252"",""p.252 of AR"")","=HYPERLINK(""https://www.angloamerican.com/~/media/Files/A/Anglo-American-Group-v9/PLC/investors/annual-reporting/2025/aa-annual-report-full-2025.pdf#page=224"",""p.224 of AR"")","=HYPERLINK(""https://www.angloamerican.com/~/media/Files/A/Anglo-American-Group-v9/PLC/investors/annual-reporting/2025/aa-annual-report-full-2025.pdf#page=223"",""p.223 of AR"")","=HYPERLINK(""https://www.angloamerican.com/~/media/Files/A/Anglo-American-Group-v9/PLC/investors/annual-reporting/2025/aa-annual-report-full-2025.pdf#page=223"",""p.223 of AR"")",3
Anglo-Eastern Plantations Plc,AEP LN Equity,Consumer Staples,Food Beverage & Tobacco,Food Products,Agricultural Products & Services,845.2,12.0,2024,Dato' John Lim Ewe Chuan,Executive Director (resigned 31 December 2024),Executive Director,former,120000.0,GBP,1 January 2023,,,,,,,,,,,No changes; resigned effective 31 December 2024,,54,54,27,27.0,anglo_eastern_plantations_ar_2024,https://aepplantations.com/wp-content/uploads/2026/04/AEP-Plantations-PLC-Annual-Report-2025.pdf,"=HYPERLINK(""https://aepplantations.com/wp-content/uploads/2026/04/AEP-Plantations-PLC-Annual-Report-2025.pdf#page=45"",""p.45 of AR"")",54.0,"=HYPERLINK(""https://aepplantations.com/wp-content/uploads/2026/04/AEP-Plantations-PLC-Annual-Report-2025.pdf#page=45"",""p.45 of AR"")","=HYPERLINK(""https://aepplantations.com/wp-content/uploads/2026/04/AEP-Plantations-PLC-Annual-Report-2025.pdf#page=45"",""p.45 of AR"")","=HYPERLINK(""https://aepplantations.com/wp-content/uploads/2026/04/AEP-Plantations-PLC-Annual-Report-2025.pdf#page=42"",""p.42 of AR"")","=HYPERLINK(""https://aepplantations.com/wp-content/uploads/2026/04/AEP-Plantations-PLC-Annual-Report-2025.pdf#page=42"",""p.42 of AR"")",3
Anglo-Eastern Plantations Plc,AEP LN Equity,Consumer Staples,Food Beverage & Tobacco,Food Products,Agricultural Products & Services,845.2,12.0,2025,Marcus Chan Jau Chwen,Executive Director of Corporate Affairs,Executive Director,current,150000.0,GBP,,,,,,,,,,,,No changes to policy; his compensation was adjusted only to reflect transition from Non-Executive to Executive role effective 1 October 2024,1 October 2024,28,38,27,27.0,anglo_eastern_plantations_ar_2024,https://aepplantations.com/wp-content/uploads/2026/04/AEP-Plantations-PLC-Annual-Report-2025.pdf,"=HYPERLINK(""https://aepplantations.com/wp-content/uploads/2026/04/AEP-Plantations-PLC-Annual-Report-2025.pdf#page=42"",""p.42 of AR"")",28.0,"=HYPERLINK(""https://aepplantations.com/wp-content/uploads/2026/04/AEP-Plantations-PLC-Annual-Report-2025.pdf#page=42"",""p.42 of AR"")","=HYPERLINK(""https://aepplantations.com/wp-content/uploads/2026/04/AEP-Plantations-PLC-Annual-Report-2025.pdf#page=43"",""p.43 of AR"")","=HYPERLINK(""https://aepplantations.com/wp-content/uploads/2026/04/AEP-Plantations-PLC-Annual-Report-2025.pdf#page=42"",""p.42 of AR"")","=HYPERLINK(""https://aepplantations.com/wp-content/uploads/2026/04/AEP-Plantations-PLC-Annual-Report-2025.pdf#page=42"",""p.42 of AR"")",3
Anglo-Eastern Plantations Plc,AEP LN Equity,Consumer Staples,Food Beverage & Tobacco,Food Products,Agricultural Products & Services,845.2,12.0,2024,Kevin Wong Tack Wee,Group CEO,CEO,current,43000.0,USD,1 October 2024,66.7,,,,,,,,,,"Remuneration approved unchanged upon appointment as Group CEO in 2024; Company has flagged that for 2025 the Remuneration Policy will be updated to incorporate provisions tailored to the Group CEO role, with a package incorporating performance-based incentives to reinforce sustainable growth expected to be recommended for 2025",2025,46,52,40,,anglo_eastern_plantations_ar_2024,https://aepplantations.com/wp-content/uploads/2026/04/AEP-Plantations-PLC-Annual-Report-2025.pdf,"=HYPERLINK(""https://aepplantations.com/wp-content/uploads/2026/04/AEP-Plantations-PLC-Annual-Report-2025.pdf#page=45"",""p.45 of AR"")",52.0,"=HYPERLINK(""https://aepplantations.com/wp-content/uploads/2026/04/AEP-Plantations-PLC-Annual-Report-2025.pdf#page=44"",""p.44 of AR"")","=HYPERLINK(""https://aepplantations.com/wp-content/uploads/2026/04/AEP-Plantations-PLC-Annual-Report-2025.pdf#page=45"",""p.45 of AR"")","=HYPERLINK(""https://aepplantations.com/wp-content/uploads/2026/04/AEP-Plantations-PLC-Annual-Report-2025.pdf#page=43"",""p.43 of AR"")",,3
Antofagasta Plc,ANTO LN Equity,Materials,Materials,Metals & Mining,Copper,37561.1,12.0,2025,Iván Arriagada,Chief Executive Officer,CEO,current,1240037.0,USD,1 January 2025,200.0,,,300.0,210.0,90.0,active,additive,,,"Base salary increased to $1,240,037 (inflation + FX adjustment) effective 1 January 2025. Annual bonus scorecard for 2025 reduced sustainability weighting by 5%, reallocating it to the project development/business development section, with all other weightings unchanged. LTIP structure and KPI framework remained unchanged, with the Committee again exercising exceptional-circumstances discretion to grant 300% of salary (same as 2024) to preserve leadership continuity during a major growth/project-development phase. The current Remuneration Policy (approved at the 2023 AGM) is under review during 2025, with a new policy expected to be put to shareholders at the 2026 AGM.",,31,80,228,,antofagasta_ar_2024,https://www.antofagasta.co.uk/media/4905/49913-antofagasta-ar25-web-ready.pdf,"=HYPERLINK(""https://www.antofagasta.co.uk/media/4905/49913-antofagasta-ar25-web-ready.pdf#page=143"",""p.143 of AR"")",31.0,"=HYPERLINK(""https://www.antofagasta.co.uk/media/4905/49913-antofagasta-ar25-web-ready.pdf#page=143"",""p.143 of AR"")","=HYPERLINK(""https://www.antofagasta.co.uk/media/4905/49913-antofagasta-ar25-web-ready.pdf#page=148"",""p.148 of AR"")","=HYPERLINK(""https://www.antofagasta.co.uk/media/4905/49913-antofagasta-ar25-web-ready.pdf#page=161"",""p.161 of AR"")",,3
Antofagasta Plc,ANTO LN Equity,Materials,Materials,Metals & Mining,Copper,37561.1,12.0,2026,Name Not Disclosed - CEO,Chief Executive Officer,CEO,current,1409176.0,USD,1 January 2026,200.0,,,300.0,210.0,90.0,active,additive,,,"The normal/regular LTIP award level has been increased from 200% of salary to 300% of salary (reflecting recent actual practice), and the prior provision for an 'exceptional' LTIP award of up to 325% of salary has been removed entirely. No changes were made to base salary structure, annual bonus maximum (remains 200%), or the overall remuneration structure. The annual bonus scorecard weighting for 'Core business' measures increased from 50% to 60% for 2026.",2026,68,68,112,64,antofagasta_ar_2025,https://www.antofagasta.co.uk/media/4905/49913-antofagasta-ar25-web-ready.pdf,"=HYPERLINK(""https://www.antofagasta.co.uk/media/4905/49913-antofagasta-ar25-web-ready.pdf#page=144"",""p.144 of AR"")",68.0,"=HYPERLINK(""https://www.antofagasta.co.uk/media/4905/49913-antofagasta-ar25-web-ready.pdf#page=144"",""p.144 of AR"")","=HYPERLINK(""https://www.antofagasta.co.uk/media/4905/49913-antofagasta-ar25-web-ready.pdf#page=144"",""p.144 of AR"")","=HYPERLINK(""https://www.antofagasta.co.uk/media/4905/49913-antofagasta-ar25-web-ready.pdf#page=148"",""p.148 of AR"")","=HYPERLINK(""https://www.antofagasta.co.uk/media/4905/49913-antofagasta-ar25-web-ready.pdf#page=144"",""p.144 of AR"")",3
AO World Plc,AO/ LN Equity,Consumer Discretionary,Consumer Discretionary Distribution & Retail,Specialty Retail,Computer & Electronics Retail,480.6,3.0,2026,John Roberts,Chief Executive Officer (CEO),CEO,current,557080.0,GBP,1 April 2025,300.0,66.7,3.0,,300.0,,,,200.0,2.0,"Base salary increased 2%, aligned to the wider workforce increase; proposal to remove the one-year post-vesting holding period previously applied to AOIP awards, on the basis that the VCP already provides long-term shareholder alignment over a seven-year period exceeding Code requirements.",,217,219,,243,ao_world_ar_2025,https://www.ao-world.com/wp-content/uploads/2026/06/AO-AR26-Print-Version-FINAL.pdf,"=HYPERLINK(""https://www.ao-world.com/wp-content/uploads/2026/06/AO-AR26-Print-Version-FINAL.pdf#page=94"",""p.94 of AR"")",217.0,"=HYPERLINK(""https://www.ao-world.com/wp-content/uploads/2026/06/AO-AR26-Print-Version-FINAL.pdf#page=94"",""p.94 of AR"")","=HYPERLINK(""https://www.ao-world.com/wp-content/uploads/2026/06/AO-AR26-Print-Version-FINAL.pdf#page=94"",""p.94 of AR"")",,"=HYPERLINK(""https://www.ao-world.com/wp-content/uploads/2026/06/AO-AR26-Print-Version-FINAL.pdf#page=96"",""p.96 of AR"")",3
AO World Plc,AO/ LN Equity,Consumer Discretionary,Consumer Discretionary Distribution & Retail,Specialty Retail,Computer & Electronics Retail,480.6,3.0,2026,Mark Higgins,Chief Financial Officer and Chief Operating Officer (CFO and COO),CFO,current,475000.0,GBP,1 April 2025,300.0,66.7,3.0,,300.0,,,,200.0,2.0,"Base salary increased 18.6% to reflect promotion into the newly combined CFO/COO role and associated additional responsibilities; flexible benefits allowance correspondingly set at 15% of salary; proposal to remove the one-year post-vesting holding period applied to AOIP awards, consistent with rationale applied to CEO.",,217,219,,243,ao_world_ar_2025,https://www.ao-world.com/wp-content/uploads/2026/06/AO-AR26-Print-Version-FINAL.pdf,"=HYPERLINK(""https://www.ao-world.com/wp-content/uploads/2026/06/AO-AR26-Print-Version-FINAL.pdf#page=94"",""p.94 of AR"")",217.0,"=HYPERLINK(""https://www.ao-world.com/wp-content/uploads/2026/06/AO-AR26-Print-Version-FINAL.pdf#page=94"",""p.94 of AR"")","=HYPERLINK(""https://www.ao-world.com/wp-content/uploads/2026/06/AO-AR26-Print-Version-FINAL.pdf#page=94"",""p.94 of AR"")",,"=HYPERLINK(""https://www.ao-world.com/wp-content/uploads/2026/06/AO-AR26-Print-Version-FINAL.pdf#page=96"",""p.96 of AR"")",3
AO World Plc,AO/ LN Equity,Consumer Discretionary,Consumer Discretionary Distribution & Retail,Specialty Retail,Computer & Electronics Retail,480.6,3.0,2027,John Roberts,Chief Executive Officer,CEO,current,571007.0,GBP,1 April 2026,300.0,66.7,3.0,300.0,,,,,200.0,2.0,No changes to policy structure for FY27 — the shareholder-approved Policy (approved 15 September 2025) remains unchanged; salary increased 2.5% in line with wider workforce cost-of-living award; AOIP maximum opportunity maintained at 300% of salary; flexible benefits allowance (13% of salary) broadly unchanged; shareholding guideline unchanged at 200% of salary.,,171,173,173,190,ao_world_ar_2026,https://www.ao-world.com/wp-content/uploads/2026/06/AO-AR26-Print-Version-FINAL.pdf,"=HYPERLINK(""https://www.ao-world.com/wp-content/uploads/2026/06/AO-AR26-Print-Version-FINAL.pdf#page=67"",""p.67 of AR"")",171.0,"=HYPERLINK(""https://www.ao-world.com/wp-content/uploads/2026/06/AO-AR26-Print-Version-FINAL.pdf#page=67"",""p.67 of AR"")","=HYPERLINK(""https://www.ao-world.com/wp-content/uploads/2026/06/AO-AR26-Print-Version-FINAL.pdf#page=67"",""p.67 of AR"")","=HYPERLINK(""https://www.ao-world.com/wp-content/uploads/2026/06/AO-AR26-Print-Version-FINAL.pdf#page=67"",""p.67 of AR"")","=HYPERLINK(""https://www.ao-world.com/wp-content/uploads/2026/06/AO-AR26-Print-Version-FINAL.pdf#page=68"",""p.68 of AR"")",3
AO World Plc,AO/ LN Equity,Consumer Discretionary,Consumer Discretionary Distribution & Retail,Specialty Retail,Computer & Electronics Retail,480.6,3.0,2027,Mark Higgins,Chief Financial Officer and Chief Operating Officer,CFO,current,486875.0,GBP,1 April 2026,300.0,66.7,3.0,300.0,,,,,200.0,2.0,No changes to policy structure for FY27 — the shareholder-approved Policy (approved 15 September 2025) remains unchanged; salary increased 2.5% in line with wider workforce cost-of-living award; AOIP maximum opportunity maintained at 300% of salary; flexible benefits allowance (14% of salary) slightly reduced as a percentage of salary but broadly unchanged; shareholding guideline unchanged at 200% of salary; note that Mark's flexible benefits are set at 14% (vs. 13% for CEO) reflecting his combined CFO/COO responsibilities.,,171,173,173,190,ao_world_ar_2026,https://www.ao-world.com/wp-content/uploads/2026/06/AO-AR26-Print-Version-FINAL.pdf,"=HYPERLINK(""https://www.ao-world.com/wp-content/uploads/2026/06/AO-AR26-Print-Version-FINAL.pdf#page=67"",""p.67 of AR"")",171.0,"=HYPERLINK(""https://www.ao-world.com/wp-content/uploads/2026/06/AO-AR26-Print-Version-FINAL.pdf#page=67"",""p.67 of AR"")","=HYPERLINK(""https://www.ao-world.com/wp-content/uploads/2026/06/AO-AR26-Print-Version-FINAL.pdf#page=67"",""p.67 of AR"")","=HYPERLINK(""https://www.ao-world.com/wp-content/uploads/2026/06/AO-AR26-Print-Version-FINAL.pdf#page=67"",""p.67 of AR"")","=HYPERLINK(""https://www.ao-world.com/wp-content/uploads/2026/06/AO-AR26-Print-Version-FINAL.pdf#page=68"",""p.68 of AR"")",3
Ashmore Group Plc,ASHM LN Equity,Financials,Financial Services,Capital Markets,Asset Management & Custody Banks,1414.7,6.0,2026,Mark Coombs,Chief Executive Officer,CEO,current,150000.0,GBP,1 November 2025,,70.0,5.0,,,,,,300.0,2.0,"Base salary increased from £100,000 to £150,000, effective 1 November 2025, bringing CEO in line with the Company-wide salary cap of £150,000.",1 November 2025,799,797,,836,ashmore_group_ar_2025,https://ir.ashmoregroup.com/sites/ir/files/2026-09/Ashmore-FY2026-ARA-3.pdf,"=HYPERLINK(""https://ir.ashmoregroup.com/sites/ir/files/2026-09/Ashmore-FY2026-ARA-3.pdf#page=56"",""p.56 of AR"")",587.0,"=HYPERLINK(""https://ir.ashmoregroup.com/sites/ir/files/2026-09/Ashmore-FY2026-ARA-3.pdf#page=73"",""p.73 of AR"")","=HYPERLINK(""https://ir.ashmoregroup.com/sites/ir/files/2026-09/Ashmore-FY2026-ARA-3.pdf#page=73"",""p.73 of AR"")",,"=HYPERLINK(""https://ir.ashmoregroup.com/sites/ir/files/2026-09/Ashmore-FY2026-ARA-3.pdf#page=76"",""p.76 of AR"")",3
Ashmore Group Plc,ASHM LN Equity,Financials,Financial Services,Capital Markets,Asset Management & Custody Banks,1414.7,6.0,2026,Tom Shippey,Group Finance Director,CFO,current,150000.0,GBP,1 November 2025,,70.0,5.0,,,,,,300.0,2.0,"Base salary increased from £140,000 to £150,000, effective 1 November 2025, aligning GFD salary with the Company-wide salary cap of £150,000.",1 November 2025,799,797,,836,ashmore_group_ar_2025,https://ir.ashmoregroup.com/sites/ir/files/2026-09/Ashmore-FY2026-ARA-3.pdf,"=HYPERLINK(""https://ir.ashmoregroup.com/sites/ir/files/2026-09/Ashmore-FY2026-ARA-3.pdf#page=83"",""p.83 of AR"")",908.0,"=HYPERLINK(""https://ir.ashmoregroup.com/sites/ir/files/2026-09/Ashmore-FY2026-ARA-3.pdf#page=73"",""p.73 of AR"")","=HYPERLINK(""https://ir.ashmoregroup.com/sites/ir/files/2026-09/Ashmore-FY2026-ARA-3.pdf#page=73"",""p.73 of AR"")",,"=HYPERLINK(""https://ir.ashmoregroup.com/sites/ir/files/2026-09/Ashmore-FY2026-ARA-3.pdf#page=76"",""p.76 of AR"")",3
Ashtead Group Plc,AHT LN Equity,Industrials,Capital Goods,Trading Companies & Distributors,Trading Companies & Distributors,,,2026,Brendan Horgan,Chief Executive Officer (Group Chief Executive),CEO,current,,USD,1 May 2025,225.0,33.0,3.0,850.0,700.0,150.0,active,additive,850.0,2.0,"Base salary increased 3.5% effective 1 May 2025 (vs ~4% average workforce increase); DBP opportunity unchanged for FY2025/26; 2025 LTIP awards unchanged from prior year — PSU 700% and RSU 150% of salary, with RSU continuing to be subject to a performance underpin.",1 May 2025,24,53,derived,56,ashtead_group_ar_2025,https://ir.sunbeltrentals.com/_assets/_b0630f4bce05d482141eabb78ed592e1/sunbeltrentals/db/3746/35129/annual_report/Sunbelt+2026+Annual+Report+%28FINAL%29.pdf,"=HYPERLINK(""https://ir.sunbeltrentals.com/_assets/_b0630f4bce05d482141eabb78ed592e1/sunbeltrentals/db/3746/35129/annual_report/Sunbelt+2026+Annual+Report+%28FINAL%29.pdf#page=99"",""p.99 of AR"")",24.0,"=HYPERLINK(""https://ir.sunbeltrentals.com/_assets/_b0630f4bce05d482141eabb78ed592e1/sunbeltrentals/db/3746/35129/annual_report/Sunbelt+2026+Annual+Report+%28FINAL%29.pdf#page=99"",""p.99 of AR"")","=HYPERLINK(""https://ir.sunbeltrentals.com/_assets/_b0630f4bce05d482141eabb78ed592e1/sunbeltrentals/db/3746/35129/annual_report/Sunbelt+2026+Annual+Report+%28FINAL%29.pdf#page=102"",""p.102 of AR"")",derived,"=HYPERLINK(""https://ir.sunbeltrentals.com/_assets/_b0630f4bce05d482141eabb78ed592e1/sunbeltrentals/db/3746/35129/annual_report/Sunbelt+2026+Annual+Report+%28FINAL%29.pdf#page=103"",""p.103 of AR"")",3
Associated British Foods Plc,ABF LN Equity,Consumer Staples,Food Beverage & Tobacco,Food Products,Packaged Foods & Meats,12559.0,8.0,2026,George Weston,Chief Executive Officer,CEO,current,1289500.0,GBP,1 December 2025,200.0,25.0,2.0,200.0,,,,,300.0,2.0,"RSP award level increased from 125% to 200% of salary; STIP performance curve amended (threshold payout reduced from 10% to 0%, on-target strategic KPI payout reduced from two-thirds to half of maximum); shareholding requirement increased from 250% to 300% of salary; exceptional-circumstance headroom aligned at 50% of salary for both STIP and RSP (previously 100% STIP / 25% RSP)",December 2025 AGM,152,83,86,86,associated_british_foods_ar_2025,https://www.abf.co.uk/content/dam/abf/corporate/Documents/investors/annual-and-interim-reports/2025/abf-annual-report-2025.pdf.downloadasset.pdf,"=HYPERLINK(""https://www.abf.co.uk/content/dam/abf/corporate/Documents/investors/annual-and-interim-reports/2025/abf-annual-report-2025.pdf.downloadasset.pdf#page=129"",""p.129 of AR"")",126.0,"=HYPERLINK(""https://www.abf.co.uk/content/dam/abf/corporate/Documents/investors/annual-and-interim-reports/2025/abf-annual-report-2025.pdf.downloadasset.pdf#page=132"",""p.132 of AR"")","=HYPERLINK(""https://www.abf.co.uk/content/dam/abf/corporate/Documents/investors/annual-and-interim-reports/2025/abf-annual-report-2025.pdf.downloadasset.pdf#page=121"",""p.121 of AR"")","=HYPERLINK(""https://www.abf.co.uk/content/dam/abf/corporate/Documents/investors/annual-and-interim-reports/2025/abf-annual-report-2025.pdf.downloadasset.pdf#page=122"",""p.122 of AR"")","=HYPERLINK(""https://www.abf.co.uk/content/dam/abf/corporate/Documents/investors/annual-and-interim-reports/2025/abf-annual-report-2025.pdf.downloadasset.pdf#page=122"",""p.122 of AR"")",3
Associated British Foods Plc,ABF LN Equity,Consumer Staples,Food Beverage & Tobacco,Food Products,Packaged Foods & Meats,12559.0,8.0,2026,Eoin Tonge,Finance Director (currently serving in the interim role of Primark Chief Executive),CFO,interim,970000.0,GBP,1 December 2025,200.0,25.0,2.0,200.0,,,,,300.0,2.0,"RSP award level increased from 125% to 200% of salary; STIP performance curve amended; shareholding requirement increased from 250% to 300% of salary; exceptional-circumstance headroom aligned at 50% of salary for both STIP and RSP; his 2025-28 RSP and STIP share allocations will be based on his interim (Primark CEO) salary rather than his Finance Director salary, reflecting his additional interim responsibilities; his pension cash supplement (10% of salary) continues to be calculated on his salary in payment",December 2025 AGM,152,83,86,86,associated_british_foods_ar_2025,https://www.abf.co.uk/content/dam/abf/corporate/Documents/investors/annual-and-interim-reports/2025/abf-annual-report-2025.pdf.downloadasset.pdf,"=HYPERLINK(""https://www.abf.co.uk/content/dam/abf/corporate/Documents/investors/annual-and-interim-reports/2025/abf-annual-report-2025.pdf.downloadasset.pdf#page=129"",""p.129 of AR"")",126.0,"=HYPERLINK(""https://www.abf.co.uk/content/dam/abf/corporate/Documents/investors/annual-and-interim-reports/2025/abf-annual-report-2025.pdf.downloadasset.pdf#page=132"",""p.132 of AR"")","=HYPERLINK(""https://www.abf.co.uk/content/dam/abf/corporate/Documents/investors/annual-and-interim-reports/2025/abf-annual-report-2025.pdf.downloadasset.pdf#page=121"",""p.121 of AR"")","=HYPERLINK(""https://www.abf.co.uk/content/dam/abf/corporate/Documents/investors/annual-and-interim-reports/2025/abf-annual-report-2025.pdf.downloadasset.pdf#page=122"",""p.122 of AR"")","=HYPERLINK(""https://www.abf.co.uk/content/dam/abf/corporate/Documents/investors/annual-and-interim-reports/2025/abf-annual-report-2025.pdf.downloadasset.pdf#page=122"",""p.122 of AR"")",3
Aston Martin Lagonda Global Holding Plc,AML LN Equity,Consumer Discretionary,Automobiles & Components,Automobiles,Automobile Manufacturers,502.0,12.0,2025,Adrian Hallmark,Chief Executive Officer,CEO,current,1000000.0,GBP,,250.0,50.0,3.0,225.0,150.0,75.0,active,additive,300.0,2.0,"Annual bonus maximum increased from 200% to 250% of salary; LTIP restructured from a single performance share award (max 300%) to a hybrid structure combining Performance Shares (150%) and Restricted Shares (75%), total maximum reduced to 225% (50% discount applied on restricted element vs. straight performance award); introduction of individual performance objectives (20% weighting) within annual bonus alongside Group KPI scorecard (80%).",2025 AGM - 7 May 2025,101,108,116,139,aston_martin_lagonda_global_holding_ar_2024,https://www.astonmartin.com/-/media/corporate/corporatearchive/documents/annual-reports/aston-martin-lagonda-annual-report-2025.pdf?rev=481f11aaed454601b437f2d2730eb377,"=HYPERLINK(""https://www.astonmartin.com/-/media/corporate/corporatearchive/documents/annual-reports/aston-martin-lagonda-annual-report-2025.pdf?rev=481f11aaed454601b437f2d2730eb377#page=126"",""p.126 of AR"")",164.0,"=HYPERLINK(""https://www.astonmartin.com/-/media/corporate/corporatearchive/documents/annual-reports/aston-martin-lagonda-annual-report-2025.pdf?rev=481f11aaed454601b437f2d2730eb377#page=119"",""p.119 of AR"")","=HYPERLINK(""https://www.astonmartin.com/-/media/corporate/corporatearchive/documents/annual-reports/aston-martin-lagonda-annual-report-2025.pdf?rev=481f11aaed454601b437f2d2730eb377#page=120"",""p.120 of AR"")","=HYPERLINK(""https://www.astonmartin.com/-/media/corporate/corporatearchive/documents/annual-reports/aston-martin-lagonda-annual-report-2025.pdf?rev=481f11aaed454601b437f2d2730eb377#page=121"",""p.121 of AR"")","=HYPERLINK(""https://www.astonmartin.com/-/media/corporate/corporatearchive/documents/annual-reports/aston-martin-lagonda-annual-report-2025.pdf?rev=481f11aaed454601b437f2d2730eb377#page=124"",""p.124 of AR"")",3
Aston Martin Lagonda Global Holding Plc,AML LN Equity,Consumer Discretionary,Automobiles & Components,Automobiles,Automobile Manufacturers,502.0,12.0,2025,Doug Lafferty,Chief Financial Officer,CFO,current,640000.0,GBP,,200.0,50.0,3.0,187.5,125.0,62.5,active,additive,200.0,2.0,"Annual bonus maximum increased from 150% to 200% of salary; LTIP restructured from a single performance share award (max 200%) to a hybrid structure combining Performance Shares (125%) and Restricted Shares (62.5%), representing a 50% salary uplift in total opportunity (from 200% to 187.5%... note: without hybrid discount, straight performance award would have been 250%, but hybrid with restricted-share discount results in 187.5% total); introduction of individual performance objectives (20% weighting) within annual bonus alongside Group KPI scorecard (80%).",2025 AGM - 7 May 2025,101,108,116,92,aston_martin_lagonda_global_holding_ar_2024,https://www.astonmartin.com/-/media/corporate/corporatearchive/documents/annual-reports/aston-martin-lagonda-annual-report-2025.pdf?rev=481f11aaed454601b437f2d2730eb377,"=HYPERLINK(""https://www.astonmartin.com/-/media/corporate/corporatearchive/documents/annual-reports/aston-martin-lagonda-annual-report-2025.pdf?rev=481f11aaed454601b437f2d2730eb377#page=126"",""p.126 of AR"")",164.0,"=HYPERLINK(""https://www.astonmartin.com/-/media/corporate/corporatearchive/documents/annual-reports/aston-martin-lagonda-annual-report-2025.pdf?rev=481f11aaed454601b437f2d2730eb377#page=119"",""p.119 of AR"")","=HYPERLINK(""https://www.astonmartin.com/-/media/corporate/corporatearchive/documents/annual-reports/aston-martin-lagonda-annual-report-2025.pdf?rev=481f11aaed454601b437f2d2730eb377#page=120"",""p.120 of AR"")","=HYPERLINK(""https://www.astonmartin.com/-/media/corporate/corporatearchive/documents/annual-reports/aston-martin-lagonda-annual-report-2025.pdf?rev=481f11aaed454601b437f2d2730eb377#page=121"",""p.121 of AR"")","=HYPERLINK(""https://www.astonmartin.com/-/media/corporate/corporatearchive/documents/annual-reports/aston-martin-lagonda-annual-report-2025.pdf?rev=481f11aaed454601b437f2d2730eb377#page=118"",""p.118 of AR"")",3
Aston Martin Lagonda Global Holding Plc,AML LN Equity,Consumer Discretionary,Automobiles & Components,Automobiles,Automobile Manufacturers,502.0,12.0,2026,Adrian Hallmark,Chief Executive Officer (CEO),CEO,current,1000000.0,GBP,,250.0,50.0,3.0,250.0,150.0,100.0,active,additive,300.0,2.0,"Proposed increase to the Restricted Shares element of the hybrid LTIP from 75% to 100% of salary, subject to shareholder approval at the 2026 AGM.","2026 AGM, 6 May 2026",57,80,80,84,aston_martin_lagonda_global_holding_ar_2025,https://www.astonmartin.com/-/media/corporate/corporatearchive/documents/annual-reports/aston-martin-lagonda-annual-report-2025.pdf?rev=481f11aaed454601b437f2d2730eb377,"=HYPERLINK(""https://www.astonmartin.com/-/media/corporate/corporatearchive/documents/annual-reports/aston-martin-lagonda-annual-report-2025.pdf?rev=481f11aaed454601b437f2d2730eb377#page=128"",""p.128 of AR"")",57.0,"=HYPERLINK(""https://www.astonmartin.com/-/media/corporate/corporatearchive/documents/annual-reports/aston-martin-lagonda-annual-report-2025.pdf?rev=481f11aaed454601b437f2d2730eb377#page=128"",""p.128 of AR"")","=HYPERLINK(""https://www.astonmartin.com/-/media/corporate/corporatearchive/documents/annual-reports/aston-martin-lagonda-annual-report-2025.pdf?rev=481f11aaed454601b437f2d2730eb377#page=131"",""p.131 of AR"")","=HYPERLINK(""https://www.astonmartin.com/-/media/corporate/corporatearchive/documents/annual-reports/aston-martin-lagonda-annual-report-2025.pdf?rev=481f11aaed454601b437f2d2730eb377#page=131"",""p.131 of AR"")","=HYPERLINK(""https://www.astonmartin.com/-/media/corporate/corporatearchive/documents/annual-reports/aston-martin-lagonda-annual-report-2025.pdf?rev=481f11aaed454601b437f2d2730eb377#page=132"",""p.132 of AR"")",3
Aston Martin Lagonda Global Holding Plc,AML LN Equity,Consumer Discretionary,Automobiles & Components,Automobiles,Automobile Manufacturers,502.0,12.0,2026,Doug Lafferty,Chief Financial Officer (CFO),CFO,current,750000.0,GBP,1 July 2026,200.0,50.0,3.0,208.3,125.0,83.3,active,additive,200.0,2.0,"Proposed increase to the Restricted Shares element of the hybrid LTIP from 62.5% to 83.3% of salary, subject to shareholder approval at the 2026 AGM; salary increase to £750,000 effective 1 July 2026 reflecting expanded role scope.",1 July 2026,138,80,80,84,aston_martin_lagonda_global_holding_ar_2025,https://www.astonmartin.com/-/media/corporate/corporatearchive/documents/annual-reports/aston-martin-lagonda-annual-report-2025.pdf?rev=481f11aaed454601b437f2d2730eb377,"=HYPERLINK(""https://www.astonmartin.com/-/media/corporate/corporatearchive/documents/annual-reports/aston-martin-lagonda-annual-report-2025.pdf?rev=481f11aaed454601b437f2d2730eb377#page=128"",""p.128 of AR"")",57.0,"=HYPERLINK(""https://www.astonmartin.com/-/media/corporate/corporatearchive/documents/annual-reports/aston-martin-lagonda-annual-report-2025.pdf?rev=481f11aaed454601b437f2d2730eb377#page=137"",""p.137 of AR"")","=HYPERLINK(""https://www.astonmartin.com/-/media/corporate/corporatearchive/documents/annual-reports/aston-martin-lagonda-annual-report-2025.pdf?rev=481f11aaed454601b437f2d2730eb377#page=131"",""p.131 of AR"")","=HYPERLINK(""https://www.astonmartin.com/-/media/corporate/corporatearchive/documents/annual-reports/aston-martin-lagonda-annual-report-2025.pdf?rev=481f11aaed454601b437f2d2730eb377#page=131"",""p.131 of AR"")","=HYPERLINK(""https://www.astonmartin.com/-/media/corporate/corporatearchive/documents/annual-reports/aston-martin-lagonda-annual-report-2025.pdf?rev=481f11aaed454601b437f2d2730eb377#page=132"",""p.132 of AR"")",3
AstraZeneca Plc,AZN LN Equity,Health Care,Pharmaceuticals Biotechnology & Life Sciences,Pharmaceuticals,Pharmaceuticals,211411.6,12.0,2025,Pascal Soriot,Chief Executive Officer (CEO),CEO,current,1545084.0,GBP,,300.0,50.0,3.0,850.0,850.0,,,,1150.0,2.0,"Minimum shareholding requirement increased from 650% to 1,150% of base pay following approval of the new Policy at the 2024 AGM; Executive Directors have five years from 11 April 2024 to meet the new requirement; base pay increase for 2025 in line with UK all-employee budget of 4%",,61,61,61,61,astrazeneca_ar_2024,https://www.astrazeneca.com/content/dam/az/Investor_Relations/annual-report-2025/pdf/AstraZeneca_AR_2025.pdf,"=HYPERLINK(""https://www.astrazeneca.com/content/dam/az/Investor_Relations/annual-report-2025/pdf/AstraZeneca_AR_2025.pdf#page=118"",""p.118 of AR"")",61.0,"=HYPERLINK(""https://www.astrazeneca.com/content/dam/az/Investor_Relations/annual-report-2025/pdf/AstraZeneca_AR_2025.pdf#page=118"",""p.118 of AR"")","=HYPERLINK(""https://www.astrazeneca.com/content/dam/az/Investor_Relations/annual-report-2025/pdf/AstraZeneca_AR_2025.pdf#page=118"",""p.118 of AR"")","=HYPERLINK(""https://www.astrazeneca.com/content/dam/az/Investor_Relations/annual-report-2025/pdf/AstraZeneca_AR_2025.pdf#page=118"",""p.118 of AR"")","=HYPERLINK(""https://www.astrazeneca.com/content/dam/az/Investor_Relations/annual-report-2025/pdf/AstraZeneca_AR_2025.pdf#page=118"",""p.118 of AR"")",3
AstraZeneca Plc,AZN LN Equity,Health Care,Pharmaceuticals Biotechnology & Life Sciences,Pharmaceuticals,Pharmaceuticals,211411.6,12.0,2025,Aradhana Sarin,Chief Financial Officer (CFO),CFO,current,989554.0,GBP,,200.0,50.0,3.0,550.0,550.0,,,,750.0,2.0,Minimum shareholding requirement increased from 450% to 750% of base pay following approval of the new Policy at the 2024 AGM; five years from 11 April 2024 to meet the new requirement; base pay increase for 2025 in line with UK all-employee budget of 4%,,61,61,61,61,astrazeneca_ar_2024,https://www.astrazeneca.com/content/dam/az/Investor_Relations/annual-report-2025/pdf/AstraZeneca_AR_2025.pdf,"=HYPERLINK(""https://www.astrazeneca.com/content/dam/az/Investor_Relations/annual-report-2025/pdf/AstraZeneca_AR_2025.pdf#page=118"",""p.118 of AR"")",61.0,"=HYPERLINK(""https://www.astrazeneca.com/content/dam/az/Investor_Relations/annual-report-2025/pdf/AstraZeneca_AR_2025.pdf#page=118"",""p.118 of AR"")","=HYPERLINK(""https://www.astrazeneca.com/content/dam/az/Investor_Relations/annual-report-2025/pdf/AstraZeneca_AR_2025.pdf#page=118"",""p.118 of AR"")","=HYPERLINK(""https://www.astrazeneca.com/content/dam/az/Investor_Relations/annual-report-2025/pdf/AstraZeneca_AR_2025.pdf#page=118"",""p.118 of AR"")","=HYPERLINK(""https://www.astrazeneca.com/content/dam/az/Investor_Relations/annual-report-2025/pdf/AstraZeneca_AR_2025.pdf#page=118"",""p.118 of AR"")",3
AstraZeneca Plc,AZN LN Equity,Health Care,Pharmaceuticals Biotechnology & Life Sciences,Pharmaceuticals,Pharmaceuticals,211411.6,12.0,2026,Pascal Soriot,Chief Executive Officer,CEO,current,1606887.0,GBP,2026,300.0,50.0,3.0,850.0,,,,,1150.0,2.0,"Base pay increased by 4% for 2026, in line with the UK all-employee base pay budget; short- and long-term incentive structures (annual bonus and PSP maxima, deferral terms, shareholding requirements) remain unchanged from 2025",2026,75,75,75,75,astrazeneca_ar_2025,https://www.astrazeneca.com/content/dam/az/Investor_Relations/annual-report-2025/pdf/AstraZeneca_AR_2025.pdf,"=HYPERLINK(""https://www.astrazeneca.com/content/dam/az/Investor_Relations/annual-report-2025/pdf/AstraZeneca_AR_2025.pdf#page=96"",""p.96 of AR"")",75.0,"=HYPERLINK(""https://www.astrazeneca.com/content/dam/az/Investor_Relations/annual-report-2025/pdf/AstraZeneca_AR_2025.pdf#page=96"",""p.96 of AR"")","=HYPERLINK(""https://www.astrazeneca.com/content/dam/az/Investor_Relations/annual-report-2025/pdf/AstraZeneca_AR_2025.pdf#page=96"",""p.96 of AR"")","=HYPERLINK(""https://www.astrazeneca.com/content/dam/az/Investor_Relations/annual-report-2025/pdf/AstraZeneca_AR_2025.pdf#page=96"",""p.96 of AR"")","=HYPERLINK(""https://www.astrazeneca.com/content/dam/az/Investor_Relations/annual-report-2025/pdf/AstraZeneca_AR_2025.pdf#page=96"",""p.96 of AR"")",3
AstraZeneca Plc,AZN LN Equity,Health Care,Pharmaceuticals Biotechnology & Life Sciences,Pharmaceuticals,Pharmaceuticals,211411.6,12.0,2026,Aradhana Sarin,Chief Financial Officer,CFO,current,1029137.0,GBP,2026,200.0,50.0,3.0,550.0,,,,,750.0,2.0,"Base pay increased by 4% for 2026, in line with the UK all-employee base pay budget; short- and long-term incentive structures (annual bonus and PSP maxima, deferral terms, shareholding requirements) remain unchanged from 2025",2026,75,75,75,75,astrazeneca_ar_2025,https://www.astrazeneca.com/content/dam/az/Investor_Relations/annual-report-2025/pdf/AstraZeneca_AR_2025.pdf,"=HYPERLINK(""https://www.astrazeneca.com/content/dam/az/Investor_Relations/annual-report-2025/pdf/AstraZeneca_AR_2025.pdf#page=96"",""p.96 of AR"")",75.0,"=HYPERLINK(""https://www.astrazeneca.com/content/dam/az/Investor_Relations/annual-report-2025/pdf/AstraZeneca_AR_2025.pdf#page=96"",""p.96 of AR"")","=HYPERLINK(""https://www.astrazeneca.com/content/dam/az/Investor_Relations/annual-report-2025/pdf/AstraZeneca_AR_2025.pdf#page=96"",""p.96 of AR"")","=HYPERLINK(""https://www.astrazeneca.com/content/dam/az/Investor_Relations/annual-report-2025/pdf/AstraZeneca_AR_2025.pdf#page=96"",""p.96 of AR"")","=HYPERLINK(""https://www.astrazeneca.com/content/dam/az/Investor_Relations/annual-report-2025/pdf/AstraZeneca_AR_2025.pdf#page=96"",""p.96 of AR"")",3
Atalaya Mining Copper SA,ATYM LN Equity,Materials,Materials,Metals & Mining,Copper,1250.1,12.0,2025,Alberto Lavandeira Legarreta,Chief Executive Officer,CEO,current,520000.0,EUR,1 January 2025,150.0,33.0,2.0,200.0,,,,,200.0,2.0,"Annual bonus maximum increased from 100% to 150% of salary; on-target changed from 75% of the (lower) maximum to 50% of the new maximum. Compulsory bonus deferral introduced (one third deferred into shares for two years) for those not meeting shareholding requirements. New annual LTIP grant policy introduced (200% of salary cap, 300% in exceptional cases), replacing the prior market-value-options approach; CEO's first (2025) award capped at 175% of salary. LTIP holding period extended: three-year vesting plus two-year post-vesting holding period (five-year combined vesting/holding), addressing UK Corporate Governance Code provision 36, except for a one-off transitional share option award bridging 2025-2027. In-employment shareholding requirement increased from 100% to 200% of salary. New post-employment shareholding requirement introduced (200% of salary, or actual holding if lower, for two years post-cessation) - addressing Code provision 36. Committee given explicit discretion to adjust formulaic bonus/LTIP outcomes based on wider business and shareholder experience.",Effective upon shareholder approval at the 2025 AGM; replaces the 2024 Policy,162,80,80,72,atalaya_mining_copper_ar_2024,https://wp-atalaya-mining-2022.s3.eu-west-2.amazonaws.com/media/2026/04/ATYM-2025-Annual-Report.pdf,"=HYPERLINK(""https://wp-atalaya-mining-2022.s3.eu-west-2.amazonaws.com/media/2026/04/ATYM-2025-Annual-Report.pdf#page=91"",""p.91 of AR"")",71.0,"=HYPERLINK(""https://wp-atalaya-mining-2022.s3.eu-west-2.amazonaws.com/media/2026/04/ATYM-2025-Annual-Report.pdf#page=99"",""p.99 of AR"")","=HYPERLINK(""https://wp-atalaya-mining-2022.s3.eu-west-2.amazonaws.com/media/2026/04/ATYM-2025-Annual-Report.pdf#page=92"",""p.92 of AR"")","=HYPERLINK(""https://wp-atalaya-mining-2022.s3.eu-west-2.amazonaws.com/media/2026/04/ATYM-2025-Annual-Report.pdf#page=92"",""p.92 of AR"")","=HYPERLINK(""https://wp-atalaya-mining-2022.s3.eu-west-2.amazonaws.com/media/2026/04/ATYM-2025-Annual-Report.pdf#page=91"",""p.91 of AR"")",3
Atalaya Mining Copper SA,ATYM LN Equity,Materials,Materials,Metals & Mining,Copper,1250.1,12.0,2026,Alberto Lavandeira,Chief Executive Officer,CEO,current,536000.0,EUR,1 January 2026,150.0,,,175.0,,,,,200.0,,"Base salary increased by 2.9% to €536k effective 1 January 2026, in line with wider workforce increases, subject to shareholder approval of maximum Director remuneration at the forthcoming AGM. Annual bonus maximum remains unchanged at 150% of salary, with performance measures now split as 60% financial/operational (copper production, capex, EBITDA, health & safety, community engagement), 30% strategic/project/growth targets, and 10% personal targets. The conditional performance share award for 2026 is set at 175% of salary (a change from the 2025 grant level), structured as nil/nominal cost, vesting after three years with a two-year post-vesting holding period. The Company may also introduce private healthcare and/or life insurance benefits for the Executive Director. Note: 2025 saw a one-off, non-recurring 'transitional' market value share option award (approved by shareholders) to bridge the gap from the legacy option-based LTIP to the new conditional performance share award structure; this is explicitly not part of the ongoing Policy and no further non-compliant awards are intended.",1 January 2026,136,138,140,179,atalaya_mining_copper_ar_2025,https://wp-atalaya-mining-2022.s3.eu-west-2.amazonaws.com/media/2026/04/ATYM-2025-Annual-Report.pdf,"=HYPERLINK(""https://wp-atalaya-mining-2022.s3.eu-west-2.amazonaws.com/media/2026/04/ATYM-2025-Annual-Report.pdf#page=100"",""p.100 of AR"")",164.0,"=HYPERLINK(""https://wp-atalaya-mining-2022.s3.eu-west-2.amazonaws.com/media/2026/04/ATYM-2025-Annual-Report.pdf#page=98"",""p.98 of AR"")","=HYPERLINK(""https://wp-atalaya-mining-2022.s3.eu-west-2.amazonaws.com/media/2026/04/ATYM-2025-Annual-Report.pdf#page=98"",""p.98 of AR"")","=HYPERLINK(""https://wp-atalaya-mining-2022.s3.eu-west-2.amazonaws.com/media/2026/04/ATYM-2025-Annual-Report.pdf#page=98"",""p.98 of AR"")","=HYPERLINK(""https://wp-atalaya-mining-2022.s3.eu-west-2.amazonaws.com/media/2026/04/ATYM-2025-Annual-Report.pdf#page=101"",""p.101 of AR"")",3
Auto Trader Group Plc,AUTO LN Equity,Communication Services,Media & Entertainment,Interactive Media & Services,Interactive Media & Services,3997.9,3.0,2026,Nathan Coe,Chief Executive Officer,CEO,current,714000.0,GBP,1 July 2025,150.0,50.0,2.0,250.0,,,,,200.0,2.0,"Salary increased by 2% effective 1 July 2025, in line with average increase for senior leaders in FY26 and below the Company-wide average increase of c.3.5%",1 July 2025,47,48,50,52,auto_trader_group_ar_2025,https://plc.autotrader.co.uk/media/d4wcf00t/at-ar26-web.pdf,"=HYPERLINK(""https://plc.autotrader.co.uk/media/d4wcf00t/at-ar26-web.pdf#page=99"",""p.99 of AR"")",47.0,"=HYPERLINK(""https://plc.autotrader.co.uk/media/d4wcf00t/at-ar26-web.pdf#page=99"",""p.99 of AR"")","=HYPERLINK(""https://plc.autotrader.co.uk/media/d4wcf00t/at-ar26-web.pdf#page=99"",""p.99 of AR"")","=HYPERLINK(""https://plc.autotrader.co.uk/media/d4wcf00t/at-ar26-web.pdf#page=99"",""p.99 of AR"")","=HYPERLINK(""https://plc.autotrader.co.uk/media/d4wcf00t/at-ar26-web.pdf#page=99"",""p.99 of AR"")",3
Auto Trader Group Plc,AUTO LN Equity,Communication Services,Media & Entertainment,Interactive Media & Services,Interactive Media & Services,3997.9,3.0,2026,Catherine Faiers,Chief Operating Officer,COO,current,399330.0,GBP,1 July 2025,130.0,50.0,2.0,200.0,,,,,200.0,2.0,"Salary increased by 2% effective 1 July 2025, consistent with senior leader increases; salary remains pro-rated to reflect 4.5-day working week",1 July 2025,47,48,50,52,auto_trader_group_ar_2025,https://plc.autotrader.co.uk/media/d4wcf00t/at-ar26-web.pdf,"=HYPERLINK(""https://plc.autotrader.co.uk/media/d4wcf00t/at-ar26-web.pdf#page=99"",""p.99 of AR"")",47.0,"=HYPERLINK(""https://plc.autotrader.co.uk/media/d4wcf00t/at-ar26-web.pdf#page=99"",""p.99 of AR"")","=HYPERLINK(""https://plc.autotrader.co.uk/media/d4wcf00t/at-ar26-web.pdf#page=99"",""p.99 of AR"")","=HYPERLINK(""https://plc.autotrader.co.uk/media/d4wcf00t/at-ar26-web.pdf#page=99"",""p.99 of AR"")","=HYPERLINK(""https://plc.autotrader.co.uk/media/d4wcf00t/at-ar26-web.pdf#page=99"",""p.99 of AR"")",3
Auto Trader Group Plc,AUTO LN Equity,Communication Services,Media & Entertainment,Interactive Media & Services,Interactive Media & Services,3997.9,3.0,2026,Jamie Warner,Chief Financial Officer,CFO,current,443700.0,GBP,1 July 2025,130.0,50.0,2.0,200.0,,,,,200.0,2.0,"Salary increased by 2% effective 1 July 2025, in line with average increase for senior leaders in FY26",1 July 2025,47,48,50,52,auto_trader_group_ar_2025,https://plc.autotrader.co.uk/media/d4wcf00t/at-ar26-web.pdf,"=HYPERLINK(""https://plc.autotrader.co.uk/media/d4wcf00t/at-ar26-web.pdf#page=99"",""p.99 of AR"")",47.0,"=HYPERLINK(""https://plc.autotrader.co.uk/media/d4wcf00t/at-ar26-web.pdf#page=99"",""p.99 of AR"")","=HYPERLINK(""https://plc.autotrader.co.uk/media/d4wcf00t/at-ar26-web.pdf#page=99"",""p.99 of AR"")","=HYPERLINK(""https://plc.autotrader.co.uk/media/d4wcf00t/at-ar26-web.pdf#page=99"",""p.99 of AR"")","=HYPERLINK(""https://plc.autotrader.co.uk/media/d4wcf00t/at-ar26-web.pdf#page=99"",""p.99 of AR"")",3
Aviva Plc,AV/ LN Equity,Financials,Insurance,Insurance,Multi-line Insurance,18620.8,12.0,2025,Amanda Blanc,Group Chief Executive Officer (Group CEO),CEO,current,1232000.0,GBP,1 April 2025,200.0,50.0,3.0,350.0,,,,,300.0,2.0,"Salary increased 10.0% to £1,232,000 effective 1 April 2025; bonus deferral proportion reduced from two-thirds (applicable to 2023 bonus) to one-half (applicable to 2024 and future bonuses)",1 April 2025,255,256,257,260,aviva_ar_2024,https://static.aviva.io/content/dam/aviva-corporate/documents/investors/pdfs/reports/2025/annual-report-and-accounts-2025.pdf,"=HYPERLINK(""https://static.aviva.io/content/dam/aviva-corporate/documents/investors/pdfs/reports/2025/annual-report-and-accounts-2025.pdf#page=144"",""p.144 of AR"")",347.0,"=HYPERLINK(""https://static.aviva.io/content/dam/aviva-corporate/documents/investors/pdfs/reports/2025/annual-report-and-accounts-2025.pdf#page=136"",""p.136 of AR"")","=HYPERLINK(""https://static.aviva.io/content/dam/aviva-corporate/documents/investors/pdfs/reports/2025/annual-report-and-accounts-2025.pdf#page=136"",""p.136 of AR"")","=HYPERLINK(""https://static.aviva.io/content/dam/aviva-corporate/documents/investors/pdfs/reports/2025/annual-report-and-accounts-2025.pdf#page=136"",""p.136 of AR"")","=HYPERLINK(""https://static.aviva.io/content/dam/aviva-corporate/documents/investors/pdfs/reports/2025/annual-report-and-accounts-2025.pdf#page=136"",""p.136 of AR"")",3
Aviva Plc,AV/ LN Equity,Financials,Insurance,Insurance,Multi-line Insurance,18620.8,12.0,2025,Charlotte Jones,Group Chief Financial Officer (Group CFO),CFO,current,750000.0,GBP,1 April 2025,150.0,50.0,3.0,225.0,,,,,225.0,2.0,"Salary increased 2.0% to £750,000 effective 1 April 2025; bonus deferral proportion reduced from two-thirds (applicable to 2023 bonus) to one-half (applicable to 2024 and future bonuses)",1 April 2025,255,256,257,260,aviva_ar_2024,https://static.aviva.io/content/dam/aviva-corporate/documents/investors/pdfs/reports/2025/annual-report-and-accounts-2025.pdf,"=HYPERLINK(""https://static.aviva.io/content/dam/aviva-corporate/documents/investors/pdfs/reports/2025/annual-report-and-accounts-2025.pdf#page=144"",""p.144 of AR"")",347.0,"=HYPERLINK(""https://static.aviva.io/content/dam/aviva-corporate/documents/investors/pdfs/reports/2025/annual-report-and-accounts-2025.pdf#page=136"",""p.136 of AR"")","=HYPERLINK(""https://static.aviva.io/content/dam/aviva-corporate/documents/investors/pdfs/reports/2025/annual-report-and-accounts-2025.pdf#page=136"",""p.136 of AR"")","=HYPERLINK(""https://static.aviva.io/content/dam/aviva-corporate/documents/investors/pdfs/reports/2025/annual-report-and-accounts-2025.pdf#page=136"",""p.136 of AR"")","=HYPERLINK(""https://static.aviva.io/content/dam/aviva-corporate/documents/investors/pdfs/reports/2025/annual-report-and-accounts-2025.pdf#page=136"",""p.136 of AR"")",3
Aviva Plc,AV/ LN Equity,Financials,Insurance,Insurance,Multi-line Insurance,18620.8,12.0,2026,Amanda Blanc,Group Chief Executive Officer,CEO,current,1269000.0,GBP,,250.0,50.0,3.0,500.0,,,,,500.0,2.0,"Annual bonus max increased from 200% to 250% of salary; LTIP max increased from 350% to 500% of salary; shareholding requirement increased from 300% to 500% of salary — all part of the proposed 2026 Policy to align pay with upper-quartile market positioning. Overall incentive opportunity increased by 36% of salary. LTIP and Annual Bonus metrics also refined (e.g., IFRS Operating EPS/RoE replacing Solvency II RoE and cumulative cash remittances in LTIP; strategic measure changes in bonus).",2026 AGM,74,144,144,78,aviva_ar_2025,https://static.aviva.io/content/dam/aviva-corporate/documents/investors/pdfs/reports/2025/annual-report-and-accounts-2025.pdf,"=HYPERLINK(""https://static.aviva.io/content/dam/aviva-corporate/documents/investors/pdfs/reports/2025/annual-report-and-accounts-2025.pdf#page=148"",""p.148 of AR"")",408.0,"=HYPERLINK(""https://static.aviva.io/content/dam/aviva-corporate/documents/investors/pdfs/reports/2025/annual-report-and-accounts-2025.pdf#page=118"",""p.118 of AR"")","=HYPERLINK(""https://static.aviva.io/content/dam/aviva-corporate/documents/investors/pdfs/reports/2025/annual-report-and-accounts-2025.pdf#page=123"",""p.123 of AR"")","=HYPERLINK(""https://static.aviva.io/content/dam/aviva-corporate/documents/investors/pdfs/reports/2025/annual-report-and-accounts-2025.pdf#page=123"",""p.123 of AR"")","=HYPERLINK(""https://static.aviva.io/content/dam/aviva-corporate/documents/investors/pdfs/reports/2025/annual-report-and-accounts-2025.pdf#page=118"",""p.118 of AR"")",3
Aviva Plc,AV/ LN Equity,Financials,Insurance,Insurance,Multi-line Insurance,18620.8,12.0,2026,Charlotte Jones,Group Chief Financial Officer,CFO,current,772500.0,GBP,,200.0,50.0,3.0,325.0,,,,,325.0,2.0,"Annual bonus max increased from 150% to 200% of salary; LTIP max increased from 225% to 325% of salary; shareholding requirement increased from 225% to 325% of salary — part of the proposed 2026 Policy to address market positioning for the CFO role. Overall incentive opportunity increased by 40% of salary, with most of the increase delivered through the LTIP.",2026 AGM,74,144,144,78,aviva_ar_2025,https://static.aviva.io/content/dam/aviva-corporate/documents/investors/pdfs/reports/2025/annual-report-and-accounts-2025.pdf,"=HYPERLINK(""https://static.aviva.io/content/dam/aviva-corporate/documents/investors/pdfs/reports/2025/annual-report-and-accounts-2025.pdf#page=148"",""p.148 of AR"")",408.0,"=HYPERLINK(""https://static.aviva.io/content/dam/aviva-corporate/documents/investors/pdfs/reports/2025/annual-report-and-accounts-2025.pdf#page=118"",""p.118 of AR"")","=HYPERLINK(""https://static.aviva.io/content/dam/aviva-corporate/documents/investors/pdfs/reports/2025/annual-report-and-accounts-2025.pdf#page=123"",""p.123 of AR"")","=HYPERLINK(""https://static.aviva.io/content/dam/aviva-corporate/documents/investors/pdfs/reports/2025/annual-report-and-accounts-2025.pdf#page=123"",""p.123 of AR"")","=HYPERLINK(""https://static.aviva.io/content/dam/aviva-corporate/documents/investors/pdfs/reports/2025/annual-report-and-accounts-2025.pdf#page=118"",""p.118 of AR"")",3
Avon Technologies Plc,AVON LN Equity,Industrials,Capital Goods,Aerospace & Defense,Aerospace & Defense,475.3,9.0,2025,Jos Sclater,Chief Executive Officer,CEO,current,572302.0,GBP,1 October 2024,125.0,25.0,2.0,175.0,,,,,200.0,2.0,"Salary increased 4% effective 1 October 2024 (in line with wider workforce increase); LTIP reverts to normal annual award structure following the one-off FY24 share matching arrangement (which will not recur); LTIP performance measures changed for FY25 to EPS (50%), ROIC (30%) and absolute TSR (20%), measured over three years with vesting after three years plus an additional two-year holding period; annual bonus maximum and shareholding guidelines unchanged.",1 October 2024,222,237,239,34,avon_technologies_ar_2024,https://www.avon-technologiesplc.com/media/521fnkk5/avon-technologies-plc-2025-annual-report-accounts.pdf,"=HYPERLINK(""https://www.avon-technologiesplc.com/media/521fnkk5/avon-technologies-plc-2025-annual-report-accounts.pdf#page=100"",""p.100 of AR"")",34.0,"=HYPERLINK(""https://www.avon-technologiesplc.com/media/521fnkk5/avon-technologies-plc-2025-annual-report-accounts.pdf#page=114"",""p.114 of AR"")","=HYPERLINK(""https://www.avon-technologiesplc.com/media/521fnkk5/avon-technologies-plc-2025-annual-report-accounts.pdf#page=115"",""p.115 of AR"")","=HYPERLINK(""https://www.avon-technologiesplc.com/media/521fnkk5/avon-technologies-plc-2025-annual-report-accounts.pdf#page=115"",""p.115 of AR"")","=HYPERLINK(""https://www.avon-technologiesplc.com/media/521fnkk5/avon-technologies-plc-2025-annual-report-accounts.pdf#page=100"",""p.100 of AR"")",3
Avon Technologies Plc,AVON LN Equity,Industrials,Capital Goods,Aerospace & Defense,Aerospace & Defense,475.3,9.0,2025,Rich Cashin,Chief Financial Officer,CFO,current,389889.0,GBP,1 October 2024,125.0,25.0,2.0,150.0,,,,,200.0,2.0,"Salary increased 4% effective 1 October 2024 (in line with wider workforce increase); LTIP reverts to normal annual award structure following the one-off FY24 share matching arrangement (which will not recur); LTIP performance measures changed for FY25 to EPS (50%), ROIC (30%) and absolute TSR (20%), measured over three years with vesting after three years plus an additional two-year holding period; annual bonus maximum and shareholding guidelines unchanged.",1 October 2024,222,237,239,34,avon_technologies_ar_2024,https://www.avon-technologiesplc.com/media/521fnkk5/avon-technologies-plc-2025-annual-report-accounts.pdf,"=HYPERLINK(""https://www.avon-technologiesplc.com/media/521fnkk5/avon-technologies-plc-2025-annual-report-accounts.pdf#page=100"",""p.100 of AR"")",34.0,"=HYPERLINK(""https://www.avon-technologiesplc.com/media/521fnkk5/avon-technologies-plc-2025-annual-report-accounts.pdf#page=114"",""p.114 of AR"")","=HYPERLINK(""https://www.avon-technologiesplc.com/media/521fnkk5/avon-technologies-plc-2025-annual-report-accounts.pdf#page=115"",""p.115 of AR"")","=HYPERLINK(""https://www.avon-technologiesplc.com/media/521fnkk5/avon-technologies-plc-2025-annual-report-accounts.pdf#page=115"",""p.115 of AR"")","=HYPERLINK(""https://www.avon-technologiesplc.com/media/521fnkk5/avon-technologies-plc-2025-annual-report-accounts.pdf#page=100"",""p.100 of AR"")",3
Avon Technologies Plc,AVON LN Equity,Industrials,Capital Goods,Aerospace & Defense,Aerospace & Defense,475.3,9.0,2026,Jos Sclater,Chief Executive Officer,CEO,current,592333.0,GBP,1 October 2025,125.0,25.0,2.0,175.0,,,,,200.0,2.0,No change to maximum opportunities; for FY26 the 30% annual bonus component previously based on average Group working capital turns has been replaced with average Group inventory turns; no other bonus or LTIP changes,1 October 2025,32,32,198,32,avon_technologies_ar_2025,https://www.avon-technologiesplc.com/media/521fnkk5/avon-technologies-plc-2025-annual-report-accounts.pdf,"=HYPERLINK(""https://www.avon-technologiesplc.com/media/521fnkk5/avon-technologies-plc-2025-annual-report-accounts.pdf#page=93"",""p.93 of AR"")",32.0,"=HYPERLINK(""https://www.avon-technologiesplc.com/media/521fnkk5/avon-technologies-plc-2025-annual-report-accounts.pdf#page=93"",""p.93 of AR"")","=HYPERLINK(""https://www.avon-technologiesplc.com/media/521fnkk5/avon-technologies-plc-2025-annual-report-accounts.pdf#page=93"",""p.93 of AR"")","=HYPERLINK(""https://www.avon-technologiesplc.com/media/521fnkk5/avon-technologies-plc-2025-annual-report-accounts.pdf#page=106"",""p.106 of AR"")","=HYPERLINK(""https://www.avon-technologiesplc.com/media/521fnkk5/avon-technologies-plc-2025-annual-report-accounts.pdf#page=93"",""p.93 of AR"")",3
Avon Technologies Plc,AVON LN Equity,Industrials,Capital Goods,Aerospace & Defense,Aerospace & Defense,475.3,9.0,2026,Rich Cashin,Chief Financial Officer,CFO,current,403536.0,GBP,1 October 2025,125.0,25.0,2.0,150.0,,,,,200.0,2.0,No change to maximum opportunities; for FY26 the 30% annual bonus component previously based on average Group working capital turns has been replaced with average Group inventory turns; no other bonus or LTIP changes,1 October 2025,32,32,198,32,avon_technologies_ar_2025,https://www.avon-technologiesplc.com/media/521fnkk5/avon-technologies-plc-2025-annual-report-accounts.pdf,"=HYPERLINK(""https://www.avon-technologiesplc.com/media/521fnkk5/avon-technologies-plc-2025-annual-report-accounts.pdf#page=93"",""p.93 of AR"")",32.0,"=HYPERLINK(""https://www.avon-technologiesplc.com/media/521fnkk5/avon-technologies-plc-2025-annual-report-accounts.pdf#page=93"",""p.93 of AR"")","=HYPERLINK(""https://www.avon-technologiesplc.com/media/521fnkk5/avon-technologies-plc-2025-annual-report-accounts.pdf#page=93"",""p.93 of AR"")","=HYPERLINK(""https://www.avon-technologiesplc.com/media/521fnkk5/avon-technologies-plc-2025-annual-report-accounts.pdf#page=106"",""p.106 of AR"")","=HYPERLINK(""https://www.avon-technologiesplc.com/media/521fnkk5/avon-technologies-plc-2025-annual-report-accounts.pdf#page=93"",""p.93 of AR"")",3
Babcock International Group Plc,BAB LN Equity,Industrials,Capital Goods,Aerospace & Defense,Aerospace & Defense,4682.1,3.0,2026,David Lockwood,Chief Executive Officer,CEO,current,932933.0,GBP,1 April 2025,180.0,40.0,3.0,250.0,,,,,300.0,2.0,"Annual bonus maximum increased from 150% to 180% of salary; mandatory 40% bonus deferral disapplied for Executive Directors who have met shareholding guidelines (bonus to be paid in cash); new absolute TSR 'kicker' of up to 2.0x introduced on the FY26 PSP core award, measured against a one-month average share price to 31 March 2025 as the TSR starting point; 3% base salary increase for FY26. All bonus/kicker changes subject to shareholder approval at the 2025 AGM.",FY26 (1 April 2025),64,65,65,111,babcock_international_group_ar_2025,https://www.babcockinternational.com/wp-content/uploads/2026/07/Babcock-Annual-Report-and-Financial-Statements-2026.pdf,"=HYPERLINK(""https://www.babcockinternational.com/wp-content/uploads/2026/07/Babcock-Annual-Report-and-Financial-Statements-2026.pdf#page=157"",""p.157 of AR"")",64.0,"=HYPERLINK(""https://www.babcockinternational.com/wp-content/uploads/2026/07/Babcock-Annual-Report-and-Financial-Statements-2026.pdf#page=157"",""p.157 of AR"")","=HYPERLINK(""https://www.babcockinternational.com/wp-content/uploads/2026/07/Babcock-Annual-Report-and-Financial-Statements-2026.pdf#page=157"",""p.157 of AR"")","=HYPERLINK(""https://www.babcockinternational.com/wp-content/uploads/2026/07/Babcock-Annual-Report-and-Financial-Statements-2026.pdf#page=157"",""p.157 of AR"")","=HYPERLINK(""https://www.babcockinternational.com/wp-content/uploads/2026/07/Babcock-Annual-Report-and-Financial-Statements-2026.pdf#page=162"",""p.162 of AR"")",3
Babcock International Group Plc,BAB LN Equity,Industrials,Capital Goods,Aerospace & Defense,Aerospace & Defense,4682.1,3.0,2026,David Mellors,Chief Financial Officer,CFO,current,645582.0,GBP,1 April 2025,180.0,40.0,3.0,200.0,,,,,200.0,2.0,"Annual bonus maximum increased from 150% to 180% of salary; mandatory 40% bonus deferral disapplied for Executive Directors who have met shareholding guidelines (bonus to be paid in cash); new absolute TSR 'kicker' of up to 2.0x introduced on the FY26 PSP core award, measured against a one-month average share price to 31 March 2025 as the TSR starting point; 5% base salary increase for FY26. All bonus/kicker changes subject to shareholder approval at the 2025 AGM.",FY26 (1 April 2025),64,65,65,111,babcock_international_group_ar_2025,https://www.babcockinternational.com/wp-content/uploads/2026/07/Babcock-Annual-Report-and-Financial-Statements-2026.pdf,"=HYPERLINK(""https://www.babcockinternational.com/wp-content/uploads/2026/07/Babcock-Annual-Report-and-Financial-Statements-2026.pdf#page=157"",""p.157 of AR"")",64.0,"=HYPERLINK(""https://www.babcockinternational.com/wp-content/uploads/2026/07/Babcock-Annual-Report-and-Financial-Statements-2026.pdf#page=157"",""p.157 of AR"")","=HYPERLINK(""https://www.babcockinternational.com/wp-content/uploads/2026/07/Babcock-Annual-Report-and-Financial-Statements-2026.pdf#page=157"",""p.157 of AR"")","=HYPERLINK(""https://www.babcockinternational.com/wp-content/uploads/2026/07/Babcock-Annual-Report-and-Financial-Statements-2026.pdf#page=157"",""p.157 of AR"")","=HYPERLINK(""https://www.babcockinternational.com/wp-content/uploads/2026/07/Babcock-Annual-Report-and-Financial-Statements-2026.pdf#page=162"",""p.162 of AR"")",3
BAE Systems Plc,BA/ LN Equity,Industrials,Capital Goods,Aerospace & Defense,Aerospace & Defense,54328.8,12.0,2025,Charles Woodburn,Chief Executive,CEO,current,1270800.0,GBP,1 January 2025,225.0,33.33,3.0,500.0,,,,,500.0,2.0,"LTI maximum Performance Shares grant increased from 370% to 500% of base pay; MSR increased from 300% to 500% (in-employment and post-employment); no longer able to sell vested shares (except for tax) until MSR fully met; bonus threshold payout changed from 20% to 25% of maximum; safety/diversity underpin replaced with a broader ""bonus moderator""; removal of restriction that no role can have salary greater than CE; removal of 10% single-year salary increase cap.",,75,143,198,198,bae_systems_ar_2024,https://annualreport.baesystems.com/dam/jcr:105fe9f2-cff7-4960-9d99-956aba996540,"=HYPERLINK(""https://annualreport.baesystems.com/dam/jcr:105fe9f2-cff7-4960-9d99-956aba996540#page=112"",""p.112 of AR"")",198.0,"=HYPERLINK(""https://annualreport.baesystems.com/dam/jcr:105fe9f2-cff7-4960-9d99-956aba996540#page=102"",""p.102 of AR"")","=HYPERLINK(""https://annualreport.baesystems.com/dam/jcr:105fe9f2-cff7-4960-9d99-956aba996540#page=106"",""p.106 of AR"")","=HYPERLINK(""https://annualreport.baesystems.com/dam/jcr:105fe9f2-cff7-4960-9d99-956aba996540#page=112"",""p.112 of AR"")","=HYPERLINK(""https://annualreport.baesystems.com/dam/jcr:105fe9f2-cff7-4960-9d99-956aba996540#page=112"",""p.112 of AR"")",3
BAE Systems Plc,BA/ LN Equity,Industrials,Capital Goods,Aerospace & Defense,Aerospace & Defense,54328.8,12.0,2025,Brad Greve,Chief Financial Officer,CFO,current,807500.0,GBP,1 January 2025,200.0,33.33,3.0,400.0,,,,,400.0,2.0,"LTI maximum Performance Shares grant increased from 335% to 400% of base pay; MSR increased from 200% to 400% (in-employment and post-employment); pension contribution increased from 8% to 9% of base pay effective 1 January 2025; no longer able to sell vested shares (except for tax) until MSR fully met; bonus threshold payout changed from 20% to 25% of maximum; safety/diversity underpin replaced with a broader ""bonus moderator.""",,75,143,198,198,bae_systems_ar_2024,https://annualreport.baesystems.com/dam/jcr:105fe9f2-cff7-4960-9d99-956aba996540,"=HYPERLINK(""https://annualreport.baesystems.com/dam/jcr:105fe9f2-cff7-4960-9d99-956aba996540#page=112"",""p.112 of AR"")",198.0,"=HYPERLINK(""https://annualreport.baesystems.com/dam/jcr:105fe9f2-cff7-4960-9d99-956aba996540#page=102"",""p.102 of AR"")","=HYPERLINK(""https://annualreport.baesystems.com/dam/jcr:105fe9f2-cff7-4960-9d99-956aba996540#page=106"",""p.106 of AR"")","=HYPERLINK(""https://annualreport.baesystems.com/dam/jcr:105fe9f2-cff7-4960-9d99-956aba996540#page=112"",""p.112 of AR"")","=HYPERLINK(""https://annualreport.baesystems.com/dam/jcr:105fe9f2-cff7-4960-9d99-956aba996540#page=112"",""p.112 of AR"")",3
BAE Systems Plc,BA/ LN Equity,Industrials,Capital Goods,Aerospace & Defense,Aerospace & Defense,54328.8,12.0,2025,Tom Arseneault,"President and Chief Executive Officer of BAE Systems, Inc.",Other Executive,current,1189000.0,USD,1 January 2025,225.0,33.33,3.0,590.0,440.0,150.0,active,additive,425.0,1.0,"No increase in LTI opportunity proposed for the US executive director (unlike UK executive directors); base pay increased 4% in line with US workforce average; other policy simplifications (bonus threshold change to 25%, bonus moderator) apply equally.",,75,143,derived,198,bae_systems_ar_2024,https://annualreport.baesystems.com/dam/jcr:105fe9f2-cff7-4960-9d99-956aba996540,"=HYPERLINK(""https://annualreport.baesystems.com/dam/jcr:105fe9f2-cff7-4960-9d99-956aba996540#page=112"",""p.112 of AR"")",198.0,"=HYPERLINK(""https://annualreport.baesystems.com/dam/jcr:105fe9f2-cff7-4960-9d99-956aba996540#page=102"",""p.102 of AR"")","=HYPERLINK(""https://annualreport.baesystems.com/dam/jcr:105fe9f2-cff7-4960-9d99-956aba996540#page=106"",""p.106 of AR"")",derived,"=HYPERLINK(""https://annualreport.baesystems.com/dam/jcr:105fe9f2-cff7-4960-9d99-956aba996540#page=112"",""p.112 of AR"")",3
BAE Systems Plc,BA/ LN Equity,Industrials,Capital Goods,Aerospace & Defense,Aerospace & Defense,54328.8,12.0,2026,Brad Greve,Chief Financial Officer (UK-based executive director),CFO,current,,,1 January 2026,200.0,33.0,3.0,400.0,,,,,400.0,2.0,"Pension employer contribution increased from 9% to 10% of base pay effective 1 January 2026, aligned with UK workforce increase; base pay increased 3% from 1 January 2026; annual bonus structure/opportunity unchanged for 2026; MSR requirements unchanged for 2026.",1 January 2026,27,110,118,121,bae_systems_ar_2025,https://annualreport.baesystems.com/dam/jcr:105fe9f2-cff7-4960-9d99-956aba996540,"=HYPERLINK(""https://annualreport.baesystems.com/dam/jcr:105fe9f2-cff7-4960-9d99-956aba996540#page=107"",""p.107 of AR"")",33.0,"=HYPERLINK(""https://annualreport.baesystems.com/dam/jcr:105fe9f2-cff7-4960-9d99-956aba996540#page=107"",""p.107 of AR"")","=HYPERLINK(""https://annualreport.baesystems.com/dam/jcr:105fe9f2-cff7-4960-9d99-956aba996540#page=111"",""p.111 of AR"")","=HYPERLINK(""https://annualreport.baesystems.com/dam/jcr:105fe9f2-cff7-4960-9d99-956aba996540#page=112"",""p.112 of AR"")","=HYPERLINK(""https://annualreport.baesystems.com/dam/jcr:105fe9f2-cff7-4960-9d99-956aba996540#page=112"",""p.112 of AR"")",3
BAE Systems Plc,BA/ LN Equity,Industrials,Capital Goods,Aerospace & Defense,Aerospace & Defense,54328.8,12.0,2026,Name Not Disclosed - Chief Executive,Chief Executive,CEO,current,,,1 January 2026,225.0,33.0,3.0,500.0,,,,,500.0,2.0,Base pay increased 3% from 1 January 2026; pension maximum remains aligned with weighted average UK workforce contribution (14% of base pay); annual bonus structure/opportunity unchanged for 2026; MSR requirements unchanged for 2026.,1 January 2026,32,110,118,121,bae_systems_ar_2025,https://annualreport.baesystems.com/dam/jcr:105fe9f2-cff7-4960-9d99-956aba996540,"=HYPERLINK(""https://annualreport.baesystems.com/dam/jcr:105fe9f2-cff7-4960-9d99-956aba996540#page=107"",""p.107 of AR"")",32.0,"=HYPERLINK(""https://annualreport.baesystems.com/dam/jcr:105fe9f2-cff7-4960-9d99-956aba996540#page=107"",""p.107 of AR"")","=HYPERLINK(""https://annualreport.baesystems.com/dam/jcr:105fe9f2-cff7-4960-9d99-956aba996540#page=111"",""p.111 of AR"")","=HYPERLINK(""https://annualreport.baesystems.com/dam/jcr:105fe9f2-cff7-4960-9d99-956aba996540#page=112"",""p.112 of AR"")","=HYPERLINK(""https://annualreport.baesystems.com/dam/jcr:105fe9f2-cff7-4960-9d99-956aba996540#page=112"",""p.112 of AR"")",3
BAE Systems Plc,BA/ LN Equity,Industrials,Capital Goods,Aerospace & Defense,Aerospace & Defense,54328.8,12.0,2026,"Name Not Disclosed - President and Chief Executive Officer, BAE Systems, Inc.","President and Chief Executive Officer of BAE Systems, Inc. (US-based executive director)",Other Executive,current,,,1 January 2026,225.0,33.0,3.0,590.0,440.0,150.0,active,additive,425.0,1.0,"Base pay increased 4% from 1 January 2026, in line with US workforce; maximum 401(k) contribution remains 6% of base pay (capped at US regulatory limits) and maximum defined benefit accrual remains $1,500; annual bonus structure/opportunity unchanged for 2026; MSR requirements unchanged for 2026.",1 January 2026,27,110,derived,121,bae_systems_ar_2025,https://annualreport.baesystems.com/dam/jcr:105fe9f2-cff7-4960-9d99-956aba996540,"=HYPERLINK(""https://annualreport.baesystems.com/dam/jcr:105fe9f2-cff7-4960-9d99-956aba996540#page=107"",""p.107 of AR"")",32.0,"=HYPERLINK(""https://annualreport.baesystems.com/dam/jcr:105fe9f2-cff7-4960-9d99-956aba996540#page=107"",""p.107 of AR"")","=HYPERLINK(""https://annualreport.baesystems.com/dam/jcr:105fe9f2-cff7-4960-9d99-956aba996540#page=111"",""p.111 of AR"")",derived,"=HYPERLINK(""https://annualreport.baesystems.com/dam/jcr:105fe9f2-cff7-4960-9d99-956aba996540#page=112"",""p.112 of AR"")",3
Bakkavor Group Plc,BAKK LN Equity,Consumer Staples,Food Beverage & Tobacco,Food Products,Packaged Foods & Meats,,,2025,Mike Edwards,Chief Executive Officer (CEO),CEO,current,749840.0,GBP,1 January 2025,150.0,33.33,3.0,200.0,,,,,200.0,2.0,"Base salary increased by 3% to £749,840 effective 1 January 2025, below the broader workforce average increase of 4.2%. STIP opportunity maintained at 125% of salary (below the 150% policy cap) with unchanged measures (Group adjusted EBIT 75%, UK employee turnover 12.5%, UK food waste 12.5%). LTIP award level maintained at 150% of salary (below the 200% policy cap), with measures unchanged from FY24 (relative TSR 45%, EPS 40%, net carbon emissions 15%).",1 January 2025,44,58,58,61,bakkavor_group_ar_2024,https://s28.q4cdn.com/357092721/files/doc_financials/2024/ar/2024-Bakkavor-Annual-Report.pdf,"=HYPERLINK(""https://s28.q4cdn.com/357092721/files/doc_financials/2024/ar/2024-Bakkavor-Annual-Report.pdf#page=128"",""p.128 of AR"")",44.0,"=HYPERLINK(""https://s28.q4cdn.com/357092721/files/doc_financials/2024/ar/2024-Bakkavor-Annual-Report.pdf#page=128"",""p.128 of AR"")","=HYPERLINK(""https://s28.q4cdn.com/357092721/files/doc_financials/2024/ar/2024-Bakkavor-Annual-Report.pdf#page=129"",""p.129 of AR"")","=HYPERLINK(""https://s28.q4cdn.com/357092721/files/doc_financials/2024/ar/2024-Bakkavor-Annual-Report.pdf#page=129"",""p.129 of AR"")","=HYPERLINK(""https://s28.q4cdn.com/357092721/files/doc_financials/2024/ar/2024-Bakkavor-Annual-Report.pdf#page=130"",""p.130 of AR"")",3
Bakkavor Group Plc,BAKK LN Equity,Consumer Staples,Food Beverage & Tobacco,Food Products,Packaged Foods & Meats,,,2025,Lee Miley,Chief Financial Officer (CFO),CFO,current,400000.0,GBP,1 November 2024,150.0,33.33,3.0,200.0,,,,,200.0,2.0,"Newly appointed CFO (1 November 2024) on a base salary of £400,000, to be reviewed in January 2026 rather than annually. He will receive his first LTIP award as an Executive Director in FY25, in line with the standard Policy terms (150% of salary award level, subject to EPS 40%, relative TSR 45%, and net carbon emissions 15% measures, per the FY25 implementation table).",,41,58,41,61,bakkavor_group_ar_2024,https://s28.q4cdn.com/357092721/files/doc_financials/2024/ar/2024-Bakkavor-Annual-Report.pdf,"=HYPERLINK(""https://s28.q4cdn.com/357092721/files/doc_financials/2024/ar/2024-Bakkavor-Annual-Report.pdf#page=128"",""p.128 of AR"")",41.0,"=HYPERLINK(""https://s28.q4cdn.com/357092721/files/doc_financials/2024/ar/2024-Bakkavor-Annual-Report.pdf#page=128"",""p.128 of AR"")","=HYPERLINK(""https://s28.q4cdn.com/357092721/files/doc_financials/2024/ar/2024-Bakkavor-Annual-Report.pdf#page=129"",""p.129 of AR"")","=HYPERLINK(""https://s28.q4cdn.com/357092721/files/doc_financials/2024/ar/2024-Bakkavor-Annual-Report.pdf#page=128"",""p.128 of AR"")","=HYPERLINK(""https://s28.q4cdn.com/357092721/files/doc_financials/2024/ar/2024-Bakkavor-Annual-Report.pdf#page=130"",""p.130 of AR"")",3
Balfour Beatty Plc,BBY LN Equity,Industrials,Capital Goods,Construction & Engineering,Construction & Engineering,3858.3,12.0,2026,Philip Hoare,Group Chief Executive,CEO,current,840000.0,GBP,8 September 2025,150.0,50.0,3.0,200.0,,,,,200.0,2.0,"New Policy retains 50% AIP deferral for 3 years but reduces deferral to 33% once shareholding guideline is met; overall maximum PSP opportunity increased to 250% of salary (headroom, not currently used — 2026 award set at 200%); shareholding guideline will increase to match PSP award level if PSP award exceeds 200% of salary; simplification of post-cessation vesting timing for PSP/DBP to align with 2-year post-employment shareholding period.",,165,166,167,168,balfour_beatty_ar_2025,https://www.balfourbeatty.com/media/0immhyhv/balfour-beatty-plc-annual-report-and-accounts-2025.pdf,"=HYPERLINK(""https://www.balfourbeatty.com/media/0immhyhv/balfour-beatty-plc-annual-report-and-accounts-2025.pdf#page=147"",""p.147 of AR"")",165.0,"=HYPERLINK(""https://www.balfourbeatty.com/media/0immhyhv/balfour-beatty-plc-annual-report-and-accounts-2025.pdf#page=147"",""p.147 of AR"")","=HYPERLINK(""https://www.balfourbeatty.com/media/0immhyhv/balfour-beatty-plc-annual-report-and-accounts-2025.pdf#page=147"",""p.147 of AR"")","=HYPERLINK(""https://www.balfourbeatty.com/media/0immhyhv/balfour-beatty-plc-annual-report-and-accounts-2025.pdf#page=147"",""p.147 of AR"")","=HYPERLINK(""https://www.balfourbeatty.com/media/0immhyhv/balfour-beatty-plc-annual-report-and-accounts-2025.pdf#page=147"",""p.147 of AR"")",3
Balfour Beatty Plc,BBY LN Equity,Industrials,Capital Goods,Construction & Engineering,Construction & Engineering,3858.3,12.0,2026,Philip Harrison,Chief Financial Officer,CFO,current,598000.0,GBP,1 February 2025,150.0,50.0,3.0,,,,,,150.0,,No 2026 PSP award to be granted; simplification of post-employment vesting timing under the new Policy explicitly does not apply to him; general AIP deferral-linkage change to shareholding guideline applies as for other executives.,,165,166,167,168,balfour_beatty_ar_2025,https://www.balfourbeatty.com/media/0immhyhv/balfour-beatty-plc-annual-report-and-accounts-2025.pdf,"=HYPERLINK(""https://www.balfourbeatty.com/media/0immhyhv/balfour-beatty-plc-annual-report-and-accounts-2025.pdf#page=147"",""p.147 of AR"")",165.0,"=HYPERLINK(""https://www.balfourbeatty.com/media/0immhyhv/balfour-beatty-plc-annual-report-and-accounts-2025.pdf#page=147"",""p.147 of AR"")","=HYPERLINK(""https://www.balfourbeatty.com/media/0immhyhv/balfour-beatty-plc-annual-report-and-accounts-2025.pdf#page=147"",""p.147 of AR"")","=HYPERLINK(""https://www.balfourbeatty.com/media/0immhyhv/balfour-beatty-plc-annual-report-and-accounts-2025.pdf#page=147"",""p.147 of AR"")","=HYPERLINK(""https://www.balfourbeatty.com/media/0immhyhv/balfour-beatty-plc-annual-report-and-accounts-2025.pdf#page=147"",""p.147 of AR"")",3
Balfour Beatty Plc,BBY LN Equity,Industrials,Capital Goods,Construction & Engineering,Construction & Engineering,3858.3,12.0,2026,Myles Westcott,Group Chief Financial Officer,CFO,current,530000.0,GBP,,150.0,50.0,3.0,175.0,,,,,200.0,2.0,New appointment under the proposed Policy; pension allowance of 7% of salary aligned with wider workforce; bonus pro-rated for period of service in 2026; subject to same AIP deferral-linkage and PSP headroom changes as other executive Directors.,,33,33,33,168,balfour_beatty_ar_2025,https://www.balfourbeatty.com/media/0immhyhv/balfour-beatty-plc-annual-report-and-accounts-2025.pdf,"=HYPERLINK(""https://www.balfourbeatty.com/media/0immhyhv/balfour-beatty-plc-annual-report-and-accounts-2025.pdf#page=134"",""p.134 of AR"")",33.0,"=HYPERLINK(""https://www.balfourbeatty.com/media/0immhyhv/balfour-beatty-plc-annual-report-and-accounts-2025.pdf#page=134"",""p.134 of AR"")","=HYPERLINK(""https://www.balfourbeatty.com/media/0immhyhv/balfour-beatty-plc-annual-report-and-accounts-2025.pdf#page=134"",""p.134 of AR"")","=HYPERLINK(""https://www.balfourbeatty.com/media/0immhyhv/balfour-beatty-plc-annual-report-and-accounts-2025.pdf#page=134"",""p.134 of AR"")","=HYPERLINK(""https://www.balfourbeatty.com/media/0immhyhv/balfour-beatty-plc-annual-report-and-accounts-2025.pdf#page=147"",""p.147 of AR"")",3
Baltic Classifieds Group Plc,BCG LN Equity,Communication Services,Media & Entertainment,Interactive Media & Services,Interactive Media & Services,835.3,4.0,2026,Name Not Disclosed - CEO,Chief Executive Officer,CEO,current,512393.0,EUR,2026,0.0,,,244.0,137.0,107.0,active,additive,390.0,2.0,"LTIP maximum being increased from a fixed €700,000 to a fixed €2,000,000 (phased via a €1,250,000 transition amount in FY2026), with future annual increases in line with salary growth; minimum shareholding guideline also being increased in absolute terms; base salary increase reflects final year of 5-year post-IPO salary migration plus 11% general workforce-linked increase; no annual bonus introduced",24 September 2025 AGM,170,91,derived,derived,baltic_classifieds_group_ar_2025,https://balticclassifieds.com/static/results/BCG_annual_report_and_accounts_2026.pdf,"=HYPERLINK(""https://balticclassifieds.com/static/results/BCG_annual_report_and_accounts_2026.pdf#page=37"",""p.37 of AR"")",170.0,"=HYPERLINK(""https://balticclassifieds.com/static/results/BCG_annual_report_and_accounts_2026.pdf#page=37"",""p.37 of AR"")","=HYPERLINK(""https://balticclassifieds.com/static/results/BCG_annual_report_and_accounts_2026.pdf#page=34"",""p.34 of AR"")",derived,derived,3
Baltic Classifieds Group Plc,BCG LN Equity,Communication Services,Media & Entertainment,Interactive Media & Services,Interactive Media & Services,835.3,4.0,2026,Name Not Disclosed - CFO,Chief Financial Officer,CFO,current,307436.0,EUR,2026,0.0,,,195.0,98.0,98.0,active,additive,325.0,2.0,"LTIP maximum being increased from a fixed €300,000 to a fixed €1,000,000 (phased via a €600,000 transition amount in FY2026), with future annual increases in line with salary growth; minimum shareholding guideline also being increased in absolute terms; base salary increase reflects final year of 5-year post-IPO salary migration plus 11% general workforce-linked increase",24 September 2025 AGM,170,91,derived,derived,baltic_classifieds_group_ar_2025,https://balticclassifieds.com/static/results/BCG_annual_report_and_accounts_2026.pdf,"=HYPERLINK(""https://balticclassifieds.com/static/results/BCG_annual_report_and_accounts_2026.pdf#page=37"",""p.37 of AR"")",170.0,"=HYPERLINK(""https://balticclassifieds.com/static/results/BCG_annual_report_and_accounts_2026.pdf#page=37"",""p.37 of AR"")","=HYPERLINK(""https://balticclassifieds.com/static/results/BCG_annual_report_and_accounts_2026.pdf#page=34"",""p.34 of AR"")",derived,derived,3
Baltic Classifieds Group Plc,BCG LN Equity,Communication Services,Media & Entertainment,Interactive Media & Services,Interactive Media & Services,835.3,4.0,2026,Name Not Disclosed - COO,Chief Operating Officer,COO,current,409914.0,EUR,2026,0.0,,,220.0,122.0,98.0,active,additive,244.0,2.0,"LTIP maximum being increased from a fixed €500,000 to a fixed €1,500,000 (phased via a €900,000 transition amount in FY2026), with future annual increases in line with salary growth; minimum shareholding guideline also being increased in absolute terms; base salary increase reflects final year of 5-year post-IPO salary migration plus 11% general workforce-linked increase",24 September 2025 AGM,170,91,derived,derived,baltic_classifieds_group_ar_2025,https://balticclassifieds.com/static/results/BCG_annual_report_and_accounts_2026.pdf,"=HYPERLINK(""https://balticclassifieds.com/static/results/BCG_annual_report_and_accounts_2026.pdf#page=37"",""p.37 of AR"")",170.0,"=HYPERLINK(""https://balticclassifieds.com/static/results/BCG_annual_report_and_accounts_2026.pdf#page=37"",""p.37 of AR"")","=HYPERLINK(""https://balticclassifieds.com/static/results/BCG_annual_report_and_accounts_2026.pdf#page=34"",""p.34 of AR"")",derived,derived,3
Baltic Classifieds Group Plc,BCG LN Equity,Communication Services,Media & Entertainment,Interactive Media & Services,Interactive Media & Services,835.3,4.0,2027,Justinas Šimkus,Chief Executive Officer,CEO,current,558508.0,EUR,FY2027,,,,500.0,,,,,358.0,,"9% base salary increase for 2027 in line with average organisation-wide pay rises; PSP award value increased from €1,250,000 (2026) to €2,000,000 (2027); EPS performance target range for 2029 vesting raised to 15.0–19.0 euro cent (from 14.0–17.5 euro cent)",,70,,42,42/90,baltic_classifieds_group_ar_2026,https://balticclassifieds.com/static/results/BCG_annual_report_and_accounts_2026.pdf,"=HYPERLINK(""https://balticclassifieds.com/static/results/BCG_annual_report_and_accounts_2026.pdf#page=69"",""p.69 of AR"")",70.0,"=HYPERLINK(""https://balticclassifieds.com/static/results/BCG_annual_report_and_accounts_2026.pdf#page=69"",""p.69 of AR"")",,"=HYPERLINK(""https://balticclassifieds.com/static/results/BCG_annual_report_and_accounts_2026.pdf#page=67"",""p.67 of AR"")",,3
Baltic Classifieds Group Plc,BCG LN Equity,Communication Services,Media & Entertainment,Interactive Media & Services,Interactive Media & Services,835.3,4.0,2027,Lina Mačienė,Chief Financial Officer,CFO,current,335105.0,EUR,FY2027,,,,500.0,,,,,298.0,,"9% base salary increase for 2027; PSP award value increased from €600,000 (2026) to €1,000,000 (2027); EPS performance target range for 2029 vesting raised to 15.0–19.0 euro cent",,70,,42,42/90,baltic_classifieds_group_ar_2026,https://balticclassifieds.com/static/results/BCG_annual_report_and_accounts_2026.pdf,"=HYPERLINK(""https://balticclassifieds.com/static/results/BCG_annual_report_and_accounts_2026.pdf#page=69"",""p.69 of AR"")",70.0,"=HYPERLINK(""https://balticclassifieds.com/static/results/BCG_annual_report_and_accounts_2026.pdf#page=69"",""p.69 of AR"")",,"=HYPERLINK(""https://balticclassifieds.com/static/results/BCG_annual_report_and_accounts_2026.pdf#page=67"",""p.67 of AR"")",,3
Baltic Classifieds Group Plc,BCG LN Equity,Communication Services,Media & Entertainment,Interactive Media & Services,Interactive Media & Services,835.3,4.0,2027,Simonas Orkinas,Chief Operating Officer,COO,current,446806.0,EUR,FY2027,,,,0.0,,,,,224.0,,"Will retire as COO and step down from the Board at the 2026 AGM; will remain an employee for up to six months for transition; PSP 2023 awards vesting during remaining employment will pay out per original terms, while PSP 2024, PSP 2025 I and PSP 2025 II awards will lapse; no 2027 LTIP award will be made",,70,,54/70,42/90,baltic_classifieds_group_ar_2026,https://balticclassifieds.com/static/results/BCG_annual_report_and_accounts_2026.pdf,"=HYPERLINK(""https://balticclassifieds.com/static/results/BCG_annual_report_and_accounts_2026.pdf#page=67"",""p.67 of AR"")",45.0,"=HYPERLINK(""https://balticclassifieds.com/static/results/BCG_annual_report_and_accounts_2026.pdf#page=69"",""p.69 of AR"")",,,,3
Barclays Plc,BARC LN Equity,Financials,Banks,Banks,Diversified Banks,57714.2,12.0,2026,C.S. Venkatakrishnan,Group Chief Executive,CEO,current,1641000.0,GBP,1 March 2026,250.0,50.0,3.0,550.0,,,,,550.0,2.0,"Salary increased 3.2% to £1,641,000 effective 1 March 2026; pension cash allowance rose in line with salary to £164,100 (10% of salary); LTIP and bonus deferral mechanics updated following new UK bank remuneration regulations — starting bonus deferral remains 50%/3 years but may be reduced to 25% if shareholding requirement exceeded; LTIP vesting restructured to 75% at year 3 (2-year holding) and 25% at year 4 (1-year holding), with one-year post-vesting holding periods removed from most previously granted deferred bonus/LTIP awards (subject to the 5-year minimum release rule); LTIP maximum increased to 550% of salary for 2026-2028 cycle (grant reflects strong 2025 performance)",1 March 2026,48,185,185,182,barclays_ar_2025,https://home.barclays/content/dam/home-barclays/documents/investor-relations/reports-and-events/annual-reports/2025/Barclays-PLC-Annual-Report-2025.pdf,"=HYPERLINK(""https://home.barclays/content/dam/home-barclays/documents/investor-relations/reports-and-events/annual-reports/2025/Barclays-PLC-Annual-Report-2025.pdf#page=173"",""p.173 of AR"")",182.0,"=HYPERLINK(""https://home.barclays/content/dam/home-barclays/documents/investor-relations/reports-and-events/annual-reports/2025/Barclays-PLC-Annual-Report-2025.pdf#page=161"",""p.161 of AR"")","=HYPERLINK(""https://home.barclays/content/dam/home-barclays/documents/investor-relations/reports-and-events/annual-reports/2025/Barclays-PLC-Annual-Report-2025.pdf#page=174"",""p.174 of AR"")","=HYPERLINK(""https://home.barclays/content/dam/home-barclays/documents/investor-relations/reports-and-events/annual-reports/2025/Barclays-PLC-Annual-Report-2025.pdf#page=174"",""p.174 of AR"")","=HYPERLINK(""https://home.barclays/content/dam/home-barclays/documents/investor-relations/reports-and-events/annual-reports/2025/Barclays-PLC-Annual-Report-2025.pdf#page=173"",""p.173 of AR"")",3
Barclays Plc,BARC LN Equity,Financials,Banks,Banks,Diversified Banks,57714.2,12.0,2026,Anna Cross,Group Finance Director,CFO,current,1000000.0,GBP,1 March 2026,250.0,50.0,3.0,500.0,,,,,500.0,2.0,"Salary increased 5.3% to £1,000,000 effective 1 March 2026 (reflecting significant contribution to 2025 performance and competitive positioning versus peers); pension cash allowance rose in line with salary to £100,000 (10% of salary); LTIP and bonus deferral mechanics updated following new UK bank remuneration regulations — starting bonus deferral remains 50%/3 years but may be reduced to 25% if shareholding requirement exceeded; LTIP vesting restructured to 75% at year 3 (2-year holding) and 25% at year 4 (1-year holding), with one-year post-vesting holding periods removed from most previously granted deferred bonus/LTIP awards (subject to the 5-year minimum release rule); LTIP maximum increased to 500% of salary for 2026-2028 cycle (grant reflects strong 2025 performance)",1 March 2026,48,185,185,182,barclays_ar_2025,https://home.barclays/content/dam/home-barclays/documents/investor-relations/reports-and-events/annual-reports/2025/Barclays-PLC-Annual-Report-2025.pdf,"=HYPERLINK(""https://home.barclays/content/dam/home-barclays/documents/investor-relations/reports-and-events/annual-reports/2025/Barclays-PLC-Annual-Report-2025.pdf#page=173"",""p.173 of AR"")",182.0,"=HYPERLINK(""https://home.barclays/content/dam/home-barclays/documents/investor-relations/reports-and-events/annual-reports/2025/Barclays-PLC-Annual-Report-2025.pdf#page=161"",""p.161 of AR"")","=HYPERLINK(""https://home.barclays/content/dam/home-barclays/documents/investor-relations/reports-and-events/annual-reports/2025/Barclays-PLC-Annual-Report-2025.pdf#page=174"",""p.174 of AR"")","=HYPERLINK(""https://home.barclays/content/dam/home-barclays/documents/investor-relations/reports-and-events/annual-reports/2025/Barclays-PLC-Annual-Report-2025.pdf#page=174"",""p.174 of AR"")","=HYPERLINK(""https://home.barclays/content/dam/home-barclays/documents/investor-relations/reports-and-events/annual-reports/2025/Barclays-PLC-Annual-Report-2025.pdf#page=173"",""p.173 of AR"")",3
Barratt Redrow Plc,BTRW LN Equity,,,,,3413.1,6.0,2026,David Thomas,Chief Executive,CEO,current,,,,150.0,33.33,3.0,200.0,,,,,200.0,2.0,"2025 LTPP TSR comparator group changed from housebuilder index to FTSE ranking (50 above/50 below); ROCE definition amended to include land creditors; full Policy review planned ahead of 2026 AGM triennial renewal, including possible changes to variable pay opportunity and deferred bonus application",,66,64,31,64,barratt_redrow_ar_2025,https://www.barrattredrow.co.uk/~/media/Files/B/Barratt-Developments-V2/documents/annual-report-2025/barratt-redrow-plc-annual-report-and-accounts-2025.pdf,"=HYPERLINK(""https://www.barrattredrow.co.uk/~/media/Files/B/Barratt-Developments-V2/documents/annual-report-2025/barratt-redrow-plc-annual-report-and-accounts-2025.pdf#page=147"",""p.147 of AR"")",239.0,"=HYPERLINK(""https://www.barrattredrow.co.uk/~/media/Files/B/Barratt-Developments-V2/documents/annual-report-2025/barratt-redrow-plc-annual-report-and-accounts-2025.pdf#page=130"",""p.130 of AR"")","=HYPERLINK(""https://www.barrattredrow.co.uk/~/media/Files/B/Barratt-Developments-V2/documents/annual-report-2025/barratt-redrow-plc-annual-report-and-accounts-2025.pdf#page=130"",""p.130 of AR"")","=HYPERLINK(""https://www.barrattredrow.co.uk/~/media/Files/B/Barratt-Developments-V2/documents/annual-report-2025/barratt-redrow-plc-annual-report-and-accounts-2025.pdf#page=127"",""p.127 of AR"")","=HYPERLINK(""https://www.barrattredrow.co.uk/~/media/Files/B/Barratt-Developments-V2/documents/annual-report-2025/barratt-redrow-plc-annual-report-and-accounts-2025.pdf#page=130"",""p.130 of AR"")",3
Barratt Redrow Plc,BTRW LN Equity,,,,,3413.1,6.0,2026,Mike Scott,Executive Director,Executive Director,current,,,,150.0,33.33,3.0,200.0,,,,,200.0,2.0,Has until 6 December 2026 to meet shareholding requirement; same policy-wide changes re: 2025 LTPP TSR/ROCE definitions and pending 2026 Policy review,,66,64,31,64,barratt_redrow_ar_2025,https://www.barrattredrow.co.uk/~/media/Files/B/Barratt-Developments-V2/documents/annual-report-2025/barratt-redrow-plc-annual-report-and-accounts-2025.pdf,"=HYPERLINK(""https://www.barrattredrow.co.uk/~/media/Files/B/Barratt-Developments-V2/documents/annual-report-2025/barratt-redrow-plc-annual-report-and-accounts-2025.pdf#page=138"",""p.138 of AR"")",152.0,"=HYPERLINK(""https://www.barrattredrow.co.uk/~/media/Files/B/Barratt-Developments-V2/documents/annual-report-2025/barratt-redrow-plc-annual-report-and-accounts-2025.pdf#page=130"",""p.130 of AR"")","=HYPERLINK(""https://www.barrattredrow.co.uk/~/media/Files/B/Barratt-Developments-V2/documents/annual-report-2025/barratt-redrow-plc-annual-report-and-accounts-2025.pdf#page=130"",""p.130 of AR"")","=HYPERLINK(""https://www.barrattredrow.co.uk/~/media/Files/B/Barratt-Developments-V2/documents/annual-report-2025/barratt-redrow-plc-annual-report-and-accounts-2025.pdf#page=127"",""p.127 of AR"")","=HYPERLINK(""https://www.barrattredrow.co.uk/~/media/Files/B/Barratt-Developments-V2/documents/annual-report-2025/barratt-redrow-plc-annual-report-and-accounts-2025.pdf#page=130"",""p.130 of AR"")",3
Barratt Redrow Plc,BTRW LN Equity,,,,,3413.1,6.0,2026,Matthew Pratt,Executive Director,Executive Director,current,,,,150.0,,,200.0,,,,,200.0,2.0,Individual bonus deferral exception per Co-operation Agreement (no deferral applied to FY25 bonus); has entered into post-cessation shareholding contractual agreement; otherwise same policy-wide changes as other directors,,66,64,31,64,barratt_redrow_ar_2025,https://www.barrattredrow.co.uk/~/media/Files/B/Barratt-Developments-V2/documents/annual-report-2025/barratt-redrow-plc-annual-report-and-accounts-2025.pdf,"=HYPERLINK(""https://www.barrattredrow.co.uk/~/media/Files/B/Barratt-Developments-V2/documents/annual-report-2025/barratt-redrow-plc-annual-report-and-accounts-2025.pdf#page=138"",""p.138 of AR"")",152.0,"=HYPERLINK(""https://www.barrattredrow.co.uk/~/media/Files/B/Barratt-Developments-V2/documents/annual-report-2025/barratt-redrow-plc-annual-report-and-accounts-2025.pdf#page=130"",""p.130 of AR"")","=HYPERLINK(""https://www.barrattredrow.co.uk/~/media/Files/B/Barratt-Developments-V2/documents/annual-report-2025/barratt-redrow-plc-annual-report-and-accounts-2025.pdf#page=130"",""p.130 of AR"")","=HYPERLINK(""https://www.barrattredrow.co.uk/~/media/Files/B/Barratt-Developments-V2/documents/annual-report-2025/barratt-redrow-plc-annual-report-and-accounts-2025.pdf#page=127"",""p.127 of AR"")","=HYPERLINK(""https://www.barrattredrow.co.uk/~/media/Files/B/Barratt-Developments-V2/documents/annual-report-2025/barratt-redrow-plc-annual-report-and-accounts-2025.pdf#page=130"",""p.130 of AR"")",3
Beazley Plc,BEZ LN Equity,Financials,Insurance,Insurance,Property & Casualty Insurance,7564.5,12.0,2025,Adrian P Cox,Group Chief Executive Officer,CEO,current,800000.0,GBP,1 March 2025,300.0,33.0,3.0,300.0,,,,,300.0,2.0,"Base salary increased 23.1% (£650,000 → £800,000) effective 1 March 2025 following Committee review of market positioning, scale and performance; no change to bonus, LTIP, or shareholding policy structure for 2025.",1 March 2025,32,94,168,61,beazley_ar_2024,https://www.beazley.com/globalassets/ir-documents/annual-reports/annual-report-2025/annual-report-and-accounts.pdf,"=HYPERLINK(""https://www.beazley.com/globalassets/ir-documents/annual-reports/annual-report-2025/annual-report-and-accounts.pdf#page=139"",""p.139 of AR"")",60.0,"=HYPERLINK(""https://www.beazley.com/globalassets/ir-documents/annual-reports/annual-report-2025/annual-report-and-accounts.pdf#page=136"",""p.136 of AR"")","=HYPERLINK(""https://www.beazley.com/globalassets/ir-documents/annual-reports/annual-report-2025/annual-report-and-accounts.pdf#page=142"",""p.142 of AR"")","=HYPERLINK(""https://www.beazley.com/globalassets/ir-documents/annual-reports/annual-report-2025/annual-report-and-accounts.pdf#page=149"",""p.149 of AR"")","=HYPERLINK(""https://www.beazley.com/globalassets/ir-documents/annual-reports/annual-report-2025/annual-report-and-accounts.pdf#page=139"",""p.139 of AR"")",3
Beazley Plc,BEZ LN Equity,Financials,Insurance,Insurance,Property & Casualty Insurance,7564.5,12.0,2025,Barbara Plucnar Jensen,Group Chief Financial Officer,CFO,current,481800.0,GBP,,300.0,33.0,3.0,250.0,,,,,200.0,2.0,"Base salary increased 2.5% (£470,000 → £481,800), below the wider workforce increase rate; no other changes to bonus, LTIP, or shareholding policy structure for 2025. Incentive opportunities remain aligned with predecessor (Sally M Lake) at 300% bonus max and 250% LTIP.",,79,193,168,61,beazley_ar_2024,https://www.beazley.com/globalassets/ir-documents/annual-reports/annual-report-2025/annual-report-and-accounts.pdf,"=HYPERLINK(""https://www.beazley.com/globalassets/ir-documents/annual-reports/annual-report-2025/annual-report-and-accounts.pdf#page=135"",""p.135 of AR"")",24.0,"=HYPERLINK(""https://www.beazley.com/globalassets/ir-documents/annual-reports/annual-report-2025/annual-report-and-accounts.pdf#page=141"",""p.141 of AR"")","=HYPERLINK(""https://www.beazley.com/globalassets/ir-documents/annual-reports/annual-report-2025/annual-report-and-accounts.pdf#page=151"",""p.151 of AR"")","=HYPERLINK(""https://www.beazley.com/globalassets/ir-documents/annual-reports/annual-report-2025/annual-report-and-accounts.pdf#page=149"",""p.149 of AR"")","=HYPERLINK(""https://www.beazley.com/globalassets/ir-documents/annual-reports/annual-report-2025/annual-report-and-accounts.pdf#page=139"",""p.139 of AR"")",3
Beazley Plc,BEZ LN Equity,Financials,Insurance,Insurance,Property & Casualty Insurance,7564.5,12.0,2025,Sally M Lake,Group Finance Director (departed role; no longer part of 2025 policy implementation),CFO,former,452100.0,GBP,,300.0,33.0,3.0,,,,,,200.0,2.0,"Stepped down from Board and role as Group Finance Director on 21 May 2024; treated as a ""good leaver"" — pro-rated 2024 bonus, outstanding LTIP and deferred bonus awards subsist to normal vesting dates subject to time/performance pro-rating; subject to post-employment shareholding guidelines for 2 years.",,79,94,60,61,beazley_ar_2024,https://www.beazley.com/globalassets/ir-documents/annual-reports/annual-report-2025/annual-report-and-accounts.pdf,"=HYPERLINK(""https://www.beazley.com/globalassets/ir-documents/annual-reports/annual-report-2025/annual-report-and-accounts.pdf#page=151"",""p.151 of AR"")",192.0,"=HYPERLINK(""https://www.beazley.com/globalassets/ir-documents/annual-reports/annual-report-2025/annual-report-and-accounts.pdf#page=141"",""p.141 of AR"")","=HYPERLINK(""https://www.beazley.com/globalassets/ir-documents/annual-reports/annual-report-2025/annual-report-and-accounts.pdf#page=142"",""p.142 of AR"")","=HYPERLINK(""https://www.beazley.com/globalassets/ir-documents/annual-reports/annual-report-2025/annual-report-and-accounts.pdf#page=139"",""p.139 of AR"")","=HYPERLINK(""https://www.beazley.com/globalassets/ir-documents/annual-reports/annual-report-2025/annual-report-and-accounts.pdf#page=139"",""p.139 of AR"")",3
Beazley Plc,BEZ LN Equity,Financials,Insurance,Insurance,Property & Casualty Insurance,7564.5,12.0,2026,Adrian P Cox,Group Chief Executive Officer,CEO,current,820000.0,GBP,2026,300.0,33.0,3.0,500.0,,,,,500.0,2.0,"LTIP maximum increased from 300% to 500% of salary, with the additional 200% subject to relative TSR performance against international insurance peers and an underpin requiring threshold vesting on other metrics; shareholding guideline increased from 300% to 500% of salary to align with new LTIP opportunity; salary increased 2.5%.",2026,179,156,162,162,beazley_ar_2025,https://www.beazley.com/globalassets/ir-documents/annual-reports/annual-report-2025/annual-report-and-accounts.pdf,"=HYPERLINK(""https://www.beazley.com/globalassets/ir-documents/annual-reports/annual-report-2025/annual-report-and-accounts.pdf#page=163"",""p.163 of AR"")",156.0,"=HYPERLINK(""https://www.beazley.com/globalassets/ir-documents/annual-reports/annual-report-2025/annual-report-and-accounts.pdf#page=166"",""p.166 of AR"")","=HYPERLINK(""https://www.beazley.com/globalassets/ir-documents/annual-reports/annual-report-2025/annual-report-and-accounts.pdf#page=163"",""p.163 of AR"")","=HYPERLINK(""https://www.beazley.com/globalassets/ir-documents/annual-reports/annual-report-2025/annual-report-and-accounts.pdf#page=164"",""p.164 of AR"")","=HYPERLINK(""https://www.beazley.com/globalassets/ir-documents/annual-reports/annual-report-2025/annual-report-and-accounts.pdf#page=164"",""p.164 of AR"")",3
Beazley Plc,BEZ LN Equity,Financials,Insurance,Insurance,Property & Casualty Insurance,7564.5,12.0,2026,Barbara Plucnar Jensen,Group Chief Financial Officer,CFO,current,494000.0,GBP,2026,300.0,33.0,3.0,300.0,,,,,300.0,2.0,LTIP grant level increased from 250% to 300% of salary (within existing policy headroom); shareholding guideline increased from 200% to 300% of salary; salary increased 2.5%.,2026,179,156,162,162,beazley_ar_2025,https://www.beazley.com/globalassets/ir-documents/annual-reports/annual-report-2025/annual-report-and-accounts.pdf,"=HYPERLINK(""https://www.beazley.com/globalassets/ir-documents/annual-reports/annual-report-2025/annual-report-and-accounts.pdf#page=163"",""p.163 of AR"")",156.0,"=HYPERLINK(""https://www.beazley.com/globalassets/ir-documents/annual-reports/annual-report-2025/annual-report-and-accounts.pdf#page=166"",""p.166 of AR"")","=HYPERLINK(""https://www.beazley.com/globalassets/ir-documents/annual-reports/annual-report-2025/annual-report-and-accounts.pdf#page=163"",""p.163 of AR"")","=HYPERLINK(""https://www.beazley.com/globalassets/ir-documents/annual-reports/annual-report-2025/annual-report-and-accounts.pdf#page=164"",""p.164 of AR"")","=HYPERLINK(""https://www.beazley.com/globalassets/ir-documents/annual-reports/annual-report-2025/annual-report-and-accounts.pdf#page=164"",""p.164 of AR"")",3
Beazley Plc,BEZ LN Equity,Financials,Insurance,Insurance,Property & Casualty Insurance,7564.5,12.0,2026,Paul J Bantick,Group Chief Underwriting Officer,Other Executive,current,494000.0,GBP,,300.0,33.0,3.0,300.0,,,,,300.0,2.0,New appointment to the Board effective 1 January 2026; incentive opportunities (bonus and LTIP) and shareholding guideline aligned with the Group Chief Financial Officer's package.,1 January 2026,179,57,280,57,beazley_ar_2025,https://www.beazley.com/globalassets/ir-documents/annual-reports/annual-report-2025/annual-report-and-accounts.pdf,"=HYPERLINK(""https://www.beazley.com/globalassets/ir-documents/annual-reports/annual-report-2025/annual-report-and-accounts.pdf#page=151"",""p.151 of AR"")",56.0,"=HYPERLINK(""https://www.beazley.com/globalassets/ir-documents/annual-reports/annual-report-2025/annual-report-and-accounts.pdf#page=166"",""p.166 of AR"")","=HYPERLINK(""https://www.beazley.com/globalassets/ir-documents/annual-reports/annual-report-2025/annual-report-and-accounts.pdf#page=151"",""p.151 of AR"")","=HYPERLINK(""https://www.beazley.com/globalassets/ir-documents/annual-reports/annual-report-2025/annual-report-and-accounts.pdf#page=175"",""p.175 of AR"")","=HYPERLINK(""https://www.beazley.com/globalassets/ir-documents/annual-reports/annual-report-2025/annual-report-and-accounts.pdf#page=151"",""p.151 of AR"")",3
Bellway Plc,BWY LN Equity,,,,,2124.4,7.0,2025,Jason Honeyman,Group Chief Executive,CEO,current,799814.0,GBP,1 August 2024,150.0,25.0,3.0,100.0,,,,,300.0,2.0,"Annual bonus maximum increased from 120% to 150% of salary; threshold payout for financial metrics reduced from 40% to 25% of maximum; new compulsory bonus deferral of 25% into shares for 3 years introduced (previously only bonus above 100% of salary was deferred); LTIP vehicle changed from Performance Share Plan to Restricted Shares (100% of salary, down from higher PSP maximum), subject to a performance underpin and 2-year post-vesting holding period; in-service shareholding guideline increased from 200% to 300% of salary; notice period increased to 12 months.",,210,211,220,84,bellway_ar_2024,https://fr.zone-secure.net/16558/.Bellway_AR_2025/publication/contents/templates/Bellway_Annual_Report_2025.pdf,"=HYPERLINK(""https://fr.zone-secure.net/16558/.Bellway_AR_2025/publication/contents/templates/Bellway_Annual_Report_2025.pdf#page=134"",""p.134 of AR"")",44.0,"=HYPERLINK(""https://fr.zone-secure.net/16558/.Bellway_AR_2025/publication/contents/templates/Bellway_Annual_Report_2025.pdf#page=151"",""p.151 of AR"")","=HYPERLINK(""https://fr.zone-secure.net/16558/.Bellway_AR_2025/publication/contents/templates/Bellway_Annual_Report_2025.pdf#page=151"",""p.151 of AR"")","=HYPERLINK(""https://fr.zone-secure.net/16558/.Bellway_AR_2025/publication/contents/templates/Bellway_Annual_Report_2025.pdf#page=152"",""p.152 of AR"")","=HYPERLINK(""https://fr.zone-secure.net/16558/.Bellway_AR_2025/publication/contents/templates/Bellway_Annual_Report_2025.pdf#page=137"",""p.137 of AR"")",3
Bellway Plc,BWY LN Equity,,,,,2124.4,7.0,2025,Keith Adey,Group Finance Director,CFO,current,488070.0,GBP,1 August 2024,150.0,25.0,3.0,100.0,,,,,300.0,2.0,"Same policy changes as apply generally (bonus max increased to 150%, deferral introduced, shareholding guideline increased to 300% (200% for those under notice)); no changes made to his service contract due to planned retirement; will not receive an LTIP grant in 2024/25.",,210,211,148,97,bellway_ar_2024,https://fr.zone-secure.net/16558/.Bellway_AR_2025/publication/contents/templates/Bellway_Annual_Report_2025.pdf,"=HYPERLINK(""https://fr.zone-secure.net/16558/.Bellway_AR_2025/publication/contents/templates/Bellway_Annual_Report_2025.pdf#page=133"",""p.133 of AR"")",31.0,"=HYPERLINK(""https://fr.zone-secure.net/16558/.Bellway_AR_2025/publication/contents/templates/Bellway_Annual_Report_2025.pdf#page=151"",""p.151 of AR"")","=HYPERLINK(""https://fr.zone-secure.net/16558/.Bellway_AR_2025/publication/contents/templates/Bellway_Annual_Report_2025.pdf#page=151"",""p.151 of AR"")","=HYPERLINK(""https://fr.zone-secure.net/16558/.Bellway_AR_2025/publication/contents/templates/Bellway_Annual_Report_2025.pdf#page=145"",""p.145 of AR"")","=HYPERLINK(""https://fr.zone-secure.net/16558/.Bellway_AR_2025/publication/contents/templates/Bellway_Annual_Report_2025.pdf#page=138"",""p.138 of AR"")",3
Bellway Plc,BWY LN Equity,,,,,2124.4,7.0,2025,Simon Scougall,Chief Commercial Officer,Other Executive,current,444000.0,GBP,,150.0,25.0,3.0,100.0,,,,,300.0,2.0,"Newly appointed Executive Director; package set in line with amended Remuneration Policy (150% bonus max, 100% LTIP in Restricted Shares, 10% pension, 300% shareholding guideline); agreed to 12-month notice period in line with new policy for Executive Directors.",,40,40,40,84,bellway_ar_2024,https://fr.zone-secure.net/16558/.Bellway_AR_2025/publication/contents/templates/Bellway_Annual_Report_2025.pdf,"=HYPERLINK(""https://fr.zone-secure.net/16558/.Bellway_AR_2025/publication/contents/templates/Bellway_Annual_Report_2025.pdf#page=134"",""p.134 of AR"")",40.0,"=HYPERLINK(""https://fr.zone-secure.net/16558/.Bellway_AR_2025/publication/contents/templates/Bellway_Annual_Report_2025.pdf#page=134"",""p.134 of AR"")","=HYPERLINK(""https://fr.zone-secure.net/16558/.Bellway_AR_2025/publication/contents/templates/Bellway_Annual_Report_2025.pdf#page=134"",""p.134 of AR"")","=HYPERLINK(""https://fr.zone-secure.net/16558/.Bellway_AR_2025/publication/contents/templates/Bellway_Annual_Report_2025.pdf#page=134"",""p.134 of AR"")","=HYPERLINK(""https://fr.zone-secure.net/16558/.Bellway_AR_2025/publication/contents/templates/Bellway_Annual_Report_2025.pdf#page=137"",""p.137 of AR"")",3
Bellway Plc,BWY LN Equity,,,,,2124.4,7.0,2026,Jason Honeyman,Chief Executive Officer,CEO,current,,,,150.0,25.0,3.0,200.0,,,,,300.0,2.0,"Reversion to Performance Shares under the LTIP (from the prior year's alternative structure) at 200% of salary annual grant level; simplification of shareholding guideline by removing the separate requirement to hold 1,000 shares, given the 300% of salary requirement already in place. Base salary increased by 3% for 2025/26 in line with average workforce increase.",2025/26,50,139,143,222,bellway_ar_2025,https://fr.zone-secure.net/16558/.Bellway_AR_2025/publication/contents/templates/Bellway_Annual_Report_2025.pdf,"=HYPERLINK(""https://fr.zone-secure.net/16558/.Bellway_AR_2025/publication/contents/templates/Bellway_Annual_Report_2025.pdf#page=128"",""p.128 of AR"")",50.0,"=HYPERLINK(""https://fr.zone-secure.net/16558/.Bellway_AR_2025/publication/contents/templates/Bellway_Annual_Report_2025.pdf#page=128"",""p.128 of AR"")","=HYPERLINK(""https://fr.zone-secure.net/16558/.Bellway_AR_2025/publication/contents/templates/Bellway_Annual_Report_2025.pdf#page=137"",""p.137 of AR"")","=HYPERLINK(""https://fr.zone-secure.net/16558/.Bellway_AR_2025/publication/contents/templates/Bellway_Annual_Report_2025.pdf#page=137"",""p.137 of AR"")","=HYPERLINK(""https://fr.zone-secure.net/16558/.Bellway_AR_2025/publication/contents/templates/Bellway_Annual_Report_2025.pdf#page=145"",""p.145 of AR"")",3
Bellway Plc,BWY LN Equity,,,,,2124.4,7.0,2026,Shane Doherty,Chief Financial Officer,CFO,current,,,,150.0,25.0,3.0,200.0,,,,,300.0,2.0,"Reversion to Performance Shares under the LTIP at 200% of salary annual grant level; simplification of shareholding requirement (removal of the 1,000-share minimum); as agreed, Shane Doherty will use part of his FY25 bonus to acquire the required shareholding amount. Base salary increased by 3% for 2025/26 in line with average workforce increase; pension is 5% of salary reflecting shorter service (vs. 10% for other Directors).",2025/26,50,139,143,222,bellway_ar_2025,https://fr.zone-secure.net/16558/.Bellway_AR_2025/publication/contents/templates/Bellway_Annual_Report_2025.pdf,"=HYPERLINK(""https://fr.zone-secure.net/16558/.Bellway_AR_2025/publication/contents/templates/Bellway_Annual_Report_2025.pdf#page=128"",""p.128 of AR"")",50.0,"=HYPERLINK(""https://fr.zone-secure.net/16558/.Bellway_AR_2025/publication/contents/templates/Bellway_Annual_Report_2025.pdf#page=128"",""p.128 of AR"")","=HYPERLINK(""https://fr.zone-secure.net/16558/.Bellway_AR_2025/publication/contents/templates/Bellway_Annual_Report_2025.pdf#page=137"",""p.137 of AR"")","=HYPERLINK(""https://fr.zone-secure.net/16558/.Bellway_AR_2025/publication/contents/templates/Bellway_Annual_Report_2025.pdf#page=137"",""p.137 of AR"")","=HYPERLINK(""https://fr.zone-secure.net/16558/.Bellway_AR_2025/publication/contents/templates/Bellway_Annual_Report_2025.pdf#page=145"",""p.145 of AR"")",3
Bellway Plc,BWY LN Equity,,,,,2124.4,7.0,2026,Simon Scougall,Chief Commercial Officer,Other Executive,current,,,,150.0,25.0,3.0,200.0,,,,,300.0,2.0,"Reversion to Performance Shares under the LTIP at 200% of salary annual grant level; simplification of shareholding guideline removing the 1,000-share minimum requirement. Base salary increased by 3% for 2025/26 in line with average workforce increase.",2025/26,50,139,143,222,bellway_ar_2025,https://fr.zone-secure.net/16558/.Bellway_AR_2025/publication/contents/templates/Bellway_Annual_Report_2025.pdf,"=HYPERLINK(""https://fr.zone-secure.net/16558/.Bellway_AR_2025/publication/contents/templates/Bellway_Annual_Report_2025.pdf#page=128"",""p.128 of AR"")",50.0,"=HYPERLINK(""https://fr.zone-secure.net/16558/.Bellway_AR_2025/publication/contents/templates/Bellway_Annual_Report_2025.pdf#page=128"",""p.128 of AR"")","=HYPERLINK(""https://fr.zone-secure.net/16558/.Bellway_AR_2025/publication/contents/templates/Bellway_Annual_Report_2025.pdf#page=137"",""p.137 of AR"")","=HYPERLINK(""https://fr.zone-secure.net/16558/.Bellway_AR_2025/publication/contents/templates/Bellway_Annual_Report_2025.pdf#page=137"",""p.137 of AR"")","=HYPERLINK(""https://fr.zone-secure.net/16558/.Bellway_AR_2025/publication/contents/templates/Bellway_Annual_Report_2025.pdf#page=145"",""p.145 of AR"")",3
Big Yellow Group Plc,BYG LN Equity,,,,,1634.5,3.0,2026,Jim Gibson,Chief Executive,CEO,current,519925.0,GBP,1 April 2025,150.0,33.0,3.0,200.0,,,,,200.0,2.0,"Salary increased 2% from 1 April 2025, in line with wider workforce; deferral mechanism amended so that, where the 200% shareholding guideline is met, two-thirds of the deferred bonus element vests immediately rather than being deferred for 3 years (previously 100% deferred for 3 years).",1 April 2025,38,42,45,46,big_yellow_group_ar_2025,https://corporate.bigyellow.co.uk/media/1599/download/BigYellow_Annual%20Report%20%26%20Accounts%202026%20%28full%29.pdf?v=1,"=HYPERLINK(""https://corporate.bigyellow.co.uk/media/1599/download/BigYellow_Annual%20Report%20%26%20Accounts%202026%20%28full%29.pdf?v=1#page=100"",""p.100 of AR"")",38.0,"=HYPERLINK(""https://corporate.bigyellow.co.uk/media/1599/download/BigYellow_Annual%20Report%20%26%20Accounts%202026%20%28full%29.pdf?v=1#page=100"",""p.100 of AR"")","=HYPERLINK(""https://corporate.bigyellow.co.uk/media/1599/download/BigYellow_Annual%20Report%20%26%20Accounts%202026%20%28full%29.pdf?v=1#page=101"",""p.101 of AR"")","=HYPERLINK(""https://corporate.bigyellow.co.uk/media/1599/download/BigYellow_Annual%20Report%20%26%20Accounts%202026%20%28full%29.pdf?v=1#page=101"",""p.101 of AR"")","=HYPERLINK(""https://corporate.bigyellow.co.uk/media/1599/download/BigYellow_Annual%20Report%20%26%20Accounts%202026%20%28full%29.pdf?v=1#page=101"",""p.101 of AR"")",3
Big Yellow Group Plc,BYG LN Equity,,,,,1634.5,3.0,2026,Nicholas Vetch,Executive Chairman,Chair,current,443125.0,GBP,1 April 2025,150.0,33.0,3.0,200.0,,,,,200.0,2.0,"Salary increased 2% from 1 April 2025; deferral mechanism amended so that, where the 200% shareholding guideline is met, two-thirds of the deferred bonus element vests immediately rather than being deferred for 3 years.",1 April 2025,38,42,45,46,big_yellow_group_ar_2025,https://corporate.bigyellow.co.uk/media/1599/download/BigYellow_Annual%20Report%20%26%20Accounts%202026%20%28full%29.pdf?v=1,"=HYPERLINK(""https://corporate.bigyellow.co.uk/media/1599/download/BigYellow_Annual%20Report%20%26%20Accounts%202026%20%28full%29.pdf?v=1#page=100"",""p.100 of AR"")",38.0,"=HYPERLINK(""https://corporate.bigyellow.co.uk/media/1599/download/BigYellow_Annual%20Report%20%26%20Accounts%202026%20%28full%29.pdf?v=1#page=100"",""p.100 of AR"")","=HYPERLINK(""https://corporate.bigyellow.co.uk/media/1599/download/BigYellow_Annual%20Report%20%26%20Accounts%202026%20%28full%29.pdf?v=1#page=101"",""p.101 of AR"")","=HYPERLINK(""https://corporate.bigyellow.co.uk/media/1599/download/BigYellow_Annual%20Report%20%26%20Accounts%202026%20%28full%29.pdf?v=1#page=101"",""p.101 of AR"")","=HYPERLINK(""https://corporate.bigyellow.co.uk/media/1599/download/BigYellow_Annual%20Report%20%26%20Accounts%202026%20%28full%29.pdf?v=1#page=101"",""p.101 of AR"")",3
Big Yellow Group Plc,BYG LN Equity,,,,,1634.5,3.0,2026,John Trotman,Chief Financial Officer,CFO,current,384050.0,GBP,1 April 2025,150.0,33.0,3.0,200.0,,,,,200.0,2.0,"Salary increased 2% from 1 April 2025; deferral mechanism amended so that, where the 200% shareholding guideline is met, two-thirds of the deferred bonus element vests immediately rather than being deferred for 3 years.",1 April 2025,38,42,45,46,big_yellow_group_ar_2025,https://corporate.bigyellow.co.uk/media/1599/download/BigYellow_Annual%20Report%20%26%20Accounts%202026%20%28full%29.pdf?v=1,"=HYPERLINK(""https://corporate.bigyellow.co.uk/media/1599/download/BigYellow_Annual%20Report%20%26%20Accounts%202026%20%28full%29.pdf?v=1#page=100"",""p.100 of AR"")",38.0,"=HYPERLINK(""https://corporate.bigyellow.co.uk/media/1599/download/BigYellow_Annual%20Report%20%26%20Accounts%202026%20%28full%29.pdf?v=1#page=100"",""p.100 of AR"")","=HYPERLINK(""https://corporate.bigyellow.co.uk/media/1599/download/BigYellow_Annual%20Report%20%26%20Accounts%202026%20%28full%29.pdf?v=1#page=101"",""p.101 of AR"")","=HYPERLINK(""https://corporate.bigyellow.co.uk/media/1599/download/BigYellow_Annual%20Report%20%26%20Accounts%202026%20%28full%29.pdf?v=1#page=101"",""p.101 of AR"")","=HYPERLINK(""https://corporate.bigyellow.co.uk/media/1599/download/BigYellow_Annual%20Report%20%26%20Accounts%202026%20%28full%29.pdf?v=1#page=101"",""p.101 of AR"")",3
B&M European Value Retail S.A.,BME LN Equity,Consumer Discretionary,Consumer Discretionary Distribution & Retail,Broadline Retail,Broadline Retail,1581.9,3.0,2026,Alex Russo,Chief Executive Officer,CEO,current,910000.0,GBP,30 March 2025,,50.0,3.0,,,,,,200.0,2.0,"Retiring 30 April 2025; not eligible for annual bonus or LTIP in 2025/26; outstanding deferred bonus and LTIP awards continue on normal vesting schedule, pro-rated and tested for performance; two-year holding period continues to apply.",,28,22,22,109,bm_european_value_retail_ar_2025,https://www.bandmretail.com/~/media/Files/B/Bmstores-Corp/documents/investors/company-meetings/agm/2026/bm-annual-report-and-accounts-2026.pdf,"=HYPERLINK(""https://www.bandmretail.com/~/media/Files/B/Bmstores-Corp/documents/investors/company-meetings/agm/2026/bm-annual-report-and-accounts-2026.pdf#page=80"",""p.80 of AR"")",28.0,"=HYPERLINK(""https://www.bandmretail.com/~/media/Files/B/Bmstores-Corp/documents/investors/company-meetings/agm/2026/bm-annual-report-and-accounts-2026.pdf#page=80"",""p.80 of AR"")","=HYPERLINK(""https://www.bandmretail.com/~/media/Files/B/Bmstores-Corp/documents/investors/company-meetings/agm/2026/bm-annual-report-and-accounts-2026.pdf#page=80"",""p.80 of AR"")","=HYPERLINK(""https://www.bandmretail.com/~/media/Files/B/Bmstores-Corp/documents/investors/company-meetings/agm/2026/bm-annual-report-and-accounts-2026.pdf#page=80"",""p.80 of AR"")","=HYPERLINK(""https://www.bandmretail.com/~/media/Files/B/Bmstores-Corp/documents/investors/company-meetings/agm/2026/bm-annual-report-and-accounts-2026.pdf#page=86"",""p.86 of AR"")",3
B&M European Value Retail S.A.,BME LN Equity,Consumer Discretionary,Consumer Discretionary Distribution & Retail,Broadline Retail,Broadline Retail,1581.9,3.0,2026,Mike Schmidt,Chief Financial Officer (acting as interim CEO alongside CFO role),CFO,interim,515000.0,GBP,30 March 2025,175.0,50.0,3.0,175.0,,,,,175.0,2.0,"Salary increased 3.94% from £482,040 to £515,000; maximum annual bonus opportunity increased from 150% to 175% of salary; LTIP grant level increased to 175% of salary (previously 150%); receives a fixed, non-pensionable role-based allowance of £10,000/month while acting as interim CEO (not eligible for bonus/LTIP on this allowance); also receives reimbursement of driver and Liverpool accommodation costs.",,150,27,28,109,bm_european_value_retail_ar_2025,https://www.bandmretail.com/~/media/Files/B/Bmstores-Corp/documents/investors/company-meetings/agm/2026/bm-annual-report-and-accounts-2026.pdf,"=HYPERLINK(""https://www.bandmretail.com/~/media/Files/B/Bmstores-Corp/documents/investors/company-meetings/agm/2026/bm-annual-report-and-accounts-2026.pdf#page=80"",""p.80 of AR"")",25.0,"=HYPERLINK(""https://www.bandmretail.com/~/media/Files/B/Bmstores-Corp/documents/investors/company-meetings/agm/2026/bm-annual-report-and-accounts-2026.pdf#page=89"",""p.89 of AR"")","=HYPERLINK(""https://www.bandmretail.com/~/media/Files/B/Bmstores-Corp/documents/investors/company-meetings/agm/2026/bm-annual-report-and-accounts-2026.pdf#page=80"",""p.80 of AR"")","=HYPERLINK(""https://www.bandmretail.com/~/media/Files/B/Bmstores-Corp/documents/investors/company-meetings/agm/2026/bm-annual-report-and-accounts-2026.pdf#page=80"",""p.80 of AR"")","=HYPERLINK(""https://www.bandmretail.com/~/media/Files/B/Bmstores-Corp/documents/investors/company-meetings/agm/2026/bm-annual-report-and-accounts-2026.pdf#page=86"",""p.86 of AR"")",3
B&M European Value Retail S.A.,BME LN Equity,Consumer Discretionary,Consumer Discretionary Distribution & Retail,Broadline Retail,Broadline Retail,1581.9,3.0,2026,Tjeerd Jegen,Group Chief Executive Officer,CEO,current,928200.0,GBP,16 June 2025,250.0,50.0,3.0,250.0,,,,,200.0,2.0,"New appointment as Group CEO effective 16 June 2025; bonus metric weighting for 2025/26 set at 50% Group adjusted EBITDA / 50% strategic-personal objectives (expected to move to 75%/25% in future years) to reflect first-year focus areas; entitled to a one-time relocation allowance of £300,000 (repayable pro-rata if termination/resignation/dismissal for cause within two years) and £50,000 per annum travel/disturbance allowance for first three years of employment.",16 June 2025,28,28,28,109,bm_european_value_retail_ar_2025,https://www.bandmretail.com/~/media/Files/B/Bmstores-Corp/documents/investors/company-meetings/agm/2026/bm-annual-report-and-accounts-2026.pdf,"=HYPERLINK(""https://www.bandmretail.com/~/media/Files/B/Bmstores-Corp/documents/investors/company-meetings/agm/2026/bm-annual-report-and-accounts-2026.pdf#page=80"",""p.80 of AR"")",24.0,"=HYPERLINK(""https://www.bandmretail.com/~/media/Files/B/Bmstores-Corp/documents/investors/company-meetings/agm/2026/bm-annual-report-and-accounts-2026.pdf#page=80"",""p.80 of AR"")","=HYPERLINK(""https://www.bandmretail.com/~/media/Files/B/Bmstores-Corp/documents/investors/company-meetings/agm/2026/bm-annual-report-and-accounts-2026.pdf#page=80"",""p.80 of AR"")","=HYPERLINK(""https://www.bandmretail.com/~/media/Files/B/Bmstores-Corp/documents/investors/company-meetings/agm/2026/bm-annual-report-and-accounts-2026.pdf#page=80"",""p.80 of AR"")","=HYPERLINK(""https://www.bandmretail.com/~/media/Files/B/Bmstores-Corp/documents/investors/company-meetings/agm/2026/bm-annual-report-and-accounts-2026.pdf#page=86"",""p.86 of AR"")",3
BP Plc,BP/ LN Equity,Energy,Energy,Oil Gas & Consumable Fuels,Integrated Oil & Gas,85314.8,12.0,2025,Murray Auchincloss,Chief Executive Officer,CEO,current,1508000.0,GBP,following the 2025 AGM,225.0,33.0,3.0,500.0,,,,,500.0,2.0,"Salary increased 4% (in line with wider workforce) to £1,508,000 from 2025 AGM. Annual bonus scorecard for 2025 introduces a structural cost reduction measure (replacing an earnings measure) and replaces the transition growth engines measure with increased weighting on modified free cash flow and bp-operated reliability/availability. Performance shares scorecard for 2025-27 introduces an adjusted free cash flow CAGR measure replacing adjusted EBIDA CAGR per share; all other scorecard categories/weightings unchanged.",,209,209,213,213,bp_ar_2024,https://www.bp.com/content/dam/bp/business-sites/en/global/corporate/pdfs/investors/bp-annual-report-and-form-20f-2025.pdf,"=HYPERLINK(""https://www.bp.com/content/dam/bp/business-sites/en/global/corporate/pdfs/investors/bp-annual-report-and-form-20f-2025.pdf#page=97"",""p.97 of AR"")",122.0,"=HYPERLINK(""https://www.bp.com/content/dam/bp/business-sites/en/global/corporate/pdfs/investors/bp-annual-report-and-form-20f-2025.pdf#page=104"",""p.104 of AR"")","=HYPERLINK(""https://www.bp.com/content/dam/bp/business-sites/en/global/corporate/pdfs/investors/bp-annual-report-and-form-20f-2025.pdf#page=104"",""p.104 of AR"")","=HYPERLINK(""https://www.bp.com/content/dam/bp/business-sites/en/global/corporate/pdfs/investors/bp-annual-report-and-form-20f-2025.pdf#page=105"",""p.105 of AR"")","=HYPERLINK(""https://www.bp.com/content/dam/bp/business-sites/en/global/corporate/pdfs/investors/bp-annual-report-and-form-20f-2025.pdf#page=105"",""p.105 of AR"")",3
BP Plc,BP/ LN Equity,Energy,Energy,Oil Gas & Consumable Fuels,Integrated Oil & Gas,85314.8,12.0,2025,Kate Thomson,Chief Financial Officer,CFO,current,864000.0,GBP,following the 2025 AGM,225.0,50.0,3.0,450.0,,,,,450.0,2.0,"Salary increased 8% to £864,000 from 2025 AGM, reflecting strong performance and progression in role since appointment (a larger increase than the wider workforce, per specific committee discretion). Same 2025 annual bonus and performance share scorecard changes as apply to the CEO (structural cost reduction measure introduced; adjusted free cash flow CAGR measure introduced for 2025-27 cycle).",,209,209,213,213,bp_ar_2024,https://www.bp.com/content/dam/bp/business-sites/en/global/corporate/pdfs/investors/bp-annual-report-and-form-20f-2025.pdf,"=HYPERLINK(""https://www.bp.com/content/dam/bp/business-sites/en/global/corporate/pdfs/investors/bp-annual-report-and-form-20f-2025.pdf#page=97"",""p.97 of AR"")",122.0,"=HYPERLINK(""https://www.bp.com/content/dam/bp/business-sites/en/global/corporate/pdfs/investors/bp-annual-report-and-form-20f-2025.pdf#page=104"",""p.104 of AR"")","=HYPERLINK(""https://www.bp.com/content/dam/bp/business-sites/en/global/corporate/pdfs/investors/bp-annual-report-and-form-20f-2025.pdf#page=104"",""p.104 of AR"")","=HYPERLINK(""https://www.bp.com/content/dam/bp/business-sites/en/global/corporate/pdfs/investors/bp-annual-report-and-form-20f-2025.pdf#page=105"",""p.105 of AR"")","=HYPERLINK(""https://www.bp.com/content/dam/bp/business-sites/en/global/corporate/pdfs/investors/bp-annual-report-and-form-20f-2025.pdf#page=105"",""p.105 of AR"")",3
BP Plc,BP/ LN Equity,Energy,Energy,Oil Gas & Consumable Fuels,Integrated Oil & Gas,85314.8,12.0,2026,Meg O'Neill,"Chief Executive Officer (incoming, from 1 April 2026)",CEO,current,1600000.0,GBP,1 April 2026,225.0,50.0,3.0,500.0,,,,,500.0,2.0,"New CEO appointment; salary set at £1.6m, 2.5% above predecessor's projected 2026 level; will not receive a salary increase until April 2027; incentive opportunities and awards for 2026 will be pro-rated to reflect partial year of service; overall 2023 policy largely rolled forward with only minor wording clarifications",1 April 2026,228,360,235,355,bp_ar_2025,https://www.bp.com/content/dam/bp/business-sites/en/global/corporate/pdfs/investors/bp-annual-report-and-form-20f-2025.pdf,"=HYPERLINK(""https://www.bp.com/content/dam/bp/business-sites/en/global/corporate/pdfs/investors/bp-annual-report-and-form-20f-2025.pdf#page=95"",""p.95 of AR"")",51.0,"=HYPERLINK(""https://www.bp.com/content/dam/bp/business-sites/en/global/corporate/pdfs/investors/bp-annual-report-and-form-20f-2025.pdf#page=108"",""p.108 of AR"")","=HYPERLINK(""https://www.bp.com/content/dam/bp/business-sites/en/global/corporate/pdfs/investors/bp-annual-report-and-form-20f-2025.pdf#page=121"",""p.121 of AR"")","=HYPERLINK(""https://www.bp.com/content/dam/bp/business-sites/en/global/corporate/pdfs/investors/bp-annual-report-and-form-20f-2025.pdf#page=109"",""p.109 of AR"")","=HYPERLINK(""https://www.bp.com/content/dam/bp/business-sites/en/global/corporate/pdfs/investors/bp-annual-report-and-form-20f-2025.pdf#page=120"",""p.120 of AR"")",3
BP Plc,BP/ LN Equity,Energy,Energy,Oil Gas & Consumable Fuels,Integrated Oil & Gas,85314.8,12.0,2026,Carol Howle,"Chief Executive Officer (interim, appointed 18 December 2025)",CEO,current,1508000.0,GBP,18 December 2025,225.0,50.0,3.0,500.0,,,,,500.0,2.0,Appointed interim CEO 18 December 2025 with base pay set in line with predecessor's salary of £1.508 million; her 2025 bonus award was calculated based on her pre-appointment salary/opportunity level with no deferral applied to the group-performance portion; 2026 policy is the 2023 policy rolled forward with only minor wording clarifications,,228,360,235,355,bp_ar_2025,https://www.bp.com/content/dam/bp/business-sites/en/global/corporate/pdfs/investors/bp-annual-report-and-form-20f-2025.pdf,"=HYPERLINK(""https://www.bp.com/content/dam/bp/business-sites/en/global/corporate/pdfs/investors/bp-annual-report-and-form-20f-2025.pdf#page=100"",""p.100 of AR"")",127.0,"=HYPERLINK(""https://www.bp.com/content/dam/bp/business-sites/en/global/corporate/pdfs/investors/bp-annual-report-and-form-20f-2025.pdf#page=108"",""p.108 of AR"")","=HYPERLINK(""https://www.bp.com/content/dam/bp/business-sites/en/global/corporate/pdfs/investors/bp-annual-report-and-form-20f-2025.pdf#page=121"",""p.121 of AR"")","=HYPERLINK(""https://www.bp.com/content/dam/bp/business-sites/en/global/corporate/pdfs/investors/bp-annual-report-and-form-20f-2025.pdf#page=109"",""p.109 of AR"")","=HYPERLINK(""https://www.bp.com/content/dam/bp/business-sites/en/global/corporate/pdfs/investors/bp-annual-report-and-form-20f-2025.pdf#page=120"",""p.120 of AR"")",3
BP Plc,BP/ LN Equity,Energy,Energy,Oil Gas & Consumable Fuels,Integrated Oil & Gas,85314.8,12.0,2026,Kate Thomson,Chief Financial Officer,CFO,current,894000.0,GBP,2026 AGM,225.0,50.0,3.0,450.0,,,,,450.0,2.0,"Salary increased 3.5% for 2026 in line with wider workforce average, from £864k to £894k; no changes to benefits; 2023 policy broadly rolled forward with only minor wording clarifications",,228,85,235,355,bp_ar_2025,https://www.bp.com/content/dam/bp/business-sites/en/global/corporate/pdfs/investors/bp-annual-report-and-form-20f-2025.pdf,"=HYPERLINK(""https://www.bp.com/content/dam/bp/business-sites/en/global/corporate/pdfs/investors/bp-annual-report-and-form-20f-2025.pdf#page=108"",""p.108 of AR"")",228.0,"=HYPERLINK(""https://www.bp.com/content/dam/bp/business-sites/en/global/corporate/pdfs/investors/bp-annual-report-and-form-20f-2025.pdf#page=108"",""p.108 of AR"")","=HYPERLINK(""https://www.bp.com/content/dam/bp/business-sites/en/global/corporate/pdfs/investors/bp-annual-report-and-form-20f-2025.pdf#page=97"",""p.97 of AR"")","=HYPERLINK(""https://www.bp.com/content/dam/bp/business-sites/en/global/corporate/pdfs/investors/bp-annual-report-and-form-20f-2025.pdf#page=109"",""p.109 of AR"")","=HYPERLINK(""https://www.bp.com/content/dam/bp/business-sites/en/global/corporate/pdfs/investors/bp-annual-report-and-form-20f-2025.pdf#page=120"",""p.120 of AR"")",3
Breedon Group Plc,BREE LN Equity,Materials,Materials,Construction Materials,Construction Materials,999.1,12.0,2025,Rob Wood,Chief Executive Officer,CEO,current,700000.0,GBP,1 April 2025,150.0,33.3,2.0,200.0,,,,,200.0,2.0,"Salary increased by 4.7% to £700,000 (departure from the norm of aligning with workforce increases, reflecting strong performance and expanded leadership responsibilities). Annual bonus financial metric changed from Underlying EBIT to Underlying EBITDA, with a capital employed moderator and a new ""Quality of Earnings"" assessment. PSP performance measures unchanged (EPS 42.5%, TSR 42.5%, Carbon reduction 15%).",,54,78,79,80,breedon_group_ar_2024,https://www.breedongroup.com/content/dam/breedon/corporate/documents/investors/agm/annual-report-2025.pdf,"=HYPERLINK(""https://www.breedongroup.com/content/dam/breedon/corporate/documents/investors/agm/annual-report-2025.pdf#page=135"",""p.135 of AR"")",77.0,"=HYPERLINK(""https://www.breedongroup.com/content/dam/breedon/corporate/documents/investors/agm/annual-report-2025.pdf#page=134"",""p.134 of AR"")","=HYPERLINK(""https://www.breedongroup.com/content/dam/breedon/corporate/documents/investors/agm/annual-report-2025.pdf#page=135"",""p.135 of AR"")","=HYPERLINK(""https://www.breedongroup.com/content/dam/breedon/corporate/documents/investors/agm/annual-report-2025.pdf#page=135"",""p.135 of AR"")","=HYPERLINK(""https://www.breedongroup.com/content/dam/breedon/corporate/documents/investors/agm/annual-report-2025.pdf#page=135"",""p.135 of AR"")",3
Breedon Group Plc,BREE LN Equity,Materials,Materials,Construction Materials,Construction Materials,999.1,12.0,2025,James Brotherton,Chief Financial Officer,CFO,current,485000.0,GBP,1 April 2025,150.0,33.3,2.0,175.0,,,,,200.0,2.0,"Salary increased by 7.3% to £485,000. Annual bonus financial metric changed from Underlying EBIT to Underlying EBITDA, with a capital employed moderator and a new ""Quality of Earnings"" assessment. PSP performance measures unchanged (EPS 42.5%, TSR 42.5%, Carbon reduction 15%).",,217,78,79,80,breedon_group_ar_2024,https://www.breedongroup.com/content/dam/breedon/corporate/documents/investors/agm/annual-report-2025.pdf,"=HYPERLINK(""https://www.breedongroup.com/content/dam/breedon/corporate/documents/investors/agm/annual-report-2025.pdf#page=135"",""p.135 of AR"")",77.0,"=HYPERLINK(""https://www.breedongroup.com/content/dam/breedon/corporate/documents/investors/agm/annual-report-2025.pdf#page=148"",""p.148 of AR"")","=HYPERLINK(""https://www.breedongroup.com/content/dam/breedon/corporate/documents/investors/agm/annual-report-2025.pdf#page=135"",""p.135 of AR"")","=HYPERLINK(""https://www.breedongroup.com/content/dam/breedon/corporate/documents/investors/agm/annual-report-2025.pdf#page=135"",""p.135 of AR"")","=HYPERLINK(""https://www.breedongroup.com/content/dam/breedon/corporate/documents/investors/agm/annual-report-2025.pdf#page=135"",""p.135 of AR"")",3
Breedon Group Plc,BREE LN Equity,Materials,Materials,Construction Materials,Construction Materials,999.1,12.0,2026,Rob Wood,Chief Executive Officer,CEO,current,721000.0,GBP,1 April 2026,150.0,33.33,2.0,200.0,,,,,200.0,2.0,"Base salary increased by 3% (from £700,000 to £721,000) in line with wider workforce increases; no change to bonus opportunity, LTIP maximum, or shareholding guideline; PSP performance measures unchanged (EPS 42.5%, TSR 42.5%, carbon reduction 15%), consistent with 2025.",1 April 2026,202,205,207,86,breedon_group_ar_2025,https://www.breedongroup.com/content/dam/breedon/corporate/documents/investors/agm/annual-report-2025.pdf,"=HYPERLINK(""https://www.breedongroup.com/content/dam/breedon/corporate/documents/investors/agm/annual-report-2025.pdf#page=138"",""p.138 of AR"")",69.0,"=HYPERLINK(""https://www.breedongroup.com/content/dam/breedon/corporate/documents/investors/agm/annual-report-2025.pdf#page=150"",""p.150 of AR"")","=HYPERLINK(""https://www.breedongroup.com/content/dam/breedon/corporate/documents/investors/agm/annual-report-2025.pdf#page=150"",""p.150 of AR"")","=HYPERLINK(""https://www.breedongroup.com/content/dam/breedon/corporate/documents/investors/agm/annual-report-2025.pdf#page=150"",""p.150 of AR"")","=HYPERLINK(""https://www.breedongroup.com/content/dam/breedon/corporate/documents/investors/agm/annual-report-2025.pdf#page=140"",""p.140 of AR"")",3
Breedon Group Plc,BREE LN Equity,Materials,Materials,Construction Materials,Construction Materials,999.1,12.0,2026,James Brotherton,Chief Financial Officer,CFO,current,500000.0,GBP,1 April 2026,150.0,33.33,2.0,175.0,,,,,200.0,2.0,"Base salary increased by 3% (from £485,000 to £500,000) in line with wider workforce increases; no change to bonus opportunity, LTIP maximum, or shareholding guideline; PSP performance measures unchanged (EPS 42.5%, TSR 42.5%, carbon reduction 15%), consistent with 2025.",1 April 2026,202,205,207,86,breedon_group_ar_2025,https://www.breedongroup.com/content/dam/breedon/corporate/documents/investors/agm/annual-report-2025.pdf,"=HYPERLINK(""https://www.breedongroup.com/content/dam/breedon/corporate/documents/investors/agm/annual-report-2025.pdf#page=138"",""p.138 of AR"")",69.0,"=HYPERLINK(""https://www.breedongroup.com/content/dam/breedon/corporate/documents/investors/agm/annual-report-2025.pdf#page=150"",""p.150 of AR"")","=HYPERLINK(""https://www.breedongroup.com/content/dam/breedon/corporate/documents/investors/agm/annual-report-2025.pdf#page=150"",""p.150 of AR"")","=HYPERLINK(""https://www.breedongroup.com/content/dam/breedon/corporate/documents/investors/agm/annual-report-2025.pdf#page=150"",""p.150 of AR"")","=HYPERLINK(""https://www.breedongroup.com/content/dam/breedon/corporate/documents/investors/agm/annual-report-2025.pdf#page=140"",""p.140 of AR"")",3
British American Tobacco Plc,BATS LN Equity,Consumer Staples,Food Beverage & Tobacco,Tobacco,Tobacco,105212.1,12.0,2025,Tadeu Marroco,Chief Executive Officer,CEO,current,1419000.0,GBP,1 April 2025,250.0,50.0,3.0,600.0,,,,,600.0,2.0,LTI maximum opportunity increased from 500% to 600% of salary; shareholding requirement increased from 500% to 600% to align with new LTI maximum; STI mandatory deferral reduced from 50% to 25% once minimum shareholding requirement is met; STI maximum opportunity unchanged at 250%; performance measures/weightings revised for 2025 awards; salary increases for CEO capped at or below UK employee average for the lifetime of the new policy; proposal to reduce LTI threshold vesting from 20% to 15% alignment was withdrawn after shareholder feedback,17 April 2025,501,241,250,225,british_american_tobacco_ar_2024,https://www.bat.com/content/dam/batcom/global/main-nav/investors-and-reporting/reporting/combined-annual-and-sustainability-report/BAT_Annual_Report_2025.pdf,"=HYPERLINK(""https://www.bat.com/content/dam/batcom/global/main-nav/investors-and-reporting/reporting/combined-annual-and-sustainability-report/BAT_Annual_Report_2025.pdf#page=220"",""p.220 of AR"")",234.0,"=HYPERLINK(""https://www.bat.com/content/dam/batcom/global/main-nav/investors-and-reporting/reporting/combined-annual-and-sustainability-report/BAT_Annual_Report_2025.pdf#page=241"",""p.241 of AR"")","=HYPERLINK(""https://www.bat.com/content/dam/batcom/global/main-nav/investors-and-reporting/reporting/combined-annual-and-sustainability-report/BAT_Annual_Report_2025.pdf#page=221"",""p.221 of AR"")","=HYPERLINK(""https://www.bat.com/content/dam/batcom/global/main-nav/investors-and-reporting/reporting/combined-annual-and-sustainability-report/BAT_Annual_Report_2025.pdf#page=222"",""p.222 of AR"")","=HYPERLINK(""https://www.bat.com/content/dam/batcom/global/main-nav/investors-and-reporting/reporting/combined-annual-and-sustainability-report/BAT_Annual_Report_2025.pdf#page=219"",""p.219 of AR"")",3
British American Tobacco Plc,BATS LN Equity,Consumer Staples,Food Beverage & Tobacco,Tobacco,Tobacco,105212.1,12.0,2025,Soraya Benchikh,Chief Financial Officer,CFO,current,828000.0,GBP,1 April 2025,200.0,50.0,3.0,450.0,,,,,450.0,2.0,Annual bonus maximum increased from 190% to 200% of salary; LTI maximum opportunity increased from 400% to 450% of salary; shareholding requirement increased from 400% to 450% to align with new LTI maximum; STI mandatory deferral reduced from 50% to 25% once minimum shareholding requirement is met; performance measures/weightings revised for 2025 awards,17 April 2025,501,241,250,225,british_american_tobacco_ar_2024,https://www.bat.com/content/dam/batcom/global/main-nav/investors-and-reporting/reporting/combined-annual-and-sustainability-report/BAT_Annual_Report_2025.pdf,"=HYPERLINK(""https://www.bat.com/content/dam/batcom/global/main-nav/investors-and-reporting/reporting/combined-annual-and-sustainability-report/BAT_Annual_Report_2025.pdf#page=216"",""p.216 of AR"")",156.0,"=HYPERLINK(""https://www.bat.com/content/dam/batcom/global/main-nav/investors-and-reporting/reporting/combined-annual-and-sustainability-report/BAT_Annual_Report_2025.pdf#page=241"",""p.241 of AR"")","=HYPERLINK(""https://www.bat.com/content/dam/batcom/global/main-nav/investors-and-reporting/reporting/combined-annual-and-sustainability-report/BAT_Annual_Report_2025.pdf#page=221"",""p.221 of AR"")","=HYPERLINK(""https://www.bat.com/content/dam/batcom/global/main-nav/investors-and-reporting/reporting/combined-annual-and-sustainability-report/BAT_Annual_Report_2025.pdf#page=222"",""p.222 of AR"")","=HYPERLINK(""https://www.bat.com/content/dam/batcom/global/main-nav/investors-and-reporting/reporting/combined-annual-and-sustainability-report/BAT_Annual_Report_2025.pdf#page=219"",""p.219 of AR"")",3
British American Tobacco Plc,BATS LN Equity,Consumer Staples,Food Beverage & Tobacco,Tobacco,Tobacco,105212.1,12.0,2026,Tadeu Marroco,Chief Executive Officer,CEO,current,1468000.0,GBP,1 April 2026,250.0,50.0,3.0,600.0,,,,,600.0,2.0,"No material changes proposed to the remuneration framework for 2026 (new policy implemented in 2025 to continue unchanged); salary increased by 3.5% for 2026, in line with UK average employee increase and consistent with the policy cap that CEO salary increases remain at or below UK employee average",1 April 2026,245,97,97,97,british_american_tobacco_ar_2025,https://www.bat.com/content/dam/batcom/global/main-nav/investors-and-reporting/reporting/combined-annual-and-sustainability-report/BAT_Annual_Report_2025.pdf,"=HYPERLINK(""https://www.bat.com/content/dam/batcom/global/main-nav/investors-and-reporting/reporting/combined-annual-and-sustainability-report/BAT_Annual_Report_2025.pdf#page=232"",""p.232 of AR"")",245.0,"=HYPERLINK(""https://www.bat.com/content/dam/batcom/global/main-nav/investors-and-reporting/reporting/combined-annual-and-sustainability-report/BAT_Annual_Report_2025.pdf#page=232"",""p.232 of AR"")","=HYPERLINK(""https://www.bat.com/content/dam/batcom/global/main-nav/investors-and-reporting/reporting/combined-annual-and-sustainability-report/BAT_Annual_Report_2025.pdf#page=221"",""p.221 of AR"")","=HYPERLINK(""https://www.bat.com/content/dam/batcom/global/main-nav/investors-and-reporting/reporting/combined-annual-and-sustainability-report/BAT_Annual_Report_2025.pdf#page=221"",""p.221 of AR"")","=HYPERLINK(""https://www.bat.com/content/dam/batcom/global/main-nav/investors-and-reporting/reporting/combined-annual-and-sustainability-report/BAT_Annual_Report_2025.pdf#page=221"",""p.221 of AR"")",3
British American Tobacco Plc,BATS LN Equity,Consumer Staples,Food Beverage & Tobacco,Tobacco,Tobacco,105212.1,12.0,2025,Soraya Benchikh,Chief Financial Officer,CFO,current,525000.0,GBP,,200.0,50.0,3.0,450.0,,,,,450.0,2.0,Ms Benchikh stepped down as CFO and from the Board effective 26 August 2025; leaving arrangements (including retention of buy-out awards and pro-rated incentive payments) were determined by the Remuneration Committee under the existing policy and disclosed at the time of departure. No new CFO appointment is referenced in the provided context.,,110,97,97,97,british_american_tobacco_ar_2025,https://www.bat.com/content/dam/batcom/global/main-nav/investors-and-reporting/reporting/combined-annual-and-sustainability-report/BAT_Annual_Report_2025.pdf,"=HYPERLINK(""https://www.bat.com/content/dam/batcom/global/main-nav/investors-and-reporting/reporting/combined-annual-and-sustainability-report/BAT_Annual_Report_2025.pdf#page=219"",""p.219 of AR"")",59.0,"=HYPERLINK(""https://www.bat.com/content/dam/batcom/global/main-nav/investors-and-reporting/reporting/combined-annual-and-sustainability-report/BAT_Annual_Report_2025.pdf#page=222"",""p.222 of AR"")","=HYPERLINK(""https://www.bat.com/content/dam/batcom/global/main-nav/investors-and-reporting/reporting/combined-annual-and-sustainability-report/BAT_Annual_Report_2025.pdf#page=221"",""p.221 of AR"")","=HYPERLINK(""https://www.bat.com/content/dam/batcom/global/main-nav/investors-and-reporting/reporting/combined-annual-and-sustainability-report/BAT_Annual_Report_2025.pdf#page=221"",""p.221 of AR"")","=HYPERLINK(""https://www.bat.com/content/dam/batcom/global/main-nav/investors-and-reporting/reporting/combined-annual-and-sustainability-report/BAT_Annual_Report_2025.pdf#page=221"",""p.221 of AR"")",3
British Land Co,BLND LN Equity,,,,,3780.0,3.0,2026,Simon Carter,Chief Executive Officer,CEO,current,796000.0,GBP,1 April 2025,150.0,33.33,3.0,250.0,,,,,225.0,2.0,"LTIP performance conditions revised for 2025 awards — a new 25%-weighted Total Shareholder Return (TSR) measure introduced (relative to a market cap weighted FTSE 350 property companies index), replacing the equally weighted Total Property Return measure; overall LTIP maximum award level unchanged at 250% for the year ending 31 March 2026; 2025 Policy otherwise largely unchanged from 2022 Policy",1 April 2025,108,109,110,169,british_land_co_ar_2025,https://www.britishland.com/media/nq2p0biq/british-land_ara26.pdf,"=HYPERLINK(""https://www.britishland.com/media/nq2p0biq/british-land_ara26.pdf#page=118"",""p.118 of AR"")",108.0,"=HYPERLINK(""https://www.britishland.com/media/nq2p0biq/british-land_ara26.pdf#page=118"",""p.118 of AR"")","=HYPERLINK(""https://www.britishland.com/media/nq2p0biq/british-land_ara26.pdf#page=118"",""p.118 of AR"")","=HYPERLINK(""https://www.britishland.com/media/nq2p0biq/british-land_ara26.pdf#page=118"",""p.118 of AR"")","=HYPERLINK(""https://www.britishland.com/media/nq2p0biq/british-land_ara26.pdf#page=125"",""p.125 of AR"")",3
British Land Co,BLND LN Equity,,,,,3780.0,3.0,2026,David Walker,Chief Financial Officer,CFO,current,490000.0,GBP,20 November 2024,150.0,33.33,3.0,250.0,,,,,200.0,2.0,"LTIP performance conditions revised for 2025 awards — a new 25%-weighted Total Shareholder Return (TSR) measure introduced (relative to a market cap weighted FTSE 350 property companies index), replacing the equally weighted Total Property Return measure; overall LTIP maximum award level unchanged at 250% for the year ending 31 March 2026; salary will not increase for 2025/26 as it was only recently set on his appointment; 2025 Policy otherwise largely unchanged from 2022 Policy",1 April 2025,108,109,110,169,british_land_co_ar_2025,https://www.britishland.com/media/nq2p0biq/british-land_ara26.pdf,"=HYPERLINK(""https://www.britishland.com/media/nq2p0biq/british-land_ara26.pdf#page=118"",""p.118 of AR"")",108.0,"=HYPERLINK(""https://www.britishland.com/media/nq2p0biq/british-land_ara26.pdf#page=118"",""p.118 of AR"")","=HYPERLINK(""https://www.britishland.com/media/nq2p0biq/british-land_ara26.pdf#page=118"",""p.118 of AR"")","=HYPERLINK(""https://www.britishland.com/media/nq2p0biq/british-land_ara26.pdf#page=118"",""p.118 of AR"")","=HYPERLINK(""https://www.britishland.com/media/nq2p0biq/british-land_ara26.pdf#page=125"",""p.125 of AR"")",3
BT Group Plc,BT/A LN Equity,Communication Services,Telecommunication Services,Diversified Telecommunication Services,Integrated Telecommunication Services,22062.9,3.0,2026,Allison Kirkby,Chief Executive Officer,CEO,current,1100000.0,GBP,1 June 2025,200.0,50.0,3.0,200.0,,,,,500.0,2.0,"Removal of mandatory bonus deferral once minimum Share Ownership Requirement has been met, simplifying the annual bonus structure while shareholder alignment is maintained via existing shareholding guidelines; RSP vesting schedule changed from phased vesting over years 3/4/5 to single cliff-vesting after three years, retaining a two-year post-vesting holding period so the overall five-year time horizon is preserved; other minor wording clarifications made. No salary increase awarded for FY26.",,661,605,448,389,bt_group_ar_2025,https://www.bt.com/about/annual-reports/2026summary/assets/files/BT-Annual-Report-2026.pdf,"=HYPERLINK(""https://www.bt.com/about/annual-reports/2026summary/assets/files/BT-Annual-Report-2026.pdf#page=101"",""p.101 of AR"")",419.0,"=HYPERLINK(""https://www.bt.com/about/annual-reports/2026summary/assets/files/BT-Annual-Report-2026.pdf#page=120"",""p.120 of AR"")","=HYPERLINK(""https://www.bt.com/about/annual-reports/2026summary/assets/files/BT-Annual-Report-2026.pdf#page=117"",""p.117 of AR"")","=HYPERLINK(""https://www.bt.com/about/annual-reports/2026summary/assets/files/BT-Annual-Report-2026.pdf#page=105"",""p.105 of AR"")","=HYPERLINK(""https://www.bt.com/about/annual-reports/2026summary/assets/files/BT-Annual-Report-2026.pdf#page=99"",""p.99 of AR"")",3
BT Group Plc,BT/A LN Equity,Communication Services,Telecommunication Services,Diversified Telecommunication Services,Integrated Telecommunication Services,22062.9,3.0,2026,Simon Lowth,Chief Financial Officer,CFO,current,,,,200.0,50.0,3.0,200.0,,,,,500.0,2.0,"Removal of mandatory bonus deferral once minimum Share Ownership Requirement has been met; RSP vesting schedule changed from phased vesting over years 3/4/5 to a single cliff-vesting after three years, with a continuing two-year post-vesting holding period to preserve the overall five-year horizon; minor wording clarifications also made. As a legacy provision under a previous Policy, Simon Lowth also receives a dependent's pension of 30% of (capped) salary in the event of death, and death-in-service cover of 4x salary. No salary increase awarded for FY26.",,602,605,448,389,bt_group_ar_2025,https://www.bt.com/about/annual-reports/2026summary/assets/files/BT-Annual-Report-2026.pdf,"=HYPERLINK(""https://www.bt.com/about/annual-reports/2026summary/assets/files/BT-Annual-Report-2026.pdf#page=78"",""p.78 of AR"")",48.0,"=HYPERLINK(""https://www.bt.com/about/annual-reports/2026summary/assets/files/BT-Annual-Report-2026.pdf#page=117"",""p.117 of AR"")","=HYPERLINK(""https://www.bt.com/about/annual-reports/2026summary/assets/files/BT-Annual-Report-2026.pdf#page=117"",""p.117 of AR"")","=HYPERLINK(""https://www.bt.com/about/annual-reports/2026summary/assets/files/BT-Annual-Report-2026.pdf#page=105"",""p.105 of AR"")","=HYPERLINK(""https://www.bt.com/about/annual-reports/2026summary/assets/files/BT-Annual-Report-2026.pdf#page=99"",""p.99 of AR"")",3
Bunzl Plc,BNZL LN Equity,Industrials,Capital Goods,Trading Companies & Distributors,Trading Companies & Distributors,7486.1,12.0,2025,Frank van Zanten,Chief Executive Officer,CEO,current,1055547.0,GBP,1 January 2025,200.0,50.0,3.0,175.0,,,,,350.0,2.0,"Salary increased 2% effective 1 January 2025 (from £1,034,850 to £1,055,547); annual bonus maximum increased to 200% of salary (full implementation of the 2024-approved policy maximum, previously capped at 180% in 2024 pending deferred implementation); LTIP delivered wholly via Restricted Share Awards (175% of salary) per the new 2024 policy, replacing the previous dual LTIP Part A (options)/Part B (performance shares) structure.",,214,217,34,280,bunzl_ar_2024,https://www.bunzl.com/media/5msdlthc/bunzl-annual-report-2025.pdf,"=HYPERLINK(""https://www.bunzl.com/media/5msdlthc/bunzl-annual-report-2025.pdf#page=129"",""p.129 of AR"")",214.0,"=HYPERLINK(""https://www.bunzl.com/media/5msdlthc/bunzl-annual-report-2025.pdf#page=129"",""p.129 of AR"")","=HYPERLINK(""https://www.bunzl.com/media/5msdlthc/bunzl-annual-report-2025.pdf#page=129"",""p.129 of AR"")","=HYPERLINK(""https://www.bunzl.com/media/5msdlthc/bunzl-annual-report-2025.pdf#page=118"",""p.118 of AR"")","=HYPERLINK(""https://www.bunzl.com/media/5msdlthc/bunzl-annual-report-2025.pdf#page=134"",""p.134 of AR"")",3
Bunzl Plc,BNZL LN Equity,Industrials,Capital Goods,Trading Companies & Distributors,Trading Companies & Distributors,7486.1,12.0,2025,Richard Howes,Chief Financial Officer,CFO,current,686460.0,GBP,1 January 2025,175.0,50.0,3.0,125.0,,,,,250.0,2.0,"Salary increased 2% effective 1 January 2025 (from £673,000 to £686,460); annual bonus maximum increased to 175% of salary (full implementation of the 2024-approved policy maximum, previously capped at 160% in 2024 pending deferred implementation); LTIP delivered wholly via Restricted Share Awards (125% of salary) per the new 2024 policy, replacing the previous dual LTIP Part A (options)/Part B (performance shares) structure.",,214,217,34,280,bunzl_ar_2024,https://www.bunzl.com/media/5msdlthc/bunzl-annual-report-2025.pdf,"=HYPERLINK(""https://www.bunzl.com/media/5msdlthc/bunzl-annual-report-2025.pdf#page=129"",""p.129 of AR"")",214.0,"=HYPERLINK(""https://www.bunzl.com/media/5msdlthc/bunzl-annual-report-2025.pdf#page=129"",""p.129 of AR"")","=HYPERLINK(""https://www.bunzl.com/media/5msdlthc/bunzl-annual-report-2025.pdf#page=129"",""p.129 of AR"")","=HYPERLINK(""https://www.bunzl.com/media/5msdlthc/bunzl-annual-report-2025.pdf#page=118"",""p.118 of AR"")","=HYPERLINK(""https://www.bunzl.com/media/5msdlthc/bunzl-annual-report-2025.pdf#page=134"",""p.134 of AR"")",3
Bunzl Plc,BNZL LN Equity,Industrials,Capital Goods,Trading Companies & Distributors,Trading Companies & Distributors,7486.1,12.0,2026,Frank van Zanten,Chief Executive Officer,CEO,current,1082000.0,GBP,1 January 2026,200.0,50.0,3.0,175.0,,,,,350.0,2.0,"Salary increased 2.5% effective 1 Jan 2026; annual bonus scorecard reweighted for 2026 — financial metrics (EPS, RAOC, operating cash flow) increased from 70% to 85% of total opportunity, with strategic non-financial goals reduced to 15%; LTIP (Restricted Shares) maximum unchanged at 175% of salary, vesting 2029 subject to underpin, with a two-year post-vesting holding period.",1 January 2026,142,171,176,180,bunzl_ar_2025,https://www.bunzl.com/media/5msdlthc/bunzl-annual-report-2025.pdf,"=HYPERLINK(""https://www.bunzl.com/media/5msdlthc/bunzl-annual-report-2025.pdf#page=113"",""p.113 of AR"")",19.0,"=HYPERLINK(""https://www.bunzl.com/media/5msdlthc/bunzl-annual-report-2025.pdf#page=125"",""p.125 of AR"")","=HYPERLINK(""https://www.bunzl.com/media/5msdlthc/bunzl-annual-report-2025.pdf#page=128"",""p.128 of AR"")","=HYPERLINK(""https://www.bunzl.com/media/5msdlthc/bunzl-annual-report-2025.pdf#page=129"",""p.129 of AR"")","=HYPERLINK(""https://www.bunzl.com/media/5msdlthc/bunzl-annual-report-2025.pdf#page=130"",""p.130 of AR"")",3
Bunzl Plc,BNZL LN Equity,Industrials,Capital Goods,Trading Companies & Distributors,Trading Companies & Distributors,7486.1,12.0,2026,Richard Howes,Chief Financial Officer,CFO,current,703600.0,GBP,1 January 2026,175.0,50.0,3.0,125.0,,,,,250.0,2.0,"Salary increased 2.5% effective 1 Jan 2026; annual bonus scorecard reweighted for 2026 — financial metrics increased from 70% to 85% of total opportunity, strategic non-financial goals reduced to 15%; LTIP (Restricted Shares) maximum unchanged at 125% of salary, vesting 2029 subject to underpin, with a two-year post-vesting holding period.",1 January 2026,142,171,176,180,bunzl_ar_2025,https://www.bunzl.com/media/5msdlthc/bunzl-annual-report-2025.pdf,"=HYPERLINK(""https://www.bunzl.com/media/5msdlthc/bunzl-annual-report-2025.pdf#page=113"",""p.113 of AR"")",19.0,"=HYPERLINK(""https://www.bunzl.com/media/5msdlthc/bunzl-annual-report-2025.pdf#page=125"",""p.125 of AR"")","=HYPERLINK(""https://www.bunzl.com/media/5msdlthc/bunzl-annual-report-2025.pdf#page=128"",""p.128 of AR"")","=HYPERLINK(""https://www.bunzl.com/media/5msdlthc/bunzl-annual-report-2025.pdf#page=129"",""p.129 of AR"")","=HYPERLINK(""https://www.bunzl.com/media/5msdlthc/bunzl-annual-report-2025.pdf#page=130"",""p.130 of AR"")",3
Burberry Group Plc,BRBY LN Equity,Consumer Discretionary,Consumer Durables & Apparel,Textiles Apparel & Luxury Goods,Apparel Accessories & Luxury Goods,3802.4,3.0,2026,Joshua Schulman,Chief Executive Officer,CEO,current,1200000.0,GBP,1 July 2025,200.0,50.0,,162.5,,,,,300.0,2.0,"No salary increase for FY 2025/26; no change to maximum annual bonus opportunity (200%); BSP award maintained at 162.5% of salary (same level as FY 2024/25); the FY 2024/25 one-off Recruitment Award (300% of salary, performance-based TSR award) was a non-recurring award and does not apply to FY 2025/26.",,66,98,117,152,burberry_group_ar_2024_25,https://www.burberryplc.com/content/dam/burberryplc/corporate/oar/oar-2025-2026/annual-report-2025-26.pdf,"=HYPERLINK(""https://www.burberryplc.com/content/dam/burberryplc/corporate/oar/oar-2025-2026/annual-report-2025-26.pdf#page=142"",""p.142 of AR"")",50.0,"=HYPERLINK(""https://www.burberryplc.com/content/dam/burberryplc/corporate/oar/oar-2025-2026/annual-report-2025-26.pdf#page=144"",""p.144 of AR"")","=HYPERLINK(""https://www.burberryplc.com/content/dam/burberryplc/corporate/oar/oar-2025-2026/annual-report-2025-26.pdf#page=147"",""p.147 of AR"")","=HYPERLINK(""https://www.burberryplc.com/content/dam/burberryplc/corporate/oar/oar-2025-2026/annual-report-2025-26.pdf#page=148"",""p.148 of AR"")","=HYPERLINK(""https://www.burberryplc.com/content/dam/burberryplc/corporate/oar/oar-2025-2026/annual-report-2025-26.pdf#page=151"",""p.151 of AR"")",3
Burberry Group Plc,BRBY LN Equity,Consumer Discretionary,Consumer Durables & Apparel,Textiles Apparel & Luxury Goods,Apparel Accessories & Luxury Goods,3802.4,3.0,2026,Kate Ferry,Chief Financial Officer,CFO,current,675000.0,GBP,1 July 2025,200.0,50.0,,162.5,,,,,300.0,2.0,No salary increase for FY 2025/26; no change to maximum annual bonus opportunity (200%); BSP award level increased from 150% to 162.5% of salary in recognition of performance and development since joining Burberry.,,66,98,117,152,burberry_group_ar_2024_25,https://www.burberryplc.com/content/dam/burberryplc/corporate/oar/oar-2025-2026/annual-report-2025-26.pdf,"=HYPERLINK(""https://www.burberryplc.com/content/dam/burberryplc/corporate/oar/oar-2025-2026/annual-report-2025-26.pdf#page=142"",""p.142 of AR"")",50.0,"=HYPERLINK(""https://www.burberryplc.com/content/dam/burberryplc/corporate/oar/oar-2025-2026/annual-report-2025-26.pdf#page=144"",""p.144 of AR"")","=HYPERLINK(""https://www.burberryplc.com/content/dam/burberryplc/corporate/oar/oar-2025-2026/annual-report-2025-26.pdf#page=147"",""p.147 of AR"")","=HYPERLINK(""https://www.burberryplc.com/content/dam/burberryplc/corporate/oar/oar-2025-2026/annual-report-2025-26.pdf#page=148"",""p.148 of AR"")","=HYPERLINK(""https://www.burberryplc.com/content/dam/burberryplc/corporate/oar/oar-2025-2026/annual-report-2025-26.pdf#page=151"",""p.151 of AR"")",3
Burberry Group Plc,BRBY LN Equity,Consumer Discretionary,Consumer Durables & Apparel,Textiles Apparel & Luxury Goods,Apparel Accessories & Luxury Goods,3802.4,3.0,2027,Joshua Schulman,Chief Executive Officer,CEO,current,1236000.0,GBP,1 July 2026,200.0,50.0,,450.0,300.0,150.0,active,additive,400.0,2.0,Introduction of new PSP (300% of salary max); reduction of RSP maximum from 162.5% to 150% of salary; in-employment shareholding guideline increased from 300% to 400% of salary; 3% salary increase in line with wider workforce,1 July 2026,186,114,derived,269,burberry_group_ar_2025_26,https://www.burberryplc.com/content/dam/burberryplc/corporate/oar/oar-2025-2026/annual-report-2025-26.pdf,"=HYPERLINK(""https://www.burberryplc.com/content/dam/burberryplc/corporate/oar/oar-2025-2026/annual-report-2025-26.pdf#page=150"",""p.150 of AR"")",86.0,"=HYPERLINK(""https://www.burberryplc.com/content/dam/burberryplc/corporate/oar/oar-2025-2026/annual-report-2025-26.pdf#page=163"",""p.163 of AR"")","=HYPERLINK(""https://www.burberryplc.com/content/dam/burberryplc/corporate/oar/oar-2025-2026/annual-report-2025-26.pdf#page=154"",""p.154 of AR"")",derived,"=HYPERLINK(""https://www.burberryplc.com/content/dam/burberryplc/corporate/oar/oar-2025-2026/annual-report-2025-26.pdf#page=171"",""p.171 of AR"")",3
Burberry Group Plc,BRBY LN Equity,Consumer Discretionary,Consumer Durables & Apparel,Textiles Apparel & Luxury Goods,Apparel Accessories & Luxury Goods,3802.4,3.0,2027,Kate Ferry,Chief Financial Officer,CFO,current,695250.0,GBP,1 July 2026,200.0,50.0,,325.0,175.0,150.0,active,additive,300.0,2.0,Introduction of new PSP (175% of salary max); reduction of RSP maximum from 162.5% to 150% of salary; 3% salary increase in line with wider workforce; no change to shareholding guideline (remains 300%),1 July 2026,186,114,derived,269,burberry_group_ar_2025_26,https://www.burberryplc.com/content/dam/burberryplc/corporate/oar/oar-2025-2026/annual-report-2025-26.pdf,"=HYPERLINK(""https://www.burberryplc.com/content/dam/burberryplc/corporate/oar/oar-2025-2026/annual-report-2025-26.pdf#page=150"",""p.150 of AR"")",86.0,"=HYPERLINK(""https://www.burberryplc.com/content/dam/burberryplc/corporate/oar/oar-2025-2026/annual-report-2025-26.pdf#page=163"",""p.163 of AR"")","=HYPERLINK(""https://www.burberryplc.com/content/dam/burberryplc/corporate/oar/oar-2025-2026/annual-report-2025-26.pdf#page=154"",""p.154 of AR"")",derived,"=HYPERLINK(""https://www.burberryplc.com/content/dam/burberryplc/corporate/oar/oar-2025-2026/annual-report-2025-26.pdf#page=171"",""p.171 of AR"")",3
Bytes Technology Group Plc,BYIT LN Equity,Information Technology,Software & Services,Software,Application Software,820.7,2.0,2026,Sam Mudd,Chief Executive Officer (CEO),CEO,current,459000.0,GBP,1 March 2025,125.0,33.33,2.0,150.0,,,,,200.0,2.0,"Base salary increased 9.0% from 1 March 2025 (vs. 3% workforce average), moving pay closer to (but still below) market median; committee signalled possible further 'corrective' adjustments in 2026/27 subject to performance review. Annual bonus maximum (125% of salary) and PSP award level (150% of salary) both maintained unchanged from 2024/25, remaining within existing policy limits (150% bonus / 200% PSP). Pension (4% of salary) and benefits unchanged. Bonus performance metrics reweighted to operating profit (72%, no longer 'adjusted') and strategic/ESG objectives (28%); PSP performance measure changed from adjusted EPS to EPS (75% weighting) with relative TSR (25%) retained, plus continued two-year post-vesting holding period.",1 March 2025,32,62,62,62,bytes_technology_group_ar_2024_25,https://www.bytesplc.com/media/o4cjo1gw/btg-annual-report-2025-26.pdf,"=HYPERLINK(""https://www.bytesplc.com/media/o4cjo1gw/btg-annual-report-2025-26.pdf#page=118"",""p.118 of AR"")",62.0,"=HYPERLINK(""https://www.bytesplc.com/media/o4cjo1gw/btg-annual-report-2025-26.pdf#page=116"",""p.116 of AR"")","=HYPERLINK(""https://www.bytesplc.com/media/o4cjo1gw/btg-annual-report-2025-26.pdf#page=118"",""p.118 of AR"")","=HYPERLINK(""https://www.bytesplc.com/media/o4cjo1gw/btg-annual-report-2025-26.pdf#page=118"",""p.118 of AR"")","=HYPERLINK(""https://www.bytesplc.com/media/o4cjo1gw/btg-annual-report-2025-26.pdf#page=118"",""p.118 of AR"")",3
Bytes Technology Group Plc,BYIT LN Equity,Information Technology,Software & Services,Software,Application Software,820.7,2.0,2026,Andrew Holden,Chief Financial Officer (CFO),CFO,current,381000.0,GBP,1 March 2025,125.0,33.33,2.0,150.0,,,,,200.0,2.0,"Base salary increased by 9.2% from 1 March 2025 (an additional 6.2% uplift above the 3% workforce increase) to address a long-standing discount of the CFO's salary versus market levels (below lower quartile against both FTSE 250 and bespoke technology comparator groups). Annual bonus maximum (125% of salary) and PSP award level (150% of salary) both maintained unchanged from 2024/25, remaining within existing policy limits (150% bonus / 200% PSP). Pension (4% of salary) and benefits unchanged. Bonus performance metrics reweighted to operating profit (72%) and strategic/ESG objectives (28%); PSP performance measure changed from adjusted EPS to EPS (75%) with relative TSR (25%) retained, plus two-year post-vesting holding period.",1 March 2025,32,62,62,62,bytes_technology_group_ar_2024_25,https://www.bytesplc.com/media/o4cjo1gw/btg-annual-report-2025-26.pdf,"=HYPERLINK(""https://www.bytesplc.com/media/o4cjo1gw/btg-annual-report-2025-26.pdf#page=118"",""p.118 of AR"")",62.0,"=HYPERLINK(""https://www.bytesplc.com/media/o4cjo1gw/btg-annual-report-2025-26.pdf#page=116"",""p.116 of AR"")","=HYPERLINK(""https://www.bytesplc.com/media/o4cjo1gw/btg-annual-report-2025-26.pdf#page=118"",""p.118 of AR"")","=HYPERLINK(""https://www.bytesplc.com/media/o4cjo1gw/btg-annual-report-2025-26.pdf#page=118"",""p.118 of AR"")","=HYPERLINK(""https://www.bytesplc.com/media/o4cjo1gw/btg-annual-report-2025-26.pdf#page=118"",""p.118 of AR"")",3
C&C Group Plc,CCR LN Equity,Consumer Staples,Food Beverage & Tobacco,Beverages,Distillers & Vintners,405.2,,2026,Roger White,Chief Executive Officer,CEO,current,650000.0,GBP,,125.0,25.0,3.0,150.0,,,,,200.0,2.0,"Recruitment package included a one-off LTIP grant (150% of salary) tied to share price growth performance and a bespoke bonus deferral arrangement (25% for 3 years conditional on personal share investment), reflecting his appointment as new CEO",,34,35,35,165,c_and_c_group_ar_2024,https://cdn.prod.website-files.com/6a16b054c34f9e2466fef3c5/6a202df1ec027b1aa334581f_49892%20C%26C%20Group%20AR2026%20Digital.pdf,"=HYPERLINK(""https://cdn.prod.website-files.com/6a16b054c34f9e2466fef3c5/6a202df1ec027b1aa334581f_49892%20C%26C%20Group%20AR2026%20Digital.pdf#page=111"",""p.111 of AR"")",34.0,"=HYPERLINK(""https://cdn.prod.website-files.com/6a16b054c34f9e2466fef3c5/6a202df1ec027b1aa334581f_49892%20C%26C%20Group%20AR2026%20Digital.pdf#page=111"",""p.111 of AR"")","=HYPERLINK(""https://cdn.prod.website-files.com/6a16b054c34f9e2466fef3c5/6a202df1ec027b1aa334581f_49892%20C%26C%20Group%20AR2026%20Digital.pdf#page=111"",""p.111 of AR"")","=HYPERLINK(""https://cdn.prod.website-files.com/6a16b054c34f9e2466fef3c5/6a202df1ec027b1aa334581f_49892%20C%26C%20Group%20AR2026%20Digital.pdf#page=111"",""p.111 of AR"")","=HYPERLINK(""https://cdn.prod.website-files.com/6a16b054c34f9e2466fef3c5/6a202df1ec027b1aa334581f_49892%20C%26C%20Group%20AR2026%20Digital.pdf#page=118"",""p.118 of AR"")",3
C&C Group Plc,CCR LN Equity,Consumer Staples,Food Beverage & Tobacco,Beverages,Distillers & Vintners,405.2,,2026,Andrew Andrea,Chief Financial and Transformation Officer (CF&TO),CFO,current,440000.0,GBP,11 July 2024,125.0,,3.0,150.0,,,,,200.0,2.0,"Salary increased 10% to £440,000 in July 2024 to reflect expanded Transformation responsibilities; no further increase awarded for FY2026. A one-off LTIP award (100% of salary) was granted in January 2025 to align with the new CEO's incentive package",,38,79,39,165,c_and_c_group_ar_2024,https://cdn.prod.website-files.com/6a16b054c34f9e2466fef3c5/6a202df1ec027b1aa334581f_49892%20C%26C%20Group%20AR2026%20Digital.pdf,"=HYPERLINK(""https://cdn.prod.website-files.com/6a16b054c34f9e2466fef3c5/6a202df1ec027b1aa334581f_49892%20C%26C%20Group%20AR2026%20Digital.pdf#page=111"",""p.111 of AR"")",38.0,"=HYPERLINK(""https://cdn.prod.website-files.com/6a16b054c34f9e2466fef3c5/6a202df1ec027b1aa334581f_49892%20C%26C%20Group%20AR2026%20Digital.pdf#page=111"",""p.111 of AR"")","=HYPERLINK(""https://cdn.prod.website-files.com/6a16b054c34f9e2466fef3c5/6a202df1ec027b1aa334581f_49892%20C%26C%20Group%20AR2026%20Digital.pdf#page=114"",""p.114 of AR"")","=HYPERLINK(""https://cdn.prod.website-files.com/6a16b054c34f9e2466fef3c5/6a202df1ec027b1aa334581f_49892%20C%26C%20Group%20AR2026%20Digital.pdf#page=111"",""p.111 of AR"")","=HYPERLINK(""https://cdn.prod.website-files.com/6a16b054c34f9e2466fef3c5/6a202df1ec027b1aa334581f_49892%20C%26C%20Group%20AR2026%20Digital.pdf#page=118"",""p.118 of AR"")",3
C&C Group Plc,CCR LN Equity,Consumer Staples,Food Beverage & Tobacco,Beverages,Distillers & Vintners,405.2,,2027,Roger White,Chief Executive Officer,CEO,current,669500.0,GBP,1 March 2026,125.0,25.0,3.0,150.0,,,,,200.0,2.0,"Salary increased by 3% (in line with wider workforce) effective 1 March 2026, from £650,000 to £669,500. FY2027 LTIP performance targets have been delayed pending finalisation of the medium-term business plan, though no change to overall LTIP quantum/structure (150% of salary; EPS 55%, relative TSR 35%, Environmental 10%) is envisaged.",1 March 2026,60,79,80,82,c_and_c_group_ar_2026,https://cdn.prod.website-files.com/6a16b054c34f9e2466fef3c5/6a202df1ec027b1aa334581f_49892%20C%26C%20Group%20AR2026%20Digital.pdf,"=HYPERLINK(""https://cdn.prod.website-files.com/6a16b054c34f9e2466fef3c5/6a202df1ec027b1aa334581f_49892%20C%26C%20Group%20AR2026%20Digital.pdf#page=113"",""p.113 of AR"")",45.0,"=HYPERLINK(""https://cdn.prod.website-files.com/6a16b054c34f9e2466fef3c5/6a202df1ec027b1aa334581f_49892%20C%26C%20Group%20AR2026%20Digital.pdf#page=114"",""p.114 of AR"")","=HYPERLINK(""https://cdn.prod.website-files.com/6a16b054c34f9e2466fef3c5/6a202df1ec027b1aa334581f_49892%20C%26C%20Group%20AR2026%20Digital.pdf#page=115"",""p.115 of AR"")","=HYPERLINK(""https://cdn.prod.website-files.com/6a16b054c34f9e2466fef3c5/6a202df1ec027b1aa334581f_49892%20C%26C%20Group%20AR2026%20Digital.pdf#page=115"",""p.115 of AR"")","=HYPERLINK(""https://cdn.prod.website-files.com/6a16b054c34f9e2466fef3c5/6a202df1ec027b1aa334581f_49892%20C%26C%20Group%20AR2026%20Digital.pdf#page=115"",""p.115 of AR"")",3
C&C Group Plc,CCR LN Equity,Consumer Staples,Food Beverage & Tobacco,Beverages,Distillers & Vintners,405.2,,2027,Adam Phillips,Chief Financial Officer,CFO,current,380000.0,GBP,13 April 2026,125.0,,3.0,150.0,,,,,200.0,2.0,"New appointment as CFO effective 13 April 2026 following Andrew Andrea's resignation (13 March 2026); remuneration arrangements set with reference to role scope, internal relativities, market practice, and workforce pay — no buyout or compensation awards granted on joining.",13 April 2026,62,98,98,82,c_and_c_group_ar_2026,https://cdn.prod.website-files.com/6a16b054c34f9e2466fef3c5/6a202df1ec027b1aa334581f_49892%20C%26C%20Group%20AR2026%20Digital.pdf,"=HYPERLINK(""https://cdn.prod.website-files.com/6a16b054c34f9e2466fef3c5/6a202df1ec027b1aa334581f_49892%20C%26C%20Group%20AR2026%20Digital.pdf#page=114"",""p.114 of AR"")",62.0,"=HYPERLINK(""https://cdn.prod.website-files.com/6a16b054c34f9e2466fef3c5/6a202df1ec027b1aa334581f_49892%20C%26C%20Group%20AR2026%20Digital.pdf#page=114"",""p.114 of AR"")","=HYPERLINK(""https://cdn.prod.website-files.com/6a16b054c34f9e2466fef3c5/6a202df1ec027b1aa334581f_49892%20C%26C%20Group%20AR2026%20Digital.pdf#page=116"",""p.116 of AR"")","=HYPERLINK(""https://cdn.prod.website-files.com/6a16b054c34f9e2466fef3c5/6a202df1ec027b1aa334581f_49892%20C%26C%20Group%20AR2026%20Digital.pdf#page=116"",""p.116 of AR"")","=HYPERLINK(""https://cdn.prod.website-files.com/6a16b054c34f9e2466fef3c5/6a202df1ec027b1aa334581f_49892%20C%26C%20Group%20AR2026%20Digital.pdf#page=115"",""p.115 of AR"")",3
Carnival Plc,CCL LN Equity,Consumer Discretionary,Consumer Services,Hotels Restaurants & Leisure,Hotels Resorts & Cruise Lines,26379.6,,2025,Josh Weinstein,Chief Executive Officer,CEO,current,1450000.0,USD,"March 1, 2025",200.0,,,100.0,60.0,40.0,active,additive,600.0,,"Base salary increased from $1,400,000 to $1,450,000 (part of 4–22% range across NEOs); design largely consistent with 2024 program.",,288,291,derived,423,carnival_ar_2025,https://www.carnivalcorp.com/wp-content/uploads/2025/03/Carnival-plc-2025-Annual-Report-2.pdf,"=HYPERLINK(""https://www.carnivalcorp.com/wp-content/uploads/2025/03/Carnival-plc-2025-Annual-Report-2.pdf#page=253"",""p.253 of AR"")",288.0,"=HYPERLINK(""https://www.carnivalcorp.com/wp-content/uploads/2025/03/Carnival-plc-2025-Annual-Report-2.pdf#page=253"",""p.253 of AR"")","=HYPERLINK(""https://www.carnivalcorp.com/wp-content/uploads/2025/03/Carnival-plc-2025-Annual-Report-2.pdf#page=253"",""p.253 of AR"")",derived,"=HYPERLINK(""https://www.carnivalcorp.com/wp-content/uploads/2025/03/Carnival-plc-2025-Annual-Report-2.pdf#page=263"",""p.263 of AR"")",3
Carnival Plc,CCL LN Equity,Consumer Discretionary,Consumer Services,Hotels Restaurants & Leisure,Hotels Resorts & Cruise Lines,26379.6,,2025,David Bernstein,Named Executive Officer,Other Executive,current,1000000.0,USD,"March 1, 2025",200.0,,,100.0,60.0,40.0,active,additive,300.0,,"Base salary increased from $960,000 to $1,000,000; bonus target NOT increased for 2025 (unlike other NEOs).",,288,291,derived,423,carnival_ar_2025,https://www.carnivalcorp.com/wp-content/uploads/2025/03/Carnival-plc-2025-Annual-Report-2.pdf,"=HYPERLINK(""https://www.carnivalcorp.com/wp-content/uploads/2025/03/Carnival-plc-2025-Annual-Report-2.pdf#page=253"",""p.253 of AR"")",288.0,"=HYPERLINK(""https://www.carnivalcorp.com/wp-content/uploads/2025/03/Carnival-plc-2025-Annual-Report-2.pdf#page=253"",""p.253 of AR"")","=HYPERLINK(""https://www.carnivalcorp.com/wp-content/uploads/2025/03/Carnival-plc-2025-Annual-Report-2.pdf#page=253"",""p.253 of AR"")",derived,"=HYPERLINK(""https://www.carnivalcorp.com/wp-content/uploads/2025/03/Carnival-plc-2025-Annual-Report-2.pdf#page=263"",""p.263 of AR"")",3
Carnival Plc,CCL LN Equity,Consumer Discretionary,Consumer Services,Hotels Restaurants & Leisure,Hotels Resorts & Cruise Lines,26379.6,,2025,Bettina Deynes,Named Executive Officer,Other Executive,current,600000.0,USD,"March 1, 2025",200.0,,,100.0,60.0,40.0,active,additive,300.0,,"Base salary increased from $490,000 to $600,000 (~22%, largest % increase in the disclosed 4–22% range); bonus target increased.",,288,291,derived,423,carnival_ar_2025,https://www.carnivalcorp.com/wp-content/uploads/2025/03/Carnival-plc-2025-Annual-Report-2.pdf,"=HYPERLINK(""https://www.carnivalcorp.com/wp-content/uploads/2025/03/Carnival-plc-2025-Annual-Report-2.pdf#page=253"",""p.253 of AR"")",288.0,"=HYPERLINK(""https://www.carnivalcorp.com/wp-content/uploads/2025/03/Carnival-plc-2025-Annual-Report-2.pdf#page=253"",""p.253 of AR"")","=HYPERLINK(""https://www.carnivalcorp.com/wp-content/uploads/2025/03/Carnival-plc-2025-Annual-Report-2.pdf#page=253"",""p.253 of AR"")",derived,"=HYPERLINK(""https://www.carnivalcorp.com/wp-content/uploads/2025/03/Carnival-plc-2025-Annual-Report-2.pdf#page=263"",""p.263 of AR"")",3
Carnival Plc,CCL LN Equity,Consumer Discretionary,Consumer Services,Hotels Restaurants & Leisure,Hotels Resorts & Cruise Lines,26379.6,,2025,Lars Ljoen,Named Executive Officer,Other Executive,current,675000.0,USD,"January 1, 2025",200.0,,,100.0,60.0,40.0,active,additive,300.0,,"Newly a Named Executive Officer for fiscal 2025; salary increase effective earlier (Jan 1, 2025) than other NEOs (March 1, 2025).",,288,291,derived,423,carnival_ar_2025,https://www.carnivalcorp.com/wp-content/uploads/2025/03/Carnival-plc-2025-Annual-Report-2.pdf,"=HYPERLINK(""https://www.carnivalcorp.com/wp-content/uploads/2025/03/Carnival-plc-2025-Annual-Report-2.pdf#page=253"",""p.253 of AR"")",288.0,"=HYPERLINK(""https://www.carnivalcorp.com/wp-content/uploads/2025/03/Carnival-plc-2025-Annual-Report-2.pdf#page=253"",""p.253 of AR"")","=HYPERLINK(""https://www.carnivalcorp.com/wp-content/uploads/2025/03/Carnival-plc-2025-Annual-Report-2.pdf#page=253"",""p.253 of AR"")",derived,"=HYPERLINK(""https://www.carnivalcorp.com/wp-content/uploads/2025/03/Carnival-plc-2025-Annual-Report-2.pdf#page=263"",""p.263 of AR"")",3
Carnival Plc,CCL LN Equity,Consumer Discretionary,Consumer Services,Hotels Restaurants & Leisure,Hotels Resorts & Cruise Lines,26379.6,,2025,Enrique Miguez,Named Executive Officer,Other Executive,current,700000.0,USD,"March 1, 2025",200.0,,,100.0,60.0,40.0,active,additive,300.0,,"Base salary increased from $675,000 to $700,000; bonus target increased.",,288,291,derived,423,carnival_ar_2025,https://www.carnivalcorp.com/wp-content/uploads/2025/03/Carnival-plc-2025-Annual-Report-2.pdf,"=HYPERLINK(""https://www.carnivalcorp.com/wp-content/uploads/2025/03/Carnival-plc-2025-Annual-Report-2.pdf#page=253"",""p.253 of AR"")",288.0,"=HYPERLINK(""https://www.carnivalcorp.com/wp-content/uploads/2025/03/Carnival-plc-2025-Annual-Report-2.pdf#page=253"",""p.253 of AR"")","=HYPERLINK(""https://www.carnivalcorp.com/wp-content/uploads/2025/03/Carnival-plc-2025-Annual-Report-2.pdf#page=253"",""p.253 of AR"")",derived,"=HYPERLINK(""https://www.carnivalcorp.com/wp-content/uploads/2025/03/Carnival-plc-2025-Annual-Report-2.pdf#page=263"",""p.263 of AR"")",3
Centrica Plc,CNA LN Equity,Utilities,Utilities,Multi-Utilities,Multi-Utilities,8571.0,12.0,2025,Chris O'Shea,Group Chief Executive (CEO),CEO,current,1100000.0,GBP,1 April 2025,200.0,50.0,3.0,200.0,,,,,400.0,2.0,"RSP maximum increased from 150% to 200% of salary (phased in — 2025 award still granted at 150%, full 200% from 2026); shareholding guideline increased from 300% to 400% of salary; base salary increased 28.7% to reposition between median and upper quartile of FTSE 100 CEOs.",,129,237,264,246,centrica_ar_2024,https://www.centrica.com/media/ckfb0qxj/annual-report-and-accounts-2025-untagged.pdf,"=HYPERLINK(""https://www.centrica.com/media/ckfb0qxj/annual-report-and-accounts-2025-untagged.pdf#page=120"",""p.120 of AR"")",45.0,"=HYPERLINK(""https://www.centrica.com/media/ckfb0qxj/annual-report-and-accounts-2025-untagged.pdf#page=129"",""p.129 of AR"")","=HYPERLINK(""https://www.centrica.com/media/ckfb0qxj/annual-report-and-accounts-2025-untagged.pdf#page=139"",""p.139 of AR"")","=HYPERLINK(""https://www.centrica.com/media/ckfb0qxj/annual-report-and-accounts-2025-untagged.pdf#page=143"",""p.143 of AR"")","=HYPERLINK(""https://www.centrica.com/media/ckfb0qxj/annual-report-and-accounts-2025-untagged.pdf#page=140"",""p.140 of AR"")",3
Centrica Plc,CNA LN Equity,Utilities,Utilities,Multi-Utilities,Multi-Utilities,8571.0,12.0,2025,Russell O'Brien,Chief Financial Officer (CFO),CFO,current,640000.0,GBP,1 April 2025,175.0,50.0,3.0,150.0,,,,,200.0,2.0,"AIP maximum opportunity increased from 150% to 175% of salary for FY2025; salary increased 8.5% to align with FTSE 100 CFO market median; no change to RSP award level, shareholding guideline, or pension.",,77,78,264,266,centrica_ar_2024,https://www.centrica.com/media/ckfb0qxj/annual-report-and-accounts-2025-untagged.pdf,"=HYPERLINK(""https://www.centrica.com/media/ckfb0qxj/annual-report-and-accounts-2025-untagged.pdf#page=123"",""p.123 of AR"")",76.0,"=HYPERLINK(""https://www.centrica.com/media/ckfb0qxj/annual-report-and-accounts-2025-untagged.pdf#page=123"",""p.123 of AR"")","=HYPERLINK(""https://www.centrica.com/media/ckfb0qxj/annual-report-and-accounts-2025-untagged.pdf#page=123"",""p.123 of AR"")","=HYPERLINK(""https://www.centrica.com/media/ckfb0qxj/annual-report-and-accounts-2025-untagged.pdf#page=143"",""p.143 of AR"")","=HYPERLINK(""https://www.centrica.com/media/ckfb0qxj/annual-report-and-accounts-2025-untagged.pdf#page=143"",""p.143 of AR"")",3
Centrica Plc,CNA LN Equity,Utilities,Utilities,Multi-Utilities,Multi-Utilities,8571.0,12.0,2026,Chris O'Shea,Group Chief Executive Officer,CEO,current,1133000.0,GBP,1 April 2026,200.0,50.0,3.0,200.0,,,,,400.0,2.0,"RSP maximum policy limit is 200% of salary (approved at 2025 AGM); CEO's RSP grant was held at 150% of salary in 2025 (phased approach following shareholder consultation) and will move to 200% of salary in 2026, one year later than originally planned. Salary increased 3% effective 1 April 2026.",1 April 2026,46,210,210,133,centrica_ar_2025,https://www.centrica.com/media/ckfb0qxj/annual-report-and-accounts-2025-untagged.pdf,"=HYPERLINK(""https://www.centrica.com/media/ckfb0qxj/annual-report-and-accounts-2025-untagged.pdf#page=90"",""p.90 of AR"")",46.0,"=HYPERLINK(""https://www.centrica.com/media/ckfb0qxj/annual-report-and-accounts-2025-untagged.pdf#page=90"",""p.90 of AR"")","=HYPERLINK(""https://www.centrica.com/media/ckfb0qxj/annual-report-and-accounts-2025-untagged.pdf#page=109"",""p.109 of AR"")","=HYPERLINK(""https://www.centrica.com/media/ckfb0qxj/annual-report-and-accounts-2025-untagged.pdf#page=109"",""p.109 of AR"")","=HYPERLINK(""https://www.centrica.com/media/ckfb0qxj/annual-report-and-accounts-2025-untagged.pdf#page=101"",""p.101 of AR"")",3
Centrica Plc,CNA LN Equity,Utilities,Utilities,Multi-Utilities,Multi-Utilities,8571.0,12.0,2026,Russell O'Brien,Group Chief Financial Officer,CFO,current,659200.0,GBP,1 April 2026,175.0,50.0,3.0,125.0,,,,,200.0,2.0,CFO's AIP maximum was increased to 175% of salary as part of the 2025 Remuneration Policy review (up from a prior lower level); no further change for 2026. RSP maximum remains at 125% of salary in 2026 (no change). Salary increased 3% effective 1 April 2026.,1 April 2026,46,210,210,133,centrica_ar_2025,https://www.centrica.com/media/ckfb0qxj/annual-report-and-accounts-2025-untagged.pdf,"=HYPERLINK(""https://www.centrica.com/media/ckfb0qxj/annual-report-and-accounts-2025-untagged.pdf#page=90"",""p.90 of AR"")",48.0,"=HYPERLINK(""https://www.centrica.com/media/ckfb0qxj/annual-report-and-accounts-2025-untagged.pdf#page=90"",""p.90 of AR"")","=HYPERLINK(""https://www.centrica.com/media/ckfb0qxj/annual-report-and-accounts-2025-untagged.pdf#page=109"",""p.109 of AR"")","=HYPERLINK(""https://www.centrica.com/media/ckfb0qxj/annual-report-and-accounts-2025-untagged.pdf#page=109"",""p.109 of AR"")","=HYPERLINK(""https://www.centrica.com/media/ckfb0qxj/annual-report-and-accounts-2025-untagged.pdf#page=101"",""p.101 of AR"")",3
Chemring Group Plc,CHG LN Equity,Industrials,Capital Goods,Aerospace & Defense,Aerospace & Defense,1257.0,10.0,2025,Michael Ord,Group Chief Executive,CEO,current,599134.0,GBP,1 January 2025,150.0,40.0,3.0,175.0,150.0,25.0,active,additive,200.0,2.0,LTIP normal maximum increased from 150% to 175% of salary (exceptional cap unchanged at 200%); cash conversion introduced as a new LTIP performance measure; bonus deferral reduced from 40% to 20% once minimum shareholding requirement (200%) is met; malus/clawback trigger events broadened to include failure of risk management and retirement-then-re-employment scenarios; threshold vesting for LTIP set at up to 25% of maximum (previously also 25% but with zero below threshold - clarified).,26 February 2025,170,170,176,106,chemring_group_ar_2024,https://www.chemring.com/~/media/Files/C/Chemring-V3/docs/chemring-annual-report-and-accounts-2025-v1.pdf,"=HYPERLINK(""https://www.chemring.com/~/media/Files/C/Chemring-V3/docs/chemring-annual-report-and-accounts-2025-v1.pdf#page=119"",""p.119 of AR"")",170.0,"=HYPERLINK(""https://www.chemring.com/~/media/Files/C/Chemring-V3/docs/chemring-annual-report-and-accounts-2025-v1.pdf#page=119"",""p.119 of AR"")","=HYPERLINK(""https://www.chemring.com/~/media/Files/C/Chemring-V3/docs/chemring-annual-report-and-accounts-2025-v1.pdf#page=119"",""p.119 of AR"")","=HYPERLINK(""https://www.chemring.com/~/media/Files/C/Chemring-V3/docs/chemring-annual-report-and-accounts-2025-v1.pdf#page=120"",""p.120 of AR"")","=HYPERLINK(""https://www.chemring.com/~/media/Files/C/Chemring-V3/docs/chemring-annual-report-and-accounts-2025-v1.pdf#page=115"",""p.115 of AR"")",3
Chemring Group Plc,CHG LN Equity,Industrials,Capital Goods,Aerospace & Defense,Aerospace & Defense,1257.0,10.0,2025,James Mortensen,Chief Financial Officer,CFO,current,415000.0,GBP,1 January 2025,125.0,40.0,3.0,175.0,150.0,25.0,active,additive,200.0,2.0,"One-off salary repositioning of circa 8% (plus standard 3.8% workforce-aligned increase) reflecting strong performance and increased PLC CFO experience, resulting in salary of £415,000; same LTIP quantum increase (150%→175%), bonus deferral relaxation, and malus/clawback broadening apply as for other executive directors.",26 February 2025,170,170,176,106,chemring_group_ar_2024,https://www.chemring.com/~/media/Files/C/Chemring-V3/docs/chemring-annual-report-and-accounts-2025-v1.pdf,"=HYPERLINK(""https://www.chemring.com/~/media/Files/C/Chemring-V3/docs/chemring-annual-report-and-accounts-2025-v1.pdf#page=119"",""p.119 of AR"")",170.0,"=HYPERLINK(""https://www.chemring.com/~/media/Files/C/Chemring-V3/docs/chemring-annual-report-and-accounts-2025-v1.pdf#page=119"",""p.119 of AR"")","=HYPERLINK(""https://www.chemring.com/~/media/Files/C/Chemring-V3/docs/chemring-annual-report-and-accounts-2025-v1.pdf#page=119"",""p.119 of AR"")","=HYPERLINK(""https://www.chemring.com/~/media/Files/C/Chemring-V3/docs/chemring-annual-report-and-accounts-2025-v1.pdf#page=120"",""p.120 of AR"")","=HYPERLINK(""https://www.chemring.com/~/media/Files/C/Chemring-V3/docs/chemring-annual-report-and-accounts-2025-v1.pdf#page=115"",""p.115 of AR"")",3
Chemring Group Plc,CHG LN Equity,Industrials,Capital Goods,Aerospace & Defense,Aerospace & Defense,1257.0,10.0,2025,Sarah Ellard,Group Legal Director & Company Secretary,Other Executive,current,302242.0,GBP,1 January 2025,125.0,40.0,3.0,175.0,150.0,25.0,active,additive,200.0,2.0,"Cost-of-living related 3.8% salary increase effective 1 January 2025 (in line with UK workforce average); same LTIP quantum increase (150%→175%), bonus deferral relaxation, and malus/clawback broadening apply as for other executive directors.",26 February 2025,170,170,176,106,chemring_group_ar_2024,https://www.chemring.com/~/media/Files/C/Chemring-V3/docs/chemring-annual-report-and-accounts-2025-v1.pdf,"=HYPERLINK(""https://www.chemring.com/~/media/Files/C/Chemring-V3/docs/chemring-annual-report-and-accounts-2025-v1.pdf#page=119"",""p.119 of AR"")",170.0,"=HYPERLINK(""https://www.chemring.com/~/media/Files/C/Chemring-V3/docs/chemring-annual-report-and-accounts-2025-v1.pdf#page=119"",""p.119 of AR"")","=HYPERLINK(""https://www.chemring.com/~/media/Files/C/Chemring-V3/docs/chemring-annual-report-and-accounts-2025-v1.pdf#page=119"",""p.119 of AR"")","=HYPERLINK(""https://www.chemring.com/~/media/Files/C/Chemring-V3/docs/chemring-annual-report-and-accounts-2025-v1.pdf#page=120"",""p.120 of AR"")","=HYPERLINK(""https://www.chemring.com/~/media/Files/C/Chemring-V3/docs/chemring-annual-report-and-accounts-2025-v1.pdf#page=115"",""p.115 of AR"")",3
Chemring Group Plc,CHG LN Equity,Industrials,Capital Goods,Aerospace & Defense,Aerospace & Defense,1257.0,10.0,2026,Michael Ord,Group Chief Executive,CEO,current,620103.0,GBP,1 January 2026,150.0,40.0,3.0,175.0,,,,,200.0,2.0,3.5% salary increase effective 1 Jan 2026; LTIP maximum EPS growth target increased to 13% p.a. (from 10% p.a.); bonus deferral reduced to 20% (from 40%) for executives who have met the 200% shareholding requirement.,1 January 2026,241,241,246,211,chemring_group_ar_2025,https://www.chemring.com/~/media/Files/C/Chemring-V3/docs/chemring-annual-report-and-accounts-2025-v1.pdf,"=HYPERLINK(""https://www.chemring.com/~/media/Files/C/Chemring-V3/docs/chemring-annual-report-and-accounts-2025-v1.pdf#page=92"",""p.92 of AR"")",241.0,"=HYPERLINK(""https://www.chemring.com/~/media/Files/C/Chemring-V3/docs/chemring-annual-report-and-accounts-2025-v1.pdf#page=92"",""p.92 of AR"")","=HYPERLINK(""https://www.chemring.com/~/media/Files/C/Chemring-V3/docs/chemring-annual-report-and-accounts-2025-v1.pdf#page=92"",""p.92 of AR"")","=HYPERLINK(""https://www.chemring.com/~/media/Files/C/Chemring-V3/docs/chemring-annual-report-and-accounts-2025-v1.pdf#page=93"",""p.93 of AR"")","=HYPERLINK(""https://www.chemring.com/~/media/Files/C/Chemring-V3/docs/chemring-annual-report-and-accounts-2025-v1.pdf#page=89"",""p.89 of AR"")",3
Chemring Group Plc,CHG LN Equity,Industrials,Capital Goods,Aerospace & Defense,Aerospace & Defense,1257.0,10.0,2026,James Mortensen,Chief Financial Officer,CFO,current,429525.0,GBP,1 January 2026,125.0,40.0,3.0,175.0,,,,,200.0,2.0,"3.5% salary increase effective 1 Jan 2026; LTIP maximum EPS growth target increased to 13% p.a. (from 10% p.a.); bonus deferral reduced to 20% (from 40%) for executives who have met the 200% shareholding requirement (note: as of the 2025 disclosures, Mortensen had not yet met the shareholding requirement, so 40% deferral applied to his 2025 bonus).",1 January 2026,241,241,246,211,chemring_group_ar_2025,https://www.chemring.com/~/media/Files/C/Chemring-V3/docs/chemring-annual-report-and-accounts-2025-v1.pdf,"=HYPERLINK(""https://www.chemring.com/~/media/Files/C/Chemring-V3/docs/chemring-annual-report-and-accounts-2025-v1.pdf#page=92"",""p.92 of AR"")",241.0,"=HYPERLINK(""https://www.chemring.com/~/media/Files/C/Chemring-V3/docs/chemring-annual-report-and-accounts-2025-v1.pdf#page=92"",""p.92 of AR"")","=HYPERLINK(""https://www.chemring.com/~/media/Files/C/Chemring-V3/docs/chemring-annual-report-and-accounts-2025-v1.pdf#page=92"",""p.92 of AR"")","=HYPERLINK(""https://www.chemring.com/~/media/Files/C/Chemring-V3/docs/chemring-annual-report-and-accounts-2025-v1.pdf#page=93"",""p.93 of AR"")","=HYPERLINK(""https://www.chemring.com/~/media/Files/C/Chemring-V3/docs/chemring-annual-report-and-accounts-2025-v1.pdf#page=89"",""p.89 of AR"")",3
Chemring Group Plc,CHG LN Equity,Industrials,Capital Goods,Aerospace & Defense,Aerospace & Defense,1257.0,10.0,2026,Sarah Ellard,Group Legal Director & Company Secretary,Other Executive,current,312820.0,GBP,1 January 2026,125.0,40.0,3.0,175.0,,,,,200.0,2.0,3.5% salary increase effective 1 Jan 2026; LTIP maximum EPS growth target increased to 13% p.a. (from 10% p.a.); bonus deferral reduced to 20% (from 40%) for executives who have met the 200% shareholding requirement.,1 January 2026,241,241,246,211,chemring_group_ar_2025,https://www.chemring.com/~/media/Files/C/Chemring-V3/docs/chemring-annual-report-and-accounts-2025-v1.pdf,"=HYPERLINK(""https://www.chemring.com/~/media/Files/C/Chemring-V3/docs/chemring-annual-report-and-accounts-2025-v1.pdf#page=92"",""p.92 of AR"")",241.0,"=HYPERLINK(""https://www.chemring.com/~/media/Files/C/Chemring-V3/docs/chemring-annual-report-and-accounts-2025-v1.pdf#page=92"",""p.92 of AR"")","=HYPERLINK(""https://www.chemring.com/~/media/Files/C/Chemring-V3/docs/chemring-annual-report-and-accounts-2025-v1.pdf#page=92"",""p.92 of AR"")","=HYPERLINK(""https://www.chemring.com/~/media/Files/C/Chemring-V3/docs/chemring-annual-report-and-accounts-2025-v1.pdf#page=93"",""p.93 of AR"")","=HYPERLINK(""https://www.chemring.com/~/media/Files/C/Chemring-V3/docs/chemring-annual-report-and-accounts-2025-v1.pdf#page=89"",""p.89 of AR"")",3
Chesnara Plc,CSN LN Equity,Financials,Insurance,Insurance,Life & Health Insurance,742.6,12.0,2025,Steve Murray,Group Chief Executive Officer (Group CEO),CEO,current,525000.0,GBP,,100.0,35.0,3.0,125.0,,,,,200.0,2.0,"No material changes to Remuneration Policy — the 2025 STIS and LTIP quantums and performance measures remain unchanged from 2024. Salary increased by 2.1%, broadly in line with inflation/workforce increases.",,54,3,3,79,chesnara_ar_2024,https://www.chesnara.co.uk/~/media/Files/C/Chesnara-Plc-V2/documents/reports-and-presentations/financial-reports/2025/chesnara-report-and-accounts-2025.pdf,"=HYPERLINK(""https://www.chesnara.co.uk/~/media/Files/C/Chesnara-Plc-V2/documents/reports-and-presentations/financial-reports/2025/chesnara-report-and-accounts-2025.pdf#page=111"",""p.111 of AR"")",3.0,"=HYPERLINK(""https://www.chesnara.co.uk/~/media/Files/C/Chesnara-Plc-V2/documents/reports-and-presentations/financial-reports/2025/chesnara-report-and-accounts-2025.pdf#page=118"",""p.118 of AR"")","=HYPERLINK(""https://www.chesnara.co.uk/~/media/Files/C/Chesnara-Plc-V2/documents/reports-and-presentations/financial-reports/2025/chesnara-report-and-accounts-2025.pdf#page=111"",""p.111 of AR"")","=HYPERLINK(""https://www.chesnara.co.uk/~/media/Files/C/Chesnara-Plc-V2/documents/reports-and-presentations/financial-reports/2025/chesnara-report-and-accounts-2025.pdf#page=111"",""p.111 of AR"")","=HYPERLINK(""https://www.chesnara.co.uk/~/media/Files/C/Chesnara-Plc-V2/documents/reports-and-presentations/financial-reports/2025/chesnara-report-and-accounts-2025.pdf#page=120"",""p.120 of AR"")",3
Chesnara Plc,CSN LN Equity,Financials,Insurance,Insurance,Life & Health Insurance,742.6,12.0,2025,Tom Howard,Group Chief Financial Officer (Group CFO),CFO,current,247906.0,GBP,,100.0,35.0,3.0,100.0,,,,,200.0,2.0,"No material changes to Remuneration Policy — the 2025 STIS and LTIP quantums and performance measures remain unchanged from 2024, aside from the routine annual salary increase (2.0%) and Tom Howard's buy-out awards (compensation for forfeited prior-employer schemes, not part of ongoing policy).",,54,3,3,79,chesnara_ar_2024,https://www.chesnara.co.uk/~/media/Files/C/Chesnara-Plc-V2/documents/reports-and-presentations/financial-reports/2025/chesnara-report-and-accounts-2025.pdf,"=HYPERLINK(""https://www.chesnara.co.uk/~/media/Files/C/Chesnara-Plc-V2/documents/reports-and-presentations/financial-reports/2025/chesnara-report-and-accounts-2025.pdf#page=111"",""p.111 of AR"")",3.0,"=HYPERLINK(""https://www.chesnara.co.uk/~/media/Files/C/Chesnara-Plc-V2/documents/reports-and-presentations/financial-reports/2025/chesnara-report-and-accounts-2025.pdf#page=118"",""p.118 of AR"")","=HYPERLINK(""https://www.chesnara.co.uk/~/media/Files/C/Chesnara-Plc-V2/documents/reports-and-presentations/financial-reports/2025/chesnara-report-and-accounts-2025.pdf#page=111"",""p.111 of AR"")","=HYPERLINK(""https://www.chesnara.co.uk/~/media/Files/C/Chesnara-Plc-V2/documents/reports-and-presentations/financial-reports/2025/chesnara-report-and-accounts-2025.pdf#page=111"",""p.111 of AR"")","=HYPERLINK(""https://www.chesnara.co.uk/~/media/Files/C/Chesnara-Plc-V2/documents/reports-and-presentations/financial-reports/2025/chesnara-report-and-accounts-2025.pdf#page=120"",""p.120 of AR"")",3
Chesnara Plc,CSN LN Equity,Financials,Insurance,Insurance,Life & Health Insurance,742.6,12.0,2026,Steve Murray,Group Chief Executive Officer (CEO),CEO,current,625000.0,GBP,Backdated to start of 2026,175.0,35.0,3.0,250.0,,,,,200.0,2.0,Salary increased 16.6% (backdated); annual bonus maximum increased from 100% to 175% of salary; LTIP maximum increased from 125% to 250% of salary; new flexibility introduced (not yet used) to reduce/remove bonus deferral once shareholding requirement is met.,2026 AGM,126,199,214,230,chesnara_ar_2025,https://www.chesnara.co.uk/~/media/Files/C/Chesnara-Plc-V2/documents/reports-and-presentations/financial-reports/2025/chesnara-report-and-accounts-2025.pdf,"=HYPERLINK(""https://www.chesnara.co.uk/~/media/Files/C/Chesnara-Plc-V2/documents/reports-and-presentations/financial-reports/2025/chesnara-report-and-accounts-2025.pdf#page=111"",""p.111 of AR"")",23.0,"=HYPERLINK(""https://www.chesnara.co.uk/~/media/Files/C/Chesnara-Plc-V2/documents/reports-and-presentations/financial-reports/2025/chesnara-report-and-accounts-2025.pdf#page=122"",""p.122 of AR"")","=HYPERLINK(""https://www.chesnara.co.uk/~/media/Files/C/Chesnara-Plc-V2/documents/reports-and-presentations/financial-reports/2025/chesnara-report-and-accounts-2025.pdf#page=128"",""p.128 of AR"")","=HYPERLINK(""https://www.chesnara.co.uk/~/media/Files/C/Chesnara-Plc-V2/documents/reports-and-presentations/financial-reports/2025/chesnara-report-and-accounts-2025.pdf#page=128"",""p.128 of AR"")","=HYPERLINK(""https://www.chesnara.co.uk/~/media/Files/C/Chesnara-Plc-V2/documents/reports-and-presentations/financial-reports/2025/chesnara-report-and-accounts-2025.pdf#page=129"",""p.129 of AR"")",3
Chesnara Plc,CSN LN Equity,Financials,Insurance,Insurance,Life & Health Insurance,742.6,12.0,2026,Tom Howard,Group Chief Financial Officer (CFO),CFO,current,415000.0,GBP,Backdated to start of 2026,150.0,35.0,3.0,200.0,,,,,200.0,2.0,Salary increased 16.2% (backdated); annual bonus maximum increased from 100% to 150% of salary; LTIP maximum increased from 125% to 200% of salary; new flexibility introduced (not yet used) to reduce/remove bonus deferral once shareholding requirement is met.,2026 AGM,126,199,214,230,chesnara_ar_2025,https://www.chesnara.co.uk/~/media/Files/C/Chesnara-Plc-V2/documents/reports-and-presentations/financial-reports/2025/chesnara-report-and-accounts-2025.pdf,"=HYPERLINK(""https://www.chesnara.co.uk/~/media/Files/C/Chesnara-Plc-V2/documents/reports-and-presentations/financial-reports/2025/chesnara-report-and-accounts-2025.pdf#page=111"",""p.111 of AR"")",24.0,"=HYPERLINK(""https://www.chesnara.co.uk/~/media/Files/C/Chesnara-Plc-V2/documents/reports-and-presentations/financial-reports/2025/chesnara-report-and-accounts-2025.pdf#page=122"",""p.122 of AR"")","=HYPERLINK(""https://www.chesnara.co.uk/~/media/Files/C/Chesnara-Plc-V2/documents/reports-and-presentations/financial-reports/2025/chesnara-report-and-accounts-2025.pdf#page=128"",""p.128 of AR"")","=HYPERLINK(""https://www.chesnara.co.uk/~/media/Files/C/Chesnara-Plc-V2/documents/reports-and-presentations/financial-reports/2025/chesnara-report-and-accounts-2025.pdf#page=128"",""p.128 of AR"")","=HYPERLINK(""https://www.chesnara.co.uk/~/media/Files/C/Chesnara-Plc-V2/documents/reports-and-presentations/financial-reports/2025/chesnara-report-and-accounts-2025.pdf#page=129"",""p.129 of AR"")",3
Clarkson Plc,CKN LN Equity,Industrials,Transportation,Marine Transportation,Marine Transportation,1437.6,12.0,2025,Andi Case,Chief Executive Officer,CEO,current,550000.0,GBP,1 January 2025,,10.0,4.0,200.0,,,,,200.0,,"No changes — salary frozen since 2008 appointment; bonus structure, LTIP quantum (150% of salary, up to 200% in exceptional circumstances) and shareholding guideline (200%) all unchanged for 2025",,76,,202,206,clarkson_ar_2024,https://www.clarksons.com/media/a3zhn1uv/clarksons-plc-annual-report-2025.pdf,"=HYPERLINK(""https://www.clarksons.com/media/a3zhn1uv/clarksons-plc-annual-report-2025.pdf#page=122"",""p.122 of AR"")",60.0,"=HYPERLINK(""https://www.clarksons.com/media/a3zhn1uv/clarksons-plc-annual-report-2025.pdf#page=123"",""p.123 of AR"")",,"=HYPERLINK(""https://www.clarksons.com/media/a3zhn1uv/clarksons-plc-annual-report-2025.pdf#page=135"",""p.135 of AR"")","=HYPERLINK(""https://www.clarksons.com/media/a3zhn1uv/clarksons-plc-annual-report-2025.pdf#page=136"",""p.136 of AR"")",3
Clarkson Plc,CKN LN Equity,Industrials,Transportation,Marine Transportation,Marine Transportation,1437.6,12.0,2025,Jeff Woyda,Chief Financial Officer & Chief Operating Officer,CFO,current,350000.0,GBP,1 January 2025,,10.0,4.0,200.0,,,,,200.0,,"No changes — salary frozen since 2015 appointment; bonus structure (including personal objective-based allocation), LTIP quantum (150% of salary, up to 200% in exceptional circumstances) and shareholding guideline (200%) all unchanged for 2025",,76,,202,206,clarkson_ar_2024,https://www.clarksons.com/media/a3zhn1uv/clarksons-plc-annual-report-2025.pdf,"=HYPERLINK(""https://www.clarksons.com/media/a3zhn1uv/clarksons-plc-annual-report-2025.pdf#page=122"",""p.122 of AR"")",60.0,"=HYPERLINK(""https://www.clarksons.com/media/a3zhn1uv/clarksons-plc-annual-report-2025.pdf#page=123"",""p.123 of AR"")",,"=HYPERLINK(""https://www.clarksons.com/media/a3zhn1uv/clarksons-plc-annual-report-2025.pdf#page=135"",""p.135 of AR"")","=HYPERLINK(""https://www.clarksons.com/media/a3zhn1uv/clarksons-plc-annual-report-2025.pdf#page=136"",""p.136 of AR"")",3
Clarkson Plc,CKN LN Equity,Industrials,Transportation,Marine Transportation,Marine Transportation,1437.6,12.0,2026,Andi Case,Chief Executive Officer,CEO,current,550000.0,GBP,,,10.0,4.0,250.0,150.0,100.0,active,additive,200.0,2.0,LTIP maximum award level increased from 150% to 250% of salary (first increase since 2007) to bring in line with market norms; otherwise Policy substantially unchanged aside from minor clarifications; overall pay structure for incumbent Executive Directors retained.,2026-2028 (subject to AGM approval 7 May 2026),106,220,222,147,clarkson_ar_2025,https://www.clarksons.com/media/a3zhn1uv/clarksons-plc-annual-report-2025.pdf,"=HYPERLINK(""https://www.clarksons.com/media/a3zhn1uv/clarksons-plc-annual-report-2025.pdf#page=58"",""p.58 of AR"")",106.0,"=HYPERLINK(""https://www.clarksons.com/media/a3zhn1uv/clarksons-plc-annual-report-2025.pdf#page=58"",""p.58 of AR"")","=HYPERLINK(""https://www.clarksons.com/media/a3zhn1uv/clarksons-plc-annual-report-2025.pdf#page=64"",""p.64 of AR"")","=HYPERLINK(""https://www.clarksons.com/media/a3zhn1uv/clarksons-plc-annual-report-2025.pdf#page=64"",""p.64 of AR"")","=HYPERLINK(""https://www.clarksons.com/media/a3zhn1uv/clarksons-plc-annual-report-2025.pdf#page=60"",""p.60 of AR"")",3
Clarkson Plc,CKN LN Equity,Industrials,Transportation,Marine Transportation,Marine Transportation,1437.6,12.0,2026,Jeff Woyda,Chief Financial Officer & Chief Operating Officer,CFO,current,350000.0,GBP,,,10.0,4.0,250.0,150.0,100.0,active,additive,200.0,2.0,"LTIP maximum award level increased from 150% to 250% of salary; otherwise Policy substantially unchanged; Committee is managing transition following September 2025 announcement of planned retirement, with a formal process underway to replace the CFO & COO role, and remuneration for 2026 subject to pro-rating around his 14 September 2026 retirement date.",2026-2028 (subject to AGM approval 7 May 2026); retiring 14 September 2026,106,220,222,147,clarkson_ar_2025,https://www.clarksons.com/media/a3zhn1uv/clarksons-plc-annual-report-2025.pdf,"=HYPERLINK(""https://www.clarksons.com/media/a3zhn1uv/clarksons-plc-annual-report-2025.pdf#page=58"",""p.58 of AR"")",106.0,"=HYPERLINK(""https://www.clarksons.com/media/a3zhn1uv/clarksons-plc-annual-report-2025.pdf#page=58"",""p.58 of AR"")","=HYPERLINK(""https://www.clarksons.com/media/a3zhn1uv/clarksons-plc-annual-report-2025.pdf#page=64"",""p.64 of AR"")","=HYPERLINK(""https://www.clarksons.com/media/a3zhn1uv/clarksons-plc-annual-report-2025.pdf#page=64"",""p.64 of AR"")","=HYPERLINK(""https://www.clarksons.com/media/a3zhn1uv/clarksons-plc-annual-report-2025.pdf#page=60"",""p.60 of AR"")",3
Close Brothers Group Plc,CBG LN Equity,Financials,Banks,Banks,Diversified Banks,665.1,7.0,2026,Mike Morgan,Chief Executive,CEO,current,968000.0,GBP,1 August 2025,95.0,60.0,3.0,80.0,,,,,200.0,2.0,"Continuing the interim restricted stock incentive model for FY2026, unchanged from the FY2025 approach — replaces both the annual bonus and the performance share LTIP. Award value set at 75% of salary (£726,000), below the 80% maximum, vesting 100% after year three subject to performance underpins, followed by a two-year holding period. Clawback period remains 7 years (extendable to 10). No salary increase for 2026.",1 August 2025,94,170,175,174,close_brothers_group_ar_2025,https://www.closebrothers.com/system/files/rrp/reports/CBGAnnualReport2025.pdf,"=HYPERLINK(""https://www.closebrothers.com/system/files/rrp/reports/CBGAnnualReport2025.pdf#page=150"",""p.150 of AR"")",25.0,"=HYPERLINK(""https://www.closebrothers.com/system/files/rrp/reports/CBGAnnualReport2025.pdf#page=157"",""p.157 of AR"")","=HYPERLINK(""https://www.closebrothers.com/system/files/rrp/reports/CBGAnnualReport2025.pdf#page=163"",""p.163 of AR"")","=HYPERLINK(""https://www.closebrothers.com/system/files/rrp/reports/CBGAnnualReport2025.pdf#page=164"",""p.164 of AR"")","=HYPERLINK(""https://www.closebrothers.com/system/files/rrp/reports/CBGAnnualReport2025.pdf#page=164"",""p.164 of AR"")",3
Close Brothers Group Plc,CBG LN Equity,Financials,Banks,Banks,Diversified Banks,665.1,7.0,2026,Fiona McCarthy,Group Chief Finance Officer,CFO,current,500000.0,GBP,29 August 2025,95.0,60.0,3.0,80.0,,,,,200.0,2.0,"Newly appointed Executive Director; remuneration package designed to reflect the reduced complexity of the group following the sale of CBAM and Winterflood. Participates in the same interim restricted stock model as the Chief Executive for 2026 (replacing annual bonus and LTIP), with award set at 62% of salary (£310,000), below the 80% maximum.",29 August 2025,94,170,175,174,close_brothers_group_ar_2025,https://www.closebrothers.com/system/files/rrp/reports/CBGAnnualReport2025.pdf,"=HYPERLINK(""https://www.closebrothers.com/system/files/rrp/reports/CBGAnnualReport2025.pdf#page=151"",""p.151 of AR"")",32.0,"=HYPERLINK(""https://www.closebrothers.com/system/files/rrp/reports/CBGAnnualReport2025.pdf#page=157"",""p.157 of AR"")","=HYPERLINK(""https://www.closebrothers.com/system/files/rrp/reports/CBGAnnualReport2025.pdf#page=163"",""p.163 of AR"")","=HYPERLINK(""https://www.closebrothers.com/system/files/rrp/reports/CBGAnnualReport2025.pdf#page=164"",""p.164 of AR"")","=HYPERLINK(""https://www.closebrothers.com/system/files/rrp/reports/CBGAnnualReport2025.pdf#page=164"",""p.164 of AR"")",3
CMC Markets Plc,CMCX LN Equity,Financials,Financial Services,Capital Markets,Investment Banking & Brokerage,1055.1,3.0,2025,Peter Cruddas,Chief Executive Officer,CEO,current,703000.0,GBP,,135.0,60.0,5.0,200.0,,,,,200.0,2.0,No change to CEO's CIP maximum (remains 135% of salary); Policy incorporates FCA Consumer Duty requirements; MEP is a new plan replacing the 2015 MEP on broadly similar (recruitment-only) terms.,,210,188,55,190,cmc_markets_ar_2024,https://downloads.ctfassets.net/qjd94rsxb7ou/1BQ8NPMRLmRnQ5WYFmP6l5/489567b4852a29b7452a8917c3e902b1/213800VB75KAZBFH5U07-2025-03-31-T01.xhtml,"=HYPERLINK(""https://downloads.ctfassets.net/qjd94rsxb7ou/1BQ8NPMRLmRnQ5WYFmP6l5/489567b4852a29b7452a8917c3e902b1/213800VB75KAZBFH5U07-2025-03-31-T01.xhtml#page=108"",""p.108 of AR"")",151.0,"=HYPERLINK(""https://downloads.ctfassets.net/qjd94rsxb7ou/1BQ8NPMRLmRnQ5WYFmP6l5/489567b4852a29b7452a8917c3e902b1/213800VB75KAZBFH5U07-2025-03-31-T01.xhtml#page=114"",""p.114 of AR"")","=HYPERLINK(""https://downloads.ctfassets.net/qjd94rsxb7ou/1BQ8NPMRLmRnQ5WYFmP6l5/489567b4852a29b7452a8917c3e902b1/213800VB75KAZBFH5U07-2025-03-31-T01.xhtml#page=112"",""p.112 of AR"")","=HYPERLINK(""https://downloads.ctfassets.net/qjd94rsxb7ou/1BQ8NPMRLmRnQ5WYFmP6l5/489567b4852a29b7452a8917c3e902b1/213800VB75KAZBFH5U07-2025-03-31-T01.xhtml#page=100"",""p.100 of AR"")","=HYPERLINK(""https://downloads.ctfassets.net/qjd94rsxb7ou/1BQ8NPMRLmRnQ5WYFmP6l5/489567b4852a29b7452a8917c3e902b1/213800VB75KAZBFH5U07-2025-03-31-T01.xhtml#page=112"",""p.112 of AR"")",3
CMC Markets Plc,CMCX LN Equity,Financials,Financial Services,Capital Markets,Investment Banking & Brokerage,1055.1,3.0,2025,David Fineberg,Deputy Chief Executive Officer,Other Executive,current,,GBP,,350.0,60.0,5.0,200.0,,,,,200.0,2.0,"CIP maximum opportunity for Executive Directors other than the CEO increased from 300% to 350% of salary, split as 140% cash/210% deferred shares (previously 120%/180%).",,18,188,55,190,cmc_markets_ar_2024,https://downloads.ctfassets.net/qjd94rsxb7ou/1BQ8NPMRLmRnQ5WYFmP6l5/489567b4852a29b7452a8917c3e902b1/213800VB75KAZBFH5U07-2025-03-31-T01.xhtml,"=HYPERLINK(""https://downloads.ctfassets.net/qjd94rsxb7ou/1BQ8NPMRLmRnQ5WYFmP6l5/489567b4852a29b7452a8917c3e902b1/213800VB75KAZBFH5U07-2025-03-31-T01.xhtml#page=97"",""p.97 of AR"")",18.0,"=HYPERLINK(""https://downloads.ctfassets.net/qjd94rsxb7ou/1BQ8NPMRLmRnQ5WYFmP6l5/489567b4852a29b7452a8917c3e902b1/213800VB75KAZBFH5U07-2025-03-31-T01.xhtml#page=97"",""p.97 of AR"")","=HYPERLINK(""https://downloads.ctfassets.net/qjd94rsxb7ou/1BQ8NPMRLmRnQ5WYFmP6l5/489567b4852a29b7452a8917c3e902b1/213800VB75KAZBFH5U07-2025-03-31-T01.xhtml#page=112"",""p.112 of AR"")","=HYPERLINK(""https://downloads.ctfassets.net/qjd94rsxb7ou/1BQ8NPMRLmRnQ5WYFmP6l5/489567b4852a29b7452a8917c3e902b1/213800VB75KAZBFH5U07-2025-03-31-T01.xhtml#page=100"",""p.100 of AR"")","=HYPERLINK(""https://downloads.ctfassets.net/qjd94rsxb7ou/1BQ8NPMRLmRnQ5WYFmP6l5/489567b4852a29b7452a8917c3e902b1/213800VB75KAZBFH5U07-2025-03-31-T01.xhtml#page=112"",""p.112 of AR"")",3
CMC Markets Plc,CMCX LN Equity,Financials,Financial Services,Capital Markets,Investment Banking & Brokerage,1055.1,3.0,2025,Albert Soleiman,Chief Financial Officer,CFO,current,,GBP,1 September 2023,350.0,60.0,5.0,200.0,,,,,200.0,2.0,"CIP maximum increased from 300% to 350% of salary, split 140% cash/210% deferred shares; remuneration arrangements on appointment set in line with Policy and consistent with predecessor.",,27,188,55,190,cmc_markets_ar_2024,https://downloads.ctfassets.net/qjd94rsxb7ou/1BQ8NPMRLmRnQ5WYFmP6l5/489567b4852a29b7452a8917c3e902b1/213800VB75KAZBFH5U07-2025-03-31-T01.xhtml,"=HYPERLINK(""https://downloads.ctfassets.net/qjd94rsxb7ou/1BQ8NPMRLmRnQ5WYFmP6l5/489567b4852a29b7452a8917c3e902b1/213800VB75KAZBFH5U07-2025-03-31-T01.xhtml#page=97"",""p.97 of AR"")",25.0,"=HYPERLINK(""https://downloads.ctfassets.net/qjd94rsxb7ou/1BQ8NPMRLmRnQ5WYFmP6l5/489567b4852a29b7452a8917c3e902b1/213800VB75KAZBFH5U07-2025-03-31-T01.xhtml#page=97"",""p.97 of AR"")","=HYPERLINK(""https://downloads.ctfassets.net/qjd94rsxb7ou/1BQ8NPMRLmRnQ5WYFmP6l5/489567b4852a29b7452a8917c3e902b1/213800VB75KAZBFH5U07-2025-03-31-T01.xhtml#page=112"",""p.112 of AR"")","=HYPERLINK(""https://downloads.ctfassets.net/qjd94rsxb7ou/1BQ8NPMRLmRnQ5WYFmP6l5/489567b4852a29b7452a8917c3e902b1/213800VB75KAZBFH5U07-2025-03-31-T01.xhtml#page=100"",""p.100 of AR"")","=HYPERLINK(""https://downloads.ctfassets.net/qjd94rsxb7ou/1BQ8NPMRLmRnQ5WYFmP6l5/489567b4852a29b7452a8917c3e902b1/213800VB75KAZBFH5U07-2025-03-31-T01.xhtml#page=112"",""p.112 of AR"")",3
CMC Markets Plc,CMCX LN Equity,Financials,Financial Services,Capital Markets,Investment Banking & Brokerage,1055.1,3.0,2025,Matthew Lewis,Head of Asia Pacific & Canada,Other Executive,current,,GBP,,350.0,60.0,5.0,200.0,,,,,200.0,2.0,"CIP maximum opportunity increased from 300% to 350% of salary, split 140% cash/210% deferred shares.",,18,188,55,190,cmc_markets_ar_2024,https://downloads.ctfassets.net/qjd94rsxb7ou/1BQ8NPMRLmRnQ5WYFmP6l5/489567b4852a29b7452a8917c3e902b1/213800VB75KAZBFH5U07-2025-03-31-T01.xhtml,"=HYPERLINK(""https://downloads.ctfassets.net/qjd94rsxb7ou/1BQ8NPMRLmRnQ5WYFmP6l5/489567b4852a29b7452a8917c3e902b1/213800VB75KAZBFH5U07-2025-03-31-T01.xhtml#page=97"",""p.97 of AR"")",18.0,"=HYPERLINK(""https://downloads.ctfassets.net/qjd94rsxb7ou/1BQ8NPMRLmRnQ5WYFmP6l5/489567b4852a29b7452a8917c3e902b1/213800VB75KAZBFH5U07-2025-03-31-T01.xhtml#page=97"",""p.97 of AR"")","=HYPERLINK(""https://downloads.ctfassets.net/qjd94rsxb7ou/1BQ8NPMRLmRnQ5WYFmP6l5/489567b4852a29b7452a8917c3e902b1/213800VB75KAZBFH5U07-2025-03-31-T01.xhtml#page=112"",""p.112 of AR"")","=HYPERLINK(""https://downloads.ctfassets.net/qjd94rsxb7ou/1BQ8NPMRLmRnQ5WYFmP6l5/489567b4852a29b7452a8917c3e902b1/213800VB75KAZBFH5U07-2025-03-31-T01.xhtml#page=100"",""p.100 of AR"")","=HYPERLINK(""https://downloads.ctfassets.net/qjd94rsxb7ou/1BQ8NPMRLmRnQ5WYFmP6l5/489567b4852a29b7452a8917c3e902b1/213800VB75KAZBFH5U07-2025-03-31-T01.xhtml#page=112"",""p.112 of AR"")",3
CMC Markets Plc,CMCX LN Equity,Financials,Financial Services,Capital Markets,Investment Banking & Brokerage,1055.1,3.0,2026,Peter Cruddas,Chief Executive Officer,CEO,current,1000000.0,GBP,FY2025/26,250.0,60.0,5.0,200.0,,,,,200.0,2.0,"One-off salary increase from £700,000 to £1,000,000 (43%) to right-size CEO pay; CIP maximum opportunity increased from 135% to 250% of salary to align with other Executive Directors — requires shareholder approval at 2025 AGM",,34.0,167,54.0,56,cmc_markets_ar_2025,https://downloads.ctfassets.net/qjd94rsxb7ou/1BQ8NPMRLmRnQ5WYFmP6l5/489567b4852a29b7452a8917c3e902b1/213800VB75KAZBFH5U07-2025-03-31-T01.xhtml,"=HYPERLINK(""https://downloads.ctfassets.net/qjd94rsxb7ou/1BQ8NPMRLmRnQ5WYFmP6l5/489567b4852a29b7452a8917c3e902b1/213800VB75KAZBFH5U07-2025-03-31-T01.xhtml#page=69"",""p.69 of AR"")",88.0,"=HYPERLINK(""https://downloads.ctfassets.net/qjd94rsxb7ou/1BQ8NPMRLmRnQ5WYFmP6l5/489567b4852a29b7452a8917c3e902b1/213800VB75KAZBFH5U07-2025-03-31-T01.xhtml#page=64"",""p.64 of AR"")","=HYPERLINK(""https://downloads.ctfassets.net/qjd94rsxb7ou/1BQ8NPMRLmRnQ5WYFmP6l5/489567b4852a29b7452a8917c3e902b1/213800VB75KAZBFH5U07-2025-03-31-T01.xhtml#page=76"",""p.76 of AR"")","=HYPERLINK(""https://downloads.ctfassets.net/qjd94rsxb7ou/1BQ8NPMRLmRnQ5WYFmP6l5/489567b4852a29b7452a8917c3e902b1/213800VB75KAZBFH5U07-2025-03-31-T01.xhtml#page=67"",""p.67 of AR"")","=HYPERLINK(""https://downloads.ctfassets.net/qjd94rsxb7ou/1BQ8NPMRLmRnQ5WYFmP6l5/489567b4852a29b7452a8917c3e902b1/213800VB75KAZBFH5U07-2025-03-31-T01.xhtml#page=67"",""p.67 of AR"")",3
CMC Markets Plc,CMCX LN Equity,Financials,Financial Services,Capital Markets,Investment Banking & Brokerage,1055.1,3.0,2026,David Fineberg,Deputy Chief Executive Officer,Other Executive,current,365800.0,GBP,,350.0,60.0,5.0,200.0,,,,,200.0,2.0,No changes,,148.0,167,54.0,56,cmc_markets_ar_2025,https://downloads.ctfassets.net/qjd94rsxb7ou/1BQ8NPMRLmRnQ5WYFmP6l5/489567b4852a29b7452a8917c3e902b1/213800VB75KAZBFH5U07-2025-03-31-T01.xhtml,"=HYPERLINK(""https://downloads.ctfassets.net/qjd94rsxb7ou/1BQ8NPMRLmRnQ5WYFmP6l5/489567b4852a29b7452a8917c3e902b1/213800VB75KAZBFH5U07-2025-03-31-T01.xhtml#page=69"",""p.69 of AR"")",88.0,"=HYPERLINK(""https://downloads.ctfassets.net/qjd94rsxb7ou/1BQ8NPMRLmRnQ5WYFmP6l5/489567b4852a29b7452a8917c3e902b1/213800VB75KAZBFH5U07-2025-03-31-T01.xhtml#page=75"",""p.75 of AR"")","=HYPERLINK(""https://downloads.ctfassets.net/qjd94rsxb7ou/1BQ8NPMRLmRnQ5WYFmP6l5/489567b4852a29b7452a8917c3e902b1/213800VB75KAZBFH5U07-2025-03-31-T01.xhtml#page=76"",""p.76 of AR"")","=HYPERLINK(""https://downloads.ctfassets.net/qjd94rsxb7ou/1BQ8NPMRLmRnQ5WYFmP6l5/489567b4852a29b7452a8917c3e902b1/213800VB75KAZBFH5U07-2025-03-31-T01.xhtml#page=67"",""p.67 of AR"")","=HYPERLINK(""https://downloads.ctfassets.net/qjd94rsxb7ou/1BQ8NPMRLmRnQ5WYFmP6l5/489567b4852a29b7452a8917c3e902b1/213800VB75KAZBFH5U07-2025-03-31-T01.xhtml#page=67"",""p.67 of AR"")",3
CMC Markets Plc,CMCX LN Equity,Financials,Financial Services,Capital Markets,Investment Banking & Brokerage,1055.1,3.0,2026,Matthew Lewis,Head of ANZ,Other Executive,current,273500.0,GBP,,350.0,60.0,5.0,200.0,,,,,200.0,2.0,"No changes (salary movement reflects FX, not a policy decision)",,148.0,167,54.0,56,cmc_markets_ar_2025,https://downloads.ctfassets.net/qjd94rsxb7ou/1BQ8NPMRLmRnQ5WYFmP6l5/489567b4852a29b7452a8917c3e902b1/213800VB75KAZBFH5U07-2025-03-31-T01.xhtml,"=HYPERLINK(""https://downloads.ctfassets.net/qjd94rsxb7ou/1BQ8NPMRLmRnQ5WYFmP6l5/489567b4852a29b7452a8917c3e902b1/213800VB75KAZBFH5U07-2025-03-31-T01.xhtml#page=69"",""p.69 of AR"")",88.0,"=HYPERLINK(""https://downloads.ctfassets.net/qjd94rsxb7ou/1BQ8NPMRLmRnQ5WYFmP6l5/489567b4852a29b7452a8917c3e902b1/213800VB75KAZBFH5U07-2025-03-31-T01.xhtml#page=75"",""p.75 of AR"")","=HYPERLINK(""https://downloads.ctfassets.net/qjd94rsxb7ou/1BQ8NPMRLmRnQ5WYFmP6l5/489567b4852a29b7452a8917c3e902b1/213800VB75KAZBFH5U07-2025-03-31-T01.xhtml#page=76"",""p.76 of AR"")","=HYPERLINK(""https://downloads.ctfassets.net/qjd94rsxb7ou/1BQ8NPMRLmRnQ5WYFmP6l5/489567b4852a29b7452a8917c3e902b1/213800VB75KAZBFH5U07-2025-03-31-T01.xhtml#page=67"",""p.67 of AR"")","=HYPERLINK(""https://downloads.ctfassets.net/qjd94rsxb7ou/1BQ8NPMRLmRnQ5WYFmP6l5/489567b4852a29b7452a8917c3e902b1/213800VB75KAZBFH5U07-2025-03-31-T01.xhtml#page=67"",""p.67 of AR"")",3
CMC Markets Plc,CMCX LN Equity,Financials,Financial Services,Capital Markets,Investment Banking & Brokerage,1055.1,3.0,2026,Laurence Booth,Global Head of Capital Markets,Other Executive,current,,,,350.0,60.0,5.0,,,,,,200.0,2.0,New appointment as Executive Director effective 5 June 2025; pension arrangement specified as 7% of salary or cash in lieu (net employer cost); notice period 6 months from Company and Director,5 June 2025,,84,,56,cmc_markets_ar_2025,https://downloads.ctfassets.net/qjd94rsxb7ou/1BQ8NPMRLmRnQ5WYFmP6l5/489567b4852a29b7452a8917c3e902b1/213800VB75KAZBFH5U07-2025-03-31-T01.xhtml,"=HYPERLINK(""https://downloads.ctfassets.net/qjd94rsxb7ou/1BQ8NPMRLmRnQ5WYFmP6l5/489567b4852a29b7452a8917c3e902b1/213800VB75KAZBFH5U07-2025-03-31-T01.xhtml#page=64"",""p.64 of AR"")",32.0,,"=HYPERLINK(""https://downloads.ctfassets.net/qjd94rsxb7ou/1BQ8NPMRLmRnQ5WYFmP6l5/489567b4852a29b7452a8917c3e902b1/213800VB75KAZBFH5U07-2025-03-31-T01.xhtml#page=69"",""p.69 of AR"")",,"=HYPERLINK(""https://downloads.ctfassets.net/qjd94rsxb7ou/1BQ8NPMRLmRnQ5WYFmP6l5/489567b4852a29b7452a8917c3e902b1/213800VB75KAZBFH5U07-2025-03-31-T01.xhtml#page=67"",""p.67 of AR"")",3
Coats Group Plc,COA LN Equity,Consumer Discretionary,Consumer Durables & Apparel,Textiles Apparel & Luxury Goods,Textiles,1566.9,12.0,2025,David Paja,Group Chief Executive Officer,CEO,current,720000.0,GBP,1 January 2025,150.0,50.0,3.0,175.0,,,,,200.0,2.0,"No material changes to remuneration levels for 2025, as his package was set on appointment; annual bonus weighting adjusted (Sales weighting increased 5% to 15%, Free Cash Flow reduced 5% to 25%), all other weightings unchanged; LTIP award level (175%) consistent with 2024 grant.",,42,45,47,65,coats_group_ar_2024,https://cdn.coats.com/wp-content/uploads/Coats-Group-plc-2025-Annual-Report.pdf,"=HYPERLINK(""https://cdn.coats.com/wp-content/uploads/Coats-Group-plc-2025-Annual-Report.pdf#page=88"",""p.88 of AR"")",25.0,"=HYPERLINK(""https://cdn.coats.com/wp-content/uploads/Coats-Group-plc-2025-Annual-Report.pdf#page=89"",""p.89 of AR"")","=HYPERLINK(""https://cdn.coats.com/wp-content/uploads/Coats-Group-plc-2025-Annual-Report.pdf#page=89"",""p.89 of AR"")","=HYPERLINK(""https://cdn.coats.com/wp-content/uploads/Coats-Group-plc-2025-Annual-Report.pdf#page=89"",""p.89 of AR"")","=HYPERLINK(""https://cdn.coats.com/wp-content/uploads/Coats-Group-plc-2025-Annual-Report.pdf#page=90"",""p.90 of AR"")",3
Coats Group Plc,COA LN Equity,Consumer Discretionary,Consumer Durables & Apparel,Textiles Apparel & Luxury Goods,Textiles,1566.9,12.0,2025,Jackie Callaway,Group Chief Financial Officer (Outgoing — stepping down at conclusion of AGM on 21 May 2025),CFO,former,474705.0,GBP,1 January 2025,125.0,40.0,3.0,150.0,,,,,200.0,2.0,"Stepping down from the Board at conclusion of the 2025 AGM (announced 7 January 2025); leaver treatment to be consistent with the Directors' Remuneration Policy and relevant plan rules, full details to be disclosed in next year's report.",,42,240,67,241,coats_group_ar_2024,https://cdn.coats.com/wp-content/uploads/Coats-Group-plc-2025-Annual-Report.pdf,"=HYPERLINK(""https://cdn.coats.com/wp-content/uploads/Coats-Group-plc-2025-Annual-Report.pdf#page=88"",""p.88 of AR"")",26.0,"=HYPERLINK(""https://cdn.coats.com/wp-content/uploads/Coats-Group-plc-2025-Annual-Report.pdf#page=89"",""p.89 of AR"")","=HYPERLINK(""https://cdn.coats.com/wp-content/uploads/Coats-Group-plc-2025-Annual-Report.pdf#page=100"",""p.100 of AR"")","=HYPERLINK(""https://cdn.coats.com/wp-content/uploads/Coats-Group-plc-2025-Annual-Report.pdf#page=90"",""p.90 of AR"")","=HYPERLINK(""https://cdn.coats.com/wp-content/uploads/Coats-Group-plc-2025-Annual-Report.pdf#page=100"",""p.100 of AR"")",3
Coats Group Plc,COA LN Equity,Consumer Discretionary,Consumer Durables & Apparel,Textiles Apparel & Luxury Goods,Textiles,1566.9,12.0,2025,Hannah Nichols,"Group Chief Financial Officer (Incoming — CFO Designate from 24 April 2025, becomes CFO at conclusion of AGM on 21 May 2025)",CFO,current,465000.0,GBP,,125.0,40.0,3.0,150.0,,,,,200.0,2.0,New appointment announced 7 January 2025; remuneration package (annual bonus and LTIP terms) aligned with the outgoing Group CFO's arrangements; will receive a performance-related buyout award mirroring terms forfeited from previous employer.,,27,45,47,241,coats_group_ar_2024,https://cdn.coats.com/wp-content/uploads/Coats-Group-plc-2025-Annual-Report.pdf,"=HYPERLINK(""https://cdn.coats.com/wp-content/uploads/Coats-Group-plc-2025-Annual-Report.pdf#page=88"",""p.88 of AR"")",27.0,"=HYPERLINK(""https://cdn.coats.com/wp-content/uploads/Coats-Group-plc-2025-Annual-Report.pdf#page=88"",""p.88 of AR"")","=HYPERLINK(""https://cdn.coats.com/wp-content/uploads/Coats-Group-plc-2025-Annual-Report.pdf#page=89"",""p.89 of AR"")","=HYPERLINK(""https://cdn.coats.com/wp-content/uploads/Coats-Group-plc-2025-Annual-Report.pdf#page=89"",""p.89 of AR"")","=HYPERLINK(""https://cdn.coats.com/wp-content/uploads/Coats-Group-plc-2025-Annual-Report.pdf#page=100"",""p.100 of AR"")",3
Coats Group Plc,COA LN Equity,Consumer Discretionary,Consumer Durables & Apparel,Textiles Apparel & Luxury Goods,Textiles,1566.9,12.0,2026,David Paja,Group Chief Executive Officer,CEO,current,738000.0,GBP,1 July 2025,150.0,50.0,3.0,175.0,,,,,200.0,2.0,"Policy maximum LTIP simplified/increased from 175% (normal)/200% (exceptional) to a single 200% maximum; however, as David Paja was appointed within the past 18 months, his 2026 grant level remains unchanged at 175% of salary. New flexibility introduced allowing bonus deferral to be reduced by up to 50% once shareholding guidelines (200% of salary) have been met. Broadened malus/clawback provisions and minor administrative changes to target-setting flexibility.",,368,64,67,116,coats_group_ar_2025,https://cdn.coats.com/wp-content/uploads/Coats-Group-plc-2025-Annual-Report.pdf,"=HYPERLINK(""https://cdn.coats.com/wp-content/uploads/Coats-Group-plc-2025-Annual-Report.pdf#page=79"",""p.79 of AR"")",84.0,"=HYPERLINK(""https://cdn.coats.com/wp-content/uploads/Coats-Group-plc-2025-Annual-Report.pdf#page=99"",""p.99 of AR"")","=HYPERLINK(""https://cdn.coats.com/wp-content/uploads/Coats-Group-plc-2025-Annual-Report.pdf#page=78"",""p.78 of AR"")","=HYPERLINK(""https://cdn.coats.com/wp-content/uploads/Coats-Group-plc-2025-Annual-Report.pdf#page=78"",""p.78 of AR"")","=HYPERLINK(""https://cdn.coats.com/wp-content/uploads/Coats-Group-plc-2025-Annual-Report.pdf#page=82"",""p.82 of AR"")",3
Coats Group Plc,COA LN Equity,Consumer Discretionary,Consumer Durables & Apparel,Textiles Apparel & Luxury Goods,Textiles,1566.9,12.0,2026,Hannah Nichols,Group Chief Financial Officer,CFO,current,465000.0,GBP,,125.0,40.0,3.0,150.0,,,,,200.0,2.0,"Policy maximum LTIP simplified/increased to a single 200% maximum; as Hannah Nichols was appointed within the past 18 months, her 2026 grant level remains unchanged at 150% of salary. New flexibility introduced allowing bonus deferral to be reduced by up to 50% once shareholding guidelines (200% of salary) have been met. Broadened malus/clawback provisions and minor administrative changes to target-setting flexibility.",,369,64,67,372,coats_group_ar_2025,https://cdn.coats.com/wp-content/uploads/Coats-Group-plc-2025-Annual-Report.pdf,"=HYPERLINK(""https://cdn.coats.com/wp-content/uploads/Coats-Group-plc-2025-Annual-Report.pdf#page=76"",""p.76 of AR"")",25.0,"=HYPERLINK(""https://cdn.coats.com/wp-content/uploads/Coats-Group-plc-2025-Annual-Report.pdf#page=99"",""p.99 of AR"")","=HYPERLINK(""https://cdn.coats.com/wp-content/uploads/Coats-Group-plc-2025-Annual-Report.pdf#page=78"",""p.78 of AR"")","=HYPERLINK(""https://cdn.coats.com/wp-content/uploads/Coats-Group-plc-2025-Annual-Report.pdf#page=78"",""p.78 of AR"")","=HYPERLINK(""https://cdn.coats.com/wp-content/uploads/Coats-Group-plc-2025-Annual-Report.pdf#page=99"",""p.99 of AR"")",3
Coca-Cola Europacific Partners Plc,CCEP LN Equity,Consumer Staples,Food Beverage & Tobacco,Beverages,Soft Drinks & Non-alcoholic Beverages,29776.8,12.0,2025,Damian Gammell,Chief Executive Officer,CEO,current,1290000.0,GBP,1 April 2025,360.0,,,500.0,,,,,300.0,1.0,"The Committee will implement the remuneration policy for 2025 on the same basis as 2024 (no structural changes). The CEO received a 2.0% salary increase effective 1 April 2025, aligned with the wider GB workforce merit increase. The annual bonus structure for 2025 is unchanged (measures: operating profit 50%, revenue 30%, operating free cash flow 20%, plus individual multiplier of 0x-1.2x). The 2025 LTIP continues to be based on EPS, ROIC and CO2e reduction (weightings 42.5%/42.5%/15%), with an additional two-year post-vesting holding period retained.",,25,41,41,141,coca_cola_europacific_partners_ar_2025,https://www.cocacolaep.com/assets/Global/Investors/2025-Annual-Report/CCEP-Annual-Report-and-Form-20-F-2025.pdf,"=HYPERLINK(""https://www.cocacolaep.com/assets/Global/Investors/2025-Annual-Report/CCEP-Annual-Report-and-Form-20-F-2025.pdf#page=137"",""p.137 of AR"")",49.0,"=HYPERLINK(""https://www.cocacolaep.com/assets/Global/Investors/2025-Annual-Report/CCEP-Annual-Report-and-Form-20-F-2025.pdf#page=135"",""p.135 of AR"")","=HYPERLINK(""https://www.cocacolaep.com/assets/Global/Investors/2025-Annual-Report/CCEP-Annual-Report-and-Form-20-F-2025.pdf#page=136"",""p.136 of AR"")","=HYPERLINK(""https://www.cocacolaep.com/assets/Global/Investors/2025-Annual-Report/CCEP-Annual-Report-and-Form-20-F-2025.pdf#page=136"",""p.136 of AR"")","=HYPERLINK(""https://www.cocacolaep.com/assets/Global/Investors/2025-Annual-Report/CCEP-Annual-Report-and-Form-20-F-2025.pdf#page=146"",""p.146 of AR"")",3
Coca-Cola HBC,CCH LN Equity,Consumer Staples,Food Beverage & Tobacco,Beverages,Soft Drinks & Non-alcoholic Beverages,14994.1,12.0,2025,Zoran Bogdanovic,Chief Executive Officer,CEO,current,1083000.0,EUR,1 May 2025,200.0,50.0,3.0,330.0,,,,,450.0,2.0,"Following a fundamental policy review in 2024–2025: (1) Base salary increased 15% to €1,083k; (2) MIP maximum opportunity increased from 140% to 200% of salary; (3) Shareholding guideline increased from 300% to 450% of salary; (4) Mandatory 50% MIP deferral into shares removed once the in-employment shareholding requirement is met (previously always applied); (5) Malus and clawback provisions centralised into a single formal policy. No changes were made to the LTIP (PSP) structure, which remains a single-vehicle, three-year performance plan with a two-year post-vesting holding period.",2025 AGM,97,121,98,144,coca_cola_hbc_ar_2024,https://www.coca-colahellenic.com/content/dam/cch/us/documents/oar2025/Coca-Cola-HBC-Integrated-Annual-Report-2025.pdf.downloadasset.pdf,"=HYPERLINK(""https://www.coca-colahellenic.com/content/dam/cch/us/documents/oar2025/Coca-Cola-HBC-Integrated-Annual-Report-2025.pdf.downloadasset.pdf#page=231"",""p.231 of AR"")",108.0,"=HYPERLINK(""https://www.coca-colahellenic.com/content/dam/cch/us/documents/oar2025/Coca-Cola-HBC-Integrated-Annual-Report-2025.pdf.downloadasset.pdf#page=230"",""p.230 of AR"")","=HYPERLINK(""https://www.coca-colahellenic.com/content/dam/cch/us/documents/oar2025/Coca-Cola-HBC-Integrated-Annual-Report-2025.pdf.downloadasset.pdf#page=233"",""p.233 of AR"")","=HYPERLINK(""https://www.coca-colahellenic.com/content/dam/cch/us/documents/oar2025/Coca-Cola-HBC-Integrated-Annual-Report-2025.pdf.downloadasset.pdf#page=230"",""p.230 of AR"")","=HYPERLINK(""https://www.coca-colahellenic.com/content/dam/cch/us/documents/oar2025/Coca-Cola-HBC-Integrated-Annual-Report-2025.pdf.downloadasset.pdf#page=236"",""p.236 of AR"")",3
Coca-Cola HBC,CCH LN Equity,Consumer Staples,Food Beverage & Tobacco,Beverages,Soft Drinks & Non-alcoholic Beverages,14994.1,12.0,2026,Zoran Bogdanovic,Chief Executive Officer,CEO,current,1083000.0,EUR,May 2025,200.0,50.0,3.0,330.0,,,,,450.0,2.0,No material changes proposed to the remuneration policy for 2026; CEO salary increase (effective 1 May 2026) expected to be no more than the increase applied to the wider workforce (approx. 5.8% anticipated for the workforce),,64,85,89,107,coca_cola_hbc_ar_2025,https://www.coca-colahellenic.com/content/dam/cch/us/documents/oar2025/Coca-Cola-HBC-Integrated-Annual-Report-2025.pdf.downloadasset.pdf,"=HYPERLINK(""https://www.coca-colahellenic.com/content/dam/cch/us/documents/oar2025/Coca-Cola-HBC-Integrated-Annual-Report-2025.pdf.downloadasset.pdf#page=242"",""p.242 of AR"")",64.0,"=HYPERLINK(""https://www.coca-colahellenic.com/content/dam/cch/us/documents/oar2025/Coca-Cola-HBC-Integrated-Annual-Report-2025.pdf.downloadasset.pdf#page=242"",""p.242 of AR"")","=HYPERLINK(""https://www.coca-colahellenic.com/content/dam/cch/us/documents/oar2025/Coca-Cola-HBC-Integrated-Annual-Report-2025.pdf.downloadasset.pdf#page=245"",""p.245 of AR"")","=HYPERLINK(""https://www.coca-colahellenic.com/content/dam/cch/us/documents/oar2025/Coca-Cola-HBC-Integrated-Annual-Report-2025.pdf.downloadasset.pdf#page=246"",""p.246 of AR"")","=HYPERLINK(""https://www.coca-colahellenic.com/content/dam/cch/us/documents/oar2025/Coca-Cola-HBC-Integrated-Annual-Report-2025.pdf.downloadasset.pdf#page=248"",""p.248 of AR"")",3
Compass Group Plc,CPG LN Equity,Consumer Discretionary,Consumer Services,Hotels Restaurants & Leisure,Restaurants,54342.0,9.0,2025,Dominic Blakemore,Group Chief Executive Officer (CEO),CEO,current,1400000.0,GBP,1 January 2025,250.0,33.0,3.0,500.0,,,,,500.0,2.0,"Base salary increased 20.7% to £1,400,000 (recalibration to FTSE 30 ex. FS median, recognising tenure/performance); annual bonus maximum increased from 200% to 250% of salary; LTIP maximum increased from 400% to 500% of salary, implemented immediately (no phasing) for 2024-2025; shareholding requirement increased from 4x to 5x salary to align with new LTIP award.",1 January 2025,277,170,172,115,compass_group_ar_2024,https://www.compass-group.com/content/dam/compass-group/corporate/oar-2025/oar-page/annual-report-2025.pdf,"=HYPERLINK(""https://www.compass-group.com/content/dam/compass-group/corporate/oar-2025/oar-page/annual-report-2025.pdf#page=92"",""p.92 of AR"")",68.0,"=HYPERLINK(""https://www.compass-group.com/content/dam/compass-group/corporate/oar-2025/oar-page/annual-report-2025.pdf#page=114"",""p.114 of AR"")","=HYPERLINK(""https://www.compass-group.com/content/dam/compass-group/corporate/oar-2025/oar-page/annual-report-2025.pdf#page=103"",""p.103 of AR"")","=HYPERLINK(""https://www.compass-group.com/content/dam/compass-group/corporate/oar-2025/oar-page/annual-report-2025.pdf#page=104"",""p.104 of AR"")","=HYPERLINK(""https://www.compass-group.com/content/dam/compass-group/corporate/oar-2025/oar-page/annual-report-2025.pdf#page=96"",""p.96 of AR"")",3
Compass Group Plc,CPG LN Equity,Consumer Discretionary,Consumer Services,Hotels Restaurants & Leisure,Restaurants,54342.0,9.0,2025,Petros Parras,Group Chief Financial Officer (CFO),CFO,current,755000.0,GBP,1 January 2025,200.0,33.0,3.0,400.0,,,,,375.0,2.0,"Base salary increased 2.03% (below wider UK average of ~5%); annual bonus maximum increased from 150% to 200% of salary; LTIP maximum increased from 350% to 400% of salary, phased — 375% for 2024-2025 award, rising to 400% from 2025-2026; shareholding requirement increased from 3.5x to 3.75x salary, aligned to 2024-2025 LTIP award.",1 January 2025,277,170,172,115,compass_group_ar_2024,https://www.compass-group.com/content/dam/compass-group/corporate/oar-2025/oar-page/annual-report-2025.pdf,"=HYPERLINK(""https://www.compass-group.com/content/dam/compass-group/corporate/oar-2025/oar-page/annual-report-2025.pdf#page=92"",""p.92 of AR"")",68.0,"=HYPERLINK(""https://www.compass-group.com/content/dam/compass-group/corporate/oar-2025/oar-page/annual-report-2025.pdf#page=114"",""p.114 of AR"")","=HYPERLINK(""https://www.compass-group.com/content/dam/compass-group/corporate/oar-2025/oar-page/annual-report-2025.pdf#page=103"",""p.103 of AR"")","=HYPERLINK(""https://www.compass-group.com/content/dam/compass-group/corporate/oar-2025/oar-page/annual-report-2025.pdf#page=104"",""p.104 of AR"")","=HYPERLINK(""https://www.compass-group.com/content/dam/compass-group/corporate/oar-2025/oar-page/annual-report-2025.pdf#page=96"",""p.96 of AR"")",3
Compass Group Plc,CPG LN Equity,Consumer Discretionary,Consumer Services,Hotels Restaurants & Leisure,Restaurants,54342.0,9.0,2025,Palmer Brown,"Group Chief Operating Officer (COO), North America",COO,current,1429000.0,USD,1 January 2025,200.0,33.0,3.0,450.0,,,,,400.0,2.0,"Base salary increased 2.07% (below wider UK average of ~5%); annual bonus maximum increased from 150% to 200% of salary; LTIP maximum increased from 350% to 450% of salary, phased — 400% for 2024-2025 award, rising to 450% from 2025-2026; shareholding requirement increased from 3.5x to 4x salary, aligned to 2024-2025 LTIP award.",1 January 2025,277,170,172,115,compass_group_ar_2024,https://www.compass-group.com/content/dam/compass-group/corporate/oar-2025/oar-page/annual-report-2025.pdf,"=HYPERLINK(""https://www.compass-group.com/content/dam/compass-group/corporate/oar-2025/oar-page/annual-report-2025.pdf#page=92"",""p.92 of AR"")",68.0,"=HYPERLINK(""https://www.compass-group.com/content/dam/compass-group/corporate/oar-2025/oar-page/annual-report-2025.pdf#page=114"",""p.114 of AR"")","=HYPERLINK(""https://www.compass-group.com/content/dam/compass-group/corporate/oar-2025/oar-page/annual-report-2025.pdf#page=103"",""p.103 of AR"")","=HYPERLINK(""https://www.compass-group.com/content/dam/compass-group/corporate/oar-2025/oar-page/annual-report-2025.pdf#page=104"",""p.104 of AR"")","=HYPERLINK(""https://www.compass-group.com/content/dam/compass-group/corporate/oar-2025/oar-page/annual-report-2025.pdf#page=96"",""p.96 of AR"")",3
Compass Group Plc,CPG LN Equity,Consumer Discretionary,Consumer Services,Hotels Restaurants & Leisure,Restaurants,54342.0,9.0,2026,Dominic Blakemore,Group Chief Executive Officer (Group CEO),CEO,current,1442000.0,GBP,1 January 2026,250.0,33.0,3.0,500.0,,,,,500.0,2.0,Salary increased 3.0% effective 1 Jan 2026 as part of general review; LTIP award set at 500% of salary representing the second phase of the phased increase in LTIP opportunities under the 2025 Policy; shareholding guideline realigned to match the new LTIP award level.,1 January 2026,97,97,32,97,compass_group_ar_2025,https://www.compass-group.com/content/dam/compass-group/corporate/oar-2025/oar-page/annual-report-2025.pdf,"=HYPERLINK(""https://www.compass-group.com/content/dam/compass-group/corporate/oar-2025/oar-page/annual-report-2025.pdf#page=69"",""p.69 of AR"")",97.0,"=HYPERLINK(""https://www.compass-group.com/content/dam/compass-group/corporate/oar-2025/oar-page/annual-report-2025.pdf#page=69"",""p.69 of AR"")","=HYPERLINK(""https://www.compass-group.com/content/dam/compass-group/corporate/oar-2025/oar-page/annual-report-2025.pdf#page=69"",""p.69 of AR"")","=HYPERLINK(""https://www.compass-group.com/content/dam/compass-group/corporate/oar-2025/oar-page/annual-report-2025.pdf#page=64"",""p.64 of AR"")","=HYPERLINK(""https://www.compass-group.com/content/dam/compass-group/corporate/oar-2025/oar-page/annual-report-2025.pdf#page=69"",""p.69 of AR"")",3
Compass Group Plc,CPG LN Equity,Consumer Discretionary,Consumer Services,Hotels Restaurants & Leisure,Restaurants,54342.0,9.0,2026,Petros Parras,Group Chief Financial Officer (Group CFO),CFO,current,815000.0,GBP,1 January 2026,200.0,33.0,3.0,400.0,,,,,400.0,2.0,"Base salary increased 7.9% to £815,000 effective 1 Jan 2026, reflecting a phased approach as Petros gains experience in role following his 2023 appointment; LTIP award set at 400% of salary representing the second phase of the phased increase in LTIP opportunities under the 2025 Policy; shareholding guideline realigned to match the new LTIP award level.",1 January 2026,25,97,32,97,compass_group_ar_2025,https://www.compass-group.com/content/dam/compass-group/corporate/oar-2025/oar-page/annual-report-2025.pdf,"=HYPERLINK(""https://www.compass-group.com/content/dam/compass-group/corporate/oar-2025/oar-page/annual-report-2025.pdf#page=69"",""p.69 of AR"")",97.0,"=HYPERLINK(""https://www.compass-group.com/content/dam/compass-group/corporate/oar-2025/oar-page/annual-report-2025.pdf#page=64"",""p.64 of AR"")","=HYPERLINK(""https://www.compass-group.com/content/dam/compass-group/corporate/oar-2025/oar-page/annual-report-2025.pdf#page=69"",""p.69 of AR"")","=HYPERLINK(""https://www.compass-group.com/content/dam/compass-group/corporate/oar-2025/oar-page/annual-report-2025.pdf#page=64"",""p.64 of AR"")","=HYPERLINK(""https://www.compass-group.com/content/dam/compass-group/corporate/oar-2025/oar-page/annual-report-2025.pdf#page=69"",""p.69 of AR"")",3
Compass Group Plc,CPG LN Equity,Consumer Discretionary,Consumer Services,Hotels Restaurants & Leisure,Restaurants,54342.0,9.0,2026,Palmer Brown,"Group Chief Operating Officer, North America (Group COO, North America)",COO,current,1472000.0,USD,1 January 2026,200.0,33.0,3.0,450.0,,,,,450.0,2.0,"Salary increased 3.0% effective 1 Jan 2026, below wider UK workforce average increase; LTIP award set at 450% of salary representing the second phase of the phased increase in LTIP opportunities under the 2025 Policy; shareholding guideline realigned to match the new LTIP award level.",1 January 2026,97,97,32,97,compass_group_ar_2025,https://www.compass-group.com/content/dam/compass-group/corporate/oar-2025/oar-page/annual-report-2025.pdf,"=HYPERLINK(""https://www.compass-group.com/content/dam/compass-group/corporate/oar-2025/oar-page/annual-report-2025.pdf#page=69"",""p.69 of AR"")",97.0,"=HYPERLINK(""https://www.compass-group.com/content/dam/compass-group/corporate/oar-2025/oar-page/annual-report-2025.pdf#page=69"",""p.69 of AR"")","=HYPERLINK(""https://www.compass-group.com/content/dam/compass-group/corporate/oar-2025/oar-page/annual-report-2025.pdf#page=69"",""p.69 of AR"")","=HYPERLINK(""https://www.compass-group.com/content/dam/compass-group/corporate/oar-2025/oar-page/annual-report-2025.pdf#page=64"",""p.64 of AR"")","=HYPERLINK(""https://www.compass-group.com/content/dam/compass-group/corporate/oar-2025/oar-page/annual-report-2025.pdf#page=69"",""p.69 of AR"")",3
Computacenter Plc,CCC LN Equity,Information Technology,Software & Services,IT Services,IT Consulting & Other Services,4271.4,12.0,2025,Mike Norris,Chief Executive Officer,CEO,current,726000.0,GBP,1 January 2025,200.0,50.0,2.0,250.0,200.0,50.0,active,additive,300.0,2.0,"Annual bonus maximum increased from 150% to 200% of salary; new Restricted Share Plan (RSP) element introduced at 50% of salary (four-year vesting, one-year holding period, subject to 'good practice' underpin), alongside continued PSP at 200% of salary (three-year performance period, two-year holding period); shareholding guideline increased from 200% to 300% of salary for the CEO; malus/clawback provisions extended to RSP awards.",2025 AGM,62,319,derived,62,computacenter_ar_2024,https://investors.computacenter.com/static-files/cef18bb9-9750-4d16-adbe-39bbeb650da4,"=HYPERLINK(""https://investors.computacenter.com/static-files/cef18bb9-9750-4d16-adbe-39bbeb650da4#page=119"",""p.119 of AR"")",62.0,"=HYPERLINK(""https://investors.computacenter.com/static-files/cef18bb9-9750-4d16-adbe-39bbeb650da4#page=119"",""p.119 of AR"")","=HYPERLINK(""https://investors.computacenter.com/static-files/cef18bb9-9750-4d16-adbe-39bbeb650da4#page=142"",""p.142 of AR"")",derived,"=HYPERLINK(""https://investors.computacenter.com/static-files/cef18bb9-9750-4d16-adbe-39bbeb650da4#page=119"",""p.119 of AR"")",3
Computacenter Plc,CCC LN Equity,Information Technology,Software & Services,IT Services,IT Consulting & Other Services,4271.4,12.0,2026,Mike Norris,Chief Executive Officer,CEO,current,746300.0,GBP,1 January 2026,200.0,50.0,2.0,250.0,200.0,50.0,active,additive,300.0,,"Base salary increased ~2.8% for 2026; no change to bonus, PSP, RSP maxima, measures, or shareholding guideline (remains 300%) for the CEO.",1 January 2026,55,43,derived,173,computacenter_ar_2025,https://investors.computacenter.com/static-files/cef18bb9-9750-4d16-adbe-39bbeb650da4,"=HYPERLINK(""https://investors.computacenter.com/static-files/cef18bb9-9750-4d16-adbe-39bbeb650da4#page=116"",""p.116 of AR"")",55.0,"=HYPERLINK(""https://investors.computacenter.com/static-files/cef18bb9-9750-4d16-adbe-39bbeb650da4#page=116"",""p.116 of AR"")","=HYPERLINK(""https://investors.computacenter.com/static-files/cef18bb9-9750-4d16-adbe-39bbeb650da4#page=115"",""p.115 of AR"")",derived,"=HYPERLINK(""https://investors.computacenter.com/static-files/cef18bb9-9750-4d16-adbe-39bbeb650da4#page=130"",""p.130 of AR"")",3
Computacenter Plc,CCC LN Equity,Information Technology,Software & Services,IT Services,IT Consulting & Other Services,4271.4,12.0,2026,Keith Mortimer,Chief Financial Officer,CFO,current,400900.0,GBP,1 January 2026,150.0,50.0,2.0,185.0,150.0,35.0,active,additive,220.0,,"New CFO appointed 1 September 2025 on base salary £390,000 (per 2025 Policy); base salary increased ~2.8% to £400,900 for 2026; bonus opportunity set at 150% of salary; first PSP (150%) and RSP (35%) awards to be granted in 2026, increasing shareholding guideline from an interim 50% to 220% of base salary.",1 January 2026,237,242,derived,20,computacenter_ar_2025,https://investors.computacenter.com/static-files/cef18bb9-9750-4d16-adbe-39bbeb650da4,"=HYPERLINK(""https://investors.computacenter.com/static-files/cef18bb9-9750-4d16-adbe-39bbeb650da4#page=114"",""p.114 of AR"")",22.0,"=HYPERLINK(""https://investors.computacenter.com/static-files/cef18bb9-9750-4d16-adbe-39bbeb650da4#page=136"",""p.136 of AR"")","=HYPERLINK(""https://investors.computacenter.com/static-files/cef18bb9-9750-4d16-adbe-39bbeb650da4#page=136"",""p.136 of AR"")",derived,"=HYPERLINK(""https://investors.computacenter.com/static-files/cef18bb9-9750-4d16-adbe-39bbeb650da4#page=114"",""p.114 of AR"")",3
Convatec Group Plc,CTEC LN Equity,Health Care,Health Care Equipment & Services,Health Care Equipment & Supplies,Health Care Supplies,4065.3,12.0,2026,Jonny Mason,Chief Executive Officer,CEO,current,1040300.0,GBP,1 April 2026,200.0,33.3,3.0,525.0,425.0,100.0,active,additive,500.0,2.0,"Base salary increased 3.0% (effective 1 April 2026); annual bonus financial metric weightings realigned (organic revenue growth reduced from 25% to 20%; free cash flow to equity increased from 15% to 20%); maximum bonus and LTIP maxima unchanged; LTIP long-term incentive provisions from 2026 aligned to those previously received by the former CEO (Karim Bitar), i.e. 525% maximum opportunity.",1 April 2026,66,66,72,72,convatec_group_ar_2025,https://marketingworld.convatec.com/MarketingZone/MZDirect/Download/598d2fde-24d3-465a-9ab0-38f0296d9ff0,"=HYPERLINK(""https://marketingworld.convatec.com/MarketingZone/MZDirect/Download/598d2fde-24d3-465a-9ab0-38f0296d9ff0#page=110"",""p.110 of AR"")",66.0,"=HYPERLINK(""https://marketingworld.convatec.com/MarketingZone/MZDirect/Download/598d2fde-24d3-465a-9ab0-38f0296d9ff0#page=110"",""p.110 of AR"")","=HYPERLINK(""https://marketingworld.convatec.com/MarketingZone/MZDirect/Download/598d2fde-24d3-465a-9ab0-38f0296d9ff0#page=110"",""p.110 of AR"")","=HYPERLINK(""https://marketingworld.convatec.com/MarketingZone/MZDirect/Download/598d2fde-24d3-465a-9ab0-38f0296d9ff0#page=111"",""p.111 of AR"")","=HYPERLINK(""https://marketingworld.convatec.com/MarketingZone/MZDirect/Download/598d2fde-24d3-465a-9ab0-38f0296d9ff0#page=111"",""p.111 of AR"")",3
Convatec Group Plc,CTEC LN Equity,Health Care,Health Care Equipment & Services,Health Care Equipment & Supplies,Health Care Supplies,4065.3,12.0,2026,Fiona Ryder,Chief Financial Officer,CFO,current,565000.0,GBP,1 April 2026,200.0,33.3,3.0,325.0,250.0,75.0,active,additive,300.0,2.0,"Base salary increased 3.0% (effective 1 April 2026); annual bonus financial metric weightings realigned (organic revenue growth reduced from 25% to 20%; free cash flow to equity increased from 15% to 20%); long-term incentive provisions apply from 2026, aligned to those previously received by Jonny Mason as CFO (325% maximum opportunity, 250% PSP / 75% RSA split).",1 April 2026,66,66,72,72,convatec_group_ar_2025,https://marketingworld.convatec.com/MarketingZone/MZDirect/Download/598d2fde-24d3-465a-9ab0-38f0296d9ff0,"=HYPERLINK(""https://marketingworld.convatec.com/MarketingZone/MZDirect/Download/598d2fde-24d3-465a-9ab0-38f0296d9ff0#page=107"",""p.107 of AR"")",24.0,"=HYPERLINK(""https://marketingworld.convatec.com/MarketingZone/MZDirect/Download/598d2fde-24d3-465a-9ab0-38f0296d9ff0#page=110"",""p.110 of AR"")","=HYPERLINK(""https://marketingworld.convatec.com/MarketingZone/MZDirect/Download/598d2fde-24d3-465a-9ab0-38f0296d9ff0#page=110"",""p.110 of AR"")","=HYPERLINK(""https://marketingworld.convatec.com/MarketingZone/MZDirect/Download/598d2fde-24d3-465a-9ab0-38f0296d9ff0#page=111"",""p.111 of AR"")","=HYPERLINK(""https://marketingworld.convatec.com/MarketingZone/MZDirect/Download/598d2fde-24d3-465a-9ab0-38f0296d9ff0#page=111"",""p.111 of AR"")",3
Cranswick Plc,CWR LN Equity,Consumer Staples,Food Beverage & Tobacco,Food Products,Packaged Foods & Meats,1432.5,12.0,2026,Adam Couch,Chief Executive Officer,CEO,current,974600.0,GBP,1 April 2025,200.0,33.3,2.0,300.0,200.0,100.0,active,additive,200.0,2.0,"15% salary increase (largest in recent years, following Shareholder consultation and rebasing); Core LTIP no longer subject to ESG-linked emissions/water/energy metrics — vesting now based solely on EPS (50%) and ROCE (50%); 2026 bonus introduces an ESG weighting (5% of maximum) alongside profit (85%) and personal/strategic objectives (10%)",1 April 2025,57,238,derived,228,cranswick_ar_2025,https://s3.eu-west-1.amazonaws.com/cranswick-2021/Cranswick_AR26_Spreads.pdf,"=HYPERLINK(""https://s3.eu-west-1.amazonaws.com/cranswick-2021/Cranswick_AR26_Spreads.pdf#page=60"",""p.60 of AR"")",57.0,"=HYPERLINK(""https://s3.eu-west-1.amazonaws.com/cranswick-2021/Cranswick_AR26_Spreads.pdf#page=60"",""p.60 of AR"")","=HYPERLINK(""https://s3.eu-west-1.amazonaws.com/cranswick-2021/Cranswick_AR26_Spreads.pdf#page=68"",""p.68 of AR"")",derived,"=HYPERLINK(""https://s3.eu-west-1.amazonaws.com/cranswick-2021/Cranswick_AR26_Spreads.pdf#page=67"",""p.67 of AR"")",3
Cranswick Plc,CWR LN Equity,Consumer Staples,Food Beverage & Tobacco,Food Products,Packaged Foods & Meats,1432.5,12.0,2026,Chris Aldersley,Executive Director,Executive Director,current,560000.0,GBP,1 April 2025,180.0,33.3,2.0,250.0,200.0,50.0,active,additive,200.0,2.0,4% salary increase effective 1 April 2025; Core LTIP performance conditions revised to EPS/ROCE only (ESG metrics removed); 2026 bonus adds 5% ESG weighting,1 April 2025,119,238,derived,228,cranswick_ar_2025,https://s3.eu-west-1.amazonaws.com/cranswick-2021/Cranswick_AR26_Spreads.pdf,"=HYPERLINK(""https://s3.eu-west-1.amazonaws.com/cranswick-2021/Cranswick_AR26_Spreads.pdf#page=63"",""p.63 of AR"")",119.0,"=HYPERLINK(""https://s3.eu-west-1.amazonaws.com/cranswick-2021/Cranswick_AR26_Spreads.pdf#page=63"",""p.63 of AR"")","=HYPERLINK(""https://s3.eu-west-1.amazonaws.com/cranswick-2021/Cranswick_AR26_Spreads.pdf#page=68"",""p.68 of AR"")",derived,"=HYPERLINK(""https://s3.eu-west-1.amazonaws.com/cranswick-2021/Cranswick_AR26_Spreads.pdf#page=67"",""p.67 of AR"")",3
Cranswick Plc,CWR LN Equity,Consumer Staples,Food Beverage & Tobacco,Food Products,Packaged Foods & Meats,1432.5,12.0,2026,Mark Bottomley,Executive Director,Executive Director,current,560000.0,GBP,1 April 2025,180.0,33.3,2.0,250.0,200.0,50.0,active,additive,200.0,2.0,4% salary increase effective 1 April 2025; Core LTIP now EPS/ROCE only; 2026 bonus adds 5% ESG weighting,1 April 2025,119,238,derived,228,cranswick_ar_2025,https://s3.eu-west-1.amazonaws.com/cranswick-2021/Cranswick_AR26_Spreads.pdf,"=HYPERLINK(""https://s3.eu-west-1.amazonaws.com/cranswick-2021/Cranswick_AR26_Spreads.pdf#page=63"",""p.63 of AR"")",119.0,"=HYPERLINK(""https://s3.eu-west-1.amazonaws.com/cranswick-2021/Cranswick_AR26_Spreads.pdf#page=63"",""p.63 of AR"")","=HYPERLINK(""https://s3.eu-west-1.amazonaws.com/cranswick-2021/Cranswick_AR26_Spreads.pdf#page=68"",""p.68 of AR"")",derived,"=HYPERLINK(""https://s3.eu-west-1.amazonaws.com/cranswick-2021/Cranswick_AR26_Spreads.pdf#page=67"",""p.67 of AR"")",3
Cranswick Plc,CWR LN Equity,Consumer Staples,Food Beverage & Tobacco,Food Products,Packaged Foods & Meats,1432.5,12.0,2026,Jim Brisby,Executive Director,Executive Director,current,560000.0,GBP,1 April 2025,180.0,33.3,2.0,250.0,200.0,50.0,active,additive,200.0,2.0,4% salary increase effective 1 April 2025; Core LTIP now EPS/ROCE only; 2026 bonus adds 5% ESG weighting,1 April 2025,119,238,derived,228,cranswick_ar_2025,https://s3.eu-west-1.amazonaws.com/cranswick-2021/Cranswick_AR26_Spreads.pdf,"=HYPERLINK(""https://s3.eu-west-1.amazonaws.com/cranswick-2021/Cranswick_AR26_Spreads.pdf#page=63"",""p.63 of AR"")",119.0,"=HYPERLINK(""https://s3.eu-west-1.amazonaws.com/cranswick-2021/Cranswick_AR26_Spreads.pdf#page=63"",""p.63 of AR"")","=HYPERLINK(""https://s3.eu-west-1.amazonaws.com/cranswick-2021/Cranswick_AR26_Spreads.pdf#page=68"",""p.68 of AR"")",derived,"=HYPERLINK(""https://s3.eu-west-1.amazonaws.com/cranswick-2021/Cranswick_AR26_Spreads.pdf#page=67"",""p.67 of AR"")",3
Croda International Plc,CRDA LN Equity,Materials,Materials,Chemicals,Specialty Chemicals,3842.0,12.0,2026,Steve Foots,Group Chief Executive (CEO),CEO,current,806323.0,GBP,1 January 2026,175.0,33.0,3.0,250.0,,,,,250.0,2.0,"No material changes to structure or quantum of the Policy; only minor amendments made to facilitate operation, with Committee focus on refining the performance framework rather than opportunity levels.",,107,383,392,452,croda_international_ar_2025,https://www.croda.com/mediaassets/files/corporate/annual-report-2025-new/croda-2025-annual-report.pdf?la=en-GB&hash=162E93B185FB5C9A5CDE50B82D8473A6,"=HYPERLINK(""https://www.croda.com/mediaassets/files/corporate/annual-report-2025-new/croda-2025-annual-report.pdf?la=en-GB&hash=162E93B185FB5C9A5CDE50B82D8473A6#page=86"",""p.86 of AR"")",106.0,"=HYPERLINK(""https://www.croda.com/mediaassets/files/corporate/annual-report-2025-new/croda-2025-annual-report.pdf?la=en-GB&hash=162E93B185FB5C9A5CDE50B82D8473A6#page=86"",""p.86 of AR"")","=HYPERLINK(""https://www.croda.com/mediaassets/files/corporate/annual-report-2025-new/croda-2025-annual-report.pdf?la=en-GB&hash=162E93B185FB5C9A5CDE50B82D8473A6#page=105"",""p.105 of AR"")","=HYPERLINK(""https://www.croda.com/mediaassets/files/corporate/annual-report-2025-new/croda-2025-annual-report.pdf?la=en-GB&hash=162E93B185FB5C9A5CDE50B82D8473A6#page=106"",""p.106 of AR"")","=HYPERLINK(""https://www.croda.com/mediaassets/files/corporate/annual-report-2025-new/croda-2025-annual-report.pdf?la=en-GB&hash=162E93B185FB5C9A5CDE50B82D8473A6#page=110"",""p.110 of AR"")",3
Croda International Plc,CRDA LN Equity,Materials,Materials,Chemicals,Specialty Chemicals,3842.0,12.0,2026,Stephen Oxley,Chief Financial Officer (CFO),CFO,current,594500.0,GBP,1 January 2026,150.0,33.0,3.0,200.0,,,,,200.0,2.0,"No material changes to structure or quantum of the Policy; only minor amendments made to facilitate operation, with Committee focus on refining the performance framework rather than opportunity levels. Stephen Oxley joined as CFO on 1 April 2025 and received like-for-like buy-out awards to compensate for forfeited incentives from his previous employer, aligned to the form, timing and performance conditions of the remuneration forfeited.",,107,383,392,452,croda_international_ar_2025,https://www.croda.com/mediaassets/files/corporate/annual-report-2025-new/croda-2025-annual-report.pdf?la=en-GB&hash=162E93B185FB5C9A5CDE50B82D8473A6,"=HYPERLINK(""https://www.croda.com/mediaassets/files/corporate/annual-report-2025-new/croda-2025-annual-report.pdf?la=en-GB&hash=162E93B185FB5C9A5CDE50B82D8473A6#page=86"",""p.86 of AR"")",106.0,"=HYPERLINK(""https://www.croda.com/mediaassets/files/corporate/annual-report-2025-new/croda-2025-annual-report.pdf?la=en-GB&hash=162E93B185FB5C9A5CDE50B82D8473A6#page=86"",""p.86 of AR"")","=HYPERLINK(""https://www.croda.com/mediaassets/files/corporate/annual-report-2025-new/croda-2025-annual-report.pdf?la=en-GB&hash=162E93B185FB5C9A5CDE50B82D8473A6#page=105"",""p.105 of AR"")","=HYPERLINK(""https://www.croda.com/mediaassets/files/corporate/annual-report-2025-new/croda-2025-annual-report.pdf?la=en-GB&hash=162E93B185FB5C9A5CDE50B82D8473A6#page=106"",""p.106 of AR"")","=HYPERLINK(""https://www.croda.com/mediaassets/files/corporate/annual-report-2025-new/croda-2025-annual-report.pdf?la=en-GB&hash=162E93B185FB5C9A5CDE50B82D8473A6#page=110"",""p.110 of AR"")",3
Currys Plc,CURY LN Equity,Consumer Discretionary,Consumer Discretionary Distribution & Retail,Specialty Retail,Computer & Electronics Retail,1298.7,4.0,2026,Alex Baldock,Group Chief Executive Officer (CEO),CEO,current,1009770.0,GBP,2025/26,175.0,25.0,2.0,300.0,,,,,250.0,2.0,"(1) Annual bonus maximum increased from 150% to 175% of salary; (2) One-off increase in LTIP opportunity for 2025/26 award only, from 250% to 300% of salary, reverting to 250% for 2026/27 onwards; (3) Bonus deferral requirement reduced from one-third to 25% where shareholding guidelines are met",2025/26,57,57,58,58,currys_ar_2024_25,https://www.currysplc.com/media/54obwfuw/currys-annual-report-2025-26-web.pdf,"=HYPERLINK(""https://www.currysplc.com/media/54obwfuw/currys-annual-report-2025-26-web.pdf#page=111"",""p.111 of AR"")",57.0,"=HYPERLINK(""https://www.currysplc.com/media/54obwfuw/currys-annual-report-2025-26-web.pdf#page=111"",""p.111 of AR"")","=HYPERLINK(""https://www.currysplc.com/media/54obwfuw/currys-annual-report-2025-26-web.pdf#page=111"",""p.111 of AR"")","=HYPERLINK(""https://www.currysplc.com/media/54obwfuw/currys-annual-report-2025-26-web.pdf#page=111"",""p.111 of AR"")","=HYPERLINK(""https://www.currysplc.com/media/54obwfuw/currys-annual-report-2025-26-web.pdf#page=111"",""p.111 of AR"")",3
Currys Plc,CURY LN Equity,Consumer Discretionary,Consumer Discretionary Distribution & Retail,Specialty Retail,Computer & Electronics Retail,1298.7,4.0,2026,Bruce Marsh,Group Chief Financial Officer (CFO),CFO,current,522110.0,GBP,2025/26,175.0,25.0,2.0,300.0,,,,,250.0,2.0,"(1) Annual bonus maximum increased from 150% to 175% of salary; (2) One-off increase in LTIP opportunity for 2025/26 award only, from 250% to 300% of salary, reverting to 250% for 2026/27 onwards; (3) Bonus deferral requirement reduced from one-third to 25% where shareholding guidelines are met",2025/26,57,57,58,58,currys_ar_2024_25,https://www.currysplc.com/media/54obwfuw/currys-annual-report-2025-26-web.pdf,"=HYPERLINK(""https://www.currysplc.com/media/54obwfuw/currys-annual-report-2025-26-web.pdf#page=111"",""p.111 of AR"")",57.0,"=HYPERLINK(""https://www.currysplc.com/media/54obwfuw/currys-annual-report-2025-26-web.pdf#page=111"",""p.111 of AR"")","=HYPERLINK(""https://www.currysplc.com/media/54obwfuw/currys-annual-report-2025-26-web.pdf#page=111"",""p.111 of AR"")","=HYPERLINK(""https://www.currysplc.com/media/54obwfuw/currys-annual-report-2025-26-web.pdf#page=111"",""p.111 of AR"")","=HYPERLINK(""https://www.currysplc.com/media/54obwfuw/currys-annual-report-2025-26-web.pdf#page=111"",""p.111 of AR"")",3
DCC Plc,DCC LN Equity,Industrials,Capital Goods,Industrial Conglomerates,Industrial Conglomerates,5027.2,3.0,2026,Donal Murphy,Chief Executive Officer,CEO,current,1023075.0,EUR,1 April 2025,200.0,33.0,3.0,250.0,,,,,300.0,2.0,"Salary increased by 4% for the year ending 31 March 2026, consistent with prior policy; no structural changes to bonus/LTIP maxima.",,259,264,269,151,dcc_ar_2025,https://www.dcc.ie/~/media/Files/D/Dcc-Corp-v3/documents/investors/annual-and-sustainability-reports/2026/annual-report-2026.pdf,"=HYPERLINK(""https://www.dcc.ie/~/media/Files/D/Dcc-Corp-v3/documents/investors/annual-and-sustainability-reports/2026/annual-report-2026.pdf#page=141"",""p.141 of AR"")",259.0,"=HYPERLINK(""https://www.dcc.ie/~/media/Files/D/Dcc-Corp-v3/documents/investors/annual-and-sustainability-reports/2026/annual-report-2026.pdf#page=141"",""p.141 of AR"")","=HYPERLINK(""https://www.dcc.ie/~/media/Files/D/Dcc-Corp-v3/documents/investors/annual-and-sustainability-reports/2026/annual-report-2026.pdf#page=141"",""p.141 of AR"")","=HYPERLINK(""https://www.dcc.ie/~/media/Files/D/Dcc-Corp-v3/documents/investors/annual-and-sustainability-reports/2026/annual-report-2026.pdf#page=141"",""p.141 of AR"")","=HYPERLINK(""https://www.dcc.ie/~/media/Files/D/Dcc-Corp-v3/documents/investors/annual-and-sustainability-reports/2026/annual-report-2026.pdf#page=132"",""p.132 of AR"")",3
DCC Plc,DCC LN Equity,Industrials,Capital Goods,Industrial Conglomerates,Industrial Conglomerates,5027.2,3.0,2026,Kevin Lucey,"Chief Operating Officer (COO) (previously CFO, transitioning 10 July 2025)",CFO,current,635000.0,EUR,10 July 2025,200.0,33.0,3.0,225.0,,,,,200.0,2.0,Moves from CFO to COO role effective 10 July 2025; salary increased 4% on 1 April 2025 and a further 5.5% on appointment as COO; bonus financial element (70%) now solely based on performance of the Energy business rather than Group-wide adjusted operating profit.,,259,264,269,151,dcc_ar_2025,https://www.dcc.ie/~/media/Files/D/Dcc-Corp-v3/documents/investors/annual-and-sustainability-reports/2026/annual-report-2026.pdf,"=HYPERLINK(""https://www.dcc.ie/~/media/Files/D/Dcc-Corp-v3/documents/investors/annual-and-sustainability-reports/2026/annual-report-2026.pdf#page=141"",""p.141 of AR"")",259.0,"=HYPERLINK(""https://www.dcc.ie/~/media/Files/D/Dcc-Corp-v3/documents/investors/annual-and-sustainability-reports/2026/annual-report-2026.pdf#page=141"",""p.141 of AR"")","=HYPERLINK(""https://www.dcc.ie/~/media/Files/D/Dcc-Corp-v3/documents/investors/annual-and-sustainability-reports/2026/annual-report-2026.pdf#page=141"",""p.141 of AR"")","=HYPERLINK(""https://www.dcc.ie/~/media/Files/D/Dcc-Corp-v3/documents/investors/annual-and-sustainability-reports/2026/annual-report-2026.pdf#page=141"",""p.141 of AR"")","=HYPERLINK(""https://www.dcc.ie/~/media/Files/D/Dcc-Corp-v3/documents/investors/annual-and-sustainability-reports/2026/annual-report-2026.pdf#page=132"",""p.132 of AR"")",3
DCC Plc,DCC LN Equity,Industrials,Capital Goods,Industrial Conglomerates,Industrial Conglomerates,5027.2,3.0,2026,Conor Murphy,Chief Financial Officer (CFO) (new appointment effective 10 July 2025),CFO,current,525000.0,EUR,10 July 2025,150.0,33.0,3.0,200.0,,,,,200.0,2.0,"Newly appointed CFO effective 10 July 2025; salary set below market median and below predecessor's (Kevin Lucey's) CFO salary, with future increases likely to be higher than workforce average to align with market/peers over time; bonus maximum set at 150% of salary (below the 200% applicable to CE/COO) and expected to increase in future to align with other executive Directors; LTIP maximum set at 200% of salary, below CE/COO levels, also expected to align over time.",,259,264,269,151,dcc_ar_2025,https://www.dcc.ie/~/media/Files/D/Dcc-Corp-v3/documents/investors/annual-and-sustainability-reports/2026/annual-report-2026.pdf,"=HYPERLINK(""https://www.dcc.ie/~/media/Files/D/Dcc-Corp-v3/documents/investors/annual-and-sustainability-reports/2026/annual-report-2026.pdf#page=141"",""p.141 of AR"")",259.0,"=HYPERLINK(""https://www.dcc.ie/~/media/Files/D/Dcc-Corp-v3/documents/investors/annual-and-sustainability-reports/2026/annual-report-2026.pdf#page=141"",""p.141 of AR"")","=HYPERLINK(""https://www.dcc.ie/~/media/Files/D/Dcc-Corp-v3/documents/investors/annual-and-sustainability-reports/2026/annual-report-2026.pdf#page=141"",""p.141 of AR"")","=HYPERLINK(""https://www.dcc.ie/~/media/Files/D/Dcc-Corp-v3/documents/investors/annual-and-sustainability-reports/2026/annual-report-2026.pdf#page=141"",""p.141 of AR"")","=HYPERLINK(""https://www.dcc.ie/~/media/Files/D/Dcc-Corp-v3/documents/investors/annual-and-sustainability-reports/2026/annual-report-2026.pdf#page=132"",""p.132 of AR"")",3
Derwent London Plc,DLN LN Equity,,,,,1877.6,12.0,2025,Paul Williams,Chief Executive Officer,CEO,current,732000.0,GBP,1 January 2025,150.0,75.0,3.0,200.0,,,,,200.0,2.0,"Base salary increased 3.5% from 1 January 2025 (in line with wider workforce inflationary increase). 2025 PSP award maximum confirmed at 200% of salary. Annual bonus metric weightings changed for 2025: Total Property Return weighting increased by 7.5%, with a corresponding decrease in Total Return weighting.",1 January 2025,98,102,102,147,derwent_london_ar_2024,https://www.derwentlondon.com/uploads/downloads/Annual-Report-Accounts-2025-single-page.pdf,"=HYPERLINK(""https://www.derwentlondon.com/uploads/downloads/Annual-Report-Accounts-2025-single-page.pdf#page=182"",""p.182 of AR"")",98.0,"=HYPERLINK(""https://www.derwentlondon.com/uploads/downloads/Annual-Report-Accounts-2025-single-page.pdf#page=182"",""p.182 of AR"")","=HYPERLINK(""https://www.derwentlondon.com/uploads/downloads/Annual-Report-Accounts-2025-single-page.pdf#page=183"",""p.183 of AR"")","=HYPERLINK(""https://www.derwentlondon.com/uploads/downloads/Annual-Report-Accounts-2025-single-page.pdf#page=183"",""p.183 of AR"")","=HYPERLINK(""https://www.derwentlondon.com/uploads/downloads/Annual-Report-Accounts-2025-single-page.pdf#page=187"",""p.187 of AR"")",3
Derwent London Plc,DLN LN Equity,,,,,1877.6,12.0,2025,Damian Wisniewski,Chief Financial Officer,CFO,current,564600.0,GBP,1 January 2025,150.0,75.0,3.0,200.0,,,,,200.0,2.0,"Base salary increased 3.5% from 1 January 2025. 2025 PSP award maximum confirmed at 200% of salary. Annual bonus metric weightings changed for 2025: Total Property Return weighting increased by 7.5%, with a corresponding decrease in Total Return weighting.",1 January 2025,98,102,102,147,derwent_london_ar_2024,https://www.derwentlondon.com/uploads/downloads/Annual-Report-Accounts-2025-single-page.pdf,"=HYPERLINK(""https://www.derwentlondon.com/uploads/downloads/Annual-Report-Accounts-2025-single-page.pdf#page=182"",""p.182 of AR"")",98.0,"=HYPERLINK(""https://www.derwentlondon.com/uploads/downloads/Annual-Report-Accounts-2025-single-page.pdf#page=182"",""p.182 of AR"")","=HYPERLINK(""https://www.derwentlondon.com/uploads/downloads/Annual-Report-Accounts-2025-single-page.pdf#page=183"",""p.183 of AR"")","=HYPERLINK(""https://www.derwentlondon.com/uploads/downloads/Annual-Report-Accounts-2025-single-page.pdf#page=183"",""p.183 of AR"")","=HYPERLINK(""https://www.derwentlondon.com/uploads/downloads/Annual-Report-Accounts-2025-single-page.pdf#page=187"",""p.187 of AR"")",3
Derwent London Plc,DLN LN Equity,,,,,1877.6,12.0,2025,Nigel George,"Executive Director (Head of Development, per role context)",Executive Director,current,564600.0,GBP,1 January 2025,150.0,75.0,3.0,200.0,,,,,200.0,2.0,"Base salary increased 3.5% from 1 January 2025. 2025 PSP award maximum confirmed at 200% of salary. Annual bonus metric weightings changed for 2025: Total Property Return weighting increased by 7.5%, with a corresponding decrease in Total Return weighting.",1 January 2025,98,102,102,147,derwent_london_ar_2024,https://www.derwentlondon.com/uploads/downloads/Annual-Report-Accounts-2025-single-page.pdf,"=HYPERLINK(""https://www.derwentlondon.com/uploads/downloads/Annual-Report-Accounts-2025-single-page.pdf#page=182"",""p.182 of AR"")",98.0,"=HYPERLINK(""https://www.derwentlondon.com/uploads/downloads/Annual-Report-Accounts-2025-single-page.pdf#page=182"",""p.182 of AR"")","=HYPERLINK(""https://www.derwentlondon.com/uploads/downloads/Annual-Report-Accounts-2025-single-page.pdf#page=183"",""p.183 of AR"")","=HYPERLINK(""https://www.derwentlondon.com/uploads/downloads/Annual-Report-Accounts-2025-single-page.pdf#page=183"",""p.183 of AR"")","=HYPERLINK(""https://www.derwentlondon.com/uploads/downloads/Annual-Report-Accounts-2025-single-page.pdf#page=187"",""p.187 of AR"")",3
Derwent London Plc,DLN LN Equity,,,,,1877.6,12.0,2025,Emily Prideaux,Executive Director,Executive Director,current,564600.0,GBP,1 January 2025,150.0,75.0,3.0,200.0,,,,,200.0,2.0,"Base salary increased 3.5% from 1 January 2025. 2025 PSP award maximum confirmed at 200% of salary. Annual bonus metric weightings changed for 2025: Total Property Return weighting increased by 7.5%, with a corresponding decrease in Total Return weighting. As at 31 December 2024, Emily Prideaux had not yet met the shareholding guideline (achieved 24%) and is working towards it.",1 January 2025,98,102,102,147,derwent_london_ar_2024,https://www.derwentlondon.com/uploads/downloads/Annual-Report-Accounts-2025-single-page.pdf,"=HYPERLINK(""https://www.derwentlondon.com/uploads/downloads/Annual-Report-Accounts-2025-single-page.pdf#page=182"",""p.182 of AR"")",98.0,"=HYPERLINK(""https://www.derwentlondon.com/uploads/downloads/Annual-Report-Accounts-2025-single-page.pdf#page=182"",""p.182 of AR"")","=HYPERLINK(""https://www.derwentlondon.com/uploads/downloads/Annual-Report-Accounts-2025-single-page.pdf#page=183"",""p.183 of AR"")","=HYPERLINK(""https://www.derwentlondon.com/uploads/downloads/Annual-Report-Accounts-2025-single-page.pdf#page=183"",""p.183 of AR"")","=HYPERLINK(""https://www.derwentlondon.com/uploads/downloads/Annual-Report-Accounts-2025-single-page.pdf#page=187"",""p.187 of AR"")",3
Derwent London Plc,DLN LN Equity,,,,,1877.6,12.0,2026,Paul Williams,Chief Executive,CEO,current,732000.0,GBP,1 January 2026,150.0,50.0,3.0,175.0,150.0,25.0,active,additive,200.0,2.0,"New 2026 Remuneration Policy introduces a hybrid LTIP (Performance Share Award + Restricted Share Award) replacing the pure Performance Share Plan; annual bonus maximum, pension, and shareholding guidelines unchanged. No base salary increase for 2026. Paul Williams is retiring as CEO (announced 22 Jan 2026), will remain employed until 21 Jan 2027, continues to receive salary/benefits/pension with no payment for loss of office, is a 'good leaver' for deferred bonus/PSP awards, and will not receive a 2026 LTIP grant.",,239,137,251,148,derwent_london_ar_2025,https://www.derwentlondon.com/uploads/downloads/Annual-Report-Accounts-2025-single-page.pdf,"=HYPERLINK(""https://www.derwentlondon.com/uploads/downloads/Annual-Report-Accounts-2025-single-page.pdf#page=175"",""p.175 of AR"")",48.0,"=HYPERLINK(""https://www.derwentlondon.com/uploads/downloads/Annual-Report-Accounts-2025-single-page.pdf#page=192"",""p.192 of AR"")","=HYPERLINK(""https://www.derwentlondon.com/uploads/downloads/Annual-Report-Accounts-2025-single-page.pdf#page=182"",""p.182 of AR"")","=HYPERLINK(""https://www.derwentlondon.com/uploads/downloads/Annual-Report-Accounts-2025-single-page.pdf#page=193"",""p.193 of AR"")","=HYPERLINK(""https://www.derwentlondon.com/uploads/downloads/Annual-Report-Accounts-2025-single-page.pdf#page=184"",""p.184 of AR"")",3
Derwent London Plc,DLN LN Equity,,,,,1877.6,12.0,2026,Damian Wisniewski,Executive Director,Executive Director,current,564600.0,GBP,1 January 2026,150.0,50.0,3.0,175.0,150.0,25.0,active,additive,200.0,2.0,"New 2026 Policy introduces hybrid PSA + RSA structure (previously pure Performance Share Plan at 200% max); annual bonus, pension and shareholding guideline maximums unchanged; no base salary increase for 2026.",,239,137,251,148,derwent_london_ar_2025,https://www.derwentlondon.com/uploads/downloads/Annual-Report-Accounts-2025-single-page.pdf,"=HYPERLINK(""https://www.derwentlondon.com/uploads/downloads/Annual-Report-Accounts-2025-single-page.pdf#page=200"",""p.200 of AR"")",328.0,"=HYPERLINK(""https://www.derwentlondon.com/uploads/downloads/Annual-Report-Accounts-2025-single-page.pdf#page=192"",""p.192 of AR"")","=HYPERLINK(""https://www.derwentlondon.com/uploads/downloads/Annual-Report-Accounts-2025-single-page.pdf#page=182"",""p.182 of AR"")","=HYPERLINK(""https://www.derwentlondon.com/uploads/downloads/Annual-Report-Accounts-2025-single-page.pdf#page=193"",""p.193 of AR"")","=HYPERLINK(""https://www.derwentlondon.com/uploads/downloads/Annual-Report-Accounts-2025-single-page.pdf#page=184"",""p.184 of AR"")",3
Derwent London Plc,DLN LN Equity,,,,,1877.6,12.0,2026,Nigel George,Executive Director,Executive Director,current,564600.0,GBP,1 January 2026,150.0,50.0,3.0,175.0,150.0,25.0,active,additive,200.0,2.0,Same 2026 Policy changes as above (hybrid LTIP introduced). Nigel George will resign and stand down from the Board on 31 March 2026; no LTIP grant will be made to him in 2026.,,239,137,251,148,derwent_london_ar_2025,https://www.derwentlondon.com/uploads/downloads/Annual-Report-Accounts-2025-single-page.pdf,"=HYPERLINK(""https://www.derwentlondon.com/uploads/downloads/Annual-Report-Accounts-2025-single-page.pdf#page=187"",""p.187 of AR"")",182.0,"=HYPERLINK(""https://www.derwentlondon.com/uploads/downloads/Annual-Report-Accounts-2025-single-page.pdf#page=192"",""p.192 of AR"")","=HYPERLINK(""https://www.derwentlondon.com/uploads/downloads/Annual-Report-Accounts-2025-single-page.pdf#page=182"",""p.182 of AR"")","=HYPERLINK(""https://www.derwentlondon.com/uploads/downloads/Annual-Report-Accounts-2025-single-page.pdf#page=193"",""p.193 of AR"")","=HYPERLINK(""https://www.derwentlondon.com/uploads/downloads/Annual-Report-Accounts-2025-single-page.pdf#page=184"",""p.184 of AR"")",3
Derwent London Plc,DLN LN Equity,,,,,1877.6,12.0,2026,Emily Prideaux,Executive Director,Executive Director,current,564600.0,GBP,1 January 2026,150.0,50.0,3.0,175.0,150.0,25.0,active,additive,200.0,2.0,"New 2026 Policy introduces hybrid PSA + RSA LTIP structure (replacing pure Performance Share Plan at 200% max); no change to annual bonus max, pension, or shareholding guidelines; no base salary increase for 2026.",,239,137,251,148,derwent_london_ar_2025,https://www.derwentlondon.com/uploads/downloads/Annual-Report-Accounts-2025-single-page.pdf,"=HYPERLINK(""https://www.derwentlondon.com/uploads/downloads/Annual-Report-Accounts-2025-single-page.pdf#page=200"",""p.200 of AR"")",328.0,"=HYPERLINK(""https://www.derwentlondon.com/uploads/downloads/Annual-Report-Accounts-2025-single-page.pdf#page=192"",""p.192 of AR"")","=HYPERLINK(""https://www.derwentlondon.com/uploads/downloads/Annual-Report-Accounts-2025-single-page.pdf#page=182"",""p.182 of AR"")","=HYPERLINK(""https://www.derwentlondon.com/uploads/downloads/Annual-Report-Accounts-2025-single-page.pdf#page=193"",""p.193 of AR"")","=HYPERLINK(""https://www.derwentlondon.com/uploads/downloads/Annual-Report-Accounts-2025-single-page.pdf#page=184"",""p.184 of AR"")",3
Diageo Plc,DGE LN Equity,Consumer Staples,Food Beverage & Tobacco,Beverages,Distillers & Vintners,34009.7,6.0,2026,Nik Jhangiani,Interim Chief Executive (previously Chief Financial Officer),CEO,interim,900000.0,GBP,,200.0,33.0,3.0,480.0,360.0,120.0,active,additive,400.0,2.0,"No salary increase for fiscal 26; new £300,000 Salary Supplement Allowance introduced for Interim CEO period (pensionable, counted in fiscal 26 AIP calculations); bonus opportunity unchanged at 200% max; LTIP opportunity 'in line with policy' implying continuation at CFO-level 480%; no change to 400% shareholding requirement despite Interim CEO title.",,211,300,48,48,diageo_ar_2025,https://www.diageo.com/~/media/Files/D/Diageo-V2/Diageo-Corp/investors/results-reports-and-events/annual-reports/2026/annual-report-2026.pdf,"=HYPERLINK(""https://www.diageo.com/~/media/Files/D/Diageo-V2/Diageo-Corp/investors/results-reports-and-events/annual-reports/2026/annual-report-2026.pdf#page=57"",""p.57 of AR"")",48.0,"=HYPERLINK(""https://www.diageo.com/~/media/Files/D/Diageo-V2/Diageo-Corp/investors/results-reports-and-events/annual-reports/2026/annual-report-2026.pdf#page=64"",""p.64 of AR"")","=HYPERLINK(""https://www.diageo.com/~/media/Files/D/Diageo-V2/Diageo-Corp/investors/results-reports-and-events/annual-reports/2026/annual-report-2026.pdf#page=68"",""p.68 of AR"")","=HYPERLINK(""https://www.diageo.com/~/media/Files/D/Diageo-V2/Diageo-Corp/investors/results-reports-and-events/annual-reports/2026/annual-report-2026.pdf#page=57"",""p.57 of AR"")","=HYPERLINK(""https://www.diageo.com/~/media/Files/D/Diageo-V2/Diageo-Corp/investors/results-reports-and-events/annual-reports/2026/annual-report-2026.pdf#page=57"",""p.57 of AR"")",3
Diageo Plc,DGE LN Equity,Consumer Staples,Food Beverage & Tobacco,Beverages,Distillers & Vintners,34009.7,6.0,2025,Debra Crew,Chief Executive,CEO,current,1824267.0,USD,,200.0,33.0,3.0,500.0,375.0,125.0,active,additive,500.0,2.0,"Debra Crew stepped down as Chief Executive and from the Board shortly after fiscal 25 year-end; leaving arrangements made in line with contractual entitlement and the Directors' Remuneration Policy, including 'good leaver' treatment for certain outstanding DESAP awards.",,211,48,48,48,diageo_ar_2025,https://www.diageo.com/~/media/Files/D/Diageo-V2/Diageo-Corp/investors/results-reports-and-events/annual-reports/2026/annual-report-2026.pdf,"=HYPERLINK(""https://www.diageo.com/~/media/Files/D/Diageo-V2/Diageo-Corp/investors/results-reports-and-events/annual-reports/2026/annual-report-2026.pdf#page=57"",""p.57 of AR"")",48.0,"=HYPERLINK(""https://www.diageo.com/~/media/Files/D/Diageo-V2/Diageo-Corp/investors/results-reports-and-events/annual-reports/2026/annual-report-2026.pdf#page=64"",""p.64 of AR"")","=HYPERLINK(""https://www.diageo.com/~/media/Files/D/Diageo-V2/Diageo-Corp/investors/results-reports-and-events/annual-reports/2026/annual-report-2026.pdf#page=57"",""p.57 of AR"")","=HYPERLINK(""https://www.diageo.com/~/media/Files/D/Diageo-V2/Diageo-Corp/investors/results-reports-and-events/annual-reports/2026/annual-report-2026.pdf#page=57"",""p.57 of AR"")","=HYPERLINK(""https://www.diageo.com/~/media/Files/D/Diageo-V2/Diageo-Corp/investors/results-reports-and-events/annual-reports/2026/annual-report-2026.pdf#page=57"",""p.57 of AR"")",3
Diageo Plc,DGE LN Equity,Consumer Staples,Food Beverage & Tobacco,Beverages,Distillers & Vintners,34009.7,6.0,2027,Sir Dave Lewis,Chief Executive Officer,CEO,current,1500000.0,GBP,1 January 2026,200.0,,,650.0,525.0,125.0,active,additive,650.0,2.0,"DLTIP maximum increased from 500% to 650% of salary, delivered entirely via increased PSP (375%→525%), no change to SESOP (125%); PSP target vesting reduced from 60% to 50% of maximum (threshold remains 20%); SESOP performance conditions removed (value driven by share price only); mandatory one-third AIP deferral into shares removed once shareholding requirement is met; AIP clawback period extended from 1 to 3 years; shareholding requirement increased to 650% of salary in line with new LTIP maximum; global consumer peer group introduced as primary salary benchmarking reference.",5 November 2026,48,79,82,177,diageo_ar_2026,https://www.diageo.com/~/media/Files/D/Diageo-V2/Diageo-Corp/investors/results-reports-and-events/annual-reports/2026/annual-report-2026.pdf,"=HYPERLINK(""https://www.diageo.com/~/media/Files/D/Diageo-V2/Diageo-Corp/investors/results-reports-and-events/annual-reports/2026/annual-report-2026.pdf#page=103"",""p.103 of AR"")",48.0,"=HYPERLINK(""https://www.diageo.com/~/media/Files/D/Diageo-V2/Diageo-Corp/investors/results-reports-and-events/annual-reports/2026/annual-report-2026.pdf#page=103"",""p.103 of AR"")","=HYPERLINK(""https://www.diageo.com/~/media/Files/D/Diageo-V2/Diageo-Corp/investors/results-reports-and-events/annual-reports/2026/annual-report-2026.pdf#page=105"",""p.105 of AR"")","=HYPERLINK(""https://www.diageo.com/~/media/Files/D/Diageo-V2/Diageo-Corp/investors/results-reports-and-events/annual-reports/2026/annual-report-2026.pdf#page=105"",""p.105 of AR"")","=HYPERLINK(""https://www.diageo.com/~/media/Files/D/Diageo-V2/Diageo-Corp/investors/results-reports-and-events/annual-reports/2026/annual-report-2026.pdf#page=113"",""p.113 of AR"")",3
Diageo Plc,DGE LN Equity,Consumer Staples,Food Beverage & Tobacco,Beverages,Distillers & Vintners,34009.7,6.0,2027,Nik Jhangiani,Chief Financial Officer,CFO,current,,,,200.0,,,550.0,430.0,120.0,active,additive,550.0,2.0,"DLTIP maximum increased from 480% to 550% of salary, delivered entirely via increased PSP (360%→430%), no change to SESOP (120%); PSP target vesting reduced from 60% to 50% of maximum (threshold remains 20%); SESOP performance conditions removed (value driven by share price only); mandatory one-third AIP deferral into shares removed once shareholding requirement is met; AIP clawback period extended from 1 to 3 years; shareholding requirement increased to 550% of salary in line with new LTIP maximum; global consumer peer group introduced as primary salary benchmarking reference.",5 November 2026,140,79,82,177,diageo_ar_2026,https://www.diageo.com/~/media/Files/D/Diageo-V2/Diageo-Corp/investors/results-reports-and-events/annual-reports/2026/annual-report-2026.pdf,"=HYPERLINK(""https://www.diageo.com/~/media/Files/D/Diageo-V2/Diageo-Corp/investors/results-reports-and-events/annual-reports/2026/annual-report-2026.pdf#page=103"",""p.103 of AR"")",47.0,"=HYPERLINK(""https://www.diageo.com/~/media/Files/D/Diageo-V2/Diageo-Corp/investors/results-reports-and-events/annual-reports/2026/annual-report-2026.pdf#page=109"",""p.109 of AR"")","=HYPERLINK(""https://www.diageo.com/~/media/Files/D/Diageo-V2/Diageo-Corp/investors/results-reports-and-events/annual-reports/2026/annual-report-2026.pdf#page=105"",""p.105 of AR"")","=HYPERLINK(""https://www.diageo.com/~/media/Files/D/Diageo-V2/Diageo-Corp/investors/results-reports-and-events/annual-reports/2026/annual-report-2026.pdf#page=105"",""p.105 of AR"")","=HYPERLINK(""https://www.diageo.com/~/media/Files/D/Diageo-V2/Diageo-Corp/investors/results-reports-and-events/annual-reports/2026/annual-report-2026.pdf#page=113"",""p.113 of AR"")",3
Diploma Plc,DPLM LN Equity,Industrials,Capital Goods,Trading Companies & Distributors,Trading Companies & Distributors,9011.2,9.0,2025,Johnny Thomson,Group Chief Executive,CEO,current,918400.0,GBP,1 October 2024,200.0,50.0,,300.0,,,,,300.0,,Annual bonus maximum increased from 125% to 200% of salary; introduction of a 5%-weighted non-financial (employee engagement) metric in the bonus; base salary increased by 12% to align with FTSE 51-100 market benchmark; PSP maximum unchanged at 300% of salary,15 January 2025,39,75,79,129,diploma_ar_2024,https://www.diplomaplc.com/media/5s3fi0yk/diploma-plc-annual-report-and-accounts-2025.pdf,"=HYPERLINK(""https://www.diplomaplc.com/media/5s3fi0yk/diploma-plc-annual-report-and-accounts-2025.pdf#page=100"",""p.100 of AR"")",39.0,"=HYPERLINK(""https://www.diplomaplc.com/media/5s3fi0yk/diploma-plc-annual-report-and-accounts-2025.pdf#page=100"",""p.100 of AR"")","=HYPERLINK(""https://www.diplomaplc.com/media/5s3fi0yk/diploma-plc-annual-report-and-accounts-2025.pdf#page=105"",""p.105 of AR"")","=HYPERLINK(""https://www.diplomaplc.com/media/5s3fi0yk/diploma-plc-annual-report-and-accounts-2025.pdf#page=106"",""p.106 of AR"")","=HYPERLINK(""https://www.diplomaplc.com/media/5s3fi0yk/diploma-plc-annual-report-and-accounts-2025.pdf#page=111"",""p.111 of AR"")",3
Diploma Plc,DPLM LN Equity,Industrials,Capital Goods,Trading Companies & Distributors,Trading Companies & Distributors,9011.2,9.0,2025,Chris Davies,Chief Financial Officer,CFO,current,530400.0,GBP,1 October 2024,180.0,50.0,,250.0,,,,,250.0,,"Annual bonus maximum increased from 125% to 180% of salary (implementation); introduction of a 5%-weighted non-financial (employee engagement) metric in the bonus; base salary increased by 4%, in line with wider workforce increase; PSP maximum unchanged at 250% of salary",15 January 2025,39,34,79,129,diploma_ar_2024,https://www.diplomaplc.com/media/5s3fi0yk/diploma-plc-annual-report-and-accounts-2025.pdf,"=HYPERLINK(""https://www.diplomaplc.com/media/5s3fi0yk/diploma-plc-annual-report-and-accounts-2025.pdf#page=100"",""p.100 of AR"")",39.0,"=HYPERLINK(""https://www.diplomaplc.com/media/5s3fi0yk/diploma-plc-annual-report-and-accounts-2025.pdf#page=100"",""p.100 of AR"")","=HYPERLINK(""https://www.diplomaplc.com/media/5s3fi0yk/diploma-plc-annual-report-and-accounts-2025.pdf#page=100"",""p.100 of AR"")","=HYPERLINK(""https://www.diplomaplc.com/media/5s3fi0yk/diploma-plc-annual-report-and-accounts-2025.pdf#page=106"",""p.106 of AR"")","=HYPERLINK(""https://www.diplomaplc.com/media/5s3fi0yk/diploma-plc-annual-report-and-accounts-2025.pdf#page=111"",""p.111 of AR"")",3
Diploma Plc,DPLM LN Equity,Industrials,Capital Goods,Trading Companies & Distributors,Trading Companies & Distributors,9011.2,9.0,2026,Johnny Thomson,Group Chief Executive Officer,CEO,current,992000.0,GBP,1 October 2025,200.0,50.0,,300.0,,,,,300.0,2.0,"CEO salary increased by 8% (from £918,000 to £992,000, effective 1 October 2025) reflecting Company size/complexity, performance, and external benchmarking; remains below FTSE 100 (excl. FS) market median on target total compensation basis. Refreshed Directors' Remuneration Policy approved by shareholders (93.3% in favour) at January 2025 AGM.",January 2025,181,94,94,154,diploma_ar_2025,https://www.diplomaplc.com/media/5s3fi0yk/diploma-plc-annual-report-and-accounts-2025.pdf,"=HYPERLINK(""https://www.diplomaplc.com/media/5s3fi0yk/diploma-plc-annual-report-and-accounts-2025.pdf#page=91"",""p.91 of AR"")",178.0,"=HYPERLINK(""https://www.diplomaplc.com/media/5s3fi0yk/diploma-plc-annual-report-and-accounts-2025.pdf#page=91"",""p.91 of AR"")","=HYPERLINK(""https://www.diplomaplc.com/media/5s3fi0yk/diploma-plc-annual-report-and-accounts-2025.pdf#page=85"",""p.85 of AR"")","=HYPERLINK(""https://www.diplomaplc.com/media/5s3fi0yk/diploma-plc-annual-report-and-accounts-2025.pdf#page=85"",""p.85 of AR"")","=HYPERLINK(""https://www.diplomaplc.com/media/5s3fi0yk/diploma-plc-annual-report-and-accounts-2025.pdf#page=89"",""p.89 of AR"")",3
Diploma Plc,DPLM LN Equity,Industrials,Capital Goods,Trading Companies & Distributors,Trading Companies & Distributors,9011.2,9.0,2026,Wilson Ng,Acting Chief Financial Officer,CFO,interim,425000.0,GBP,14 August 2025,150.0,50.0,,125.0,,,,,250.0,2.0,"Appointed Acting CFO from 14 August 2025; pay set in line with approved Policy and pro-rated for time served as an Executive Director (salary £425,000, pension 4% of salary, bonus opportunity 150% of salary, LTIP opportunity 125% of salary). Permanent CFO remuneration to be determined at time of appointment, fully in line with Policy.",14 August 2025,181,68,69,154,diploma_ar_2025,https://www.diplomaplc.com/media/5s3fi0yk/diploma-plc-annual-report-and-accounts-2025.pdf,"=HYPERLINK(""https://www.diplomaplc.com/media/5s3fi0yk/diploma-plc-annual-report-and-accounts-2025.pdf#page=81"",""p.81 of AR"")",52.0,"=HYPERLINK(""https://www.diplomaplc.com/media/5s3fi0yk/diploma-plc-annual-report-and-accounts-2025.pdf#page=91"",""p.91 of AR"")","=HYPERLINK(""https://www.diplomaplc.com/media/5s3fi0yk/diploma-plc-annual-report-and-accounts-2025.pdf#page=82"",""p.82 of AR"")","=HYPERLINK(""https://www.diplomaplc.com/media/5s3fi0yk/diploma-plc-annual-report-and-accounts-2025.pdf#page=82"",""p.82 of AR"")","=HYPERLINK(""https://www.diplomaplc.com/media/5s3fi0yk/diploma-plc-annual-report-and-accounts-2025.pdf#page=89"",""p.89 of AR"")",3
Discoverie Group Plc,DSCV LN Equity,Industrials,Capital Goods,Electrical Equipment,Electrical Components & Equipment,651.7,3.0,2026,Nick Jefferies,Group Chief Executive,CEO,current,550000.0,GBP,1 April 2025,150.0,20.0,3.0,175.0,,,,,250.0,2.0,"Salary increase implemented on a phased basis (3.8% rather than the full 11.3% approved at 2024 Policy review); LTIP grant maintained at 175% rather than the higher policy limit (200%) approved by shareholders; LTIP performance measures for 2025/26 changed to 50% relative TSR / 50% adjusted EPS growth (removal of carbon emissions metric, though ESG remains in the annual bonus); bonus deferral rate confirmed at 20% (reduced from one-third) as shareholding guideline has been met.",,36,37,37,84,discoverie_group_ar_2025,https://online.flippingbook.com/view/679280771/?utm_source=FlipBook&utm_medium=pdf&utm_campaign=discoverIEAR26&utm_id=AnnualReport2026,"=HYPERLINK(""https://online.flippingbook.com/view/679280771/?utm_source=FlipBook&utm_medium=pdf&utm_campaign=discoverIEAR26&utm_id=AnnualReport2026#page=115"",""p.115 of AR"")",48.0,"=HYPERLINK(""https://online.flippingbook.com/view/679280771/?utm_source=FlipBook&utm_medium=pdf&utm_campaign=discoverIEAR26&utm_id=AnnualReport2026#page=114"",""p.114 of AR"")","=HYPERLINK(""https://online.flippingbook.com/view/679280771/?utm_source=FlipBook&utm_medium=pdf&utm_campaign=discoverIEAR26&utm_id=AnnualReport2026#page=114"",""p.114 of AR"")","=HYPERLINK(""https://online.flippingbook.com/view/679280771/?utm_source=FlipBook&utm_medium=pdf&utm_campaign=discoverIEAR26&utm_id=AnnualReport2026#page=114"",""p.114 of AR"")","=HYPERLINK(""https://online.flippingbook.com/view/679280771/?utm_source=FlipBook&utm_medium=pdf&utm_campaign=discoverIEAR26&utm_id=AnnualReport2026#page=118"",""p.118 of AR"")",3
Discoverie Group Plc,DSCV LN Equity,Industrials,Capital Goods,Electrical Equipment,Electrical Components & Equipment,651.7,3.0,2026,Simon Gibbins,Group Finance Director,CFO,current,360000.0,GBP,1 April 2025,125.0,20.0,3.0,160.0,,,,,250.0,2.0,"Salary increase implemented on a phased basis (3.8% rather than the full 13% approved at 2024 Policy review); LTIP grant maintained at 160% rather than the higher policy limit (200%) approved by shareholders; LTIP performance measures for 2025/26 changed to 50% relative TSR / 50% adjusted EPS growth (removal of carbon emissions metric, though ESG remains in the annual bonus); bonus deferral rate confirmed at 20% (reduced from one-third) as shareholding guideline has been met.",,36,37,37,84,discoverie_group_ar_2025,https://online.flippingbook.com/view/679280771/?utm_source=FlipBook&utm_medium=pdf&utm_campaign=discoverIEAR26&utm_id=AnnualReport2026,"=HYPERLINK(""https://online.flippingbook.com/view/679280771/?utm_source=FlipBook&utm_medium=pdf&utm_campaign=discoverIEAR26&utm_id=AnnualReport2026#page=115"",""p.115 of AR"")",48.0,"=HYPERLINK(""https://online.flippingbook.com/view/679280771/?utm_source=FlipBook&utm_medium=pdf&utm_campaign=discoverIEAR26&utm_id=AnnualReport2026#page=114"",""p.114 of AR"")","=HYPERLINK(""https://online.flippingbook.com/view/679280771/?utm_source=FlipBook&utm_medium=pdf&utm_campaign=discoverIEAR26&utm_id=AnnualReport2026#page=114"",""p.114 of AR"")","=HYPERLINK(""https://online.flippingbook.com/view/679280771/?utm_source=FlipBook&utm_medium=pdf&utm_campaign=discoverIEAR26&utm_id=AnnualReport2026#page=114"",""p.114 of AR"")","=HYPERLINK(""https://online.flippingbook.com/view/679280771/?utm_source=FlipBook&utm_medium=pdf&utm_campaign=discoverIEAR26&utm_id=AnnualReport2026#page=118"",""p.118 of AR"")",3
Diversified Energy Company Plc,DEC LN Equity,,,,,872.2,,2025,"Rusty Hutson, Jr.",Chief Executive Officer,CEO,current,807128.0,USD,"January 1, 2025",200.0,50.0,2.0,425.0,325.0,100.0,active,additive,600.0,1.0,"Annual bonus maximum increased from 175% to 200% of salary; new Restricted Share Award of 100% of salary introduced alongside unchanged 325% Performance Share Award maximum (hybrid LTIP structure, additive, aligning with U.S. market practice); shareholding guideline increased to 600% of salary; bonus deferral requirement (50% for 2 years) now applies only to Executive Directors who have not yet met shareholding guidelines - those who have (including current CEO) are exempt from deferral; base salary increased 3.5% for 2025, in line with average workforce increase; new policy maxima for 'other Executive Directors' (125% bonus; 250% PSA + 75% RSA; 300% shareholding) introduced to future-proof the policy, though no such director is currently in post.","Following 2025 AGM approval, in place until 2028 AGM",232,65,derived,90,diversified_energy_company_ar_2024,https://d1io3yog0oux5.cloudfront.net/_b5c93b1c1817b79e51cee4dd66feefe7/dgoc/db/556/6017/file/2024+Annual+Report+-+Diversified+Energy.pdf,"=HYPERLINK(""https://d1io3yog0oux5.cloudfront.net/_b5c93b1c1817b79e51cee4dd66feefe7/dgoc/db/556/6017/file/2024+Annual+Report+-+Diversified+Energy.pdf#page=62"",""p.62 of AR"")",65.0,"=HYPERLINK(""https://d1io3yog0oux5.cloudfront.net/_b5c93b1c1817b79e51cee4dd66feefe7/dgoc/db/556/6017/file/2024+Annual+Report+-+Diversified+Energy.pdf#page=77"",""p.77 of AR"")","=HYPERLINK(""https://d1io3yog0oux5.cloudfront.net/_b5c93b1c1817b79e51cee4dd66feefe7/dgoc/db/556/6017/file/2024+Annual+Report+-+Diversified+Energy.pdf#page=62"",""p.62 of AR"")",derived,"=HYPERLINK(""https://d1io3yog0oux5.cloudfront.net/_b5c93b1c1817b79e51cee4dd66feefe7/dgoc/db/556/6017/file/2024+Annual+Report+-+Diversified+Energy.pdf#page=66"",""p.66 of AR"")",3
Dominos Pizza Group Plc,DOM LN Equity,Consumer Discretionary,Consumer Services,Hotels Restaurants & Leisure,Restaurants,723.1,12.0,2025,Andrew Rennie,Chief Executive Officer,CEO,current,795000.0,GBP,1 April 2025,150.0,33.3,3.0,500.0,200.0,300.0,active,additive,200.0,2.0,"Salary increased 2.5% to £795,000 from April 2025; Policy amended (from June 2023 approval) to permit a one-off grant of premium priced options (structured as share-settled SARs) under the existing 2022 LTIP to Executive Directors in permanent roles, in addition to minor textual clarifications",1 April 2025,154,156,166,54,dominos_pizza_group_ar_2024,https://investors.dominos.co.uk/system/files/uploads/financialdocs/2025-annual-report.pdf,"=HYPERLINK(""https://investors.dominos.co.uk/system/files/uploads/financialdocs/2025-annual-report.pdf#page=75"",""p.75 of AR"")",17.0,"=HYPERLINK(""https://investors.dominos.co.uk/system/files/uploads/financialdocs/2025-annual-report.pdf#page=89"",""p.89 of AR"")","=HYPERLINK(""https://investors.dominos.co.uk/system/files/uploads/financialdocs/2025-annual-report.pdf#page=89"",""p.89 of AR"")","=HYPERLINK(""https://investors.dominos.co.uk/system/files/uploads/financialdocs/2025-annual-report.pdf#page=90"",""p.90 of AR"")","=HYPERLINK(""https://investors.dominos.co.uk/system/files/uploads/financialdocs/2025-annual-report.pdf#page=80"",""p.80 of AR"")",3
Dominos Pizza Group Plc,DOM LN Equity,Consumer Discretionary,Consumer Services,Hotels Restaurants & Leisure,Restaurants,723.1,12.0,2025,Edward Jamieson,Chief Financial Officer,CFO,current,400000.0,GBP,1 April 2025,125.0,33.3,3.0,325.0,175.0,150.0,active,additive,200.0,2.0,"Salary increased 3.9% to £400,000 from April 2025; Policy amended (from June 2023 approval) to permit a one-off grant of premium priced options (structured as share-settled SARs) under the existing 2022 LTIP to Executive Directors in permanent roles, in addition to minor textual clarifications",1 April 2025,154,156,166,54,dominos_pizza_group_ar_2024,https://investors.dominos.co.uk/system/files/uploads/financialdocs/2025-annual-report.pdf,"=HYPERLINK(""https://investors.dominos.co.uk/system/files/uploads/financialdocs/2025-annual-report.pdf#page=75"",""p.75 of AR"")",17.0,"=HYPERLINK(""https://investors.dominos.co.uk/system/files/uploads/financialdocs/2025-annual-report.pdf#page=89"",""p.89 of AR"")","=HYPERLINK(""https://investors.dominos.co.uk/system/files/uploads/financialdocs/2025-annual-report.pdf#page=89"",""p.89 of AR"")","=HYPERLINK(""https://investors.dominos.co.uk/system/files/uploads/financialdocs/2025-annual-report.pdf#page=90"",""p.90 of AR"")","=HYPERLINK(""https://investors.dominos.co.uk/system/files/uploads/financialdocs/2025-annual-report.pdf#page=80"",""p.80 of AR"")",3
Dominos Pizza Group Plc,DOM LN Equity,Consumer Discretionary,Consumer Services,Hotels Restaurants & Leisure,Restaurants,723.1,12.0,2026,Nicola Frampton,Interim Chief Executive Officer,CEO,interim,650000.0,GBP,24 November 2025,150.0,33.33,3.0,150.0,100.0,50.0,active,additive,200.0,2.0,"New 2026 Policy (subject to AGM approval April 2026) introduces the ability to grant RSUs alongside PSUs under the LTIP (no increase to total fair value); standard notice period increased from 6 to 12 months; PSU performance metrics for 2026 awards revised to 35% EPS growth, 35% Free Cash Flow, 30% relative TSR (previously 70% EPS/30% TSR); ability to grant premium priced options removed.",April 2026,149,153,derived,62,dominos_pizza_group_ar_2025,https://investors.dominos.co.uk/system/files/uploads/financialdocs/2025-annual-report.pdf,"=HYPERLINK(""https://investors.dominos.co.uk/system/files/uploads/financialdocs/2025-annual-report.pdf#page=49"",""p.49 of AR"")",10.0,"=HYPERLINK(""https://investors.dominos.co.uk/system/files/uploads/financialdocs/2025-annual-report.pdf#page=56"",""p.56 of AR"")","=HYPERLINK(""https://investors.dominos.co.uk/system/files/uploads/financialdocs/2025-annual-report.pdf#page=57"",""p.57 of AR"")",derived,"=HYPERLINK(""https://investors.dominos.co.uk/system/files/uploads/financialdocs/2025-annual-report.pdf#page=52"",""p.52 of AR"")",3
Dominos Pizza Group Plc,DOM LN Equity,Consumer Discretionary,Consumer Services,Hotels Restaurants & Leisure,Restaurants,723.1,12.0,2026,Andrew Andrea,Chief Financial Officer,CFO,current,475000.0,GBP,16 March 2026,125.0,33.33,3.0,131.25,87.5,43.75,active,additive,200.0,2.0,"New 2026 Policy (subject to AGM approval April 2026) introduces the ability to grant RSUs alongside PSUs under the LTIP (no increase to total fair value); standard notice period increased from 6 to 12 months; PSU performance metrics for 2026 awards revised to 35% EPS growth, 35% Free Cash Flow, 30% relative TSR (previously 70% EPS/30% TSR); ability to grant premium priced options removed.",April 2026,149,153,derived,62,dominos_pizza_group_ar_2025,https://investors.dominos.co.uk/system/files/uploads/financialdocs/2025-annual-report.pdf,"=HYPERLINK(""https://investors.dominos.co.uk/system/files/uploads/financialdocs/2025-annual-report.pdf#page=50"",""p.50 of AR"")",31.0,"=HYPERLINK(""https://investors.dominos.co.uk/system/files/uploads/financialdocs/2025-annual-report.pdf#page=56"",""p.56 of AR"")","=HYPERLINK(""https://investors.dominos.co.uk/system/files/uploads/financialdocs/2025-annual-report.pdf#page=57"",""p.57 of AR"")",derived,"=HYPERLINK(""https://investors.dominos.co.uk/system/files/uploads/financialdocs/2025-annual-report.pdf#page=52"",""p.52 of AR"")",3
Dowlais Group Plc,DWL LN Equity,Consumer Discretionary,Automobiles & Components,Automobile Components,Automotive Parts & Equipment,,,2025,Liam Butterworth,Chief Executive Officer,CEO,current,948900.0,GBP,1 January 2025,200.0,30.0,2.0,300.0,,,,,300.0,2.0,"Salary increased 3% from 1 January 2025 (from £921,200 to £948,900); annual bonus cash flow measure changed from 'entity cash flow' to 'adjusted free cash flow' for 2025 (weightings unchanged: 40% adjusted operating profit, 40% adjusted free cash flow, 20% strategic/ESG); performance share award levels unchanged (300% of salary) but TSR comparator group realigned/expanded to 28 European and US automotive parts and equipment companies; no change to bonus deferral, LTIP maximum, or shareholding guideline.",1 January 2025,136,84,191,94,dowlais_group_ar_2024,https://www.dowlais.com/files/investors/reports/2025/Dowlais-2024-ARA-interactive.pdf,"=HYPERLINK(""https://www.dowlais.com/files/investors/reports/2025/Dowlais-2024-ARA-interactive.pdf#page=106"",""p.106 of AR"")",132.0,"=HYPERLINK(""https://www.dowlais.com/files/investors/reports/2025/Dowlais-2024-ARA-interactive.pdf#page=106"",""p.106 of AR"")","=HYPERLINK(""https://www.dowlais.com/files/investors/reports/2025/Dowlais-2024-ARA-interactive.pdf#page=102"",""p.102 of AR"")","=HYPERLINK(""https://www.dowlais.com/files/investors/reports/2025/Dowlais-2024-ARA-interactive.pdf#page=109"",""p.109 of AR"")","=HYPERLINK(""https://www.dowlais.com/files/investors/reports/2025/Dowlais-2024-ARA-interactive.pdf#page=103"",""p.103 of AR"")",3
Dowlais Group Plc,DWL LN Equity,Consumer Discretionary,Automobiles & Components,Automobile Components,Automotive Parts & Equipment,,,2025,Roberto Fioroni,Chief Financial Officer,CFO,current,671700.0,GBP,1 January 2025,150.0,30.0,2.0,200.0,,,,,300.0,2.0,"Salary increased 3% from 1 January 2025 (from £652,100 to £671,700); annual bonus cash flow measure changed from 'entity cash flow' to 'adjusted free cash flow' for 2025 (weightings unchanged: 40% adjusted operating profit, 40% adjusted free cash flow, 20% strategic/ESG); performance share award levels unchanged (200% of salary) but TSR comparator group realigned/expanded to 28 European and US automotive parts and equipment companies; no change to bonus deferral, LTIP maximum, or shareholding guideline.",1 January 2025,136,84,191,94,dowlais_group_ar_2024,https://www.dowlais.com/files/investors/reports/2025/Dowlais-2024-ARA-interactive.pdf,"=HYPERLINK(""https://www.dowlais.com/files/investors/reports/2025/Dowlais-2024-ARA-interactive.pdf#page=106"",""p.106 of AR"")",132.0,"=HYPERLINK(""https://www.dowlais.com/files/investors/reports/2025/Dowlais-2024-ARA-interactive.pdf#page=106"",""p.106 of AR"")","=HYPERLINK(""https://www.dowlais.com/files/investors/reports/2025/Dowlais-2024-ARA-interactive.pdf#page=102"",""p.102 of AR"")","=HYPERLINK(""https://www.dowlais.com/files/investors/reports/2025/Dowlais-2024-ARA-interactive.pdf#page=109"",""p.109 of AR"")","=HYPERLINK(""https://www.dowlais.com/files/investors/reports/2025/Dowlais-2024-ARA-interactive.pdf#page=103"",""p.103 of AR"")",3
Dr Martens Plc,DOCS LN Equity,Consumer Discretionary,Consumer Durables & Apparel,Textiles Apparel & Luxury Goods,Footwear,602.6,3.0,2026,Ije Nwokorie,Chief Executive Officer,CEO,current,650000.0,GBP,,200.0,33.3,2.0,300.0,,,,,300.0,2.0,"No salary increase for FY26 (newly appointed); GBS weighting on adjusted PBT increased to 70% with remaining 30% split across strategic objectives (people, consumer, environment); LTIP granted at normal policy maximum of 300% of salary (previously reduced to 250% in FY25 due to share price at grant)",,175,177,183,61,dr_martens_ar_2025,https://www.drmartensplc.com/application/files/5417/8038/8372/DOCs-AR26-web2.pdf,"=HYPERLINK(""https://www.drmartensplc.com/application/files/5417/8038/8372/DOCs-AR26-web2.pdf#page=131"",""p.131 of AR"")",21.0,"=HYPERLINK(""https://www.drmartensplc.com/application/files/5417/8038/8372/DOCs-AR26-web2.pdf#page=145"",""p.145 of AR"")","=HYPERLINK(""https://www.drmartensplc.com/application/files/5417/8038/8372/DOCs-AR26-web2.pdf#page=145"",""p.145 of AR"")","=HYPERLINK(""https://www.drmartensplc.com/application/files/5417/8038/8372/DOCs-AR26-web2.pdf#page=146"",""p.146 of AR"")","=HYPERLINK(""https://www.drmartensplc.com/application/files/5417/8038/8372/DOCs-AR26-web2.pdf#page=133"",""p.133 of AR"")",3
Dr Martens Plc,DOCS LN Equity,Consumer Discretionary,Consumer Durables & Apparel,Textiles Apparel & Luxury Goods,Footwear,602.6,3.0,2026,Giles Wilson,Chief Financial Officer,CFO,current,499550.0,GBP,,150.0,33.3,2.0,300.0,,,,,300.0,2.0,"3% salary increase in line with wider workforce; GBS weighting on adjusted PBT increased to 70% with remaining 30% split across strategic objectives (people, consumer, environment); LTIP granted at normal policy maximum of 300% of salary",,175,177,183,61,dr_martens_ar_2025,https://www.drmartensplc.com/application/files/5417/8038/8372/DOCs-AR26-web2.pdf,"=HYPERLINK(""https://www.drmartensplc.com/application/files/5417/8038/8372/DOCs-AR26-web2.pdf#page=145"",""p.145 of AR"")",174.0,"=HYPERLINK(""https://www.drmartensplc.com/application/files/5417/8038/8372/DOCs-AR26-web2.pdf#page=145"",""p.145 of AR"")","=HYPERLINK(""https://www.drmartensplc.com/application/files/5417/8038/8372/DOCs-AR26-web2.pdf#page=145"",""p.145 of AR"")","=HYPERLINK(""https://www.drmartensplc.com/application/files/5417/8038/8372/DOCs-AR26-web2.pdf#page=146"",""p.146 of AR"")","=HYPERLINK(""https://www.drmartensplc.com/application/files/5417/8038/8372/DOCs-AR26-web2.pdf#page=133"",""p.133 of AR"")",3
Drax Group Plc,DRX LN Equity,Utilities,Utilities,Independent Power and Renewable Electricity Producers,Renewable Electricity,2688.0,12.0,2025,Will Gardiner,Chief Executive Officer (CEO),CEO,current,724000.0,GBP,1 January 2025,175.0,40.0,3.0,400.0,250.0,150.0,active,additive,250.0,2.0,No changes to the LTIP structure proposed for 2025; base salary increased 5.0% effective 1 January 2025 (higher than the 2024 increase of 4.0%); no further planned increases for 2025.,,172,65,183,65,drax_group_ar_2024,https://www.drax.com/wp-content/uploads/2026/03/Drax_AR25_Interactive.pdf,"=HYPERLINK(""https://www.drax.com/wp-content/uploads/2026/03/Drax_AR25_Interactive.pdf#page=132"",""p.132 of AR"")",65.0,"=HYPERLINK(""https://www.drax.com/wp-content/uploads/2026/03/Drax_AR25_Interactive.pdf#page=144"",""p.144 of AR"")","=HYPERLINK(""https://www.drax.com/wp-content/uploads/2026/03/Drax_AR25_Interactive.pdf#page=132"",""p.132 of AR"")","=HYPERLINK(""https://www.drax.com/wp-content/uploads/2026/03/Drax_AR25_Interactive.pdf#page=145"",""p.145 of AR"")","=HYPERLINK(""https://www.drax.com/wp-content/uploads/2026/03/Drax_AR25_Interactive.pdf#page=132"",""p.132 of AR"")",3
Drax Group Plc,DRX LN Equity,Utilities,Utilities,Independent Power and Renewable Electricity Producers,Renewable Electricity,2688.0,12.0,2025,Andy Skelton,Chief Financial Officer (CFO),CFO,current,454000.0,GBP,1 January 2025,150.0,40.0,3.0,350.0,220.0,130.0,active,additive,200.0,2.0,"No changes to the LTIP structure proposed for 2025; base salary increased 3.5% effective 1 January 2025 (lower than 2024's 4.0% increase); Andy Skelton is retiring as CFO — post-cessation shareholding requirement of 200% of base salary for two years confirmed to continue applying following his departure, and he will still receive a 2025 LTIP award.",,172,65,183,65,drax_group_ar_2024,https://www.drax.com/wp-content/uploads/2026/03/Drax_AR25_Interactive.pdf,"=HYPERLINK(""https://www.drax.com/wp-content/uploads/2026/03/Drax_AR25_Interactive.pdf#page=132"",""p.132 of AR"")",65.0,"=HYPERLINK(""https://www.drax.com/wp-content/uploads/2026/03/Drax_AR25_Interactive.pdf#page=144"",""p.144 of AR"")","=HYPERLINK(""https://www.drax.com/wp-content/uploads/2026/03/Drax_AR25_Interactive.pdf#page=132"",""p.132 of AR"")","=HYPERLINK(""https://www.drax.com/wp-content/uploads/2026/03/Drax_AR25_Interactive.pdf#page=145"",""p.145 of AR"")","=HYPERLINK(""https://www.drax.com/wp-content/uploads/2026/03/Drax_AR25_Interactive.pdf#page=132"",""p.132 of AR"")",3
Drax Group Plc,DRX LN Equity,Utilities,Utilities,Independent Power and Renewable Electricity Producers,Renewable Electricity,2688.0,12.0,2026,Will Gardiner,Chief Executive Officer,CEO,current,750000.0,GBP,1 January 2026,175.0,40.0,3.0,400.0,250.0,150.0,active,additive,400.0,2.0,"Core LTIP increased from 200% to 250% of salary; new Stretch LTIP element added at 150% of salary (based on Absolute TSR with a Relative TSR underpin requiring upper quartile performance in the Core LTIP); shareholding requirement (and post-cessation requirement) increased from 250% to 400% of salary. Salary, pension, bonus opportunity and bonus deferral mechanics unchanged.","2026 AGM, 30 April 2026",305,107,318,127,drax_group_ar_2025,https://www.drax.com/wp-content/uploads/2026/03/Drax_AR25_Interactive.pdf,"=HYPERLINK(""https://www.drax.com/wp-content/uploads/2026/03/Drax_AR25_Interactive.pdf#page=95"",""p.95 of AR"")",82.0,"=HYPERLINK(""https://www.drax.com/wp-content/uploads/2026/03/Drax_AR25_Interactive.pdf#page=117"",""p.117 of AR"")","=HYPERLINK(""https://www.drax.com/wp-content/uploads/2026/03/Drax_AR25_Interactive.pdf#page=98"",""p.98 of AR"")","=HYPERLINK(""https://www.drax.com/wp-content/uploads/2026/03/Drax_AR25_Interactive.pdf#page=118"",""p.118 of AR"")","=HYPERLINK(""https://www.drax.com/wp-content/uploads/2026/03/Drax_AR25_Interactive.pdf#page=100"",""p.100 of AR"")",3
Drax Group Plc,DRX LN Equity,Utilities,Utilities,Independent Power and Renewable Electricity Producers,Renewable Electricity,2688.0,12.0,2026,Frank Lemmink,Chief Financial Officer,CFO,current,513000.0,GBP,1 January 2026,150.0,40.0,3.0,350.0,220.0,130.0,active,additive,350.0,2.0,"Core LTIP increased from 175% to 220% of salary; new Stretch LTIP element added at 130% of salary (Absolute TSR with Relative TSR underpin); shareholding requirement (and post-cessation requirement) increased from 200% to 350% of salary. Salary, pension, bonus opportunity and bonus deferral mechanics unchanged. Note: Frank Lemmink is currently working towards meeting his shareholding requirement (5-year window from appointment).","2026 AGM, 30 April 2026",305,107,318,127,drax_group_ar_2025,https://www.drax.com/wp-content/uploads/2026/03/Drax_AR25_Interactive.pdf,"=HYPERLINK(""https://www.drax.com/wp-content/uploads/2026/03/Drax_AR25_Interactive.pdf#page=94"",""p.94 of AR"")",61.0,"=HYPERLINK(""https://www.drax.com/wp-content/uploads/2026/03/Drax_AR25_Interactive.pdf#page=117"",""p.117 of AR"")","=HYPERLINK(""https://www.drax.com/wp-content/uploads/2026/03/Drax_AR25_Interactive.pdf#page=98"",""p.98 of AR"")","=HYPERLINK(""https://www.drax.com/wp-content/uploads/2026/03/Drax_AR25_Interactive.pdf#page=118"",""p.118 of AR"")","=HYPERLINK(""https://www.drax.com/wp-content/uploads/2026/03/Drax_AR25_Interactive.pdf#page=100"",""p.100 of AR"")",3
Dunelm Group Plc,DNLM LN Equity,,,,,1459.3,6.0,2025,Nick Wilkinson,Chief Executive Officer,CEO,current,627905.0,GBP,1 August 2024,150.0,66.7,,250.0,,,,,225.0,2.0,"2.75% salary increase for FY25 (below median colleague increase of 6.9%); FY25–27 LTIP performance measures revised to introduce Relative TSR (25% weighting) alongside Diluted EPS (75%), with specific ESG targets transitioned from LTIP to annual bonus; threshold bonus vesting for PBT remains at 5% of maximum (rather than 10% as previously anticipated) while sales threshold vesting is 10%.",,357,90.0,100.0,110.0,dunelm_group_ar_2024,https://corporate.dunelm.com/media/0oskygbo/annual_report-2025.pdf,"=HYPERLINK(""https://corporate.dunelm.com/media/0oskygbo/annual_report-2025.pdf#page=92"",""p.92 of AR"")",43.0,"=HYPERLINK(""https://corporate.dunelm.com/media/0oskygbo/annual_report-2025.pdf#page=114"",""p.114 of AR"")","=HYPERLINK(""https://corporate.dunelm.com/media/0oskygbo/annual_report-2025.pdf#page=95"",""p.95 of AR"")","=HYPERLINK(""https://corporate.dunelm.com/media/0oskygbo/annual_report-2025.pdf#page=96"",""p.96 of AR"")","=HYPERLINK(""https://corporate.dunelm.com/media/0oskygbo/annual_report-2025.pdf#page=97"",""p.97 of AR"")",3
Dunelm Group Plc,DNLM LN Equity,,,,,1459.3,6.0,2025,Karen Witts,Chief Financial Officer,CFO,current,485493.0,GBP,1 August 2024,150.0,66.7,,250.0,,,,,200.0,2.0,"2.75% salary increase for FY25 (below median colleague increase of 6.9%); FY25–27 LTIP performance measures revised to introduce Relative TSR (25% weighting) alongside Diluted EPS (75%), with specific ESG targets transitioned from LTIP to annual bonus; threshold bonus vesting for PBT remains at 5% of maximum while sales threshold vesting is 10%.",,357,90.0,100.0,110.0,dunelm_group_ar_2024,https://corporate.dunelm.com/media/0oskygbo/annual_report-2025.pdf,"=HYPERLINK(""https://corporate.dunelm.com/media/0oskygbo/annual_report-2025.pdf#page=92"",""p.92 of AR"")",43.0,"=HYPERLINK(""https://corporate.dunelm.com/media/0oskygbo/annual_report-2025.pdf#page=114"",""p.114 of AR"")","=HYPERLINK(""https://corporate.dunelm.com/media/0oskygbo/annual_report-2025.pdf#page=95"",""p.95 of AR"")","=HYPERLINK(""https://corporate.dunelm.com/media/0oskygbo/annual_report-2025.pdf#page=96"",""p.96 of AR"")","=HYPERLINK(""https://corporate.dunelm.com/media/0oskygbo/annual_report-2025.pdf#page=97"",""p.97 of AR"")",3
Dunelm Group Plc,DNLM LN Equity,,,,,1459.3,6.0,2025,Sir Will Adderley,Executive Director (founder; not currently CEO),CEO,current,1.0,GBP,,,,,,,,,,,2.0,"No pension entitlement (waived from 1 July 2015); declined consideration for pay increase, bonus, and LTIP for FY25",,357,,,,dunelm_group_ar_2024,https://corporate.dunelm.com/media/0oskygbo/annual_report-2025.pdf,"=HYPERLINK(""https://corporate.dunelm.com/media/0oskygbo/annual_report-2025.pdf#page=94"",""p.94 of AR"")",78.0,"=HYPERLINK(""https://corporate.dunelm.com/media/0oskygbo/annual_report-2025.pdf#page=114"",""p.114 of AR"")",,,,3
Dunelm Group Plc,DNLM LN Equity,,,,,1459.3,6.0,2026,Clo Moriarty,Chief Executive Officer (incoming CEO),CEO,designate,825000.0,GBP,effective from appointment,150.0,67.0,,250.0,,,,,200.0,2.0,New CEO appointment during FY25/26; salary and incentive package set per standard Policy; Committee to conduct a full Policy review during FY26 ahead of new Policy at 2026 AGM,,223,227.0,310.0,165.0,dunelm_group_ar_2025,https://corporate.dunelm.com/media/0oskygbo/annual_report-2025.pdf,"=HYPERLINK(""https://corporate.dunelm.com/media/0oskygbo/annual_report-2025.pdf#page=91"",""p.91 of AR"")",41.0,"=HYPERLINK(""https://corporate.dunelm.com/media/0oskygbo/annual_report-2025.pdf#page=104"",""p.104 of AR"")","=HYPERLINK(""https://corporate.dunelm.com/media/0oskygbo/annual_report-2025.pdf#page=104"",""p.104 of AR"")","=HYPERLINK(""https://corporate.dunelm.com/media/0oskygbo/annual_report-2025.pdf#page=110"",""p.110 of AR"")","=HYPERLINK(""https://corporate.dunelm.com/media/0oskygbo/annual_report-2025.pdf#page=100"",""p.100 of AR"")",3
Dunelm Group Plc,DNLM LN Equity,,,,,1459.3,6.0,2026,Karen Witts,Chief Financial Officer,CFO,current,500058.0,GBP,1 August 2025,125.0,67.0,,250.0,,,,,200.0,2.0,"3% base salary increase in line with senior management average; FY26 bonus scorecard changed — ESG measure replaced with Customer Satisfaction measure, and PBT threshold vesting aligned to 10% (from 5%)",,223,227.0,310.0,165.0,dunelm_group_ar_2025,https://corporate.dunelm.com/media/0oskygbo/annual_report-2025.pdf,"=HYPERLINK(""https://corporate.dunelm.com/media/0oskygbo/annual_report-2025.pdf#page=91"",""p.91 of AR"")",43.0,"=HYPERLINK(""https://corporate.dunelm.com/media/0oskygbo/annual_report-2025.pdf#page=104"",""p.104 of AR"")","=HYPERLINK(""https://corporate.dunelm.com/media/0oskygbo/annual_report-2025.pdf#page=104"",""p.104 of AR"")","=HYPERLINK(""https://corporate.dunelm.com/media/0oskygbo/annual_report-2025.pdf#page=110"",""p.110 of AR"")","=HYPERLINK(""https://corporate.dunelm.com/media/0oskygbo/annual_report-2025.pdf#page=100"",""p.100 of AR"")",3
Dunelm Group Plc,DNLM LN Equity,,,,,1459.3,6.0,2026,Nick Wilkinson,Chief Executive Officer (outgoing/leaving during FY26),CEO,former,627905.0,GBP,1 August 2025,150.0,67.0,,250.0,,,,,200.0,2.0,Leaving arrangements confirmed for FY26; no LTIP award to be granted; salary/bonus pro-rated to reflect partial year of service,,223,227.0,310.0,165.0,dunelm_group_ar_2025,https://corporate.dunelm.com/media/0oskygbo/annual_report-2025.pdf,"=HYPERLINK(""https://corporate.dunelm.com/media/0oskygbo/annual_report-2025.pdf#page=90"",""p.90 of AR"")",19.0,"=HYPERLINK(""https://corporate.dunelm.com/media/0oskygbo/annual_report-2025.pdf#page=104"",""p.104 of AR"")","=HYPERLINK(""https://corporate.dunelm.com/media/0oskygbo/annual_report-2025.pdf#page=104"",""p.104 of AR"")","=HYPERLINK(""https://corporate.dunelm.com/media/0oskygbo/annual_report-2025.pdf#page=110"",""p.110 of AR"")","=HYPERLINK(""https://corporate.dunelm.com/media/0oskygbo/annual_report-2025.pdf#page=100"",""p.100 of AR"")",3
Dunelm Group Plc,DNLM LN Equity,,,,,1459.3,6.0,2026,Sir Will Adderley,Executive Director (Founder),Executive Director,current,1.0,GBP,1 July 2015,,,,,,,,,,,No changes — long-standing arrangement of nominal £1 salary and non-participation in variable pay continues,,223,,,,dunelm_group_ar_2025,https://corporate.dunelm.com/media/0oskygbo/annual_report-2025.pdf,"=HYPERLINK(""https://corporate.dunelm.com/media/0oskygbo/annual_report-2025.pdf#page=104"",""p.104 of AR"")",223.0,"=HYPERLINK(""https://corporate.dunelm.com/media/0oskygbo/annual_report-2025.pdf#page=104"",""p.104 of AR"")",,,,3
easyJet Plc,EZJ LN Equity,Industrials,Transportation,Passenger Airlines,Passenger Airlines,2573.0,9.0,2025,Kenton Jarvis,Chief Executive Officer,CEO,current,800000.0,GBP,1 January 2025,200.0,33.0,3.0,125.0,,,,,250.0,2.0,No major changes compared to the 2022 Directors' Remuneration Policy; only minor wording changes made to aid clarity and operation.,13 February 2025,64,125,135,135,easyjet_ar_2024,https://s203.q4cdn.com/522538739/files/doc_financials/2025/q4/easyJetARA25_DIGITAL_sm.pdf,"=HYPERLINK(""https://s203.q4cdn.com/522538739/files/doc_financials/2025/q4/easyJetARA25_DIGITAL_sm.pdf#page=123"",""p.123 of AR"")",64.0,"=HYPERLINK(""https://s203.q4cdn.com/522538739/files/doc_financials/2025/q4/easyJetARA25_DIGITAL_sm.pdf#page=123"",""p.123 of AR"")","=HYPERLINK(""https://s203.q4cdn.com/522538739/files/doc_financials/2025/q4/easyJetARA25_DIGITAL_sm.pdf#page=128"",""p.128 of AR"")","=HYPERLINK(""https://s203.q4cdn.com/522538739/files/doc_financials/2025/q4/easyJetARA25_DIGITAL_sm.pdf#page=129"",""p.129 of AR"")","=HYPERLINK(""https://s203.q4cdn.com/522538739/files/doc_financials/2025/q4/easyJetARA25_DIGITAL_sm.pdf#page=129"",""p.129 of AR"")",3
easyJet Plc,EZJ LN Equity,Industrials,Transportation,Passenger Airlines,Passenger Airlines,2573.0,9.0,2025,Jan De Raeymaeker,Chief Financial Officer,CFO,current,550000.0,GBP,20 January 2025,175.0,33.0,3.0,100.0,,,,,200.0,2.0,"No major changes compared to the 2022 Directors' Remuneration Policy; only minor wording changes made to aid clarity and operation. Jan De Raeymaeker joined the Board as CFO effective 20 January 2025, following Johan Lundgren's departure and CEO/CFO succession changes.",13 February 2025,64,125,135,135,easyjet_ar_2024,https://s203.q4cdn.com/522538739/files/doc_financials/2025/q4/easyJetARA25_DIGITAL_sm.pdf,"=HYPERLINK(""https://s203.q4cdn.com/522538739/files/doc_financials/2025/q4/easyJetARA25_DIGITAL_sm.pdf#page=122"",""p.122 of AR"")",33.0,"=HYPERLINK(""https://s203.q4cdn.com/522538739/files/doc_financials/2025/q4/easyJetARA25_DIGITAL_sm.pdf#page=123"",""p.123 of AR"")","=HYPERLINK(""https://s203.q4cdn.com/522538739/files/doc_financials/2025/q4/easyJetARA25_DIGITAL_sm.pdf#page=128"",""p.128 of AR"")","=HYPERLINK(""https://s203.q4cdn.com/522538739/files/doc_financials/2025/q4/easyJetARA25_DIGITAL_sm.pdf#page=129"",""p.129 of AR"")","=HYPERLINK(""https://s203.q4cdn.com/522538739/files/doc_financials/2025/q4/easyJetARA25_DIGITAL_sm.pdf#page=129"",""p.129 of AR"")",3
easyJet Plc,EZJ LN Equity,Industrials,Transportation,Passenger Airlines,Passenger Airlines,2573.0,9.0,2026,Kenton Jarvis,Chief Executive Officer,CEO,current,842480.0,GBP,1 January 2026,200.0,33.3,3.0,125.0,,,,,250.0,2.0,"Salary increased 5.31% to £842,480 effective 1 January 2026, in line with weighted average workforce increase; no changes to bonus maximum, LTIP structure, or shareholding guidelines; RSP to continue in same form as prior year",1 January 2026,617,655,660,660,easyjet_ar_2025,https://s203.q4cdn.com/522538739/files/doc_financials/2025/q4/easyJetARA25_DIGITAL_sm.pdf,"=HYPERLINK(""https://s203.q4cdn.com/522538739/files/doc_financials/2025/q4/easyJetARA25_DIGITAL_sm.pdf#page=115"",""p.115 of AR"")",617.0,"=HYPERLINK(""https://s203.q4cdn.com/522538739/files/doc_financials/2025/q4/easyJetARA25_DIGITAL_sm.pdf#page=115"",""p.115 of AR"")","=HYPERLINK(""https://s203.q4cdn.com/522538739/files/doc_financials/2025/q4/easyJetARA25_DIGITAL_sm.pdf#page=119"",""p.119 of AR"")","=HYPERLINK(""https://s203.q4cdn.com/522538739/files/doc_financials/2025/q4/easyJetARA25_DIGITAL_sm.pdf#page=120"",""p.120 of AR"")","=HYPERLINK(""https://s203.q4cdn.com/522538739/files/doc_financials/2025/q4/easyJetARA25_DIGITAL_sm.pdf#page=120"",""p.120 of AR"")",3
easyJet Plc,EZJ LN Equity,Industrials,Transportation,Passenger Airlines,Passenger Airlines,2573.0,9.0,2026,Jan De Raeymaeker,Chief Financial Officer,CFO,current,566500.0,GBP,1 January 2026,175.0,33.3,3.0,100.0,,,,,200.0,2.0,"Salary increased 3% to £566,500 effective 1 January 2026, in line with broader management population increases; no changes to bonus maximum, LTIP structure, or shareholding guidelines; RSP to continue in same form as prior year",1 January 2026,617,655,660,660,easyjet_ar_2025,https://s203.q4cdn.com/522538739/files/doc_financials/2025/q4/easyJetARA25_DIGITAL_sm.pdf,"=HYPERLINK(""https://s203.q4cdn.com/522538739/files/doc_financials/2025/q4/easyJetARA25_DIGITAL_sm.pdf#page=115"",""p.115 of AR"")",617.0,"=HYPERLINK(""https://s203.q4cdn.com/522538739/files/doc_financials/2025/q4/easyJetARA25_DIGITAL_sm.pdf#page=115"",""p.115 of AR"")","=HYPERLINK(""https://s203.q4cdn.com/522538739/files/doc_financials/2025/q4/easyJetARA25_DIGITAL_sm.pdf#page=119"",""p.119 of AR"")","=HYPERLINK(""https://s203.q4cdn.com/522538739/files/doc_financials/2025/q4/easyJetARA25_DIGITAL_sm.pdf#page=120"",""p.120 of AR"")","=HYPERLINK(""https://s203.q4cdn.com/522538739/files/doc_financials/2025/q4/easyJetARA25_DIGITAL_sm.pdf#page=120"",""p.120 of AR"")",3
Elementis Plc,ELM LN Equity,Materials,Materials,Chemicals,Specialty Chemicals,830.2,12.0,2025,Paul Waterman,Chief Executive Officer,CEO,current,1034834.0,USD,1 January 2025,150.0,50.0,2.0,250.0,,,,,200.0,2.0,No change to bonus/LTIP quantum framework for CEO; CEO to step down no later than the 2025 AGM and will not receive a 2025 LTIP award; broader policy updates include revised clawback/malus trigger events (aligned to 2024 UK Corporate Governance Code) and refined LTIP performance metrics for 2025 focusing on value creation/capital efficiency.,1 January 2025,86,113,120,159,elementis_ar_2024,https://www.elementis.com/fileadmin/user_upload/2025_Annual_Report_and_Accounts_Elementis.pdf,"=HYPERLINK(""https://www.elementis.com/fileadmin/user_upload/2025_Annual_Report_and_Accounts_Elementis.pdf#page=107"",""p.107 of AR"")",86.0,"=HYPERLINK(""https://www.elementis.com/fileadmin/user_upload/2025_Annual_Report_and_Accounts_Elementis.pdf#page=107"",""p.107 of AR"")","=HYPERLINK(""https://www.elementis.com/fileadmin/user_upload/2025_Annual_Report_and_Accounts_Elementis.pdf#page=109"",""p.109 of AR"")","=HYPERLINK(""https://www.elementis.com/fileadmin/user_upload/2025_Annual_Report_and_Accounts_Elementis.pdf#page=110"",""p.110 of AR"")","=HYPERLINK(""https://www.elementis.com/fileadmin/user_upload/2025_Annual_Report_and_Accounts_Elementis.pdf#page=115"",""p.115 of AR"")",3
Elementis Plc,ELM LN Equity,Materials,Materials,Chemicals,Specialty Chemicals,830.2,12.0,2025,Ralph Hewins,Chief Financial Officer,CFO,current,413599.0,GBP,1 January 2025,125.0,50.0,2.0,250.0,,,,,200.0,2.0,No change to bonus/LTIP quantum framework; CFO 2025 LTIP award expected at 175% of salary; broader policy updates include revised clawback/malus trigger events (aligned to 2024 UK Corporate Governance Code) and refined LTIP performance metrics for 2025 focusing on value creation/capital efficiency.,1 January 2025,86,113,120,159,elementis_ar_2024,https://www.elementis.com/fileadmin/user_upload/2025_Annual_Report_and_Accounts_Elementis.pdf,"=HYPERLINK(""https://www.elementis.com/fileadmin/user_upload/2025_Annual_Report_and_Accounts_Elementis.pdf#page=107"",""p.107 of AR"")",86.0,"=HYPERLINK(""https://www.elementis.com/fileadmin/user_upload/2025_Annual_Report_and_Accounts_Elementis.pdf#page=107"",""p.107 of AR"")","=HYPERLINK(""https://www.elementis.com/fileadmin/user_upload/2025_Annual_Report_and_Accounts_Elementis.pdf#page=109"",""p.109 of AR"")","=HYPERLINK(""https://www.elementis.com/fileadmin/user_upload/2025_Annual_Report_and_Accounts_Elementis.pdf#page=110"",""p.110 of AR"")","=HYPERLINK(""https://www.elementis.com/fileadmin/user_upload/2025_Annual_Report_and_Accounts_Elementis.pdf#page=115"",""p.115 of AR"")",3
Elementis Plc,ELM LN Equity,Materials,Materials,Chemicals,Specialty Chemicals,830.2,12.0,2026,Luc van Ravenstein,Chief Executive Officer,CEO,current,875000.0,USD,1 April 2026,150.0,50.0,2.0,200.0,,,,,200.0,2.0,"Salary increased by 21.5% to US $875,000 effective 1 April 2026, reflecting benchmarking against FTSE 250/Speciality Chemical peers and individual performance since appointment; salary remains c.20% behind predecessor's level. Bonus and LTIP maxima (150%/200%) unchanged and consistent with Policy.",1 April 2026,80,45,49,96,elementis_ar_2025,https://www.elementis.com/fileadmin/user_upload/2025_Annual_Report_and_Accounts_Elementis.pdf,"=HYPERLINK(""https://www.elementis.com/fileadmin/user_upload/2025_Annual_Report_and_Accounts_Elementis.pdf#page=127"",""p.127 of AR"")",76.0,"=HYPERLINK(""https://www.elementis.com/fileadmin/user_upload/2025_Annual_Report_and_Accounts_Elementis.pdf#page=127"",""p.127 of AR"")","=HYPERLINK(""https://www.elementis.com/fileadmin/user_upload/2025_Annual_Report_and_Accounts_Elementis.pdf#page=124"",""p.124 of AR"")","=HYPERLINK(""https://www.elementis.com/fileadmin/user_upload/2025_Annual_Report_and_Accounts_Elementis.pdf#page=124"",""p.124 of AR"")","=HYPERLINK(""https://www.elementis.com/fileadmin/user_upload/2025_Annual_Report_and_Accounts_Elementis.pdf#page=129"",""p.129 of AR"")",3
Elementis Plc,ELM LN Equity,Materials,Materials,Chemicals,Specialty Chemicals,830.2,12.0,2026,Kath Kearney-Croft,Chief Financial Officer (CFO Designate from 3 November 2025; CFO and Board member from 1 January 2026),CFO,current,413000.0,GBP,1 April 2026,125.0,50.0,2.0,175.0,,,,,200.0,2.0,"Appointed CFO Designate 3 November 2025 on salary of £400,000; salary increasing 3.25% to £413,000 effective 1 April 2026 as part of standard annual review, consistent with market rates for comparably sized FTSE 250 companies; no buyout awards agreed on appointment; annual bonus and LTIP maxima (125%/175%) consistent with Policy.",1 April 2026,80,45,49,96,elementis_ar_2025,https://www.elementis.com/fileadmin/user_upload/2025_Annual_Report_and_Accounts_Elementis.pdf,"=HYPERLINK(""https://www.elementis.com/fileadmin/user_upload/2025_Annual_Report_and_Accounts_Elementis.pdf#page=139"",""p.139 of AR"")",201.0,"=HYPERLINK(""https://www.elementis.com/fileadmin/user_upload/2025_Annual_Report_and_Accounts_Elementis.pdf#page=127"",""p.127 of AR"")","=HYPERLINK(""https://www.elementis.com/fileadmin/user_upload/2025_Annual_Report_and_Accounts_Elementis.pdf#page=124"",""p.124 of AR"")","=HYPERLINK(""https://www.elementis.com/fileadmin/user_upload/2025_Annual_Report_and_Accounts_Elementis.pdf#page=124"",""p.124 of AR"")","=HYPERLINK(""https://www.elementis.com/fileadmin/user_upload/2025_Annual_Report_and_Accounts_Elementis.pdf#page=129"",""p.129 of AR"")",3
Empiric Student Property Plc,ESP LN Equity,,,,,,,2025,Duncan Garrood,Chief Executive Officer (CEO),CEO,current,439192.0,GBP,1 April 2025,110.0,40.0,3.0,150.0,,,,,200.0,2.0,No salary increase applied for 2025 (aligned with nil increase for highest workforce pay band); bonus maximum unchanged at 110% of salary; LTIP award unchanged at 150% of salary with same two performance measures (relative TSR and Total Return) for 2025–2027 performance period; shareholding guideline unchanged at 200% of salary.,1 April 2025,78,81,84,50,empiric_student_property_ar_2024,,"=HYPERLINK(""nan#page=132"",""p.132 of AR"")",78.0,"=HYPERLINK(""nan#page=132"",""p.132 of AR"")","=HYPERLINK(""nan#page=132"",""p.132 of AR"")","=HYPERLINK(""nan#page=132"",""p.132 of AR"")","=HYPERLINK(""nan#page=128"",""p.128 of AR"")",3
Empiric Student Property Plc,ESP LN Equity,,,,,,,2025,Donald Grant,Chief Financial and Strategy Officer (CFSO),CFO,current,310648.0,GBP,1 April 2025,110.0,40.0,3.0,150.0,,,,,200.0,2.0,No salary increase applied for 2025 (aligned with nil increase for highest workforce pay band); bonus maximum unchanged at 110% of salary; LTIP award unchanged at 150% of salary with same two performance measures (relative TSR and Total Return) for 2025–2027 performance period; shareholding guideline unchanged at 200% of salary.,1 April 2025,78,81,84,50,empiric_student_property_ar_2024,,"=HYPERLINK(""nan#page=132"",""p.132 of AR"")",78.0,"=HYPERLINK(""nan#page=132"",""p.132 of AR"")","=HYPERLINK(""nan#page=132"",""p.132 of AR"")","=HYPERLINK(""nan#page=132"",""p.132 of AR"")","=HYPERLINK(""nan#page=128"",""p.128 of AR"")",3
Endeavour Mining Plc,EDV LN Equity,Materials,Materials,Metals & Mining,Gold,10950.4,12.0,2025,Ian Cockerill,Chief Executive Officer,CEO,current,1200000.0,USD,,250.0,50.0,2.0,600.0,,,,,450.0,2.0,Shareholding requirement increased from 300% to 450% of base salary (in-employment and post-cessation); Committee gains ability to use UK Listing Rules exemption to grant recruitment awards in unusual circumstances without prior shareholder approval; all legacy North American-style arrangements pertaining to the former CEO removed; STIP no longer pensionable.,May 2025 AGM,206,144,144,149,endeavour_mining_ar_2024,https://edv-14806-s3.s3.eu-west-2.amazonaws.com/files/7017/7306/8914/EDV_-_2025_Annual_Report.pdf,"=HYPERLINK(""https://edv-14806-s3.s3.eu-west-2.amazonaws.com/files/7017/7306/8914/EDV_-_2025_Annual_Report.pdf#page=129"",""p.129 of AR"")",41.0,"=HYPERLINK(""https://edv-14806-s3.s3.eu-west-2.amazonaws.com/files/7017/7306/8914/EDV_-_2025_Annual_Report.pdf#page=147"",""p.147 of AR"")","=HYPERLINK(""https://edv-14806-s3.s3.eu-west-2.amazonaws.com/files/7017/7306/8914/EDV_-_2025_Annual_Report.pdf#page=140"",""p.140 of AR"")","=HYPERLINK(""https://edv-14806-s3.s3.eu-west-2.amazonaws.com/files/7017/7306/8914/EDV_-_2025_Annual_Report.pdf#page=140"",""p.140 of AR"")","=HYPERLINK(""https://edv-14806-s3.s3.eu-west-2.amazonaws.com/files/7017/7306/8914/EDV_-_2025_Annual_Report.pdf#page=141"",""p.141 of AR"")",3
Endeavour Mining Plc,EDV LN Equity,Materials,Materials,Metals & Mining,Gold,10950.4,12.0,2026,Ian Cockerill,Chief Executive Officer,CEO,current,1284000.0,USD,2026,200.0,50.0,,600.0,,,,,450.0,2.0,"For 2026: CEO salary increased by 7% to $1,284,000, reflecting strong performance and no increase since 2024. Under the broader 2025 Remuneration Policy (effective for three years from 23 May 2025): (i) minimum shareholding requirement increased from 300% to 450% of base salary; (ii) Committee empowered to use UK Listing Rules exemption to grant recruitment awards in unusual circumstances; (iii) all legacy North American-style arrangements for the former CEO (e.g., long notice period payments) have been removed.",23 May 2025,19,19,19,14,endeavour_mining_ar_2025,https://edv-14806-s3.s3.eu-west-2.amazonaws.com/files/7017/7306/8914/EDV_-_2025_Annual_Report.pdf,"=HYPERLINK(""https://edv-14806-s3.s3.eu-west-2.amazonaws.com/files/7017/7306/8914/EDV_-_2025_Annual_Report.pdf#page=94"",""p.94 of AR"")",42.0,"=HYPERLINK(""https://edv-14806-s3.s3.eu-west-2.amazonaws.com/files/7017/7306/8914/EDV_-_2025_Annual_Report.pdf#page=93"",""p.93 of AR"")","=HYPERLINK(""https://edv-14806-s3.s3.eu-west-2.amazonaws.com/files/7017/7306/8914/EDV_-_2025_Annual_Report.pdf#page=93"",""p.93 of AR"")","=HYPERLINK(""https://edv-14806-s3.s3.eu-west-2.amazonaws.com/files/7017/7306/8914/EDV_-_2025_Annual_Report.pdf#page=93"",""p.93 of AR"")","=HYPERLINK(""https://edv-14806-s3.s3.eu-west-2.amazonaws.com/files/7017/7306/8914/EDV_-_2025_Annual_Report.pdf#page=92"",""p.92 of AR"")",3
Energean Plc,ENOG LN Equity,,,,,1624.6,12.0,2026,Matthaios Rigas,Chief Executive Officer,CEO,current,850000.0,GBP,,200.0,33.0,2.0,300.0,,,,,200.0,2.0,"No changes to salary, annual bonus opportunity or LTIP opportunity for 2026 following the salary and LTIP reset implemented in 2025",,39,42,47,35,energean_ar_2025,https://www.energean.com/media/6306/annual-report-2025.pdf,"=HYPERLINK(""https://www.energean.com/media/6306/annual-report-2025.pdf#page=130"",""p.130 of AR"")",29.0,"=HYPERLINK(""https://www.energean.com/media/6306/annual-report-2025.pdf#page=132"",""p.132 of AR"")","=HYPERLINK(""https://www.energean.com/media/6306/annual-report-2025.pdf#page=132"",""p.132 of AR"")","=HYPERLINK(""https://www.energean.com/media/6306/annual-report-2025.pdf#page=133"",""p.133 of AR"")","=HYPERLINK(""https://www.energean.com/media/6306/annual-report-2025.pdf#page=131"",""p.131 of AR"")",3
Energean Plc,ENOG LN Equity,,,,,1624.6,12.0,2026,Panagiotis Benos,Chief Financial Officer,CFO,current,700000.0,GBP,,200.0,33.0,2.0,300.0,,,,,200.0,2.0,"No changes to salary, annual bonus opportunity or LTIP opportunity for 2026 following the salary and LTIP reset implemented in 2025",,39,42,47,35,energean_ar_2025,https://www.energean.com/media/6306/annual-report-2025.pdf,"=HYPERLINK(""https://www.energean.com/media/6306/annual-report-2025.pdf#page=130"",""p.130 of AR"")",29.0,"=HYPERLINK(""https://www.energean.com/media/6306/annual-report-2025.pdf#page=132"",""p.132 of AR"")","=HYPERLINK(""https://www.energean.com/media/6306/annual-report-2025.pdf#page=132"",""p.132 of AR"")","=HYPERLINK(""https://www.energean.com/media/6306/annual-report-2025.pdf#page=133"",""p.133 of AR"")","=HYPERLINK(""https://www.energean.com/media/6306/annual-report-2025.pdf#page=131"",""p.131 of AR"")",3
Entain Plc,ENT LN Equity,Consumer Discretionary,Consumer Services,Hotels Restaurants & Leisure,Casinos & Gaming,3406.9,12.0,2026,Stella David,Chief Executive Officer,CEO,current,927625.0,GBP,1 January 2026,250.0,50.0,3.0,450.0,,,,,450.0,2.0,"New 2026 Policy reduces bonus deferral from 50% to 25% once shareholding guidelines are met; LTIP threshold vesting increased from 16.7% to 25% of maximum; 2026 LTIP performance metrics changed to 25% Relative TSR (sectoral peers only, FTSE 100 TSR metric removed), 25% Adjusted Diluted EPS, 25% Adjusted Cash Flow, 25% Market Growth (replacing the 2025 50%/50% dual TSR structure). No change to maximum bonus or LTIP opportunity levels.",2026 AGM,41,184,189,144,entain_ar_2025,https://www.entaingroup.com/media/by4fdoyj/entain-annual-report-2025.pdf,"=HYPERLINK(""https://www.entaingroup.com/media/by4fdoyj/entain-annual-report-2025.pdf#page=138"",""p.138 of AR"")",41.0,"=HYPERLINK(""https://www.entaingroup.com/media/by4fdoyj/entain-annual-report-2025.pdf#page=138"",""p.138 of AR"")","=HYPERLINK(""https://www.entaingroup.com/media/by4fdoyj/entain-annual-report-2025.pdf#page=150"",""p.150 of AR"")","=HYPERLINK(""https://www.entaingroup.com/media/by4fdoyj/entain-annual-report-2025.pdf#page=151"",""p.151 of AR"")","=HYPERLINK(""https://www.entaingroup.com/media/by4fdoyj/entain-annual-report-2025.pdf#page=146"",""p.146 of AR"")",3
Entain Plc,ENT LN Equity,Consumer Discretionary,Consumer Services,Hotels Restaurants & Leisure,Casinos & Gaming,3406.9,12.0,2026,Michael Snape,Chief Financial Officer,CFO,current,595000.0,GBP,,200.0,50.0,3.0,400.0,,,,,350.0,2.0,"Package set in line with the exiting Remuneration Policy; received one-off buyout awards (cash plus restricted shares) to replace lapsed IDS incentive value following the Entain/IDS acquisition, with a longer vesting period (3 years, vesting 2029) than the awards foregone. No change to standard maximum bonus/LTIP opportunity terms.",,19,184,189,189,entain_ar_2025,https://www.entaingroup.com/media/by4fdoyj/entain-annual-report-2025.pdf,"=HYPERLINK(""https://www.entaingroup.com/media/by4fdoyj/entain-annual-report-2025.pdf#page=137"",""p.137 of AR"")",19.0,"=HYPERLINK(""https://www.entaingroup.com/media/by4fdoyj/entain-annual-report-2025.pdf#page=137"",""p.137 of AR"")","=HYPERLINK(""https://www.entaingroup.com/media/by4fdoyj/entain-annual-report-2025.pdf#page=150"",""p.150 of AR"")","=HYPERLINK(""https://www.entaingroup.com/media/by4fdoyj/entain-annual-report-2025.pdf#page=151"",""p.151 of AR"")","=HYPERLINK(""https://www.entaingroup.com/media/by4fdoyj/entain-annual-report-2025.pdf#page=151"",""p.151 of AR"")",3
Entain Plc,ENT LN Equity,Consumer Discretionary,Consumer Services,Hotels Restaurants & Leisure,Casinos & Gaming,3406.9,12.0,2025,Rob Wood,Chief Financial Officer & Deputy CEO,CFO,current,608625.0,GBP,1 January 2026,200.0,50.0,3.0,400.0,,,,,350.0,,"Leaving under good leaver treatment; unvested LTIP pro-rated to termination date and subject to original timeframes/performance conditions; unvested deferred bonus vests in full per original timetable; will work notice to 30 June 2026 then serve remainder on garden leave to 31 December 2026, paid monthly. Required to maintain a post-termination shareholding of 200% of salary (specific leaver term, differing from standard 350%/2-year guideline).",,41,184,189,189,entain_ar_2025,https://www.entaingroup.com/media/by4fdoyj/entain-annual-report-2025.pdf,"=HYPERLINK(""https://www.entaingroup.com/media/by4fdoyj/entain-annual-report-2025.pdf#page=137"",""p.137 of AR"")",21.0,"=HYPERLINK(""https://www.entaingroup.com/media/by4fdoyj/entain-annual-report-2025.pdf#page=138"",""p.138 of AR"")","=HYPERLINK(""https://www.entaingroup.com/media/by4fdoyj/entain-annual-report-2025.pdf#page=150"",""p.150 of AR"")","=HYPERLINK(""https://www.entaingroup.com/media/by4fdoyj/entain-annual-report-2025.pdf#page=151"",""p.151 of AR"")","=HYPERLINK(""https://www.entaingroup.com/media/by4fdoyj/entain-annual-report-2025.pdf#page=151"",""p.151 of AR"")",3
Experian Plc,EXPN LN Equity,Industrials,Commercial & Professional Services,Professional Services,Research & Consulting Services,23291.0,3.0,2026,Brian Cassin,Chief Executive Officer,CEO,current,1350000.0,GBP,1 April 2025,200.0,50.0,3.0,300.0,33.0,67.0,active,approximate,300.0,2.0,"No changes to the underlying Remuneration Policy for 2025 (policy last approved July 2023, next renewal 2026). Annual bonus opportunity and performance measures unchanged from FY25; PSP opportunity of 200% unchanged. Base salary increased 26.2% effective 1 April 2025 following shareholder consultation, reflecting expanded CEO responsibilities and market competitiveness.",1 April 2025,182,187,91,251,experian_ar_2025,https://www.experianplc.com/content/dam/marketing/global/plc/en/assets/documents/reports/2026/experian-annual-report-2026.pdf,"=HYPERLINK(""https://www.experianplc.com/content/dam/marketing/global/plc/en/assets/documents/reports/2026/experian-annual-report-2026.pdf#page=131"",""p.131 of AR"")",91.0,"=HYPERLINK(""https://www.experianplc.com/content/dam/marketing/global/plc/en/assets/documents/reports/2026/experian-annual-report-2026.pdf#page=139"",""p.139 of AR"")","=HYPERLINK(""https://www.experianplc.com/content/dam/marketing/global/plc/en/assets/documents/reports/2026/experian-annual-report-2026.pdf#page=140"",""p.140 of AR"")","=HYPERLINK(""https://www.experianplc.com/content/dam/marketing/global/plc/en/assets/documents/reports/2026/experian-annual-report-2026.pdf#page=131"",""p.131 of AR"")","=HYPERLINK(""https://www.experianplc.com/content/dam/marketing/global/plc/en/assets/documents/reports/2026/experian-annual-report-2026.pdf#page=145"",""p.145 of AR"")",3
Experian Plc,EXPN LN Equity,Industrials,Commercial & Professional Services,Professional Services,Research & Consulting Services,23291.0,3.0,2026,Lloyd Pitchford,Chief Financial Officer,CFO,current,770000.0,GBP,1 June 2025,200.0,50.0,3.0,200.0,33.0,67.0,active,approximate,200.0,2.0,No changes to the underlying Remuneration Policy for 2025. Annual bonus opportunity and LTIP measures unchanged from FY25. Base salary increased 2.7% effective 1 June 2025 (routine annual review; not eligible for review in the prior year following his November 2023 market adjustment).,1 June 2025,182,187,91,251,experian_ar_2025,https://www.experianplc.com/content/dam/marketing/global/plc/en/assets/documents/reports/2026/experian-annual-report-2026.pdf,"=HYPERLINK(""https://www.experianplc.com/content/dam/marketing/global/plc/en/assets/documents/reports/2026/experian-annual-report-2026.pdf#page=131"",""p.131 of AR"")",91.0,"=HYPERLINK(""https://www.experianplc.com/content/dam/marketing/global/plc/en/assets/documents/reports/2026/experian-annual-report-2026.pdf#page=139"",""p.139 of AR"")","=HYPERLINK(""https://www.experianplc.com/content/dam/marketing/global/plc/en/assets/documents/reports/2026/experian-annual-report-2026.pdf#page=140"",""p.140 of AR"")","=HYPERLINK(""https://www.experianplc.com/content/dam/marketing/global/plc/en/assets/documents/reports/2026/experian-annual-report-2026.pdf#page=131"",""p.131 of AR"")","=HYPERLINK(""https://www.experianplc.com/content/dam/marketing/global/plc/en/assets/documents/reports/2026/experian-annual-report-2026.pdf#page=145"",""p.145 of AR"")",3
Experian Plc,EXPN LN Equity,Industrials,Commercial & Professional Services,Professional Services,Research & Consulting Services,23291.0,3.0,2027,Brian Cassin,Chief Executive Officer,CEO,current,1383000.0,GBP,1 June 2026,200.0,50.0,3.0,300.0,33.0,67.0,active,approximate,400.0,2.0,"PSP annual opportunity increased from 200% to 300% of salary (effective FY27/2026 AGM approval), with an additional one-off 100% of salary PSP award proposed shortly after AGM if approved. Shareholding guideline increased from 300% to 400% of salary. Exceptional PSP limit increased from 400% to 600% of salary. Share Option Plan (SOP), previously allowing up to 400% of salary in exceptional circumstances, removed entirely.",2026 AGM,193,260,derived,264,experian_ar_2026,https://www.experianplc.com/content/dam/marketing/global/plc/en/assets/documents/reports/2026/experian-annual-report-2026.pdf,"=HYPERLINK(""https://www.experianplc.com/content/dam/marketing/global/plc/en/assets/documents/reports/2026/experian-annual-report-2026.pdf#page=117"",""p.117 of AR"")",91.0,"=HYPERLINK(""https://www.experianplc.com/content/dam/marketing/global/plc/en/assets/documents/reports/2026/experian-annual-report-2026.pdf#page=125"",""p.125 of AR"")","=HYPERLINK(""https://www.experianplc.com/content/dam/marketing/global/plc/en/assets/documents/reports/2026/experian-annual-report-2026.pdf#page=131"",""p.131 of AR"")",derived,"=HYPERLINK(""https://www.experianplc.com/content/dam/marketing/global/plc/en/assets/documents/reports/2026/experian-annual-report-2026.pdf#page=132"",""p.132 of AR"")",3
Experian Plc,EXPN LN Equity,Industrials,Commercial & Professional Services,Professional Services,Research & Consulting Services,23291.0,3.0,2027,Lloyd Pitchford,Chief Financial Officer,CFO,current,789000.0,GBP,1 June 2026,200.0,50.0,3.0,200.0,33.0,67.0,active,approximate,200.0,2.0,No change to CFO's PSP opportunity (remains 200% of salary) or shareholding guideline (remains 200% of salary); salary increase aligned with wider UK workforce rate (2.5%).,2026 AGM,193,260,derived,264,experian_ar_2026,https://www.experianplc.com/content/dam/marketing/global/plc/en/assets/documents/reports/2026/experian-annual-report-2026.pdf,"=HYPERLINK(""https://www.experianplc.com/content/dam/marketing/global/plc/en/assets/documents/reports/2026/experian-annual-report-2026.pdf#page=117"",""p.117 of AR"")",91.0,"=HYPERLINK(""https://www.experianplc.com/content/dam/marketing/global/plc/en/assets/documents/reports/2026/experian-annual-report-2026.pdf#page=125"",""p.125 of AR"")","=HYPERLINK(""https://www.experianplc.com/content/dam/marketing/global/plc/en/assets/documents/reports/2026/experian-annual-report-2026.pdf#page=131"",""p.131 of AR"")",derived,"=HYPERLINK(""https://www.experianplc.com/content/dam/marketing/global/plc/en/assets/documents/reports/2026/experian-annual-report-2026.pdf#page=132"",""p.132 of AR"")",3
First Group Plc,FGP LN Equity,Industrials,Transportation,Ground Transportation,Rail Transportation,894.0,3.0,2026,Graham Sutherland,Chief Executive Officer,CEO,current,605700.0,GBP,1 April 2025,150.0,50.0,3.0,200.0,,,,,200.0,2.0,"Base salary increased by 2.8% from 1 April 2025 (aligned with wider workforce non-collectively bargained increase); no change to maximum annual bonus (150%) or LTIP opportunity (200%); annual bonus performance measure weightings revised for FY 2026 (Operating profit reduced from 60% to 50%, Cash flow increased from 10% to 20%, Operational and Personal objectives unchanged at 20% and 10%); no change to shareholding requirements.",1 April 2025,194,45,201,222,first_group_ar_2025,https://www.firstgroupplc.com/~/media/Files/F/Firstgroup-Plc/reports-and-presentations/reports/annual-report-2026.pdf,"=HYPERLINK(""https://www.firstgroupplc.com/~/media/Files/F/Firstgroup-Plc/reports-and-presentations/reports/annual-report-2026.pdf#page=94"",""p.94 of AR"")",44.0,"=HYPERLINK(""https://www.firstgroupplc.com/~/media/Files/F/Firstgroup-Plc/reports-and-presentations/reports/annual-report-2026.pdf#page=104"",""p.104 of AR"")","=HYPERLINK(""https://www.firstgroupplc.com/~/media/Files/F/Firstgroup-Plc/reports-and-presentations/reports/annual-report-2026.pdf#page=94"",""p.94 of AR"")","=HYPERLINK(""https://www.firstgroupplc.com/~/media/Files/F/Firstgroup-Plc/reports-and-presentations/reports/annual-report-2026.pdf#page=104"",""p.104 of AR"")","=HYPERLINK(""https://www.firstgroupplc.com/~/media/Files/F/Firstgroup-Plc/reports-and-presentations/reports/annual-report-2026.pdf#page=106"",""p.106 of AR"")",3
First Group Plc,FGP LN Equity,Industrials,Transportation,Ground Transportation,Rail Transportation,894.0,3.0,2026,Ryan Mangold,Chief Financial Officer,CFO,current,508200.0,GBP,1 April 2025,150.0,50.0,3.0,175.0,,,,,200.0,2.0,"Base salary increased by 2.8% from 1 April 2025 (aligned with wider workforce non-collectively bargained increase); no change to maximum annual bonus (150%) or LTIP opportunity (175%); annual bonus performance measure weightings revised for FY 2026 (Operating profit reduced from 60% to 50%, Cash flow increased from 10% to 20%, Operational and Personal objectives unchanged at 20% and 10%); no change to shareholding requirements. Note: pension contribution for CFO remains at 15% of base salary (vs 5% for CEO), though this is outside the requested fields.",1 April 2025,194,45,201,222,first_group_ar_2025,https://www.firstgroupplc.com/~/media/Files/F/Firstgroup-Plc/reports-and-presentations/reports/annual-report-2026.pdf,"=HYPERLINK(""https://www.firstgroupplc.com/~/media/Files/F/Firstgroup-Plc/reports-and-presentations/reports/annual-report-2026.pdf#page=94"",""p.94 of AR"")",44.0,"=HYPERLINK(""https://www.firstgroupplc.com/~/media/Files/F/Firstgroup-Plc/reports-and-presentations/reports/annual-report-2026.pdf#page=104"",""p.104 of AR"")","=HYPERLINK(""https://www.firstgroupplc.com/~/media/Files/F/Firstgroup-Plc/reports-and-presentations/reports/annual-report-2026.pdf#page=94"",""p.94 of AR"")","=HYPERLINK(""https://www.firstgroupplc.com/~/media/Files/F/Firstgroup-Plc/reports-and-presentations/reports/annual-report-2026.pdf#page=104"",""p.104 of AR"")","=HYPERLINK(""https://www.firstgroupplc.com/~/media/Files/F/Firstgroup-Plc/reports-and-presentations/reports/annual-report-2026.pdf#page=106"",""p.106 of AR"")",3
Frasers Group Plc,FRAS LN Equity,Consumer Discretionary,Consumer Discretionary Distribution & Retail,Specialty Retail,Other Specialty Retail,2920.7,4.0,2026,Michael Murray,Chief Executive Officer,CEO,current,1000000.0,GBP,,200.0,,,,,,,,,,"Salary remains unchanged at £1,000,000 (unpaid, waived again) for FY26; Committee is reviewing structures to replace the ESS, which matures in October 2025",,29,37,,,frasers_group_ar_2025,https://frasers-cms.netlify.app//assets//files/financials/annual-report-2026.pdf,"=HYPERLINK(""https://frasers-cms.netlify.app//assets//files/financials/annual-report-2026.pdf#page=86"",""p.86 of AR"")",21.0,"=HYPERLINK(""https://frasers-cms.netlify.app//assets//files/financials/annual-report-2026.pdf#page=86"",""p.86 of AR"")","=HYPERLINK(""https://frasers-cms.netlify.app//assets//files/financials/annual-report-2026.pdf#page=87"",""p.87 of AR"")",,,3
Frasers Group Plc,FRAS LN Equity,Consumer Discretionary,Consumer Discretionary Distribution & Retail,Specialty Retail,Other Specialty Retail,2920.7,4.0,2026,Chris Wootton,Chief Financial Officer,CFO,current,250000.0,GBP,,200.0,,,,,,,,,,Salary unchanged for FY26,,30,37,,,frasers_group_ar_2025,https://frasers-cms.netlify.app//assets//files/financials/annual-report-2026.pdf,"=HYPERLINK(""https://frasers-cms.netlify.app//assets//files/financials/annual-report-2026.pdf#page=86"",""p.86 of AR"")",30.0,"=HYPERLINK(""https://frasers-cms.netlify.app//assets//files/financials/annual-report-2026.pdf#page=86"",""p.86 of AR"")","=HYPERLINK(""https://frasers-cms.netlify.app//assets//files/financials/annual-report-2026.pdf#page=87"",""p.87 of AR"")",,,3
Frasers Group Plc,FRAS LN Equity,Consumer Discretionary,Consumer Discretionary Distribution & Retail,Specialty Retail,Other Specialty Retail,2920.7,4.0,2026,David Al-Mudallal,Chief Operating Officer,COO,current,250000.0,GBP,,200.0,,,,,,,,,,Salary unchanged for FY26,,30,37,,,frasers_group_ar_2025,https://frasers-cms.netlify.app//assets//files/financials/annual-report-2026.pdf,"=HYPERLINK(""https://frasers-cms.netlify.app//assets//files/financials/annual-report-2026.pdf#page=86"",""p.86 of AR"")",30.0,"=HYPERLINK(""https://frasers-cms.netlify.app//assets//files/financials/annual-report-2026.pdf#page=86"",""p.86 of AR"")","=HYPERLINK(""https://frasers-cms.netlify.app//assets//files/financials/annual-report-2026.pdf#page=87"",""p.87 of AR"")",,,3
Frasers Group Plc,FRAS LN Equity,Consumer Discretionary,Consumer Discretionary Distribution & Retail,Specialty Retail,Other Specialty Retail,2920.7,4.0,2027,Michael Murray,Chief Executive Officer,CEO,current,1000000.0,GBP,27 April 2026,200.0,,,,,,,,,,"ESS awards amended following 2025 AGM approval — revised award levels (increase in shares held), recalibrated performance targets, and performance period extended to 30 September 2030. Base salary of £1,000,000 waived for FY27; bonus determined by reference to contractual salary despite waiver.",27 April 2026,28,34,,,frasers_group_ar_2026,https://frasers-cms.netlify.app//assets//files/financials/annual-report-2026.pdf,"=HYPERLINK(""https://frasers-cms.netlify.app//assets//files/financials/annual-report-2026.pdf#page=85"",""p.85 of AR"")",28.0,"=HYPERLINK(""https://frasers-cms.netlify.app//assets//files/financials/annual-report-2026.pdf#page=85"",""p.85 of AR"")","=HYPERLINK(""https://frasers-cms.netlify.app//assets//files/financials/annual-report-2026.pdf#page=85"",""p.85 of AR"")",,,3
Frasers Group Plc,FRAS LN Equity,Consumer Discretionary,Consumer Discretionary Distribution & Retail,Specialty Retail,Other Specialty Retail,2920.7,4.0,2027,Chris Wootton,Chief Financial Officer,CFO,current,250000.0,GBP,27 April 2026,200.0,,,,,,,,,,"ESS awards amended following 2025 AGM approval — revised award levels, recalibrated performance targets, extended performance period to 30 September 2030.",27 April 2026,29,34,,,frasers_group_ar_2026,https://frasers-cms.netlify.app//assets//files/financials/annual-report-2026.pdf,"=HYPERLINK(""https://frasers-cms.netlify.app//assets//files/financials/annual-report-2026.pdf#page=85"",""p.85 of AR"")",29.0,"=HYPERLINK(""https://frasers-cms.netlify.app//assets//files/financials/annual-report-2026.pdf#page=85"",""p.85 of AR"")","=HYPERLINK(""https://frasers-cms.netlify.app//assets//files/financials/annual-report-2026.pdf#page=85"",""p.85 of AR"")",,,3
Frasers Group Plc,FRAS LN Equity,Consumer Discretionary,Consumer Discretionary Distribution & Retail,Specialty Retail,Other Specialty Retail,2920.7,4.0,2027,David Al-Mudallal,Chief Operating Officer,COO,current,250000.0,GBP,27 April 2026,200.0,,,,,,,,,,"ESS awards amended following 2025 AGM approval — revised award levels, recalibrated performance targets, extended performance period to 30 September 2030.",27 April 2026,29,34,,,frasers_group_ar_2026,https://frasers-cms.netlify.app//assets//files/financials/annual-report-2026.pdf,"=HYPERLINK(""https://frasers-cms.netlify.app//assets//files/financials/annual-report-2026.pdf#page=85"",""p.85 of AR"")",29.0,"=HYPERLINK(""https://frasers-cms.netlify.app//assets//files/financials/annual-report-2026.pdf#page=85"",""p.85 of AR"")","=HYPERLINK(""https://frasers-cms.netlify.app//assets//files/financials/annual-report-2026.pdf#page=85"",""p.85 of AR"")",,,3
Fresnillo Plc,FRES LN Equity,Materials,Materials,Metals & Mining,Silver,24575.4,12.0,2024,Octavio Alvídrez,Chief Executive Officer (treated as Executive Director for Remuneration Policy purposes),CEO,current,1396678.0,MXN,,50.0,,,,,,,,,,"CEO salary increased by 15.0% in 2024 (versus ~6% for other Executive Committee members), based on Willis Towers Watson benchmarking showing the CEO had fallen behind the Peer Group. The Committee discussed during 2024 whether to introduce long-term share-based incentives but decided not to change its position in the short term; it will continue to assess this during 2025 as part of the Remuneration Policy review required prior to the 2026 AGM. Minor changes were introduced to the KPIs used to calculate the annual bonus for Executive Committee members in 2024, with further review planned for 2025. Non-Executive Director fees increased by 20% effective 26 July 2024 (no further increase planned for 2025) — does not affect Executive Director/CEO policy.",23 May 2023,70,143,169,13,fresnillo_ar_2024,https://www.fresnilloplc.com/media/jwggz1pk/fresnillo-annual-report-2025-web.pdf,"=HYPERLINK(""https://www.fresnilloplc.com/media/jwggz1pk/fresnillo-annual-report-2025-web.pdf#page=191"",""p.191 of AR"")",133.0,"=HYPERLINK(""https://www.fresnilloplc.com/media/jwggz1pk/fresnillo-annual-report-2025-web.pdf#page=185"",""p.185 of AR"")","=HYPERLINK(""https://www.fresnilloplc.com/media/jwggz1pk/fresnillo-annual-report-2025-web.pdf#page=192"",""p.192 of AR"")","=HYPERLINK(""https://www.fresnilloplc.com/media/jwggz1pk/fresnillo-annual-report-2025-web.pdf#page=194"",""p.194 of AR"")","=HYPERLINK(""https://www.fresnilloplc.com/media/jwggz1pk/fresnillo-annual-report-2025-web.pdf#page=180"",""p.180 of AR"")",3
Fresnillo Plc,FRES LN Equity,Materials,Materials,Metals & Mining,Silver,24575.4,12.0,2025,Mr Alvídrez,Chief Executive Officer,CEO,current,1501401.0,MXN,,50.0,,,,,,,,,,"The Committee is considering refreshing the Annual Bonus Plan for 2026 (particularly for the CEO) to introduce more strategic considerations into bonus arrangements, alongside minor editorial changes to the 2026 Policy; details of any substantive changes will be set out in the 2026 AGM Circular, and if approved, will supersede the current Policy effective 19 May 2026. The Committee reaffirmed it does not consider long-term equity-based incentives appropriate for the Company.",19 May 2026,80,154,,,fresnillo_ar_2025,https://www.fresnilloplc.com/media/jwggz1pk/fresnillo-annual-report-2025-web.pdf,"=HYPERLINK(""https://www.fresnilloplc.com/media/jwggz1pk/fresnillo-annual-report-2025-web.pdf#page=184"",""p.184 of AR"")",39.0,"=HYPERLINK(""https://www.fresnilloplc.com/media/jwggz1pk/fresnillo-annual-report-2025-web.pdf#page=188"",""p.188 of AR"")","=HYPERLINK(""https://www.fresnilloplc.com/media/jwggz1pk/fresnillo-annual-report-2025-web.pdf#page=195"",""p.195 of AR"")",,,3
Future Plc,FUTR LN Equity,Communication Services,Media & Entertainment,Media,Publishing,292.3,,2025,Jon Steinberg,Chief Executive Officer,CEO,current,730000.0,GBP,,200.0,50.0,2.0,,,,,,200.0,2.0,Base salary frozen; no new PSP award to be granted for FY 2025 following announcement of his decision to step down as CEO in 2025; bonus eligibility decision deferred pending confirmation of leaving terms.,,71,108,71,253,future_ar_2024,https://futureplc.com/wp-content/uploads/2025/12/Annual-Report-and-Accounts-FY-2025-incl-Notice-of-AGM.pdf,"=HYPERLINK(""https://futureplc.com/wp-content/uploads/2025/12/Annual-Report-and-Accounts-FY-2025-incl-Notice-of-AGM.pdf#page=96"",""p.96 of AR"")",71.0,"=HYPERLINK(""https://futureplc.com/wp-content/uploads/2025/12/Annual-Report-and-Accounts-FY-2025-incl-Notice-of-AGM.pdf#page=96"",""p.96 of AR"")","=HYPERLINK(""https://futureplc.com/wp-content/uploads/2025/12/Annual-Report-and-Accounts-FY-2025-incl-Notice-of-AGM.pdf#page=99"",""p.99 of AR"")","=HYPERLINK(""https://futureplc.com/wp-content/uploads/2025/12/Annual-Report-and-Accounts-FY-2025-incl-Notice-of-AGM.pdf#page=96"",""p.96 of AR"")","=HYPERLINK(""https://futureplc.com/wp-content/uploads/2025/12/Annual-Report-and-Accounts-FY-2025-incl-Notice-of-AGM.pdf#page=111"",""p.111 of AR"")",3
Future Plc,FUTR LN Equity,Communication Services,Media & Entertainment,Media,Publishing,292.3,,2025,Sharjeel Suleman,Chief Financial Officer,CFO,current,420000.0,GBP,16 September 2024,150.0,50.0,2.0,167.0,,,,,200.0,2.0,"First full-year PSP award to be granted for FY 2025 at 167% of salary, in line with predecessor's opportunity; became eligible for annual bonus from FY 2025 (was excluded from FY 2024 bonus as he joined in September 2024); no changes to shareholding guideline or deferral structure.",,12,112,15,253,future_ar_2024,https://futureplc.com/wp-content/uploads/2025/12/Annual-Report-and-Accounts-FY-2025-incl-Notice-of-AGM.pdf,"=HYPERLINK(""https://futureplc.com/wp-content/uploads/2025/12/Annual-Report-and-Accounts-FY-2025-incl-Notice-of-AGM.pdf#page=92"",""p.92 of AR"")",9.0,"=HYPERLINK(""https://futureplc.com/wp-content/uploads/2025/12/Annual-Report-and-Accounts-FY-2025-incl-Notice-of-AGM.pdf#page=92"",""p.92 of AR"")","=HYPERLINK(""https://futureplc.com/wp-content/uploads/2025/12/Annual-Report-and-Accounts-FY-2025-incl-Notice-of-AGM.pdf#page=99"",""p.99 of AR"")","=HYPERLINK(""https://futureplc.com/wp-content/uploads/2025/12/Annual-Report-and-Accounts-FY-2025-incl-Notice-of-AGM.pdf#page=92"",""p.92 of AR"")","=HYPERLINK(""https://futureplc.com/wp-content/uploads/2025/12/Annual-Report-and-Accounts-FY-2025-incl-Notice-of-AGM.pdf#page=111"",""p.111 of AR"")",3
Future Plc,FUTR LN Equity,Communication Services,Media & Entertainment,Media,Publishing,292.3,,2026,Kevin Li Ying,Chief Executive Officer,CEO,current,589375.0,GBP,1 December 2025,200.0,50.0,2.0,150.0,100.0,50.0,active,additive,200.0,2.0,"Salary increased 2.5% (to £589,375) effective 1 Dec 2025; bonus structure re-presented as 'target' opportunity (100% of salary) with ability to earn up to 2x target (200% max) for stretch performance — no change to overall maximum; LTIP restructured to combine PSU (target 50%, max 100%) and new RSU (target/max 50%) awards, replacing prior single PSP structure; performance measures for PSU changed to 40% relative TSR / 60% Adjusted Diluted EPS growth (from three metrics previously); bonus performance measures changed to 80% Adjusted EBITDA, 15% Organic Digital Revenue growth, 5% Employee Engagement; change of control notice period increased from 6 to 12 months.",1 December 2025,67,67,derived,93,future_ar_2025,https://futureplc.com/wp-content/uploads/2025/12/Annual-Report-and-Accounts-FY-2025-incl-Notice-of-AGM.pdf,"=HYPERLINK(""https://futureplc.com/wp-content/uploads/2025/12/Annual-Report-and-Accounts-FY-2025-incl-Notice-of-AGM.pdf#page=99"",""p.99 of AR"")",67.0,"=HYPERLINK(""https://futureplc.com/wp-content/uploads/2025/12/Annual-Report-and-Accounts-FY-2025-incl-Notice-of-AGM.pdf#page=99"",""p.99 of AR"")","=HYPERLINK(""https://futureplc.com/wp-content/uploads/2025/12/Annual-Report-and-Accounts-FY-2025-incl-Notice-of-AGM.pdf#page=99"",""p.99 of AR"")",derived,"=HYPERLINK(""https://futureplc.com/wp-content/uploads/2025/12/Annual-Report-and-Accounts-FY-2025-incl-Notice-of-AGM.pdf#page=101"",""p.101 of AR"")",3
Future Plc,FUTR LN Equity,Communication Services,Media & Entertainment,Media,Publishing,292.3,,2026,Sharjeel Suleman,Chief Financial Officer,CFO,current,430500.0,GBP,1 December 2025,170.0,50.0,2.0,125.25,83.5,41.75,active,additive,200.0,2.0,"Salary increased 2.5% (to £430,500) effective 1 Dec 2025; target annual bonus opportunity increased from 75% to 85% of salary reflecting strong performance since appointment; bonus structure re-presented as 'target' opportunity with ability to earn up to 2x target (170% max) for stretch performance; LTIP restructured to combine PSU (target 41.75%, max 83.5%) and new RSU (target/max 41.75%) awards, replacing prior single PSP structure (FY2025 award was 167% of salary PSU only); performance measures for PSU changed to 40% relative TSR / 60% Adjusted Diluted EPS growth; bonus performance measures changed to 80% Adjusted EBITDA, 15% Organic Digital Revenue growth, 5% Employee Engagement; change of control notice period increased from 6 to 12 months.",1 December 2025,67,123,derived,93,future_ar_2025,https://futureplc.com/wp-content/uploads/2025/12/Annual-Report-and-Accounts-FY-2025-incl-Notice-of-AGM.pdf,"=HYPERLINK(""https://futureplc.com/wp-content/uploads/2025/12/Annual-Report-and-Accounts-FY-2025-incl-Notice-of-AGM.pdf#page=99"",""p.99 of AR"")",67.0,"=HYPERLINK(""https://futureplc.com/wp-content/uploads/2025/12/Annual-Report-and-Accounts-FY-2025-incl-Notice-of-AGM.pdf#page=99"",""p.99 of AR"")","=HYPERLINK(""https://futureplc.com/wp-content/uploads/2025/12/Annual-Report-and-Accounts-FY-2025-incl-Notice-of-AGM.pdf#page=104"",""p.104 of AR"")",derived,"=HYPERLINK(""https://futureplc.com/wp-content/uploads/2025/12/Annual-Report-and-Accounts-FY-2025-incl-Notice-of-AGM.pdf#page=101"",""p.101 of AR"")",3
Galliford Try Holdings Plc,GFRD LN Equity,Industrials,Capital Goods,Construction & Engineering,Construction & Engineering,531.3,6.0,2026,Bill Hocking,Chief Executive,CEO,current,535000.0,GBP,1 April 2025,120.0,66.67,3.0,150.0,,,,,200.0,2.0,No material changes to the Remuneration Policy structure for 2025/26; salary increased 2.88% (below the 3.25% average workforce budget); ABP and LTIP metrics/structure unchanged from 2024/25,1 April 2025,34,34,34,49,galliford_try_holdings_ar_2025,https://www.gallifordtry.co.uk/media/10bmhayx/gallifordtry_ar2025.pdf,"=HYPERLINK(""https://www.gallifordtry.co.uk/media/10bmhayx/gallifordtry_ar2025.pdf#page=109"",""p.109 of AR"")",34.0,"=HYPERLINK(""https://www.gallifordtry.co.uk/media/10bmhayx/gallifordtry_ar2025.pdf#page=109"",""p.109 of AR"")","=HYPERLINK(""https://www.gallifordtry.co.uk/media/10bmhayx/gallifordtry_ar2025.pdf#page=109"",""p.109 of AR"")","=HYPERLINK(""https://www.gallifordtry.co.uk/media/10bmhayx/gallifordtry_ar2025.pdf#page=109"",""p.109 of AR"")","=HYPERLINK(""https://www.gallifordtry.co.uk/media/10bmhayx/gallifordtry_ar2025.pdf#page=112"",""p.112 of AR"")",3
Galliford Try Holdings Plc,GFRD LN Equity,Industrials,Capital Goods,Construction & Engineering,Construction & Engineering,531.3,6.0,2026,Kris Hampson,Chief Financial Officer,CFO,current,380000.0,GBP,2 September 2024,100.0,66.67,3.0,150.0,,,,,200.0,2.0,"No material changes to the Remuneration Policy structure for 2025/26; salary increased 3.16% (below the 3.25% average workforce budget); received a buyout award (£35,857, payable in Galliford Try shares in October 2025) to compensate for awards forfeited on resignation from previous employer",1 April 2025,10,46,46,138,galliford_try_holdings_ar_2025,https://www.gallifordtry.co.uk/media/10bmhayx/gallifordtry_ar2025.pdf,"=HYPERLINK(""https://www.gallifordtry.co.uk/media/10bmhayx/gallifordtry_ar2025.pdf#page=106"",""p.106 of AR"")",10.0,"=HYPERLINK(""https://www.gallifordtry.co.uk/media/10bmhayx/gallifordtry_ar2025.pdf#page=106"",""p.106 of AR"")","=HYPERLINK(""https://www.gallifordtry.co.uk/media/10bmhayx/gallifordtry_ar2025.pdf#page=111"",""p.111 of AR"")","=HYPERLINK(""https://www.gallifordtry.co.uk/media/10bmhayx/gallifordtry_ar2025.pdf#page=111"",""p.111 of AR"")","=HYPERLINK(""https://www.gallifordtry.co.uk/media/10bmhayx/gallifordtry_ar2025.pdf#page=120"",""p.120 of AR"")",3
Games Workshop Group Plc,GAW LN Equity,Consumer Discretionary,Consumer Durables & Apparel,Leisure Products,Leisure Products,6407.3,5.0,2026,Kevin Rountree,Chief Executive Officer,CEO,current,750000.0,GBP,1 June 2025,200.0,50.0,2.0,300.0,,,,,200.0,1.0,Maximum annual bonus increased from 150% to 200% of salary; introduction of Triennial Share Award (up to 300% of salary); one-off Restricted Share Award of 300% of salary granted in 2024/25 in recognition of tenure/FTSE 100 status; reduction of post-tax bonus share-purchase requirement from 67% to 50%; new mandatory 2-year holding period for bonus shares (previously only an expectation); introduction of formal in-employment (200%) and post-employment (1 year) shareholding requirements,,78,79,31,31,games_workshop_group_ar_2024_25,https://assets.ctfassets.net/ost7hseic9hc/1C4g3JYVr04ZCkPb39ygIA/93055850ed01cc1fa1da261e29a57fa5/Accounts_2025-26_FINAL_v2.pdf,"=HYPERLINK(""https://assets.ctfassets.net/ost7hseic9hc/1C4g3JYVr04ZCkPb39ygIA/93055850ed01cc1fa1da261e29a57fa5/Accounts_2025-26_FINAL_v2.pdf#page=45"",""p.45 of AR"")",31.0,"=HYPERLINK(""https://assets.ctfassets.net/ost7hseic9hc/1C4g3JYVr04ZCkPb39ygIA/93055850ed01cc1fa1da261e29a57fa5/Accounts_2025-26_FINAL_v2.pdf#page=51"",""p.51 of AR"")","=HYPERLINK(""https://assets.ctfassets.net/ost7hseic9hc/1C4g3JYVr04ZCkPb39ygIA/93055850ed01cc1fa1da261e29a57fa5/Accounts_2025-26_FINAL_v2.pdf#page=51"",""p.51 of AR"")","=HYPERLINK(""https://assets.ctfassets.net/ost7hseic9hc/1C4g3JYVr04ZCkPb39ygIA/93055850ed01cc1fa1da261e29a57fa5/Accounts_2025-26_FINAL_v2.pdf#page=45"",""p.45 of AR"")","=HYPERLINK(""https://assets.ctfassets.net/ost7hseic9hc/1C4g3JYVr04ZCkPb39ygIA/93055850ed01cc1fa1da261e29a57fa5/Accounts_2025-26_FINAL_v2.pdf#page=45"",""p.45 of AR"")",3
Games Workshop Group Plc,GAW LN Equity,Consumer Discretionary,Consumer Durables & Apparel,Leisure Products,Leisure Products,6407.3,5.0,2026,Liz Harrison,Group Finance Director,CFO,current,390000.0,GBP,,100.0,50.0,2.0,200.0,,,,,200.0,1.0,"Salary held flat for 2025/26; otherwise subject to same policy changes as CEO (bonus renaming/increased disclosure, introduction of TSA, formal shareholding requirements, reduced share-purchase percentage from 67% to 50%, mandatory 2-year share holding period)",,78,79,31,31,games_workshop_group_ar_2024_25,https://assets.ctfassets.net/ost7hseic9hc/1C4g3JYVr04ZCkPb39ygIA/93055850ed01cc1fa1da261e29a57fa5/Accounts_2025-26_FINAL_v2.pdf,"=HYPERLINK(""https://assets.ctfassets.net/ost7hseic9hc/1C4g3JYVr04ZCkPb39ygIA/93055850ed01cc1fa1da261e29a57fa5/Accounts_2025-26_FINAL_v2.pdf#page=44"",""p.44 of AR"")",25.0,"=HYPERLINK(""https://assets.ctfassets.net/ost7hseic9hc/1C4g3JYVr04ZCkPb39ygIA/93055850ed01cc1fa1da261e29a57fa5/Accounts_2025-26_FINAL_v2.pdf#page=51"",""p.51 of AR"")","=HYPERLINK(""https://assets.ctfassets.net/ost7hseic9hc/1C4g3JYVr04ZCkPb39ygIA/93055850ed01cc1fa1da261e29a57fa5/Accounts_2025-26_FINAL_v2.pdf#page=51"",""p.51 of AR"")","=HYPERLINK(""https://assets.ctfassets.net/ost7hseic9hc/1C4g3JYVr04ZCkPb39ygIA/93055850ed01cc1fa1da261e29a57fa5/Accounts_2025-26_FINAL_v2.pdf#page=45"",""p.45 of AR"")","=HYPERLINK(""https://assets.ctfassets.net/ost7hseic9hc/1C4g3JYVr04ZCkPb39ygIA/93055850ed01cc1fa1da261e29a57fa5/Accounts_2025-26_FINAL_v2.pdf#page=45"",""p.45 of AR"")",3
Games Workshop Group Plc,GAW LN Equity,Consumer Discretionary,Consumer Durables & Apparel,Leisure Products,Leisure Products,6407.3,5.0,2026,Neil Tomlinson,Group Operations Director,Other Executive,current,390000.0,GBP,2 June 2025,100.0,50.0,2.0,200.0,,,,,200.0,1.0,"Newly appointed director (2 June 2025) joining from senior management, receiving a package in line with the remuneration policy adopted at the May 2025 General Meeting, equal to that of the Group Finance Director",,78,79,31,31,games_workshop_group_ar_2024_25,https://assets.ctfassets.net/ost7hseic9hc/1C4g3JYVr04ZCkPb39ygIA/93055850ed01cc1fa1da261e29a57fa5/Accounts_2025-26_FINAL_v2.pdf,"=HYPERLINK(""https://assets.ctfassets.net/ost7hseic9hc/1C4g3JYVr04ZCkPb39ygIA/93055850ed01cc1fa1da261e29a57fa5/Accounts_2025-26_FINAL_v2.pdf#page=44"",""p.44 of AR"")",26.0,"=HYPERLINK(""https://assets.ctfassets.net/ost7hseic9hc/1C4g3JYVr04ZCkPb39ygIA/93055850ed01cc1fa1da261e29a57fa5/Accounts_2025-26_FINAL_v2.pdf#page=51"",""p.51 of AR"")","=HYPERLINK(""https://assets.ctfassets.net/ost7hseic9hc/1C4g3JYVr04ZCkPb39ygIA/93055850ed01cc1fa1da261e29a57fa5/Accounts_2025-26_FINAL_v2.pdf#page=51"",""p.51 of AR"")","=HYPERLINK(""https://assets.ctfassets.net/ost7hseic9hc/1C4g3JYVr04ZCkPb39ygIA/93055850ed01cc1fa1da261e29a57fa5/Accounts_2025-26_FINAL_v2.pdf#page=45"",""p.45 of AR"")","=HYPERLINK(""https://assets.ctfassets.net/ost7hseic9hc/1C4g3JYVr04ZCkPb39ygIA/93055850ed01cc1fa1da261e29a57fa5/Accounts_2025-26_FINAL_v2.pdf#page=45"",""p.45 of AR"")",3
Gamma Communications Plc,GAMA LN Equity,Communication Services,Telecommunication Services,Diversified Telecommunication Services,Alternative Carriers,913.1,12.0,2026,Andrew Belshaw,Chief Executive Officer (CEO),CEO,current,589375.0,GBP,1 April 2026,150.0,25.0,3.0,175.0,,,,,200.0,2.0,"No fundamental changes to structure or quantum for 2026; minor changes include (i) reduction of the shareholding accumulation period from six to five years to reach 200% of salary, (ii) salary review date moved from 1 January to 1 April to align with the wider workforce, and (iii) minor wording clarifications for Main Market alignment. LTIP level maintained at 175% of salary, consistent with 2025. Policy to be put to a binding shareholder vote at the 2026 AGM (previously advisory as an AIM/newly-listed company).",,271,273,274,97,gamma_communications_ar_2025,https://gammagroup.co/wp-json/gamma/v1/pdf-reader?pdf=https://gammagroup.co/wp-content/uploads/2026/04/Gamma-Annual-Report-2025-Final-7-April-2026.pdf,"=HYPERLINK(""https://gammagroup.co/wp-json/gamma/v1/pdf-reader?pdf=https://gammagroup.co/wp-content/uploads/2026/04/Gamma-Annual-Report-2025-Final-7-April-2026.pdf#page=113"",""p.113 of AR"")",270.0,"=HYPERLINK(""https://gammagroup.co/wp-json/gamma/v1/pdf-reader?pdf=https://gammagroup.co/wp-content/uploads/2026/04/Gamma-Annual-Report-2025-Final-7-April-2026.pdf#page=113"",""p.113 of AR"")","=HYPERLINK(""https://gammagroup.co/wp-json/gamma/v1/pdf-reader?pdf=https://gammagroup.co/wp-content/uploads/2026/04/Gamma-Annual-Report-2025-Final-7-April-2026.pdf#page=113"",""p.113 of AR"")","=HYPERLINK(""https://gammagroup.co/wp-json/gamma/v1/pdf-reader?pdf=https://gammagroup.co/wp-content/uploads/2026/04/Gamma-Annual-Report-2025-Final-7-April-2026.pdf#page=113"",""p.113 of AR"")","=HYPERLINK(""https://gammagroup.co/wp-json/gamma/v1/pdf-reader?pdf=https://gammagroup.co/wp-content/uploads/2026/04/Gamma-Annual-Report-2025-Final-7-April-2026.pdf#page=100"",""p.100 of AR"")",3
Gamma Communications Plc,GAMA LN Equity,Communication Services,Telecommunication Services,Diversified Telecommunication Services,Alternative Carriers,913.1,12.0,2026,Bill Castell,Chief Financial Officer (CFO) — departing 31 March 2026,CFO,current,403000.0,GBP,,,25.0,3.0,,,,,,200.0,2.0,Leaving Gamma on 31 March 2026; salary frozen for 2026; excluded from 2026 bonus and LTIP participation; outstanding Deferred Bonus Plan awards continue under existing terms; subject to standard 2-year post-employment shareholding retention requirement.,,270,48,50,97,gamma_communications_ar_2025,https://gammagroup.co/wp-json/gamma/v1/pdf-reader?pdf=https://gammagroup.co/wp-content/uploads/2026/04/Gamma-Annual-Report-2025-Final-7-April-2026.pdf,"=HYPERLINK(""https://gammagroup.co/wp-json/gamma/v1/pdf-reader?pdf=https://gammagroup.co/wp-content/uploads/2026/04/Gamma-Annual-Report-2025-Final-7-April-2026.pdf#page=113"",""p.113 of AR"")",270.0,"=HYPERLINK(""https://gammagroup.co/wp-json/gamma/v1/pdf-reader?pdf=https://gammagroup.co/wp-content/uploads/2026/04/Gamma-Annual-Report-2025-Final-7-April-2026.pdf#page=113"",""p.113 of AR"")","=HYPERLINK(""https://gammagroup.co/wp-json/gamma/v1/pdf-reader?pdf=https://gammagroup.co/wp-content/uploads/2026/04/Gamma-Annual-Report-2025-Final-7-April-2026.pdf#page=95"",""p.95 of AR"")","=HYPERLINK(""https://gammagroup.co/wp-json/gamma/v1/pdf-reader?pdf=https://gammagroup.co/wp-content/uploads/2026/04/Gamma-Annual-Report-2025-Final-7-April-2026.pdf#page=95"",""p.95 of AR"")","=HYPERLINK(""https://gammagroup.co/wp-json/gamma/v1/pdf-reader?pdf=https://gammagroup.co/wp-content/uploads/2026/04/Gamma-Annual-Report-2025-Final-7-April-2026.pdf#page=100"",""p.100 of AR"")",3
Gamma Communications Plc,GAMA LN Equity,Communication Services,Telecommunication Services,Diversified Telecommunication Services,Alternative Carriers,913.1,12.0,2026,Damien Maltarp,Incoming Chief Financial Officer (CFO),CFO,designate,,,,,25.0,3.0,400.0,,,,,200.0,2.0,"New CFO appointment; full remuneration package (including salary, bonus and LTIP terms) will be disclosed in next year's Directors' Remuneration report following his joining later in 2026.",,60,60,142,97,gamma_communications_ar_2025,https://gammagroup.co/wp-json/gamma/v1/pdf-reader?pdf=https://gammagroup.co/wp-content/uploads/2026/04/Gamma-Annual-Report-2025-Final-7-April-2026.pdf,"=HYPERLINK(""https://gammagroup.co/wp-json/gamma/v1/pdf-reader?pdf=https://gammagroup.co/wp-content/uploads/2026/04/Gamma-Annual-Report-2025-Final-7-April-2026.pdf#page=96"",""p.96 of AR"")",60.0,"=HYPERLINK(""https://gammagroup.co/wp-json/gamma/v1/pdf-reader?pdf=https://gammagroup.co/wp-content/uploads/2026/04/Gamma-Annual-Report-2025-Final-7-April-2026.pdf#page=96"",""p.96 of AR"")","=HYPERLINK(""https://gammagroup.co/wp-json/gamma/v1/pdf-reader?pdf=https://gammagroup.co/wp-content/uploads/2026/04/Gamma-Annual-Report-2025-Final-7-April-2026.pdf#page=96"",""p.96 of AR"")","=HYPERLINK(""https://gammagroup.co/wp-json/gamma/v1/pdf-reader?pdf=https://gammagroup.co/wp-content/uploads/2026/04/Gamma-Annual-Report-2025-Final-7-April-2026.pdf#page=103"",""p.103 of AR"")","=HYPERLINK(""https://gammagroup.co/wp-json/gamma/v1/pdf-reader?pdf=https://gammagroup.co/wp-content/uploads/2026/04/Gamma-Annual-Report-2025-Final-7-April-2026.pdf#page=100"",""p.100 of AR"")",3
Genuit Group Plc,GEN LN Equity,Industrials,Capital Goods,Building Products,Building Products,630.3,12.0,2026,Joe Vorih,Chief Executive Officer,CEO,current,,GBP,1 January 2026,150.0,33.0,3.0,250.0,,,,,200.0,2.0,"Salary increased by 3.0% for 2026, in line with the average workforce increase; no changes to bonus, LTIP structure, or shareholding requirements.",1 January 2026,27,67,71,75,genuit_group_ar_2025,https://www.genuitgroup.com/wp-content/uploads/2026/04/Genuit_AR25_Hyperlinked_260413.pdf,"=HYPERLINK(""https://www.genuitgroup.com/wp-content/uploads/2026/04/Genuit_AR25_Hyperlinked_260413.pdf#page=146"",""p.146 of AR"")",27.0,"=HYPERLINK(""https://www.genuitgroup.com/wp-content/uploads/2026/04/Genuit_AR25_Hyperlinked_260413.pdf#page=146"",""p.146 of AR"")","=HYPERLINK(""https://www.genuitgroup.com/wp-content/uploads/2026/04/Genuit_AR25_Hyperlinked_260413.pdf#page=151"",""p.151 of AR"")","=HYPERLINK(""https://www.genuitgroup.com/wp-content/uploads/2026/04/Genuit_AR25_Hyperlinked_260413.pdf#page=152"",""p.152 of AR"")","=HYPERLINK(""https://www.genuitgroup.com/wp-content/uploads/2026/04/Genuit_AR25_Hyperlinked_260413.pdf#page=153"",""p.153 of AR"")",3
Genuit Group Plc,GEN LN Equity,Industrials,Capital Goods,Building Products,Building Products,630.3,12.0,2026,Tim Pullen,Chief Financial Officer,CFO,current,440000.0,GBP,1 January 2026,125.0,33.0,3.0,250.0,,,,,200.0,2.0,"Salary increased by 11.6% for 2026 (to £440,000), following a market positioning review benchmarking against FTSE 250 CFO pay (median £448,000) and Genuit's growth in market capitalisation; no changes to bonus, LTIP structure, or shareholding requirements.",1 January 2026,27,67,71,75,genuit_group_ar_2025,https://www.genuitgroup.com/wp-content/uploads/2026/04/Genuit_AR25_Hyperlinked_260413.pdf,"=HYPERLINK(""https://www.genuitgroup.com/wp-content/uploads/2026/04/Genuit_AR25_Hyperlinked_260413.pdf#page=146"",""p.146 of AR"")",27.0,"=HYPERLINK(""https://www.genuitgroup.com/wp-content/uploads/2026/04/Genuit_AR25_Hyperlinked_260413.pdf#page=146"",""p.146 of AR"")","=HYPERLINK(""https://www.genuitgroup.com/wp-content/uploads/2026/04/Genuit_AR25_Hyperlinked_260413.pdf#page=151"",""p.151 of AR"")","=HYPERLINK(""https://www.genuitgroup.com/wp-content/uploads/2026/04/Genuit_AR25_Hyperlinked_260413.pdf#page=152"",""p.152 of AR"")","=HYPERLINK(""https://www.genuitgroup.com/wp-content/uploads/2026/04/Genuit_AR25_Hyperlinked_260413.pdf#page=153"",""p.153 of AR"")",3
Genus Plc,GNS LN Equity,Health Care,Pharmaceuticals Biotechnology & Life Sciences,Biotechnology,Biotechnology,1595.2,6.0,2026,Jorgen Kokke,Chief Executive Officer,CEO,current,886250.0,USD,1 September 2025,200.0,33.33,3.0,200.0,133.33,66.67,active,additive,250.0,2.0,"New Remuneration Policy proposed for shareholder approval at November 2025 AGM: (i) Shareholding requirement increased from 200% to 250% of salary, with post-termination requirement also raised to the lower of holding on exit and 250% of salary; (ii) Bonus deferral maintained at one-third for three years, but reduced to 20% if SHR is met by year-end; (iii) New LTI structure introducing an RSU plan to operate alongside the existing PSP, with normal aggregate face value unchanged at 200% of salary, split two-thirds PSP (133.33%) and one-third RSU (66.67%); RSU subject to a two-year post-vesting holding period and a discretionary performance underpin; malus/clawback extended to RSU awards.",November 2025 AGM,132,132,derived,175,genus_ar_2025,https://www.genusplc.com/media/glah32tg/genus-annual-report-2025.pdf,"=HYPERLINK(""https://www.genusplc.com/media/glah32tg/genus-annual-report-2025.pdf#page=93"",""p.93 of AR"")",132.0,"=HYPERLINK(""https://www.genusplc.com/media/glah32tg/genus-annual-report-2025.pdf#page=93"",""p.93 of AR"")","=HYPERLINK(""https://www.genusplc.com/media/glah32tg/genus-annual-report-2025.pdf#page=93"",""p.93 of AR"")",derived,"=HYPERLINK(""https://www.genusplc.com/media/glah32tg/genus-annual-report-2025.pdf#page=101"",""p.101 of AR"")",3
Genus Plc,GNS LN Equity,Health Care,Pharmaceuticals Biotechnology & Life Sciences,Biotechnology,Biotechnology,1595.2,6.0,2026,Andy Russell,Chief Financial Officer,CFO,current,430000.0,GBP,,175.0,33.33,3.0,200.0,133.33,66.67,active,additive,250.0,2.0,"Same policy changes as apply to the CEO under the new proposed Remuneration Policy (shareholding requirement increased to 250%, bonus deferral reduction to 20% where SHR met, introduction of RSU alongside PSP with 2/3-1/3 split of the unchanged 200% aggregate LTI face value). Additionally, Andy Russell received a one-off buyout package on appointment (cash payments totalling £201,483 and an RSA grant of £224,904 in face value) to compensate for forfeited remuneration from his previous employer, per the recruitment policy provisions (not part of ongoing policy maxima).",November 2025 AGM,132,132,derived,175,genus_ar_2025,https://www.genusplc.com/media/glah32tg/genus-annual-report-2025.pdf,"=HYPERLINK(""https://www.genusplc.com/media/glah32tg/genus-annual-report-2025.pdf#page=93"",""p.93 of AR"")",132.0,"=HYPERLINK(""https://www.genusplc.com/media/glah32tg/genus-annual-report-2025.pdf#page=93"",""p.93 of AR"")","=HYPERLINK(""https://www.genusplc.com/media/glah32tg/genus-annual-report-2025.pdf#page=93"",""p.93 of AR"")",derived,"=HYPERLINK(""https://www.genusplc.com/media/glah32tg/genus-annual-report-2025.pdf#page=101"",""p.101 of AR"")",3
Glencore Plc,GLEN LN Equity,Materials,Materials,Metals & Mining,Diversified Metals & Mining,67281.5,12.0,2026,Gary Nagle,Chief Executive Officer,CEO,current,2000000.0,USD,1 January 2026,,,,525.0,,,,,525.0,2.0,"No changes for 2026 — base salary held flat (0% increase), pension and benefits unchanged from 2025, Career Shares Plan maximum (525%) and shareholding requirement (525%) unchanged; award for the 2025 performance year was made at 512.5% of salary (97.6% of maximum)",1 January 2026,163,,63,63,glencore_ar_2025,https://www.glencore.com/.rest/api/v1/documents/static/9b103e11-72e7-40bf-ae7c-eabe57361522/GLEN-2025-Annual-Report.pdf,"=HYPERLINK(""https://www.glencore.com/.rest/api/v1/documents/static/9b103e11-72e7-40bf-ae7c-eabe57361522/GLEN-2025-Annual-Report.pdf#page=106"",""p.106 of AR"")",55.0,"=HYPERLINK(""https://www.glencore.com/.rest/api/v1/documents/static/9b103e11-72e7-40bf-ae7c-eabe57361522/GLEN-2025-Annual-Report.pdf#page=113"",""p.113 of AR"")",,"=HYPERLINK(""https://www.glencore.com/.rest/api/v1/documents/static/9b103e11-72e7-40bf-ae7c-eabe57361522/GLEN-2025-Annual-Report.pdf#page=107"",""p.107 of AR"")","=HYPERLINK(""https://www.glencore.com/.rest/api/v1/documents/static/9b103e11-72e7-40bf-ae7c-eabe57361522/GLEN-2025-Annual-Report.pdf#page=107"",""p.107 of AR"")",3
Goodwin Plc,GDWN LN Equity,Industrials,Capital Goods,Machinery,Industrial Machinery & Supplies & Components,975.4,4.0,2025,M. S. Goodwin,Managing Director,Other Executive,current,446000.0,GBP,,,,,,,,,,,,"No formal annual bonus plan, LTIP, or shareholding guideline in place as Directors are not paid against specific performance criteria/KPIs. Base salary increase generally 3.43% for the period May 2024 to April 2025; no changes to pension (3% of gross remuneration).",,47,,,,goodwin_ar_2025,https://www.goodwin.co.uk/wp-content/uploads/2026/10/PLC-Report-Accounts-2026-ONLINE.pdf,"=HYPERLINK(""https://www.goodwin.co.uk/wp-content/uploads/2026/10/PLC-Report-Accounts-2026-ONLINE.pdf#page=41"",""p.41 of AR"")",47.0,"=HYPERLINK(""https://www.goodwin.co.uk/wp-content/uploads/2026/10/PLC-Report-Accounts-2026-ONLINE.pdf#page=41"",""p.41 of AR"")",,,,3
Goodwin Plc,GDWN LN Equity,Industrials,Capital Goods,Machinery,Industrial Machinery & Supplies & Components,975.4,4.0,2025,S. R. Goodwin,Managing Director,Other Executive,current,446000.0,GBP,,,,,,,,,,,,"No formal annual bonus plan, LTIP, or shareholding guideline in place as Directors are not paid against specific performance criteria/KPIs. Base salary increase generally 3.43% for the period May 2024 to April 2025; no changes to pension (3% of gross remuneration).",,47,,,,goodwin_ar_2025,https://www.goodwin.co.uk/wp-content/uploads/2026/10/PLC-Report-Accounts-2026-ONLINE.pdf,"=HYPERLINK(""https://www.goodwin.co.uk/wp-content/uploads/2026/10/PLC-Report-Accounts-2026-ONLINE.pdf#page=41"",""p.41 of AR"")",47.0,"=HYPERLINK(""https://www.goodwin.co.uk/wp-content/uploads/2026/10/PLC-Report-Accounts-2026-ONLINE.pdf#page=41"",""p.41 of AR"")",,,,3
Goodwin Plc,GDWN LN Equity,Industrials,Capital Goods,Machinery,Industrial Machinery & Supplies & Components,975.4,4.0,2025,T. J. W. Goodwin,Executive Director,Executive Director,current,320000.0,GBP,,,,,,,,,,,,"No formal annual bonus plan, LTIP, or shareholding guideline in place as Directors are not paid against specific performance criteria/KPIs. Base salary increase generally 3.43% for the period May 2024 to April 2025; no changes to pension (3% of gross remuneration).",,47,,,,goodwin_ar_2025,https://www.goodwin.co.uk/wp-content/uploads/2026/10/PLC-Report-Accounts-2026-ONLINE.pdf,"=HYPERLINK(""https://www.goodwin.co.uk/wp-content/uploads/2026/10/PLC-Report-Accounts-2026-ONLINE.pdf#page=41"",""p.41 of AR"")",47.0,"=HYPERLINK(""https://www.goodwin.co.uk/wp-content/uploads/2026/10/PLC-Report-Accounts-2026-ONLINE.pdf#page=41"",""p.41 of AR"")",,,,3
Goodwin Plc,GDWN LN Equity,Industrials,Capital Goods,Machinery,Industrial Machinery & Supplies & Components,975.4,4.0,2025,B. R. E. Goodwin,Executive Director,Executive Director,current,401000.0,GBP,,,,,,,,,,,,"No formal annual bonus plan, LTIP, or shareholding guideline in place as Directors are not paid against specific performance criteria/KPIs. Base salary increase generally 3.43% for the period May 2024 to April 2025; no changes to pension (3% of gross remuneration).",,47,,,,goodwin_ar_2025,https://www.goodwin.co.uk/wp-content/uploads/2026/10/PLC-Report-Accounts-2026-ONLINE.pdf,"=HYPERLINK(""https://www.goodwin.co.uk/wp-content/uploads/2026/10/PLC-Report-Accounts-2026-ONLINE.pdf#page=41"",""p.41 of AR"")",47.0,"=HYPERLINK(""https://www.goodwin.co.uk/wp-content/uploads/2026/10/PLC-Report-Accounts-2026-ONLINE.pdf#page=41"",""p.41 of AR"")",,,,3
Goodwin Plc,GDWN LN Equity,Industrials,Capital Goods,Machinery,Industrial Machinery & Supplies & Components,975.4,4.0,2025,N. Brown,Group Chief Accountant,Other Executive,current,203000.0,GBP,,,,,,,,,,,,"No formal annual bonus plan, LTIP, or shareholding guideline in place as Directors are not paid against specific performance criteria/KPIs. Base salary increase generally 3.43% for the period May 2024 to April 2025; pension entitlement of 3% of gross remuneration; no changes noted.",,47,,,,goodwin_ar_2025,https://www.goodwin.co.uk/wp-content/uploads/2026/10/PLC-Report-Accounts-2026-ONLINE.pdf,"=HYPERLINK(""https://www.goodwin.co.uk/wp-content/uploads/2026/10/PLC-Report-Accounts-2026-ONLINE.pdf#page=41"",""p.41 of AR"")",47.0,"=HYPERLINK(""https://www.goodwin.co.uk/wp-content/uploads/2026/10/PLC-Report-Accounts-2026-ONLINE.pdf#page=41"",""p.41 of AR"")",,,,3
Grafton Group Plc,GFTU LN Equity,,,,,1601.6,12.0,2026,E. Born,Chief Executive Officer,CEO,current,,,1 January 2026,180.0,30.0,2.0,250.0,,,,,200.0,2.0,Maximum annual bonus opportunity increased from 150% to 180% of salary; maximum LTIP opportunity increased from 200% to 250% of salary; bonus deferral obligation removed once shareholding guideline is met; malus/clawback period shortened from six years to three years; dividend equivalents introduced on vested LTIP awards,,70,72,73,157,grafton_group_ar_2025,https://www.graftonplc.com/~/media/Files/G/Grafton-Group/2025%20FULL%20YEAR%20RESULTS%20march%202026/Grafton-Annual-Report-2025.pdf,"=HYPERLINK(""https://www.graftonplc.com/~/media/Files/G/Grafton-Group/2025%20FULL%20YEAR%20RESULTS%20march%202026/Grafton-Annual-Report-2025.pdf#page=90"",""p.90 of AR"")",70.0,"=HYPERLINK(""https://www.graftonplc.com/~/media/Files/G/Grafton-Group/2025%20FULL%20YEAR%20RESULTS%20march%202026/Grafton-Annual-Report-2025.pdf#page=90"",""p.90 of AR"")","=HYPERLINK(""https://www.graftonplc.com/~/media/Files/G/Grafton-Group/2025%20FULL%20YEAR%20RESULTS%20march%202026/Grafton-Annual-Report-2025.pdf#page=90"",""p.90 of AR"")","=HYPERLINK(""https://www.graftonplc.com/~/media/Files/G/Grafton-Group/2025%20FULL%20YEAR%20RESULTS%20march%202026/Grafton-Annual-Report-2025.pdf#page=90"",""p.90 of AR"")","=HYPERLINK(""https://www.graftonplc.com/~/media/Files/G/Grafton-Group/2025%20FULL%20YEAR%20RESULTS%20march%202026/Grafton-Annual-Report-2025.pdf#page=96"",""p.96 of AR"")",3
Grafton Group Plc,GFTU LN Equity,,,,,1601.6,12.0,2026,D. Arnold,Chief Financial Officer,CFO,current,,,1 January 2026,150.0,30.0,2.0,220.0,,,,,200.0,2.0,Maximum LTIP opportunity for the CFO increased to 220% of salary for 2026 (within an increased policy maximum of 250%); bonus maximum remains unchanged at 150% of salary; bonus deferral obligation removed once shareholding guideline is met; malus/clawback period shortened from six years to three years; dividend equivalents introduced on vested LTIP awards,,70,347,351,157,grafton_group_ar_2025,https://www.graftonplc.com/~/media/Files/G/Grafton-Group/2025%20FULL%20YEAR%20RESULTS%20march%202026/Grafton-Annual-Report-2025.pdf,"=HYPERLINK(""https://www.graftonplc.com/~/media/Files/G/Grafton-Group/2025%20FULL%20YEAR%20RESULTS%20march%202026/Grafton-Annual-Report-2025.pdf#page=90"",""p.90 of AR"")",70.0,"=HYPERLINK(""https://www.graftonplc.com/~/media/Files/G/Grafton-Group/2025%20FULL%20YEAR%20RESULTS%20march%202026/Grafton-Annual-Report-2025.pdf#page=90"",""p.90 of AR"")","=HYPERLINK(""https://www.graftonplc.com/~/media/Files/G/Grafton-Group/2025%20FULL%20YEAR%20RESULTS%20march%202026/Grafton-Annual-Report-2025.pdf#page=106"",""p.106 of AR"")","=HYPERLINK(""https://www.graftonplc.com/~/media/Files/G/Grafton-Group/2025%20FULL%20YEAR%20RESULTS%20march%202026/Grafton-Annual-Report-2025.pdf#page=106"",""p.106 of AR"")","=HYPERLINK(""https://www.graftonplc.com/~/media/Files/G/Grafton-Group/2025%20FULL%20YEAR%20RESULTS%20march%202026/Grafton-Annual-Report-2025.pdf#page=96"",""p.96 of AR"")",3
Grainger Plc,GROW LN Equity,Financials,Financial Services,Capital Markets,Asset Management & Custody Banks,1011.8,3.0,2026,Helen Gordon,Chief Executive Officer,CEO,current,630036.0,GBP,1 January 2026,150.0,25.0,3.0,200.0,,,,,200.0,2.0,"Annual bonus maximum increased from 140% to 150% of salary; on-target bonus payout reduced from 60% to 50% of maximum; base salary increased by 3% effective 1 January 2026, in line with the wider workforce",1 January 2026,222,64,228,70,grainger_ar_2025,https://corporate.graingerplc.co.uk/sites/graingerplc-corp/files/2025-11/Grainger_AR25.pdf,"=HYPERLINK(""https://corporate.graingerplc.co.uk/sites/graingerplc-corp/files/2025-11/Grainger_AR25.pdf#page=106"",""p.106 of AR"")",64.0,"=HYPERLINK(""https://corporate.graingerplc.co.uk/sites/graingerplc-corp/files/2025-11/Grainger_AR25.pdf#page=119"",""p.119 of AR"")","=HYPERLINK(""https://corporate.graingerplc.co.uk/sites/graingerplc-corp/files/2025-11/Grainger_AR25.pdf#page=106"",""p.106 of AR"")","=HYPERLINK(""https://corporate.graingerplc.co.uk/sites/graingerplc-corp/files/2025-11/Grainger_AR25.pdf#page=120"",""p.120 of AR"")","=HYPERLINK(""https://corporate.graingerplc.co.uk/sites/graingerplc-corp/files/2025-11/Grainger_AR25.pdf#page=107"",""p.107 of AR"")",3
Grainger Plc,GROW LN Equity,Financials,Financial Services,Capital Markets,Asset Management & Custody Banks,1011.8,3.0,2026,Rob Hudson,Chief Financial Officer,CFO,current,491520.0,GBP,1 January 2026,150.0,25.0,3.0,175.0,,,,,200.0,2.0,"Annual bonus maximum increased from 140% to 150% of salary; on-target bonus payout reduced from 60% to 50% of maximum; base salary increased by 3% effective 1 January 2026, in line with the wider workforce",1 January 2026,222,64,228,70,grainger_ar_2025,https://corporate.graingerplc.co.uk/sites/graingerplc-corp/files/2025-11/Grainger_AR25.pdf,"=HYPERLINK(""https://corporate.graingerplc.co.uk/sites/graingerplc-corp/files/2025-11/Grainger_AR25.pdf#page=106"",""p.106 of AR"")",64.0,"=HYPERLINK(""https://corporate.graingerplc.co.uk/sites/graingerplc-corp/files/2025-11/Grainger_AR25.pdf#page=119"",""p.119 of AR"")","=HYPERLINK(""https://corporate.graingerplc.co.uk/sites/graingerplc-corp/files/2025-11/Grainger_AR25.pdf#page=106"",""p.106 of AR"")","=HYPERLINK(""https://corporate.graingerplc.co.uk/sites/graingerplc-corp/files/2025-11/Grainger_AR25.pdf#page=120"",""p.120 of AR"")","=HYPERLINK(""https://corporate.graingerplc.co.uk/sites/graingerplc-corp/files/2025-11/Grainger_AR25.pdf#page=107"",""p.107 of AR"")",3
Great Portland Estates Plc,GPE LN Equity,,,,,1203.8,3.0,2026,Toby Courtauld,Chief Executive Officer,CEO,current,713000.0,GBP,1 April 2025,150.0,40.0,3.0,150.0,,,,,300.0,2.0,"Salary increased by 3% in line with the baseline increase awarded to most employees. Minor changes to the annual bonus scorecard including: addition of a new leasing measure (10% weighting), introduction of an asset sales target (5% weighting) replacing the rights issue deployment measure (10%), change from Fully Managed annualised NOI to Fully Managed P&L NOI Target (weighting reduced from 10% to 5%), development measure weighting increased from 5% to 7.5%, and a minor change to the NPS measure to focus on office customer NPS. No changes to pension, benefits or RSP opportunity.",1 April 2025,,,,,great_portland_estates_ar_2025,https://www.gpe.co.uk/media/ui4li53f/gpe_annual_report_2026.pdf?v=1dceee5e3f6dc40,"=HYPERLINK(""https://www.gpe.co.uk/media/ui4li53f/gpe_annual_report_2026.pdf?v=1dceee5e3f6dc40#page=141"",""p.141 of AR"")",,,,,,2
Great Portland Estates Plc,GPE LN Equity,,,,,1203.8,3.0,2026,Nick Sanderson,Chief Financial & Operating Officer,CFO,current,491000.0,GBP,1 April 2025,150.0,40.0,3.0,150.0,,,,,300.0,2.0,"Salary increased by 3% in line with the baseline increase awarded to most employees. Same bonus scorecard changes as noted for Toby Courtauld: addition of a new leasing measure (10% weighting), introduction of an asset sales target (5% weighting) replacing the rights issue deployment measure (10%), change from Fully Managed annualised NOI to Fully Managed P&L NOI Target (weighting reduced from 10% to 5%), development measure weighting increased from 5% to 7.5%, and a minor change to the NPS measure to focus on office customer NPS. No changes to pension, benefits or RSP opportunity.",1 April 2025,,,,,great_portland_estates_ar_2025,https://www.gpe.co.uk/media/ui4li53f/gpe_annual_report_2026.pdf?v=1dceee5e3f6dc40,"=HYPERLINK(""https://www.gpe.co.uk/media/ui4li53f/gpe_annual_report_2026.pdf?v=1dceee5e3f6dc40#page=141"",""p.141 of AR"")",,,,,,2
Great Portland Estates Plc,GPE LN Equity,,,,,1203.8,3.0,2026,Dan Nicholson,Executive Director,Executive Director,current,425000.0,GBP,1 April 2025,150.0,40.0,3.0,150.0,,,,,300.0,2.0,"Salary increased by a higher rate of 9.5% (compared to the 3% baseline) following a benchmarking exercise to ensure market competitiveness. Dan was originally appointed on a below-market salary; the uplift reflects confirmation of the success of the role, his increased experience, and wider responsibilities including Investment and Health and Safety. His salary has been set at approximately a 14% discount to the CFO role. Same bonus scorecard changes as noted for other executives. No changes to pension, benefits or RSP opportunity.",1 April 2025,,,,,great_portland_estates_ar_2025,https://www.gpe.co.uk/media/ui4li53f/gpe_annual_report_2026.pdf?v=1dceee5e3f6dc40,"=HYPERLINK(""https://www.gpe.co.uk/media/ui4li53f/gpe_annual_report_2026.pdf?v=1dceee5e3f6dc40#page=141"",""p.141 of AR"")",,,,,,2
Greencore Group Plc,GNC LN Equity,Consumer Staples,Food Beverage & Tobacco,Food Products,Packaged Foods & Meats,1859.9,9.0,2026,Dalton Philips,Chief Executive Officer,CEO,current,830000.0,EUR,1 October 2025,150.0,50.0,3.0,250.0,,,,,250.0,2.0,"Salary increased 11% to €830,000; PSP maximum policy limit increased from 200% to 250% of salary; ABP maximum policy limit increased from 150% to 175% of salary (though FY26 implementation remains at 150%, with additional headroom expected to be used for CEO first in FY27); shareholding guideline increased to 250% of salary; mandatory bonus deferral to be disapplied once shareholding guideline is met.",,55,55,55,55,greencore_group_ar_2025,https://www.greencore.com/app/uploads/2025/11/49554-Greencore-Annual-Report-2025_WEB.pdf,"=HYPERLINK(""https://www.greencore.com/app/uploads/2025/11/49554-Greencore-Annual-Report-2025_WEB.pdf#page=101"",""p.101 of AR"")",22.0,"=HYPERLINK(""https://www.greencore.com/app/uploads/2025/11/49554-Greencore-Annual-Report-2025_WEB.pdf#page=104"",""p.104 of AR"")","=HYPERLINK(""https://www.greencore.com/app/uploads/2025/11/49554-Greencore-Annual-Report-2025_WEB.pdf#page=104"",""p.104 of AR"")","=HYPERLINK(""https://www.greencore.com/app/uploads/2025/11/49554-Greencore-Annual-Report-2025_WEB.pdf#page=104"",""p.104 of AR"")","=HYPERLINK(""https://www.greencore.com/app/uploads/2025/11/49554-Greencore-Annual-Report-2025_WEB.pdf#page=104"",""p.104 of AR"")",3
Greencore Group Plc,GNC LN Equity,Consumer Staples,Food Beverage & Tobacco,Food Products,Packaged Foods & Meats,1859.9,9.0,2026,Catherine Gubbins,Chief Financial Officer,CFO,current,500000.0,EUR,1 October 2025,150.0,50.0,3.0,200.0,,,,,200.0,2.0,"Salary increased 21.1% to €500,000 (repositioning package closer to market, previously heavily discounted); benefits from increased policy PSP maximum (200%→250% policy ceiling) and ABP maximum (150%→175% policy ceiling), though FY26 implementation remains at 150% ABP / 200% PSP; shareholding guideline unchanged at 200%; mandatory bonus deferral to be disapplied once shareholding guideline is met.",,55,55,55,55,greencore_group_ar_2025,https://www.greencore.com/app/uploads/2025/11/49554-Greencore-Annual-Report-2025_WEB.pdf,"=HYPERLINK(""https://www.greencore.com/app/uploads/2025/11/49554-Greencore-Annual-Report-2025_WEB.pdf#page=101"",""p.101 of AR"")",26.0,"=HYPERLINK(""https://www.greencore.com/app/uploads/2025/11/49554-Greencore-Annual-Report-2025_WEB.pdf#page=104"",""p.104 of AR"")","=HYPERLINK(""https://www.greencore.com/app/uploads/2025/11/49554-Greencore-Annual-Report-2025_WEB.pdf#page=104"",""p.104 of AR"")","=HYPERLINK(""https://www.greencore.com/app/uploads/2025/11/49554-Greencore-Annual-Report-2025_WEB.pdf#page=104"",""p.104 of AR"")","=HYPERLINK(""https://www.greencore.com/app/uploads/2025/11/49554-Greencore-Annual-Report-2025_WEB.pdf#page=104"",""p.104 of AR"")",3
Greggs Plc,GRG LN Equity,Consumer Discretionary,Consumer Services,Hotels Restaurants & Leisure,Restaurants,1730.2,12.0,2025,Roisin Currie,Chief Executive,CEO,current,674903.0,GBP,1 January 2025,125.0,50.0,2.0,200.0,,,,,200.0,2.0,"Base salary increased 3.5% from £652,080 to £674,903 effective 1 January 2025, in line with wider workforce base increase; pension contribution rate increased from 6% to 7% of salary effective January 2025; FY2025 PSP award granted at 150% of salary (below the 200% policy maximum), consistent with prior year practice, with a windfall gain review provision added to the award.",1 January 2025,250,254,116,116,greggs_ar_2024,https://assets.greggs.com/f/162306/x/b1b0408bb2/greggs-ar25-interactive.pdf,"=HYPERLINK(""https://assets.greggs.com/f/162306/x/b1b0408bb2/greggs-ar25-interactive.pdf#page=111"",""p.111 of AR"")",250.0,"=HYPERLINK(""https://assets.greggs.com/f/162306/x/b1b0408bb2/greggs-ar25-interactive.pdf#page=111"",""p.111 of AR"")","=HYPERLINK(""https://assets.greggs.com/f/162306/x/b1b0408bb2/greggs-ar25-interactive.pdf#page=111"",""p.111 of AR"")","=HYPERLINK(""https://assets.greggs.com/f/162306/x/b1b0408bb2/greggs-ar25-interactive.pdf#page=103"",""p.103 of AR"")","=HYPERLINK(""https://assets.greggs.com/f/162306/x/b1b0408bb2/greggs-ar25-interactive.pdf#page=103"",""p.103 of AR"")",3
Greggs Plc,GRG LN Equity,Consumer Discretionary,Consumer Services,Hotels Restaurants & Leisure,Restaurants,1730.2,12.0,2025,Richard Hutton,Chief Financial Officer,CFO,current,442398.0,GBP,1 January 2025,125.0,50.0,2.0,200.0,,,,,200.0,2.0,"Base salary increased 3.5% from £427,438 to £442,398 effective 1 January 2025, in line with wider workforce base increase; pension contribution rate increased from 6% to 7% of salary effective January 2025; FY2025 PSP award granted at 150% of salary (below the 175%/200% policy maximum for ""other Executive Directors""), consistent with prior year practice, with a windfall gain review provision added to the award.",1 January 2025,250,254,116,116,greggs_ar_2024,https://assets.greggs.com/f/162306/x/b1b0408bb2/greggs-ar25-interactive.pdf,"=HYPERLINK(""https://assets.greggs.com/f/162306/x/b1b0408bb2/greggs-ar25-interactive.pdf#page=111"",""p.111 of AR"")",250.0,"=HYPERLINK(""https://assets.greggs.com/f/162306/x/b1b0408bb2/greggs-ar25-interactive.pdf#page=111"",""p.111 of AR"")","=HYPERLINK(""https://assets.greggs.com/f/162306/x/b1b0408bb2/greggs-ar25-interactive.pdf#page=111"",""p.111 of AR"")","=HYPERLINK(""https://assets.greggs.com/f/162306/x/b1b0408bb2/greggs-ar25-interactive.pdf#page=103"",""p.103 of AR"")","=HYPERLINK(""https://assets.greggs.com/f/162306/x/b1b0408bb2/greggs-ar25-interactive.pdf#page=103"",""p.103 of AR"")",3
GSK Plc,GSK LN Equity,Health Care,Pharmaceuticals Biotechnology & Life Sciences,Pharmaceuticals,Pharmaceuticals,74779.8,12.0,2026,Luke Miels,Chief Executive Officer,CEO,current,1375000.0,GBP,1 January 2026,300.0,50.0,3.0,725.0,,,,,725.0,,"New CEO appointed effective 1 January 2026 at a starting salary set below his predecessor's (4.1% lower than outgoing CEO's 2025 salary), reflecting his status as new to the group CEO role; PSP grant set at 7.25x salary for 2026 (within the 8x Policy maximum approved at the 2025 AGM), with envisaged increase to 8x for 2027 and potential further increase in 2028 to move toward peer-group median total pay; annual bonus and pension terms kept consistent with prior CEO's arrangements; salary not due for review until December 2026.",1 January 2026,77,77,77,77,gsk_ar_2025,https://www.gsk.com/media/kn0bknmd/annual-report-2025.pdf,"=HYPERLINK(""https://www.gsk.com/media/kn0bknmd/annual-report-2025.pdf#page=145"",""p.145 of AR"")",77.0,"=HYPERLINK(""https://www.gsk.com/media/kn0bknmd/annual-report-2025.pdf#page=145"",""p.145 of AR"")","=HYPERLINK(""https://www.gsk.com/media/kn0bknmd/annual-report-2025.pdf#page=145"",""p.145 of AR"")","=HYPERLINK(""https://www.gsk.com/media/kn0bknmd/annual-report-2025.pdf#page=145"",""p.145 of AR"")","=HYPERLINK(""https://www.gsk.com/media/kn0bknmd/annual-report-2025.pdf#page=145"",""p.145 of AR"")",3
GSK Plc,GSK LN Equity,Health Care,Pharmaceuticals Biotechnology & Life Sciences,Pharmaceuticals,Pharmaceuticals,74779.8,12.0,2026,Julie Brown,Chief Financial Officer,CFO,current,1056446.0,GBP,,300.0,50.0,3.0,400.0,,,,,400.0,,"Base salary increased 3.3% for 2026 (in line with the UK wider workforce increase), reflecting satisfactory performance; no other changes to bonus/LTIP maxima or shareholding guideline noted versus prior policy.",,77,77,77,77,gsk_ar_2025,https://www.gsk.com/media/kn0bknmd/annual-report-2025.pdf,"=HYPERLINK(""https://www.gsk.com/media/kn0bknmd/annual-report-2025.pdf#page=145"",""p.145 of AR"")",77.0,"=HYPERLINK(""https://www.gsk.com/media/kn0bknmd/annual-report-2025.pdf#page=145"",""p.145 of AR"")","=HYPERLINK(""https://www.gsk.com/media/kn0bknmd/annual-report-2025.pdf#page=145"",""p.145 of AR"")","=HYPERLINK(""https://www.gsk.com/media/kn0bknmd/annual-report-2025.pdf#page=145"",""p.145 of AR"")","=HYPERLINK(""https://www.gsk.com/media/kn0bknmd/annual-report-2025.pdf#page=145"",""p.145 of AR"")",3
Haleon Plc,HLN LN Equity,Health Care,Pharmaceuticals Biotechnology & Life Sciences,Pharmaceuticals,Pharmaceuticals,29517.5,12.0,2026,Brian McNamara,Chief Executive Officer,CEO,current,1395232.0,GBP,1 April 2026,200.0,50.0,3.0,450.0,,,,,450.0,2.0,No change to AIP or PSP maximum opportunity levels; AIP deferral requirement removed once shareholding requirement met (bonus delivered wholly in cash); PSP vesting policy amended to permit alternative (non-straight-line) payout curves in future years,,165,192,95,103,haleon_ar_2025,https://www.haleon.com/content/dam/haleon/corporate/documents/investors/oar-2025/Annual-Report-and-Form-20-F-2025.pdf.downloadasset.pdf,"=HYPERLINK(""https://www.haleon.com/content/dam/haleon/corporate/documents/investors/oar-2025/Annual-Report-and-Form-20-F-2025.pdf.downloadasset.pdf#page=83"",""p.83 of AR"")",49.0,"=HYPERLINK(""https://www.haleon.com/content/dam/haleon/corporate/documents/investors/oar-2025/Annual-Report-and-Form-20-F-2025.pdf.downloadasset.pdf#page=95"",""p.95 of AR"")","=HYPERLINK(""https://www.haleon.com/content/dam/haleon/corporate/documents/investors/oar-2025/Annual-Report-and-Form-20-F-2025.pdf.downloadasset.pdf#page=97"",""p.97 of AR"")","=HYPERLINK(""https://www.haleon.com/content/dam/haleon/corporate/documents/investors/oar-2025/Annual-Report-and-Form-20-F-2025.pdf.downloadasset.pdf#page=88"",""p.88 of AR"")","=HYPERLINK(""https://www.haleon.com/content/dam/haleon/corporate/documents/investors/oar-2025/Annual-Report-and-Form-20-F-2025.pdf.downloadasset.pdf#page=89"",""p.89 of AR"")",3
Haleon Plc,HLN LN Equity,Health Care,Pharmaceuticals Biotechnology & Life Sciences,Pharmaceuticals,Pharmaceuticals,29517.5,12.0,2026,Dawn Allen,Chief Financial Officer,CFO,current,779728.0,GBP,1 April 2026,200.0,50.0,3.0,350.0,,,,,350.0,2.0,No change to AIP or PSP maximum opportunity levels; AIP deferral requirement removed once shareholding requirement met (bonus delivered wholly in cash); PSP vesting policy amended to permit alternative (non-straight-line) payout curves in future years,,165,192,95,103,haleon_ar_2025,https://www.haleon.com/content/dam/haleon/corporate/documents/investors/oar-2025/Annual-Report-and-Form-20-F-2025.pdf.downloadasset.pdf,"=HYPERLINK(""https://www.haleon.com/content/dam/haleon/corporate/documents/investors/oar-2025/Annual-Report-and-Form-20-F-2025.pdf.downloadasset.pdf#page=83"",""p.83 of AR"")",49.0,"=HYPERLINK(""https://www.haleon.com/content/dam/haleon/corporate/documents/investors/oar-2025/Annual-Report-and-Form-20-F-2025.pdf.downloadasset.pdf#page=95"",""p.95 of AR"")","=HYPERLINK(""https://www.haleon.com/content/dam/haleon/corporate/documents/investors/oar-2025/Annual-Report-and-Form-20-F-2025.pdf.downloadasset.pdf#page=97"",""p.97 of AR"")","=HYPERLINK(""https://www.haleon.com/content/dam/haleon/corporate/documents/investors/oar-2025/Annual-Report-and-Form-20-F-2025.pdf.downloadasset.pdf#page=88"",""p.88 of AR"")","=HYPERLINK(""https://www.haleon.com/content/dam/haleon/corporate/documents/investors/oar-2025/Annual-Report-and-Form-20-F-2025.pdf.downloadasset.pdf#page=89"",""p.89 of AR"")",3
Halma Plc,HLMA LN Equity,Information Technology,Technology Hardware & Equipment,Electronic Equipment Instruments & Components,Electronic Equipment & Instruments,16943.7,3.0,2026,Marc Ronchetti,Group Chief Executive,CEO,current,1015800.0,GBP,1 June 2025,200.0,33.3,2.0,300.0,,,,,300.0,2.0,"No changes to the underlying Remuneration Policy (approved at 2024 AGM, applies until 2027 AGM). Salary increased by 8% for 2026 (from £940,500 to £1,015,800) to reflect leadership performance and align closer to FTSE 100 median. Bonus, LTIP maxima and shareholding guideline unchanged from prior year.",,47,167,173,222,halma_ar_2024_25,https://www.halma.com/~/media/Files/H/Halma/Corp-V2/reports-and-presentations/reports/2026/annual-report/halma-plc-annual-report-2026.pdf,"=HYPERLINK(""https://www.halma.com/~/media/Files/H/Halma/Corp-V2/reports-and-presentations/reports/2026/annual-report/halma-plc-annual-report-2026.pdf#page=137"",""p.137 of AR"")",161.0,"=HYPERLINK(""https://www.halma.com/~/media/Files/H/Halma/Corp-V2/reports-and-presentations/reports/2026/annual-report/halma-plc-annual-report-2026.pdf#page=127"",""p.127 of AR"")","=HYPERLINK(""https://www.halma.com/~/media/Files/H/Halma/Corp-V2/reports-and-presentations/reports/2026/annual-report/halma-plc-annual-report-2026.pdf#page=138"",""p.138 of AR"")","=HYPERLINK(""https://www.halma.com/~/media/Files/H/Halma/Corp-V2/reports-and-presentations/reports/2026/annual-report/halma-plc-annual-report-2026.pdf#page=138"",""p.138 of AR"")","=HYPERLINK(""https://www.halma.com/~/media/Files/H/Halma/Corp-V2/reports-and-presentations/reports/2026/annual-report/halma-plc-annual-report-2026.pdf#page=143"",""p.143 of AR"")",3
Halma Plc,HLMA LN Equity,Information Technology,Technology Hardware & Equipment,Electronic Equipment Instruments & Components,Electronic Equipment & Instruments,16943.7,3.0,2026,Carole Cran,Chief Financial Officer,CFO,current,642800.0,GBP,1 June 2025,180.0,33.3,2.0,250.0,,,,,250.0,2.0,"No changes to the underlying Remuneration Policy. Salary increased by 4% for 2026 (from £618,000 to £642,800), in line with wider workforce average increase. She joined the Board as CFO Designate on 8 January 2025 (base salary £618,000 at that time) and became CFO on 1 April 2025; joining arrangements were implemented in line with the existing Policy (e.g., pro-rated bonus, one-third deferral, PSA grant with two-year post-vesting holding period). She has not yet met the Share Ownership Guideline and must retain at least 50% of net vested share awards until she does.",,47,167,173,222,halma_ar_2024_25,https://www.halma.com/~/media/Files/H/Halma/Corp-V2/reports-and-presentations/reports/2026/annual-report/halma-plc-annual-report-2026.pdf,"=HYPERLINK(""https://www.halma.com/~/media/Files/H/Halma/Corp-V2/reports-and-presentations/reports/2026/annual-report/halma-plc-annual-report-2026.pdf#page=137"",""p.137 of AR"")",161.0,"=HYPERLINK(""https://www.halma.com/~/media/Files/H/Halma/Corp-V2/reports-and-presentations/reports/2026/annual-report/halma-plc-annual-report-2026.pdf#page=127"",""p.127 of AR"")","=HYPERLINK(""https://www.halma.com/~/media/Files/H/Halma/Corp-V2/reports-and-presentations/reports/2026/annual-report/halma-plc-annual-report-2026.pdf#page=138"",""p.138 of AR"")","=HYPERLINK(""https://www.halma.com/~/media/Files/H/Halma/Corp-V2/reports-and-presentations/reports/2026/annual-report/halma-plc-annual-report-2026.pdf#page=138"",""p.138 of AR"")","=HYPERLINK(""https://www.halma.com/~/media/Files/H/Halma/Corp-V2/reports-and-presentations/reports/2026/annual-report/halma-plc-annual-report-2026.pdf#page=143"",""p.143 of AR"")",3
Halma Plc,HLMA LN Equity,Information Technology,Technology Hardware & Equipment,Electronic Equipment Instruments & Components,Electronic Equipment & Instruments,16943.7,3.0,2026,Jennifer Ward,"Chief Talent, Culture and Communications Executive",Other Executive,current,527100.0,GBP,1 June 2025,180.0,33.3,2.0,200.0,,,,,200.0,2.0,"No changes to the underlying Remuneration Policy. Salary increased by 8% for 2026 (from £488,020 to £527,100) in recognition of sustained strong performance. She has already met the Share Ownership Guideline.",,47,167,173,222,halma_ar_2024_25,https://www.halma.com/~/media/Files/H/Halma/Corp-V2/reports-and-presentations/reports/2026/annual-report/halma-plc-annual-report-2026.pdf,"=HYPERLINK(""https://www.halma.com/~/media/Files/H/Halma/Corp-V2/reports-and-presentations/reports/2026/annual-report/halma-plc-annual-report-2026.pdf#page=137"",""p.137 of AR"")",161.0,"=HYPERLINK(""https://www.halma.com/~/media/Files/H/Halma/Corp-V2/reports-and-presentations/reports/2026/annual-report/halma-plc-annual-report-2026.pdf#page=127"",""p.127 of AR"")","=HYPERLINK(""https://www.halma.com/~/media/Files/H/Halma/Corp-V2/reports-and-presentations/reports/2026/annual-report/halma-plc-annual-report-2026.pdf#page=138"",""p.138 of AR"")","=HYPERLINK(""https://www.halma.com/~/media/Files/H/Halma/Corp-V2/reports-and-presentations/reports/2026/annual-report/halma-plc-annual-report-2026.pdf#page=138"",""p.138 of AR"")","=HYPERLINK(""https://www.halma.com/~/media/Files/H/Halma/Corp-V2/reports-and-presentations/reports/2026/annual-report/halma-plc-annual-report-2026.pdf#page=143"",""p.143 of AR"")",3
Hammerson Plc,HMSO LN Equity,,,,,1681.7,12.0,2026,Rob Wilkinson,Chief Executive Officer,CEO,current,620000.0,GBP,1 January 2026,150.0,40.0,2.0,100.0,,,,,250.0,2.0,"Rob Wilkinson's salary is 19% lower than his predecessor's; his maximum bonus opportunity was reduced to 150% of salary from the previous Chief Executive's 200%, aligning with peer group practice; he receives an equivalent RSS award (100% of salary) to his predecessor; he was not considered for a 2025 bonus; buy-out awards (£1,017,000 aggregate value) were granted in December 2025 to compensate for forfeited awards at his previous employer. Formal Policy itself has only limited/administrative changes (bonus deferral and RSS vesting simplification), with no material structural changes.",,343,93,364,368,hammerson_ar_2025,https://www.hammerson.com/sites/hammerson-corp/files/2026-03/hammerson-plc-annual-report-2025.pdf,"=HYPERLINK(""https://www.hammerson.com/sites/hammerson-corp/files/2026-03/hammerson-plc-annual-report-2025.pdf#page=61"",""p.61 of AR"")",55.0,"=HYPERLINK(""https://www.hammerson.com/sites/hammerson-corp/files/2026-03/hammerson-plc-annual-report-2025.pdf#page=75"",""p.75 of AR"")","=HYPERLINK(""https://www.hammerson.com/sites/hammerson-corp/files/2026-03/hammerson-plc-annual-report-2025.pdf#page=63"",""p.63 of AR"")","=HYPERLINK(""https://www.hammerson.com/sites/hammerson-corp/files/2026-03/hammerson-plc-annual-report-2025.pdf#page=76"",""p.76 of AR"")","=HYPERLINK(""https://www.hammerson.com/sites/hammerson-corp/files/2026-03/hammerson-plc-annual-report-2025.pdf#page=76"",""p.76 of AR"")",3
Hammerson Plc,HMSO LN Equity,,,,,1681.7,12.0,2026,Himanshu Raja,Chief Financial Officer,CFO,current,503000.0,GBP,1 April 2026,150.0,40.0,2.0,75.0,,,,,250.0,2.0,"Approved 3% salary increase effective 1 April 2026, in line with increases awarded to the wider workforce; no change to maximum bonus opportunity (remains 150% of salary) or RSS award level (remains 75% of salary).",,343,93,364,368,hammerson_ar_2025,https://www.hammerson.com/sites/hammerson-corp/files/2026-03/hammerson-plc-annual-report-2025.pdf,"=HYPERLINK(""https://www.hammerson.com/sites/hammerson-corp/files/2026-03/hammerson-plc-annual-report-2025.pdf#page=61"",""p.61 of AR"")",62.0,"=HYPERLINK(""https://www.hammerson.com/sites/hammerson-corp/files/2026-03/hammerson-plc-annual-report-2025.pdf#page=75"",""p.75 of AR"")","=HYPERLINK(""https://www.hammerson.com/sites/hammerson-corp/files/2026-03/hammerson-plc-annual-report-2025.pdf#page=63"",""p.63 of AR"")","=HYPERLINK(""https://www.hammerson.com/sites/hammerson-corp/files/2026-03/hammerson-plc-annual-report-2025.pdf#page=76"",""p.76 of AR"")","=HYPERLINK(""https://www.hammerson.com/sites/hammerson-corp/files/2026-03/hammerson-plc-annual-report-2025.pdf#page=76"",""p.76 of AR"")",3
Harbour Energy Plc,HBR LN Equity,Energy,Energy,Oil Gas & Consumable Fuels,Oil & Gas Exploration & Production,4634.5,12.0,2026,Linda Z. Cook,Chief Executive Officer,CEO,current,1007175.0,GBP,1 April 2026,250.0,50.0,3.0,400.0,300.0,100.0,active,additive,300.0,2.0,"Salary increased 3.3% for 2026 (in line with wider UK workforce). LTIP performance measures updated from 2026 grants: new Free Cash Flow metric introduced at 20% weighting; relative TSR weightings (vs FTSE 100 and bespoke oil & gas peer group) reduced from 50%/50% to 40%/40%; Tullow Oil removed from the bespoke peer group for 2026. A one-off, non-performance-conditioned award (£7.5m, paid in cash) was made in 2025 to recognize past contribution — policy explicitly provides this was a one-time-only award with no further such awards permitted.",,30,57,57,57,harbour_energy_ar_2025,https://www.harbourenergy.com/media/a11hxbdn/harbour-energy-annual-report-accounts-2025_web.pdf,"=HYPERLINK(""https://www.harbourenergy.com/media/a11hxbdn/harbour-energy-annual-report-accounts-2025_web.pdf#page=107"",""p.107 of AR"")",57.0,"=HYPERLINK(""https://www.harbourenergy.com/media/a11hxbdn/harbour-energy-annual-report-accounts-2025_web.pdf#page=105"",""p.105 of AR"")","=HYPERLINK(""https://www.harbourenergy.com/media/a11hxbdn/harbour-energy-annual-report-accounts-2025_web.pdf#page=107"",""p.107 of AR"")","=HYPERLINK(""https://www.harbourenergy.com/media/a11hxbdn/harbour-energy-annual-report-accounts-2025_web.pdf#page=107"",""p.107 of AR"")","=HYPERLINK(""https://www.harbourenergy.com/media/a11hxbdn/harbour-energy-annual-report-accounts-2025_web.pdf#page=107"",""p.107 of AR"")",3
Harbour Energy Plc,HBR LN Equity,Energy,Energy,Oil Gas & Consumable Fuels,Oil & Gas Exploration & Production,4634.5,12.0,2026,Alexander Krane,Chief Financial Officer,CFO,current,656250.0,GBP,1 April 2026,200.0,50.0,3.0,320.0,240.0,80.0,active,additive,250.0,2.0,"Salary increased 5% for 2026 (above wider UK workforce average, reflecting increased responsibilities following acquisitions of Waldorf and LLOG Exploration). LTIP performance measures updated from 2026 grants: new Free Cash Flow metric introduced at 20% weighting; relative TSR weightings reduced from 50%/50% to 40%/40% (vs FTSE 100 and bespoke oil & gas peer group); Tullow Oil removed from bespoke peer group for 2026. A one-off conditional share award (£1.25m, ~200% of salary) was granted in 2025 to recognize exceptional contribution since appointment — not subject to performance conditions, vesting April 2026, no holding period; this was a one-time-only award with no further such awards permitted under the Policy.",,30,57,57,57,harbour_energy_ar_2025,https://www.harbourenergy.com/media/a11hxbdn/harbour-energy-annual-report-accounts-2025_web.pdf,"=HYPERLINK(""https://www.harbourenergy.com/media/a11hxbdn/harbour-energy-annual-report-accounts-2025_web.pdf#page=107"",""p.107 of AR"")",57.0,"=HYPERLINK(""https://www.harbourenergy.com/media/a11hxbdn/harbour-energy-annual-report-accounts-2025_web.pdf#page=105"",""p.105 of AR"")","=HYPERLINK(""https://www.harbourenergy.com/media/a11hxbdn/harbour-energy-annual-report-accounts-2025_web.pdf#page=107"",""p.107 of AR"")","=HYPERLINK(""https://www.harbourenergy.com/media/a11hxbdn/harbour-energy-annual-report-accounts-2025_web.pdf#page=107"",""p.107 of AR"")","=HYPERLINK(""https://www.harbourenergy.com/media/a11hxbdn/harbour-energy-annual-report-accounts-2025_web.pdf#page=107"",""p.107 of AR"")",3
Harworth Group Plc,HWG LN Equity,Real Estate,Real Estate Management & Development,Real Estate Management & Development,Real Estate Development,416.9,12.0,2026,Lynda Shillaw,Chief Executive Officer,CEO,current,540750.0,GBP,,150.0,33.0,2.0,133.0,100.0,33.0,active,additive,200.0,2.0,No 2026 salary increase; annual bonus weighting reverts to 2024 structure (50% financial / 30% strategic / 20% personal objectives) with reintroduction of personal objectives; RSP structure (core + outperformance element) continues unchanged as approved under the new Policy at the 2025 AGM,,25,47,53,53,harworth_group_ar_2025,https://harworth.wpenginepowered.com/wp-content/uploads/2026/04/Harworth-AR2025_vF_Interactive-4.pdf,"=HYPERLINK(""https://harworth.wpenginepowered.com/wp-content/uploads/2026/04/Harworth-AR2025_vF_Interactive-4.pdf#page=121"",""p.121 of AR"")",42.0,"=HYPERLINK(""https://harworth.wpenginepowered.com/wp-content/uploads/2026/04/Harworth-AR2025_vF_Interactive-4.pdf#page=119"",""p.119 of AR"")","=HYPERLINK(""https://harworth.wpenginepowered.com/wp-content/uploads/2026/04/Harworth-AR2025_vF_Interactive-4.pdf#page=122"",""p.122 of AR"")","=HYPERLINK(""https://harworth.wpenginepowered.com/wp-content/uploads/2026/04/Harworth-AR2025_vF_Interactive-4.pdf#page=123"",""p.123 of AR"")","=HYPERLINK(""https://harworth.wpenginepowered.com/wp-content/uploads/2026/04/Harworth-AR2025_vF_Interactive-4.pdf#page=123"",""p.123 of AR"")",3
Harworth Group Plc,HWG LN Equity,Real Estate,Real Estate Management & Development,Real Estate Management & Development,Real Estate Development,416.9,12.0,2026,Kitty Patmore,Chief Financial Officer,CFO,current,352030.0,GBP,1 January 2026,125.0,20.0,2.0,133.0,100.0,33.0,active,additive,200.0,2.0,"Salary under review for 2026 due to expanded leadership role (Portfolio Strategy, Strategic Partnerships, Sustainability, Energy and Natural Capital); annual bonus weighting reverts to 2024 structure (50% financial / 30% strategic / 20% personal objectives) with reintroduction of personal objectives; deferral rate for Kitty Patmore set at 20% (lower than CEO's 33%)",,23,47,53,53,harworth_group_ar_2025,https://harworth.wpenginepowered.com/wp-content/uploads/2026/04/Harworth-AR2025_vF_Interactive-4.pdf,"=HYPERLINK(""https://harworth.wpenginepowered.com/wp-content/uploads/2026/04/Harworth-AR2025_vF_Interactive-4.pdf#page=121"",""p.121 of AR"")",42.0,"=HYPERLINK(""https://harworth.wpenginepowered.com/wp-content/uploads/2026/04/Harworth-AR2025_vF_Interactive-4.pdf#page=119"",""p.119 of AR"")","=HYPERLINK(""https://harworth.wpenginepowered.com/wp-content/uploads/2026/04/Harworth-AR2025_vF_Interactive-4.pdf#page=122"",""p.122 of AR"")","=HYPERLINK(""https://harworth.wpenginepowered.com/wp-content/uploads/2026/04/Harworth-AR2025_vF_Interactive-4.pdf#page=123"",""p.123 of AR"")","=HYPERLINK(""https://harworth.wpenginepowered.com/wp-content/uploads/2026/04/Harworth-AR2025_vF_Interactive-4.pdf#page=123"",""p.123 of AR"")",3
Hays Plc,HAS LN Equity,Industrials,Commercial & Professional Services,Professional Services,Research & Consulting Services,479.4,6.0,2026,Dirk Hahn,Chief Executive Officer,CEO,current,657758.0,GBP,1 July 2025,150.0,50.0,3.0,200.0,,,,,200.0,,"3% salary increase for FY26 in line with the wider workforce; no other changes to benefits, pension (remains at 4% of salary), bonus maximum (unchanged at 150%), LTIP maximum (unchanged at 200%), or shareholding guidelines",,253,253,253,73,hays_ar_2025,https://www.haysplc.com/~/media/Files/H/Hays/annual-reports/ar-2026/FY26%20files/Hays%20Annual%20Report%20-%20FY26.pdf,"=HYPERLINK(""https://www.haysplc.com/~/media/Files/H/Hays/annual-reports/ar-2026/FY26%20files/Hays%20Annual%20Report%20-%20FY26.pdf#page=150"",""p.150 of AR"")",253.0,"=HYPERLINK(""https://www.haysplc.com/~/media/Files/H/Hays/annual-reports/ar-2026/FY26%20files/Hays%20Annual%20Report%20-%20FY26.pdf#page=150"",""p.150 of AR"")","=HYPERLINK(""https://www.haysplc.com/~/media/Files/H/Hays/annual-reports/ar-2026/FY26%20files/Hays%20Annual%20Report%20-%20FY26.pdf#page=150"",""p.150 of AR"")","=HYPERLINK(""https://www.haysplc.com/~/media/Files/H/Hays/annual-reports/ar-2026/FY26%20files/Hays%20Annual%20Report%20-%20FY26.pdf#page=150"",""p.150 of AR"")","=HYPERLINK(""https://www.haysplc.com/~/media/Files/H/Hays/annual-reports/ar-2026/FY26%20files/Hays%20Annual%20Report%20-%20FY26.pdf#page=132"",""p.132 of AR"")",3
Hays Plc,HAS LN Equity,Industrials,Commercial & Professional Services,Professional Services,Research & Consulting Services,479.4,6.0,2026,James Hilton,Chief Financial Officer,CFO,current,484100.0,GBP,1 July 2025,150.0,50.0,3.0,200.0,,,,,200.0,,"3% salary increase for FY26 in line with the wider workforce (following an 11.9% increase in FY25 to reflect growth into role); no other changes to benefits, pension (remains at 4% of salary), bonus maximum (unchanged at 150%), LTIP maximum (unchanged at 200%), or shareholding guidelines",,253,253,253,73,hays_ar_2025,https://www.haysplc.com/~/media/Files/H/Hays/annual-reports/ar-2026/FY26%20files/Hays%20Annual%20Report%20-%20FY26.pdf,"=HYPERLINK(""https://www.haysplc.com/~/media/Files/H/Hays/annual-reports/ar-2026/FY26%20files/Hays%20Annual%20Report%20-%20FY26.pdf#page=150"",""p.150 of AR"")",253.0,"=HYPERLINK(""https://www.haysplc.com/~/media/Files/H/Hays/annual-reports/ar-2026/FY26%20files/Hays%20Annual%20Report%20-%20FY26.pdf#page=150"",""p.150 of AR"")","=HYPERLINK(""https://www.haysplc.com/~/media/Files/H/Hays/annual-reports/ar-2026/FY26%20files/Hays%20Annual%20Report%20-%20FY26.pdf#page=150"",""p.150 of AR"")","=HYPERLINK(""https://www.haysplc.com/~/media/Files/H/Hays/annual-reports/ar-2026/FY26%20files/Hays%20Annual%20Report%20-%20FY26.pdf#page=150"",""p.150 of AR"")","=HYPERLINK(""https://www.haysplc.com/~/media/Files/H/Hays/annual-reports/ar-2026/FY26%20files/Hays%20Annual%20Report%20-%20FY26.pdf#page=132"",""p.132 of AR"")",3
Helios Towers Plc,HTWS LN Equity,,,,,2419.9,12.0,2026,Tom Greenwood,Group Chief Executive Officer (Group CEO),CEO,current,709700.0,GBP,1 April 2026,200.0,50.0,3.0,250.0,,,,,250.0,2.0,"Maximum annual bonus increased from 175% to 200% of salary; no change to target bonus, now set at 50% of maximum (in line with best practice, meaning target effectively unchanged in absolute terms but recalibrated methodology); maximum LTIP increased from 200% to 250% of salary; shareholding requirement increased by 50% of salary (from 200% to 250%); new discretion introduced to reduce/disapply bonus deferral where shareholding requirement is met.",,270,166,428,188,helios_towers_ar_2025,https://www.heliostowers.com/media/xsah0cdh/helios-towers-annual-report-2025-interactive.pdf,"=HYPERLINK(""https://www.heliostowers.com/media/xsah0cdh/helios-towers-annual-report-2025-interactive.pdf#page=114"",""p.114 of AR"")",257.0,"=HYPERLINK(""https://www.heliostowers.com/media/xsah0cdh/helios-towers-annual-report-2025-interactive.pdf#page=115"",""p.115 of AR"")","=HYPERLINK(""https://www.heliostowers.com/media/xsah0cdh/helios-towers-annual-report-2025-interactive.pdf#page=110"",""p.110 of AR"")","=HYPERLINK(""https://www.heliostowers.com/media/xsah0cdh/helios-towers-annual-report-2025-interactive.pdf#page=127"",""p.127 of AR"")","=HYPERLINK(""https://www.heliostowers.com/media/xsah0cdh/helios-towers-annual-report-2025-interactive.pdf#page=111"",""p.111 of AR"")",3
Helios Towers Plc,HTWS LN Equity,,,,,2419.9,12.0,2026,Manjit Dhillon,Group Chief Financial Officer (Group CFO),CFO,current,454300.0,GBP,1 April 2026,175.0,50.0,3.0,200.0,,,,,200.0,2.0,Maximum annual bonus increased from 150% to 175% of salary; target bonus recalibrated to 50% of maximum (87.5% of salary); maximum LTIP increased from 150% to 200% of salary; shareholding requirement increased by 50% of salary (from 150% to 200%); new discretion introduced to reduce/disapply bonus deferral where shareholding requirement is met.,,270,166,428,188,helios_towers_ar_2025,https://www.heliostowers.com/media/xsah0cdh/helios-towers-annual-report-2025-interactive.pdf,"=HYPERLINK(""https://www.heliostowers.com/media/xsah0cdh/helios-towers-annual-report-2025-interactive.pdf#page=114"",""p.114 of AR"")",257.0,"=HYPERLINK(""https://www.heliostowers.com/media/xsah0cdh/helios-towers-annual-report-2025-interactive.pdf#page=115"",""p.115 of AR"")","=HYPERLINK(""https://www.heliostowers.com/media/xsah0cdh/helios-towers-annual-report-2025-interactive.pdf#page=110"",""p.110 of AR"")","=HYPERLINK(""https://www.heliostowers.com/media/xsah0cdh/helios-towers-annual-report-2025-interactive.pdf#page=127"",""p.127 of AR"")","=HYPERLINK(""https://www.heliostowers.com/media/xsah0cdh/helios-towers-annual-report-2025-interactive.pdf#page=111"",""p.111 of AR"")",3
Hikma Pharmaceuticals Plc,HIK LN Equity,Health Care,Pharmaceuticals Biotechnology & Life Sciences,Pharmaceuticals,Pharmaceuticals,3087.0,12.0,2026,Said Darwazah,Executive Chairman,Chair,current,1060800.0,USD,February 2026,200.0,50.0,3.0,300.0,,,,,300.0,2.0,Base salary increased by 2% (Feb 2026 review); no changes to bonus/LTIP structure noted,February 2026,9,37,172,147,hikma_pharmaceuticals_ar_2025,https://www.hikma.com/media/3qadsmyw/hikma_ar25_interactive.pdf,"=HYPERLINK(""https://www.hikma.com/media/3qadsmyw/hikma_ar25_interactive.pdf#page=68"",""p.68 of AR"")",9.0,"=HYPERLINK(""https://www.hikma.com/media/3qadsmyw/hikma_ar25_interactive.pdf#page=68"",""p.68 of AR"")","=HYPERLINK(""https://www.hikma.com/media/3qadsmyw/hikma_ar25_interactive.pdf#page=69"",""p.69 of AR"")","=HYPERLINK(""https://www.hikma.com/media/3qadsmyw/hikma_ar25_interactive.pdf#page=75"",""p.75 of AR"")","=HYPERLINK(""https://www.hikma.com/media/3qadsmyw/hikma_ar25_interactive.pdf#page=74"",""p.74 of AR"")",3
Hikma Pharmaceuticals Plc,HIK LN Equity,Health Care,Pharmaceuticals Biotechnology & Life Sciences,Pharmaceuticals,Pharmaceuticals,3087.0,12.0,2026,Mazen Darwazah,"Executive Vice Chairman and Deputy CEO, MENA",Other Executive,current,846600.0,USD,February 2026,200.0,50.0,3.0,300.0,,,,,300.0,2.0,Base salary increased by 2% (Feb 2026 review); no changes to bonus/LTIP structure noted,February 2026,9,49,172,147,hikma_pharmaceuticals_ar_2025,https://www.hikma.com/media/3qadsmyw/hikma_ar25_interactive.pdf,"=HYPERLINK(""https://www.hikma.com/media/3qadsmyw/hikma_ar25_interactive.pdf#page=68"",""p.68 of AR"")",9.0,"=HYPERLINK(""https://www.hikma.com/media/3qadsmyw/hikma_ar25_interactive.pdf#page=68"",""p.68 of AR"")","=HYPERLINK(""https://www.hikma.com/media/3qadsmyw/hikma_ar25_interactive.pdf#page=70"",""p.70 of AR"")","=HYPERLINK(""https://www.hikma.com/media/3qadsmyw/hikma_ar25_interactive.pdf#page=75"",""p.75 of AR"")","=HYPERLINK(""https://www.hikma.com/media/3qadsmyw/hikma_ar25_interactive.pdf#page=74"",""p.74 of AR"")",3
Hikma Pharmaceuticals Plc,HIK LN Equity,Health Care,Pharmaceuticals Biotechnology & Life Sciences,Pharmaceuticals,Pharmaceuticals,3087.0,12.0,2026,Khalid Nabilsi,Chief Financial Officer,CFO,current,810330.0,USD,15 December 2025,175.0,,,250.0,,,,,300.0,2.0,"New appointment to the Board on 15 December 2025; base salary increased 2% to $810,330; maximum bonus opportunity set at 175% of salary; maximum LTIP opportunity set at 250% of salary; pension and benefits aligned to home-market workforce; service contract to include standard 12-month notice period — arrangements confirmed as consistent with the Policy",15 December 2025,9,160,160,160,hikma_pharmaceuticals_ar_2025,https://www.hikma.com/media/3qadsmyw/hikma_ar25_interactive.pdf,"=HYPERLINK(""https://www.hikma.com/media/3qadsmyw/hikma_ar25_interactive.pdf#page=75"",""p.75 of AR"")",160.0,"=HYPERLINK(""https://www.hikma.com/media/3qadsmyw/hikma_ar25_interactive.pdf#page=68"",""p.68 of AR"")","=HYPERLINK(""https://www.hikma.com/media/3qadsmyw/hikma_ar25_interactive.pdf#page=75"",""p.75 of AR"")","=HYPERLINK(""https://www.hikma.com/media/3qadsmyw/hikma_ar25_interactive.pdf#page=75"",""p.75 of AR"")","=HYPERLINK(""https://www.hikma.com/media/3qadsmyw/hikma_ar25_interactive.pdf#page=75"",""p.75 of AR"")",3
Hill & Smith Plc,HILS LN Equity,Materials,Materials,Metals & Mining,Steel,2001.3,12.0,2026,Rutger Helbing,Chief Executive Officer,CEO,current,703500.0,GBP,1 January 2026,150.0,50.0,2.0,200.0,,,,,200.0,2.0,"LTIP annual award limit increased from 175% to 200% of salary; bonus deferral may be reduced (e.g., to 50% of current level) once 200% shareholding guideline is met; broadened clawback/malus provisions (including recovery if a ""good leaver"" takes comparable employment elsewhere); clarified treatment of deferred bonus shares on cessation of employment. No change to intended 2026 application of bonus maximum (150% of salary).",,36,74,77,81,hill_and_smith_ar_2025,https://hsgroup.com/media/jprf2zd5/annual-report-and-financial-statements-2025.pdf,"=HYPERLINK(""https://hsgroup.com/media/jprf2zd5/annual-report-and-financial-statements-2025.pdf#page=108"",""p.108 of AR"")",51.0,"=HYPERLINK(""https://hsgroup.com/media/jprf2zd5/annual-report-and-financial-statements-2025.pdf#page=107"",""p.107 of AR"")","=HYPERLINK(""https://hsgroup.com/media/jprf2zd5/annual-report-and-financial-statements-2025.pdf#page=112"",""p.112 of AR"")","=HYPERLINK(""https://hsgroup.com/media/jprf2zd5/annual-report-and-financial-statements-2025.pdf#page=113"",""p.113 of AR"")","=HYPERLINK(""https://hsgroup.com/media/jprf2zd5/annual-report-and-financial-statements-2025.pdf#page=114"",""p.114 of AR"")",3
Hill & Smith Plc,HILS LN Equity,Materials,Materials,Metals & Mining,Steel,2001.3,12.0,2026,Chris McLeish,Chief Financial Officer,CFO,current,463500.0,GBP,1 January 2026,125.0,50.0,2.0,175.0,,,,,200.0,2.0,"LTIP annual award limit policy maximum increased from 175% to 200% of salary (CFO's 2026 grant level set at 175%, recognizing FTSE 250 market comparables for companies of similar size); bonus deferral may be reduced once shareholding guideline is met; broadened clawback/malus provisions; clarified treatment of deferred bonus shares on cessation. No change to intended 2026 bonus maximum (125% of salary). Note: for 2025 (recruitment year), McLeish received a reduced LTIP grant of 60% of salary versus normal policy of 150%, plus replacement/buy-out awards for forfeited Ibstock awards — these are one-off recruitment arrangements, not part of ongoing policy.",,36,74,77,81,hill_and_smith_ar_2025,https://hsgroup.com/media/jprf2zd5/annual-report-and-financial-statements-2025.pdf,"=HYPERLINK(""https://hsgroup.com/media/jprf2zd5/annual-report-and-financial-statements-2025.pdf#page=108"",""p.108 of AR"")",51.0,"=HYPERLINK(""https://hsgroup.com/media/jprf2zd5/annual-report-and-financial-statements-2025.pdf#page=107"",""p.107 of AR"")","=HYPERLINK(""https://hsgroup.com/media/jprf2zd5/annual-report-and-financial-statements-2025.pdf#page=112"",""p.112 of AR"")","=HYPERLINK(""https://hsgroup.com/media/jprf2zd5/annual-report-and-financial-statements-2025.pdf#page=113"",""p.113 of AR"")","=HYPERLINK(""https://hsgroup.com/media/jprf2zd5/annual-report-and-financial-statements-2025.pdf#page=114"",""p.114 of AR"")",3
Hilton Food Group Plc,HFG LN Equity,Consumer Staples,Food Beverage & Tobacco,Food Products,Packaged Foods & Meats,483.1,12.0,2026,Mark Allen,Executive Chair,Chair,current,850000.0,GBP,,150.0,33.33,2.0,175.0,,,,,300.0,2.0,Appointed Executive Chair on 24 November 2025 with salary aligned to Steve Murrells' 2025 salary; no pension provision offered in respect of the Executive Chair role (unlike the standard 7% pension for other Executive Directors); salary review date moving from 1 January to 1 April going forward to align with the wider workforce.,,48,47,51,224,hilton_food_group_ar_2025,https://www.hiltonfoods.com/media/eamey04i/hilton_foods_ar25_interactive.pdf,"=HYPERLINK(""https://www.hiltonfoods.com/media/eamey04i/hilton_foods_ar25_interactive.pdf#page=98"",""p.98 of AR"")",48.0,"=HYPERLINK(""https://www.hiltonfoods.com/media/eamey04i/hilton_foods_ar25_interactive.pdf#page=98"",""p.98 of AR"")","=HYPERLINK(""https://www.hiltonfoods.com/media/eamey04i/hilton_foods_ar25_interactive.pdf#page=98"",""p.98 of AR"")","=HYPERLINK(""https://www.hiltonfoods.com/media/eamey04i/hilton_foods_ar25_interactive.pdf#page=98"",""p.98 of AR"")","=HYPERLINK(""https://www.hiltonfoods.com/media/eamey04i/hilton_foods_ar25_interactive.pdf#page=115"",""p.115 of AR"")",3
Hilton Food Group Plc,HFG LN Equity,Consumer Staples,Food Beverage & Tobacco,Food Products,Packaged Foods & Meats,483.1,12.0,2026,Matt Osborne,Chief Financial Officer (CFO),CFO,current,430540.0,GBP,2026,125.0,33.33,2.0,175.0,,,,,200.0,2.0,"2026 salary increase of 3%, which is below the average increase for the UK wider workforce (3.5%); salary review date moving from 1 January to 1 April going forward to align with the wider workforce; will continue to receive 7% of salary pension provision.",,48,47,51,224,hilton_food_group_ar_2025,https://www.hiltonfoods.com/media/eamey04i/hilton_foods_ar25_interactive.pdf,"=HYPERLINK(""https://www.hiltonfoods.com/media/eamey04i/hilton_foods_ar25_interactive.pdf#page=98"",""p.98 of AR"")",48.0,"=HYPERLINK(""https://www.hiltonfoods.com/media/eamey04i/hilton_foods_ar25_interactive.pdf#page=98"",""p.98 of AR"")","=HYPERLINK(""https://www.hiltonfoods.com/media/eamey04i/hilton_foods_ar25_interactive.pdf#page=98"",""p.98 of AR"")","=HYPERLINK(""https://www.hiltonfoods.com/media/eamey04i/hilton_foods_ar25_interactive.pdf#page=98"",""p.98 of AR"")","=HYPERLINK(""https://www.hiltonfoods.com/media/eamey04i/hilton_foods_ar25_interactive.pdf#page=115"",""p.115 of AR"")",3
Hiscox Plc,HSX LN Equity,Financials,Insurance,Insurance,Property & Casualty Insurance,5910.8,12.0,2026,Aki Hussain,Group Chief Executive Officer,CEO,current,865000.0,GBP,April 2026,300.0,40.0,3.0,400.0,,,,,400.0,2.0,"Salary increased 2.7% to £865,000; LTIP maximum raised from 250% to 400% of salary; NAV growth weighting in LTIP scorecard increased to 70% (from 50%) and relative TSR weighting reduced to 30% (from 50%); flexibility to base up to 30% of LTIP on strategic non-financial measures removed (now 100% financial/growth focused); shareholding guideline increased from 200% to 400% of salary; annual bonus maximum and deferral terms unchanged.",,243,245,247,59,hiscox_ar_2025,https://www.hiscoxgroup.com/sites/group/files/2026-03/Hiscox_report_and_accounts_2025.pdf,"=HYPERLINK(""https://www.hiscoxgroup.com/sites/group/files/2026-03/Hiscox_report_and_accounts_2025.pdf#page=119"",""p.119 of AR"")",107.0,"=HYPERLINK(""https://www.hiscoxgroup.com/sites/group/files/2026-03/Hiscox_report_and_accounts_2025.pdf#page=130"",""p.130 of AR"")","=HYPERLINK(""https://www.hiscoxgroup.com/sites/group/files/2026-03/Hiscox_report_and_accounts_2025.pdf#page=130"",""p.130 of AR"")","=HYPERLINK(""https://www.hiscoxgroup.com/sites/group/files/2026-03/Hiscox_report_and_accounts_2025.pdf#page=130"",""p.130 of AR"")","=HYPERLINK(""https://www.hiscoxgroup.com/sites/group/files/2026-03/Hiscox_report_and_accounts_2025.pdf#page=116"",""p.116 of AR"")",3
Hiscox Plc,HSX LN Equity,Financials,Insurance,Insurance,Property & Casualty Insurance,5910.8,12.0,2026,Paul Cooper,Group Chief Financial Officer,CFO,current,580000.0,GBP,April 2026,300.0,40.0,3.0,300.0,,,,,300.0,2.0,"Salary increased 0.9% to £580,000; LTIP maximum raised from 250% to 300% of salary; NAV growth weighting in LTIP scorecard increased to 70% and relative TSR weighting reduced to 30%; flexibility to base up to 30% of LTIP on strategic non-financial measures removed; shareholding guideline increased from 200% to 300% of salary; annual bonus maximum and deferral terms unchanged.",,243,245,247,217,hiscox_ar_2025,https://www.hiscoxgroup.com/sites/group/files/2026-03/Hiscox_report_and_accounts_2025.pdf,"=HYPERLINK(""https://www.hiscoxgroup.com/sites/group/files/2026-03/Hiscox_report_and_accounts_2025.pdf#page=119"",""p.119 of AR"")",107.0,"=HYPERLINK(""https://www.hiscoxgroup.com/sites/group/files/2026-03/Hiscox_report_and_accounts_2025.pdf#page=130"",""p.130 of AR"")","=HYPERLINK(""https://www.hiscoxgroup.com/sites/group/files/2026-03/Hiscox_report_and_accounts_2025.pdf#page=130"",""p.130 of AR"")","=HYPERLINK(""https://www.hiscoxgroup.com/sites/group/files/2026-03/Hiscox_report_and_accounts_2025.pdf#page=130"",""p.130 of AR"")","=HYPERLINK(""https://www.hiscoxgroup.com/sites/group/files/2026-03/Hiscox_report_and_accounts_2025.pdf#page=128"",""p.128 of AR"")",3
Hiscox Plc,HSX LN Equity,Financials,Insurance,Insurance,Property & Casualty Insurance,5910.8,12.0,2026,Joanne Musselle,Group Chief Underwriting Officer,Other Executive,current,580000.0,GBP,April 2026,400.0,40.0,3.0,300.0,,,,,300.0,2.0,"Salary increased 0.9% to £580,000; LTIP maximum raised from 250% to 300% of salary; NAV growth weighting in LTIP scorecard increased to 70% and relative TSR weighting reduced to 30%; flexibility to base up to 30% of LTIP on strategic non-financial measures removed; shareholding guideline increased from 200% to 300% of salary; annual bonus maximum (400%) and deferral terms unchanged.",,243,245,247,217,hiscox_ar_2025,https://www.hiscoxgroup.com/sites/group/files/2026-03/Hiscox_report_and_accounts_2025.pdf,"=HYPERLINK(""https://www.hiscoxgroup.com/sites/group/files/2026-03/Hiscox_report_and_accounts_2025.pdf#page=119"",""p.119 of AR"")",107.0,"=HYPERLINK(""https://www.hiscoxgroup.com/sites/group/files/2026-03/Hiscox_report_and_accounts_2025.pdf#page=130"",""p.130 of AR"")","=HYPERLINK(""https://www.hiscoxgroup.com/sites/group/files/2026-03/Hiscox_report_and_accounts_2025.pdf#page=130"",""p.130 of AR"")","=HYPERLINK(""https://www.hiscoxgroup.com/sites/group/files/2026-03/Hiscox_report_and_accounts_2025.pdf#page=130"",""p.130 of AR"")","=HYPERLINK(""https://www.hiscoxgroup.com/sites/group/files/2026-03/Hiscox_report_and_accounts_2025.pdf#page=128"",""p.128 of AR"")",3
Hochschild Mining Plc,HOC LN Equity,Materials,Materials,Metals & Mining,Gold,3174.2,12.0,2026,Eduardo Landin,Chief Executive Officer,CEO,current,760000.0,USD,March 2026,180.0,,2.0,200.0,,,,,250.0,2.0,"Base salary increased to $760,000 (from $660,000) effective March 2026, following a benchmarking review against FTSE 250 peers, completing the planned progression of the CEO's salary from appointment level to market level; no further above-inflation increases currently envisaged. Annual bonus maximum (180% of salary) and LTIP maximum (200% of salary) remain unchanged from 2025, with 2026 LTIP awards to be made on the same terms as 2025 awards.",March 2026,25,162,173,206,hochschild_mining_ar_2025,https://www.hochschildmining.com/media/ntek4iun/hm-plc-2025-ara-for-website.pdf,"=HYPERLINK(""https://www.hochschildmining.com/media/ntek4iun/hm-plc-2025-ara-for-website.pdf#page=124"",""p.124 of AR"")",88.0,"=HYPERLINK(""https://www.hochschildmining.com/media/ntek4iun/hm-plc-2025-ara-for-website.pdf#page=121"",""p.121 of AR"")","=HYPERLINK(""https://www.hochschildmining.com/media/ntek4iun/hm-plc-2025-ara-for-website.pdf#page=127"",""p.127 of AR"")","=HYPERLINK(""https://www.hochschildmining.com/media/ntek4iun/hm-plc-2025-ara-for-website.pdf#page=128"",""p.128 of AR"")","=HYPERLINK(""https://www.hochschildmining.com/media/ntek4iun/hm-plc-2025-ara-for-website.pdf#page=130"",""p.130 of AR"")",3
Hollywood Bowl Group Plc,BOWL LN Equity,Consumer Discretionary,Consumer Services,Hotels Restaurants & Leisure,Leisure Facilities,419.9,9.0,2026,Stephen Burns,Chief Executive Officer,CEO,current,488974.0,GBP,1 October 2025,150.0,50.0,2.0,150.0,,,,,200.0,,2% base salary increase effective 1 October 2025; no changes to bonus/LTIP maximum opportunities or benefits/pension provision for FY2026,1 October 2025,149,154.0,154.0,95,hollywood_bowl_group_ar_2025,https://www.hollywoodbowlgroup.com/application/files/4017/6760/2051/HollywoodBowl_AR25_Full_report.pdf,"=HYPERLINK(""https://www.hollywoodbowlgroup.com/application/files/4017/6760/2051/HollywoodBowl_AR25_Full_report.pdf#page=106"",""p.106 of AR"")",149.0,"=HYPERLINK(""https://www.hollywoodbowlgroup.com/application/files/4017/6760/2051/HollywoodBowl_AR25_Full_report.pdf#page=106"",""p.106 of AR"")","=HYPERLINK(""https://www.hollywoodbowlgroup.com/application/files/4017/6760/2051/HollywoodBowl_AR25_Full_report.pdf#page=107"",""p.107 of AR"")","=HYPERLINK(""https://www.hollywoodbowlgroup.com/application/files/4017/6760/2051/HollywoodBowl_AR25_Full_report.pdf#page=107"",""p.107 of AR"")","=HYPERLINK(""https://www.hollywoodbowlgroup.com/application/files/4017/6760/2051/HollywoodBowl_AR25_Full_report.pdf#page=100"",""p.100 of AR"")",3
Hollywood Bowl Group Plc,BOWL LN Equity,Consumer Discretionary,Consumer Services,Hotels Restaurants & Leisure,Leisure Facilities,419.9,9.0,2026,Laurence Keen,Chief Financial Officer,CFO,current,320469.0,GBP,1 October 2025,,50.0,2.0,,,,,,200.0,,"2% base salary increase effective 1 October 2025 (as CFO); transition to CEO of Canadian business during FY2026 with a new remuneration package; FY2024/FY2025 LTIP awards reduced by 30% to reflect role change, with a 2-year holding period on vested amounts",1 October 2025,149,,,95,hollywood_bowl_group_ar_2025,https://www.hollywoodbowlgroup.com/application/files/4017/6760/2051/HollywoodBowl_AR25_Full_report.pdf,"=HYPERLINK(""https://www.hollywoodbowlgroup.com/application/files/4017/6760/2051/HollywoodBowl_AR25_Full_report.pdf#page=106"",""p.106 of AR"")",149.0,"=HYPERLINK(""https://www.hollywoodbowlgroup.com/application/files/4017/6760/2051/HollywoodBowl_AR25_Full_report.pdf#page=106"",""p.106 of AR"")",,,"=HYPERLINK(""https://www.hollywoodbowlgroup.com/application/files/4017/6760/2051/HollywoodBowl_AR25_Full_report.pdf#page=100"",""p.100 of AR"")",3
Hollywood Bowl Group Plc,BOWL LN Equity,Consumer Discretionary,Consumer Services,Hotels Restaurants & Leisure,Leisure Facilities,419.9,9.0,2026,Melanie Dickinson,Chief People Officer,Other Executive,current,189738.0,GBP,1 October 2025,100.0,50.0,2.0,100.0,,,,,200.0,,2% base salary increase effective 1 October 2025; no changes to bonus/LTIP maximum opportunities or benefits/pension provision for FY2026,1 October 2025,149,154.0,154.0,95,hollywood_bowl_group_ar_2025,https://www.hollywoodbowlgroup.com/application/files/4017/6760/2051/HollywoodBowl_AR25_Full_report.pdf,"=HYPERLINK(""https://www.hollywoodbowlgroup.com/application/files/4017/6760/2051/HollywoodBowl_AR25_Full_report.pdf#page=106"",""p.106 of AR"")",149.0,"=HYPERLINK(""https://www.hollywoodbowlgroup.com/application/files/4017/6760/2051/HollywoodBowl_AR25_Full_report.pdf#page=106"",""p.106 of AR"")","=HYPERLINK(""https://www.hollywoodbowlgroup.com/application/files/4017/6760/2051/HollywoodBowl_AR25_Full_report.pdf#page=107"",""p.107 of AR"")","=HYPERLINK(""https://www.hollywoodbowlgroup.com/application/files/4017/6760/2051/HollywoodBowl_AR25_Full_report.pdf#page=107"",""p.107 of AR"")","=HYPERLINK(""https://www.hollywoodbowlgroup.com/application/files/4017/6760/2051/HollywoodBowl_AR25_Full_report.pdf#page=100"",""p.100 of AR"")",3
Hollywood Bowl Group Plc,BOWL LN Equity,Consumer Discretionary,Consumer Services,Hotels Restaurants & Leisure,Leisure Facilities,419.9,9.0,2026,Antony Smith,Incoming Chief Financial Officer,CFO,designate,320000.0,GBP,2 February 2026,100.0,50.0,2.0,100.0,,,,,200.0,,"New appointment effective 2 February 2026; base salary set in line with outgoing CFO; 5% employer pension contribution; will not participate in FY2026 bonus; granted a buy-out award equal to 100% of salary, payable in cash in December 2026 subject to continued employment, to compensate for a forfeited prior-employer cash bonus",2 February 2026,22,22.0,22.0,95,hollywood_bowl_group_ar_2025,https://www.hollywoodbowlgroup.com/application/files/4017/6760/2051/HollywoodBowl_AR25_Full_report.pdf,"=HYPERLINK(""https://www.hollywoodbowlgroup.com/application/files/4017/6760/2051/HollywoodBowl_AR25_Full_report.pdf#page=93"",""p.93 of AR"")",22.0,"=HYPERLINK(""https://www.hollywoodbowlgroup.com/application/files/4017/6760/2051/HollywoodBowl_AR25_Full_report.pdf#page=93"",""p.93 of AR"")","=HYPERLINK(""https://www.hollywoodbowlgroup.com/application/files/4017/6760/2051/HollywoodBowl_AR25_Full_report.pdf#page=93"",""p.93 of AR"")","=HYPERLINK(""https://www.hollywoodbowlgroup.com/application/files/4017/6760/2051/HollywoodBowl_AR25_Full_report.pdf#page=93"",""p.93 of AR"")","=HYPERLINK(""https://www.hollywoodbowlgroup.com/application/files/4017/6760/2051/HollywoodBowl_AR25_Full_report.pdf#page=100"",""p.100 of AR"")",3
Howden Joinery Group Plc,HWDN LN Equity,Industrials,Capital Goods,Trading Companies & Distributors,Trading Companies & Distributors,3907.0,12.0,2026,Andrew Livingston,Chief Executive Officer,CEO,current,898000.0,GBP,1 April 2026,200.0,30.0,2.0,300.0,,,,,300.0,2.0,Salary increased 5% (3% general increase + 2% performance-related increase) effective 1 April 2026; maximum LTIP opportunity increased from 285% to 300% of salary (15 percentage point increase) as approved by shareholders at the 2025 AGM; shareholding requirement increased to 300% of salary (from a previous lower level),1 April 2026,242,62,254,117,howden_joinery_group_ar_2025,https://www.howdenjoinerygroupplc.com/docs/librariesprovider25/archives/annual-reports/2025-annual-report.pdf,"=HYPERLINK(""https://www.howdenjoinerygroupplc.com/docs/librariesprovider25/archives/annual-reports/2025-annual-report.pdf#page=61"",""p.61 of AR"")",242.0,"=HYPERLINK(""https://www.howdenjoinerygroupplc.com/docs/librariesprovider25/archives/annual-reports/2025-annual-report.pdf#page=61"",""p.61 of AR"")","=HYPERLINK(""https://www.howdenjoinerygroupplc.com/docs/librariesprovider25/archives/annual-reports/2025-annual-report.pdf#page=54"",""p.54 of AR"")","=HYPERLINK(""https://www.howdenjoinerygroupplc.com/docs/librariesprovider25/archives/annual-reports/2025-annual-report.pdf#page=62"",""p.62 of AR"")","=HYPERLINK(""https://www.howdenjoinerygroupplc.com/docs/librariesprovider25/archives/annual-reports/2025-annual-report.pdf#page=56"",""p.56 of AR"")",3
Howden Joinery Group Plc,HWDN LN Equity,Industrials,Capital Goods,Trading Companies & Distributors,Trading Companies & Distributors,3907.0,12.0,2026,Jackie Callaway,Chief Financial Officer,CFO,current,541000.0,GBP,1 April 2026,200.0,30.0,2.0,250.0,,,,,300.0,2.0,"Salary increased 3% in line with wider workforce, effective 1 April 2026; joined as CFO 2 June 2025 with starting salary of £525,000 (1.9% higher than predecessor Paul Hayes' salary); receives lower maximum PSP opportunity (250%) than the CEO (300%) reflecting the newly increased policy cap of 300% approved at 2025 AGM",1 April 2026,242,62,254,117,howden_joinery_group_ar_2025,https://www.howdenjoinerygroupplc.com/docs/librariesprovider25/archives/annual-reports/2025-annual-report.pdf,"=HYPERLINK(""https://www.howdenjoinerygroupplc.com/docs/librariesprovider25/archives/annual-reports/2025-annual-report.pdf#page=61"",""p.61 of AR"")",242.0,"=HYPERLINK(""https://www.howdenjoinerygroupplc.com/docs/librariesprovider25/archives/annual-reports/2025-annual-report.pdf#page=61"",""p.61 of AR"")","=HYPERLINK(""https://www.howdenjoinerygroupplc.com/docs/librariesprovider25/archives/annual-reports/2025-annual-report.pdf#page=54"",""p.54 of AR"")","=HYPERLINK(""https://www.howdenjoinerygroupplc.com/docs/librariesprovider25/archives/annual-reports/2025-annual-report.pdf#page=62"",""p.62 of AR"")","=HYPERLINK(""https://www.howdenjoinerygroupplc.com/docs/librariesprovider25/archives/annual-reports/2025-annual-report.pdf#page=56"",""p.56 of AR"")",3
HSBC Holdings Plc,HSBA LN Equity,Financials,Banks,Banks,Diversified Banks,227042.2,12.0,2026,Georges Elhedery,Group Chief Executive Officer (Group CEO),CEO,current,1500000.0,GBP,1 March 2026,300.0,,7.0,600.0,,,,,600.0,2.0,"No salary increase for 2026 (aligned with more targeted approach to fixed pay increases, despite strong 2025 performance). Following October 2025 PRA rule changes, the Committee reviewed but decided NOT to amend deferral or post-vesting retention periods for executive Directors — LTI awards continue with a seven-year deferral period and shares remain subject to a one-year post-vesting retention period; dividend equivalents on deferred share awards are being recommenced for executive Directors.",,38,75,75,75,hsbc_holdings_ar_2025,https://www.hsbc.com/-/files/hsbc/investors/hsbc-results/2025/annual/pdfs/hsbc-holdings-plc/260225-annual-report-and-accounts-2025.pdf,"=HYPERLINK(""https://www.hsbc.com/-/files/hsbc/investors/hsbc-results/2025/annual/pdfs/hsbc-holdings-plc/260225-annual-report-and-accounts-2025.pdf#page=220"",""p.220 of AR"")",75.0,"=HYPERLINK(""https://www.hsbc.com/-/files/hsbc/investors/hsbc-results/2025/annual/pdfs/hsbc-holdings-plc/260225-annual-report-and-accounts-2025.pdf#page=219"",""p.219 of AR"")","=HYPERLINK(""https://www.hsbc.com/-/files/hsbc/investors/hsbc-results/2025/annual/pdfs/hsbc-holdings-plc/260225-annual-report-and-accounts-2025.pdf#page=220"",""p.220 of AR"")","=HYPERLINK(""https://www.hsbc.com/-/files/hsbc/investors/hsbc-results/2025/annual/pdfs/hsbc-holdings-plc/260225-annual-report-and-accounts-2025.pdf#page=220"",""p.220 of AR"")","=HYPERLINK(""https://www.hsbc.com/-/files/hsbc/investors/hsbc-results/2025/annual/pdfs/hsbc-holdings-plc/260225-annual-report-and-accounts-2025.pdf#page=220"",""p.220 of AR"")",3
HSBC Holdings Plc,HSBA LN Equity,Financials,Banks,Banks,Diversified Banks,227042.2,12.0,2026,Pam Kaur,Group Chief Financial Officer (Group CFO),CFO,current,875000.0,GBP,1 March 2026,300.0,,7.0,600.0,,,,,600.0,2.0,"No salary increase for 2026 (aligned with more targeted approach to fixed pay increases, despite strong 2025 performance). Following October 2025 PRA rule changes, the Committee reviewed but decided NOT to amend deferral or post-vesting retention periods for executive Directors — LTI awards continue with a seven-year deferral period and shares remain subject to a one-year post-vesting retention period; dividend equivalents on deferred share awards are being recommenced for executive Directors.",,38,75,75,75,hsbc_holdings_ar_2025,https://www.hsbc.com/-/files/hsbc/investors/hsbc-results/2025/annual/pdfs/hsbc-holdings-plc/260225-annual-report-and-accounts-2025.pdf,"=HYPERLINK(""https://www.hsbc.com/-/files/hsbc/investors/hsbc-results/2025/annual/pdfs/hsbc-holdings-plc/260225-annual-report-and-accounts-2025.pdf#page=220"",""p.220 of AR"")",75.0,"=HYPERLINK(""https://www.hsbc.com/-/files/hsbc/investors/hsbc-results/2025/annual/pdfs/hsbc-holdings-plc/260225-annual-report-and-accounts-2025.pdf#page=219"",""p.219 of AR"")","=HYPERLINK(""https://www.hsbc.com/-/files/hsbc/investors/hsbc-results/2025/annual/pdfs/hsbc-holdings-plc/260225-annual-report-and-accounts-2025.pdf#page=220"",""p.220 of AR"")","=HYPERLINK(""https://www.hsbc.com/-/files/hsbc/investors/hsbc-results/2025/annual/pdfs/hsbc-holdings-plc/260225-annual-report-and-accounts-2025.pdf#page=220"",""p.220 of AR"")","=HYPERLINK(""https://www.hsbc.com/-/files/hsbc/investors/hsbc-results/2025/annual/pdfs/hsbc-holdings-plc/260225-annual-report-and-accounts-2025.pdf#page=220"",""p.220 of AR"")",3
Hunting Plc,HTG LN Equity,Energy,Energy,Energy Equipment & Services,Oil & Gas Equipment & Services,735.8,12.0,2026,Jim Johnson,Chief Executive,CEO,current,914386.0,USD,1 January 2025,200.0,25.0,2.0,450.0,350.0,100.0,active,additive,,,"Base salaries increased 4% for 2025 (effective 1 Jan 2025); for the 2026 PSP grant, the Committee proposes to amend the weighting of performance conditions — ROCE increased from 25% to 30% and Strategic Scorecard reduced from 15% to 10% (TSR, EPS and FCF weightings unchanged); base salary increase for 2026 to be determined in April 2026, expected in line with the wider workforce (3.5% average increase already implemented for the broader workforce in January 2026).",,135,160,derived,,hunting_ar_2025,https://media.huntingplc.com/investors/results-and-reports/2026/HU100373_AR_2025_Interactive_PDF_260311.pdf,"=HYPERLINK(""https://media.huntingplc.com/investors/results-and-reports/2026/HU100373_AR_2025_Interactive_PDF_260311.pdf#page=145"",""p.145 of AR"")",238.0,"=HYPERLINK(""https://media.huntingplc.com/investors/results-and-reports/2026/HU100373_AR_2025_Interactive_PDF_260311.pdf#page=137"",""p.137 of AR"")","=HYPERLINK(""https://media.huntingplc.com/investors/results-and-reports/2026/HU100373_AR_2025_Interactive_PDF_260311.pdf#page=140"",""p.140 of AR"")",derived,,3
Hunting Plc,HTG LN Equity,Energy,Energy,Energy Equipment & Services,Oil & Gas Equipment & Services,735.8,12.0,2026,Bruce Ferguson,Finance Director,CFO,current,472131.0,USD,1 January 2025,150.0,25.0,2.0,210.0,160.0,50.0,active,additive,,,"Base salary increased 4% for 2025 (effective 1 Jan 2025); pension in lieu remains fixed at 12% of base salary; for the 2026 PSP grant, the Committee proposes to amend the weighting of performance conditions — ROCE increased from 25% to 30% and Strategic Scorecard reduced from 15% to 10% (TSR, EPS and FCF weightings unchanged); base salary increase for 2026 to be determined in April 2026.",,135,160,derived,,hunting_ar_2025,https://media.huntingplc.com/investors/results-and-reports/2026/HU100373_AR_2025_Interactive_PDF_260311.pdf,"=HYPERLINK(""https://media.huntingplc.com/investors/results-and-reports/2026/HU100373_AR_2025_Interactive_PDF_260311.pdf#page=145"",""p.145 of AR"")",238.0,"=HYPERLINK(""https://media.huntingplc.com/investors/results-and-reports/2026/HU100373_AR_2025_Interactive_PDF_260311.pdf#page=137"",""p.137 of AR"")","=HYPERLINK(""https://media.huntingplc.com/investors/results-and-reports/2026/HU100373_AR_2025_Interactive_PDF_260311.pdf#page=140"",""p.140 of AR"")",derived,,3
IAG SA,IAG LN Equity,Industrials,Transportation,Passenger Airlines,Passenger Airlines,16725.1,12.0,2026,Luis Gallego,Chief Executive Officer (IAG),CEO,current,940925.0,GBP,1 January 2026,200.0,50.0,3.0,450.0,300.0,150.0,active,additive,400.0,2.0,"New Directors' Remuneration Policy approved at 2025 AGM (83.86% votes in favour). Key change: introduction of the Stretch Performance Incentive Plan (SPIP), a new long-term incentive framework aligned with the model for IAG's senior leaders, with a single grant of 300% of salary made to the CEO in 2025 (no further SPIP grants planned under current Policy). RSP continues to be granted annually at up to 150% of salary. For 2026: 3% salary increase (in line with wider workforce); annual bonus maximum unchanged at 200% of salary with no change to scorecard weightings; RSP opportunity unchanged at 150% of salary, vesting after three years subject to a performance underpin and a further two-year holding period. Pension (12.5% of salary) and benefits unchanged.",2026,45,29,30,186,iag_sa_ar_2025,https://www.iairgroup.com/media/ktnlp1jx/iag-annual-report-and-accounts-2025.pdf,"=HYPERLINK(""https://www.iairgroup.com/media/ktnlp1jx/iag-annual-report-and-accounts-2025.pdf#page=132"",""p.132 of AR"")",45.0,"=HYPERLINK(""https://www.iairgroup.com/media/ktnlp1jx/iag-annual-report-and-accounts-2025.pdf#page=132"",""p.132 of AR"")","=HYPERLINK(""https://www.iairgroup.com/media/ktnlp1jx/iag-annual-report-and-accounts-2025.pdf#page=131"",""p.131 of AR"")","=HYPERLINK(""https://www.iairgroup.com/media/ktnlp1jx/iag-annual-report-and-accounts-2025.pdf#page=131"",""p.131 of AR"")","=HYPERLINK(""https://www.iairgroup.com/media/ktnlp1jx/iag-annual-report-and-accounts-2025.pdf#page=144"",""p.144 of AR"")",3
Ibstock Plc,IBST LN Equity,Materials,Materials,Construction Materials,Construction Materials,378.0,,2026,Joe Hudson,Chief Executive Officer (CEO),CEO,current,615000.0,GBP,1 April 2026,150.0,50.0,3.0,75.0,,,,,200.0,2.0,"Joe Hudson's salary increased by 5% from £585,000 to £615,000 effective 1 April 2026, as the second step of a previously announced two-year phased salary increase. The Committee had intended to also apply a further 3% inflationary workforce increase for 2026, but Joe Hudson requested this not be applied given continuing market challenges. All other policy elements (150% max bonus, 50%/3-year deferral structure, 75% restricted share LTIP with 3-year vesting plus 2-year holding period, 200% shareholding guideline, 10% pension) remain unchanged from the 2025 Policy approved at the May 2025 AGM.",1 April 2026,278,288,292,89,ibstock_ar_2025,https://assets.ctfassets.net/eta2vegx3yuv/7Hu8JjvTKLlUXZ9CXLiWfa/9a86fd631333edcb66f4c963c5356f3f/Ibstock-Annual-Report-Accounts-2025.pdf,"=HYPERLINK(""https://assets.ctfassets.net/eta2vegx3yuv/7Hu8JjvTKLlUXZ9CXLiWfa/9a86fd631333edcb66f4c963c5356f3f/Ibstock-Annual-Report-Accounts-2025.pdf#page=97"",""p.97 of AR"")",83.0,"=HYPERLINK(""https://assets.ctfassets.net/eta2vegx3yuv/7Hu8JjvTKLlUXZ9CXLiWfa/9a86fd631333edcb66f4c963c5356f3f/Ibstock-Annual-Report-Accounts-2025.pdf#page=111"",""p.111 of AR"")","=HYPERLINK(""https://assets.ctfassets.net/eta2vegx3yuv/7Hu8JjvTKLlUXZ9CXLiWfa/9a86fd631333edcb66f4c963c5356f3f/Ibstock-Annual-Report-Accounts-2025.pdf#page=112"",""p.112 of AR"")","=HYPERLINK(""https://assets.ctfassets.net/eta2vegx3yuv/7Hu8JjvTKLlUXZ9CXLiWfa/9a86fd631333edcb66f4c963c5356f3f/Ibstock-Annual-Report-Accounts-2025.pdf#page=112"",""p.112 of AR"")","=HYPERLINK(""https://assets.ctfassets.net/eta2vegx3yuv/7Hu8JjvTKLlUXZ9CXLiWfa/9a86fd631333edcb66f4c963c5356f3f/Ibstock-Annual-Report-Accounts-2025.pdf#page=97"",""p.97 of AR"")",3
ICG Plc,ICG LN Equity,Financials,Financial Services,Capital Markets,Asset Management & Custody Banks,5215.8,3.0,2026,Benoît Durteste,Chief Executive Officer / Chief Investment Officer (CEO/CIO),CEO,current,750000.0,GBP,FY26,800.0,70.0,5.0,,,,,,300.0,2.0,"CEO base salary increased to £750,000 for FY26 (final step of phased increase from £500k FY24 → £615k FY25 → £750k FY26); Total Variable Pay cap of £6m will be re-expressed as 8x base salary from FY26 onward once salary phasing is complete.",FY26,48,300,,185,icg_ar_2025,https://www.icgam.com/shareholders-and-debtholders/annual-reports/#,"=HYPERLINK(""https://www.icgam.com/shareholders-and-debtholders/annual-reports/##page=91"",""p.91 of AR"")",10.0,"=HYPERLINK(""https://www.icgam.com/shareholders-and-debtholders/annual-reports/##page=93"",""p.93 of AR"")","=HYPERLINK(""https://www.icgam.com/shareholders-and-debtholders/annual-reports/##page=108"",""p.108 of AR"")",,"=HYPERLINK(""https://www.icgam.com/shareholders-and-debtholders/annual-reports/##page=101"",""p.101 of AR"")",3
ICG Plc,ICG LN Equity,Financials,Financial Services,Capital Markets,Asset Management & Custody Banks,5215.8,3.0,2026,David Bicarregui,Chief Financial Officer (CFO),CFO,current,625000.0,GBP,FY26,400.0,70.0,5.0,,,,,,200.0,2.0,"Salary increased from £600,000 to £625,000 for FY26 following a competitive market review.",FY26,48,11,,185,icg_ar_2025,https://www.icgam.com/shareholders-and-debtholders/annual-reports/#,"=HYPERLINK(""https://www.icgam.com/shareholders-and-debtholders/annual-reports/##page=93"",""p.93 of AR"")",48.0,"=HYPERLINK(""https://www.icgam.com/shareholders-and-debtholders/annual-reports/##page=93"",""p.93 of AR"")","=HYPERLINK(""https://www.icgam.com/shareholders-and-debtholders/annual-reports/##page=91"",""p.91 of AR"")",,"=HYPERLINK(""https://www.icgam.com/shareholders-and-debtholders/annual-reports/##page=101"",""p.101 of AR"")",3
ICG Plc,ICG LN Equity,Financials,Financial Services,Capital Markets,Asset Management & Custody Banks,5215.8,3.0,2026,Antje Hensel-Roth,"Chief People, Ethics and Administration Officer (CPEAO)",Other Executive,current,515000.0,GBP,FY26,350.0,70.0,5.0,,,,,,200.0,2.0,"Salary increased from £500,000 to £515,000 for FY26 following a competitive market review.",FY26,48,11,,185,icg_ar_2025,https://www.icgam.com/shareholders-and-debtholders/annual-reports/#,"=HYPERLINK(""https://www.icgam.com/shareholders-and-debtholders/annual-reports/##page=93"",""p.93 of AR"")",48.0,"=HYPERLINK(""https://www.icgam.com/shareholders-and-debtholders/annual-reports/##page=93"",""p.93 of AR"")","=HYPERLINK(""https://www.icgam.com/shareholders-and-debtholders/annual-reports/##page=91"",""p.91 of AR"")",,"=HYPERLINK(""https://www.icgam.com/shareholders-and-debtholders/annual-reports/##page=101"",""p.101 of AR"")",3
IG Group Holdings Plc,IGG LN Equity,Financials,Financial Services,Capital Markets,Investment Banking & Brokerage,5071.2,5.0,2026,Breon Corcoran,Chief Executive Officer,CEO,current,824000.0,GBP,1 June 2025,200.0,25.0,3.0,350.0,,,,,300.0,2.0,New 2026 Directors' Remuneration Policy replaces the Sustained Performance Plan (SPP) with a market-aligned annual bonus and LTIP structure; overall incentive opportunity increased ~10% (from 500% to 550% of salary in aggregate); LTIP now delivered as a fixed number of performance shares over a 3-year performance period plus a 2-year holding period; shareholding guideline raised from 200% to 300% of salary; base salary increased 3% in line with wider workforce.,,50,93,94,98,ig_group_holdings_ar_2025,https://www.iggroup.com/~/media/Files/I/IG-Group/documents/investors/financial-results/results-reports-and-presentations/2026/annual-report-31-December-2025.pdf,"=HYPERLINK(""https://www.iggroup.com/~/media/Files/I/IG-Group/documents/investors/financial-results/results-reports-and-presentations/2026/annual-report-31-December-2025.pdf#page=93"",""p.93 of AR"")",93.0,"=HYPERLINK(""https://www.iggroup.com/~/media/Files/I/IG-Group/documents/investors/financial-results/results-reports-and-presentations/2026/annual-report-31-December-2025.pdf#page=91"",""p.91 of AR"")","=HYPERLINK(""https://www.iggroup.com/~/media/Files/I/IG-Group/documents/investors/financial-results/results-reports-and-presentations/2026/annual-report-31-December-2025.pdf#page=93"",""p.93 of AR"")","=HYPERLINK(""https://www.iggroup.com/~/media/Files/I/IG-Group/documents/investors/financial-results/results-reports-and-presentations/2026/annual-report-31-December-2025.pdf#page=93"",""p.93 of AR"")","=HYPERLINK(""https://www.iggroup.com/~/media/Files/I/IG-Group/documents/investors/financial-results/results-reports-and-presentations/2026/annual-report-31-December-2025.pdf#page=93"",""p.93 of AR"")",3
IG Group Holdings Plc,IGG LN Equity,Financials,Financial Services,Capital Markets,Investment Banking & Brokerage,5071.2,5.0,2026,Clifford Abrahams,Chief Financial Officer,CFO,current,592250.0,GBP,1 June 2025,160.0,25.0,3.0,280.0,,,,,250.0,2.0,New 2026 Directors' Remuneration Policy replaces the Sustained Performance Plan (SPP) with a market-aligned annual bonus and LTIP structure; overall incentive opportunity increased ~10% (from 400% to 440% of salary in aggregate); LTIP now delivered as a fixed number of performance shares over a 3-year performance period plus a 2-year holding period; shareholding guideline raised from 200% to 250% of salary; base salary increased 3% in line with wider workforce.,,50,93,94,98,ig_group_holdings_ar_2025,https://www.iggroup.com/~/media/Files/I/IG-Group/documents/investors/financial-results/results-reports-and-presentations/2026/annual-report-31-December-2025.pdf,"=HYPERLINK(""https://www.iggroup.com/~/media/Files/I/IG-Group/documents/investors/financial-results/results-reports-and-presentations/2026/annual-report-31-December-2025.pdf#page=93"",""p.93 of AR"")",93.0,"=HYPERLINK(""https://www.iggroup.com/~/media/Files/I/IG-Group/documents/investors/financial-results/results-reports-and-presentations/2026/annual-report-31-December-2025.pdf#page=91"",""p.91 of AR"")","=HYPERLINK(""https://www.iggroup.com/~/media/Files/I/IG-Group/documents/investors/financial-results/results-reports-and-presentations/2026/annual-report-31-December-2025.pdf#page=93"",""p.93 of AR"")","=HYPERLINK(""https://www.iggroup.com/~/media/Files/I/IG-Group/documents/investors/financial-results/results-reports-and-presentations/2026/annual-report-31-December-2025.pdf#page=93"",""p.93 of AR"")","=HYPERLINK(""https://www.iggroup.com/~/media/Files/I/IG-Group/documents/investors/financial-results/results-reports-and-presentations/2026/annual-report-31-December-2025.pdf#page=93"",""p.93 of AR"")",3
IMI Plc,IMI LN Equity,Industrials,Capital Goods,Machinery,Industrial Machinery & Supplies & Components,6345.8,12.0,2026,Roy Twite,Chief Executive Officer,CEO,current,963000.0,GBP,2026,200.0,50.0,3.0,,,,,,250.0,2.0,"Base salary increased 7% (from £900,000 to £963,000) effective 2026, above the average 4% UK employee increase, to maintain median FTSE 31-100 positioning while target total pay remains below median. The 2026 annual bonus metrics were revised to a Profit Before Tax growth target combined with strategic/personal objectives, weighted 80% financial / 20% strategic/personal (previously based on adjusted PBT and strategic/personal objectives without a stated 80/20 split). A full Remuneration Policy review is planned during 2026, with a new policy to be put to shareholders at the 2027 AGM.",2026,23,110,,225,imi_ar_2025,https://www.imiplc.com/media/1i2ddtki/imi_ar_2025.pdf,"=HYPERLINK(""https://www.imiplc.com/media/1i2ddtki/imi_ar_2025.pdf#page=107"",""p.107 of AR"")",23.0,"=HYPERLINK(""https://www.imiplc.com/media/1i2ddtki/imi_ar_2025.pdf#page=107"",""p.107 of AR"")","=HYPERLINK(""https://www.imiplc.com/media/1i2ddtki/imi_ar_2025.pdf#page=117"",""p.117 of AR"")",,"=HYPERLINK(""https://www.imiplc.com/media/1i2ddtki/imi_ar_2025.pdf#page=127"",""p.127 of AR"")",3
IMI Plc,IMI LN Equity,Industrials,Capital Goods,Machinery,Industrial Machinery & Supplies & Components,6345.8,12.0,2026,Luke Grant,Chief Financial Officer,CFO,current,617100.0,GBP,2026,150.0,50.0,3.0,,,,,,200.0,2.0,"Base salary increased 7% (from £576,700 to £617,100) effective 2026, reflecting strong performance since appointment and expanded responsibilities (Group Risk Management, IT leadership post cyber-attack); increase intended to maintain competitive positioning near FTSE 31-100 median while target total pay remains below median. The 2026 annual bonus metrics were revised to a Profit Before Tax growth target combined with strategic/personal objectives, weighted 80% financial / 20% strategic/personal. A full Remuneration Policy review is planned during 2026, with a new policy to be presented for shareholder approval at the 2027 AGM.",2026,24,110,,225,imi_ar_2025,https://www.imiplc.com/media/1i2ddtki/imi_ar_2025.pdf,"=HYPERLINK(""https://www.imiplc.com/media/1i2ddtki/imi_ar_2025.pdf#page=107"",""p.107 of AR"")",24.0,"=HYPERLINK(""https://www.imiplc.com/media/1i2ddtki/imi_ar_2025.pdf#page=107"",""p.107 of AR"")","=HYPERLINK(""https://www.imiplc.com/media/1i2ddtki/imi_ar_2025.pdf#page=117"",""p.117 of AR"")",,"=HYPERLINK(""https://www.imiplc.com/media/1i2ddtki/imi_ar_2025.pdf#page=127"",""p.127 of AR"")",3
Imperial Brands Plc,IMB LN Equity,Consumer Staples,Food Beverage & Tobacco,Tobacco,Tobacco,21778.2,9.0,2026,Lukas Paravicini,Chief Executive Officer,CEO,current,1400000.0,GBP,1 October 2025,200.0,50.0,3.0,350.0,,,,,300.0,2.0,Lukas Paravicini succeeded Stefan Bomhard as CEO during FY25/26 transition; all other remuneration arrangements are in line with the approved Remuneration Policy. A triennial review of the full Directors' Remuneration Policy is planned for shareholder vote at the 2027 AGM.,1 October 2025,518,518,518,518,imperial_brands_ar_2025,https://www.imperialbrandsplc.com/content/dam/imperialbrands/corporate/documents/investor-hub/reports/oar-2025/imperial-brands-2025-annual-report.pdf.downloadasset.pdf,"=HYPERLINK(""https://www.imperialbrandsplc.com/content/dam/imperialbrands/corporate/documents/investor-hub/reports/oar-2025/imperial-brands-2025-annual-report.pdf.downloadasset.pdf#page=108"",""p.108 of AR"")",518.0,"=HYPERLINK(""https://www.imperialbrandsplc.com/content/dam/imperialbrands/corporate/documents/investor-hub/reports/oar-2025/imperial-brands-2025-annual-report.pdf.downloadasset.pdf#page=108"",""p.108 of AR"")","=HYPERLINK(""https://www.imperialbrandsplc.com/content/dam/imperialbrands/corporate/documents/investor-hub/reports/oar-2025/imperial-brands-2025-annual-report.pdf.downloadasset.pdf#page=108"",""p.108 of AR"")","=HYPERLINK(""https://www.imperialbrandsplc.com/content/dam/imperialbrands/corporate/documents/investor-hub/reports/oar-2025/imperial-brands-2025-annual-report.pdf.downloadasset.pdf#page=108"",""p.108 of AR"")","=HYPERLINK(""https://www.imperialbrandsplc.com/content/dam/imperialbrands/corporate/documents/investor-hub/reports/oar-2025/imperial-brands-2025-annual-report.pdf.downloadasset.pdf#page=108"",""p.108 of AR"")",3
Imperial Brands Plc,IMB LN Equity,Consumer Staples,Food Beverage & Tobacco,Tobacco,Tobacco,21778.2,9.0,2026,Murray McGowan,Chief Financial Officer,CFO,current,775000.0,GBP,1 October 2025,200.0,50.0,3.0,250.0,,,,,300.0,2.0,"Effective 1 October 2025, Murray McGowan (previously Chief Strategy and Development Officer) succeeded Lukas Paravicini as CFO and joined the Board. His base salary of £775,000 represents a reduction versus his predecessor's salary (£816,413 from 1 October 2024). All other remuneration arrangements are in line with the approved Remuneration Policy.",1 October 2025,487,518,518,518,imperial_brands_ar_2025,https://www.imperialbrandsplc.com/content/dam/imperialbrands/corporate/documents/investor-hub/reports/oar-2025/imperial-brands-2025-annual-report.pdf.downloadasset.pdf,"=HYPERLINK(""https://www.imperialbrandsplc.com/content/dam/imperialbrands/corporate/documents/investor-hub/reports/oar-2025/imperial-brands-2025-annual-report.pdf.downloadasset.pdf#page=106"",""p.106 of AR"")",487.0,"=HYPERLINK(""https://www.imperialbrandsplc.com/content/dam/imperialbrands/corporate/documents/investor-hub/reports/oar-2025/imperial-brands-2025-annual-report.pdf.downloadasset.pdf#page=106"",""p.106 of AR"")","=HYPERLINK(""https://www.imperialbrandsplc.com/content/dam/imperialbrands/corporate/documents/investor-hub/reports/oar-2025/imperial-brands-2025-annual-report.pdf.downloadasset.pdf#page=108"",""p.108 of AR"")","=HYPERLINK(""https://www.imperialbrandsplc.com/content/dam/imperialbrands/corporate/documents/investor-hub/reports/oar-2025/imperial-brands-2025-annual-report.pdf.downloadasset.pdf#page=108"",""p.108 of AR"")","=HYPERLINK(""https://www.imperialbrandsplc.com/content/dam/imperialbrands/corporate/documents/investor-hub/reports/oar-2025/imperial-brands-2025-annual-report.pdf.downloadasset.pdf#page=108"",""p.108 of AR"")",3
Inchcape Plc,INCH LN Equity,Consumer Discretionary,Consumer Discretionary Distribution & Retail,Distributors,Distributors,2867.2,12.0,2026,Duncan Tait,Group Chief Executive,CEO,current,972025.0,GBP,1 April 2026,200.0,33.33,3.0,350.0,,,,,250.0,2.0,"Withdrawal of the CIP with PSP becoming the sole LTIP; annual bonus maximum increased from 150% to 200% of salary; normal PSP opportunity increased from 180% to 250% of salary and maximum increased from 300% to 350% of salary; introduction of mandatory one-third bonus deferral for three years; shareholding guideline increased from 200% to 250% of salary; TSR introduced as a new PSP performance metric (20% weighting) alongside EPS, ROCE and cash conversion.",,"115, 335",126,"133, 343","81, 139",inchcape_ar_2025,https://www.inchcape.com/pdf-viewer.aspx?gid=308187638&src=%2F%7E%2Fmedia%2Ffiles%2Fi%2Finchcape%2Fcorp%2Fdownload-hub-section%2Finchcape-ara-2025.pdf,"=HYPERLINK(""https://www.inchcape.com/pdf-viewer.aspx?gid=308187638&src=%2F%7E%2Fmedia%2Ffiles%2Fi%2Finchcape%2Fcorp%2Fdownload-hub-section%2Finchcape-ara-2025.pdf#page=79"",""p.79 of AR"")",63.0,,"=HYPERLINK(""https://www.inchcape.com/pdf-viewer.aspx?gid=308187638&src=%2F%7E%2Fmedia%2Ffiles%2Fi%2Finchcape%2Fcorp%2Fdownload-hub-section%2Finchcape-ara-2025.pdf#page=83"",""p.83 of AR"")",,,3
Inchcape Plc,INCH LN Equity,Consumer Discretionary,Consumer Discretionary Distribution & Retail,Distributors,Distributors,2867.2,12.0,2026,Adrian Lewis,Group Chief Financial Officer,CFO,current,517904.0,GBP,1 April 2026,200.0,33.33,3.0,350.0,,,,,250.0,2.0,"Withdrawal of the CIP with PSP becoming the sole LTIP; annual bonus maximum increased from 150% to 200% of salary; normal PSP opportunity increased from 180% to 250% of salary and maximum increased from 300% to 350% of salary; introduction of mandatory one-third bonus deferral for three years; shareholding guideline increased from 200% to 250% of salary; TSR introduced as a new PSP performance metric (20% weighting) alongside EPS, ROCE and cash conversion.",,"115, 335",126,"133, 343","81, 139",inchcape_ar_2025,https://www.inchcape.com/pdf-viewer.aspx?gid=308187638&src=%2F%7E%2Fmedia%2Ffiles%2Fi%2Finchcape%2Fcorp%2Fdownload-hub-section%2Finchcape-ara-2025.pdf,"=HYPERLINK(""https://www.inchcape.com/pdf-viewer.aspx?gid=308187638&src=%2F%7E%2Fmedia%2Ffiles%2Fi%2Finchcape%2Fcorp%2Fdownload-hub-section%2Finchcape-ara-2025.pdf#page=79"",""p.79 of AR"")",63.0,,"=HYPERLINK(""https://www.inchcape.com/pdf-viewer.aspx?gid=308187638&src=%2F%7E%2Fmedia%2Ffiles%2Fi%2Finchcape%2Fcorp%2Fdownload-hub-section%2Finchcape-ara-2025.pdf#page=83"",""p.83 of AR"")",,,3
Integrafin Holdings Plc,IHP LN Equity,Financials,Financial Services,Capital Markets,Financial Exchanges & Data,1108.4,9.0,2026,Alexander Scott,Chief Executive Officer,CEO,current,564100.0,GBP,1 June 2025,200.0,72.0,3.0,,,,,,100.0,2.0,"No substantive changes to CIP operation planned for FY26; minor adjustment made to the employee measure within the Group Scorecard; salary increase effective date for executive directors reverts to 1 June from FY26 (aligning with wider workforce, having been 1 October/1 November in FY25).",FY26 (year ending 30 September 2026),98,53,,53,integrafin_holdings_ar_2025,https://www.integrafin.co.uk/media/qzzcqyan/integrafin-annual-report-2025.pdf,"=HYPERLINK(""https://www.integrafin.co.uk/media/qzzcqyan/integrafin-annual-report-2025.pdf#page=74"",""p.74 of AR"")",46.0,"=HYPERLINK(""https://www.integrafin.co.uk/media/qzzcqyan/integrafin-annual-report-2025.pdf#page=78"",""p.78 of AR"")","=HYPERLINK(""https://www.integrafin.co.uk/media/qzzcqyan/integrafin-annual-report-2025.pdf#page=75"",""p.75 of AR"")",,"=HYPERLINK(""https://www.integrafin.co.uk/media/qzzcqyan/integrafin-annual-report-2025.pdf#page=75"",""p.75 of AR"")",3
Integrafin Holdings Plc,IHP LN Equity,Financials,Financial Services,Capital Markets,Financial Exchanges & Data,1108.4,9.0,2026,Euan Marshall,Chief Financial Officer,CFO,current,414600.0,GBP,1 June 2025,180.0,72.0,3.0,,,,,,100.0,2.0,No substantive changes to CIP operation planned for FY26; minor adjustment made to the employee measure within the Group Scorecard; salary increase effective date for executive directors reverts to 1 June from FY26 (aligning with wider workforce).,FY26 (year ending 30 September 2026),98,53,,53,integrafin_holdings_ar_2025,https://www.integrafin.co.uk/media/qzzcqyan/integrafin-annual-report-2025.pdf,"=HYPERLINK(""https://www.integrafin.co.uk/media/qzzcqyan/integrafin-annual-report-2025.pdf#page=74"",""p.74 of AR"")",46.0,"=HYPERLINK(""https://www.integrafin.co.uk/media/qzzcqyan/integrafin-annual-report-2025.pdf#page=78"",""p.78 of AR"")","=HYPERLINK(""https://www.integrafin.co.uk/media/qzzcqyan/integrafin-annual-report-2025.pdf#page=75"",""p.75 of AR"")",,"=HYPERLINK(""https://www.integrafin.co.uk/media/qzzcqyan/integrafin-annual-report-2025.pdf#page=75"",""p.75 of AR"")",3
Intercontinental Hotels Group Plc,IHG LN Equity,Consumer Discretionary,Consumer Services,Hotels Restaurants & Leisure,Hotels Resorts & Cruise Lines,22107.1,12.0,2026,Elie Maalouf,Chief Executive Officer,CEO,current,1122000.0,GBP,1 April 2026,300.0,30.0,3.0,950.0,800.0,150.0,active,additive,1000.0,2.0,"Salary increased 2.0% for 2026 in line with wider UK/US corporate workforce; shareholding requirement increased from 500% to 1,000% of salary under the revised 2025 Policy; introduction of a hybrid LTIP structure combining performance shares (Core LTIP) with an RSU award (previously a single performance share plan), with performance-based awards representing ~84% of total long-term incentive opportunity for the CEO; bonus deferral of 30% (or 50% if shareholding not met) maintained per IA guidance.",1 April 2026,223,55,derived,55,intercontinental_hotels_group_ar_2025,https://www.ihgplc.com/~/media/Files/I/Ihg-Plc/investors/annual-report/2025/ihg-ar25-interactive.pdf,"=HYPERLINK(""https://www.ihgplc.com/~/media/Files/I/Ihg-Plc/investors/annual-report/2025/ihg-ar25-interactive.pdf#page=143"",""p.143 of AR"")",55.0,"=HYPERLINK(""https://www.ihgplc.com/~/media/Files/I/Ihg-Plc/investors/annual-report/2025/ihg-ar25-interactive.pdf#page=159"",""p.159 of AR"")","=HYPERLINK(""https://www.ihgplc.com/~/media/Files/I/Ihg-Plc/investors/annual-report/2025/ihg-ar25-interactive.pdf#page=143"",""p.143 of AR"")",derived,"=HYPERLINK(""https://www.ihgplc.com/~/media/Files/I/Ihg-Plc/investors/annual-report/2025/ihg-ar25-interactive.pdf#page=143"",""p.143 of AR"")",3
Intercontinental Hotels Group Plc,IHG LN Equity,Consumer Discretionary,Consumer Services,Hotels Restaurants & Leisure,Hotels Resorts & Cruise Lines,22107.1,12.0,2026,Michael Glover,Chief Financial Officer,CFO,current,677600.0,GBP,1 April 2026,250.0,30.0,3.0,600.0,500.0,100.0,active,additive,400.0,2.0,Salary increased 2.0% for 2026 in line with wider UK/US corporate workforce; shareholding requirement policy revised under 2025 Policy review (guideline for CFO maintained/aligned at 400% of salary); introduction of a hybrid LTIP structure combining performance shares (Core LTIP) with an RSU award; bonus deferral of 30% (or 50% if shareholding not met) maintained per IA guidance.,1 April 2026,223,55,derived,55,intercontinental_hotels_group_ar_2025,https://www.ihgplc.com/~/media/Files/I/Ihg-Plc/investors/annual-report/2025/ihg-ar25-interactive.pdf,"=HYPERLINK(""https://www.ihgplc.com/~/media/Files/I/Ihg-Plc/investors/annual-report/2025/ihg-ar25-interactive.pdf#page=143"",""p.143 of AR"")",55.0,"=HYPERLINK(""https://www.ihgplc.com/~/media/Files/I/Ihg-Plc/investors/annual-report/2025/ihg-ar25-interactive.pdf#page=159"",""p.159 of AR"")","=HYPERLINK(""https://www.ihgplc.com/~/media/Files/I/Ihg-Plc/investors/annual-report/2025/ihg-ar25-interactive.pdf#page=143"",""p.143 of AR"")",derived,"=HYPERLINK(""https://www.ihgplc.com/~/media/Files/I/Ihg-Plc/investors/annual-report/2025/ihg-ar25-interactive.pdf#page=143"",""p.143 of AR"")",3
International Workplace Group Plc,IWG LN Equity,Real Estate,Real Estate Management & Development,Real Estate Management & Development,Real Estate Operating Companies,1781.6,12.0,2026,Mark Dixon,Chief Executive Officer,CEO,current,956000.0,GBP,1 January 2026,200.0,50.0,3.0,225.0,150.0,75.0,active,additive,300.0,2.0,No salary change proposed for 2026; annual bonus maximum unchanged at 200% of salary but a new system-wide revenue performance measure added (weightings updated); LTIP (PSP/RSP split) unchanged from 2025 grant ratio (150%/75%).,,69,72,derived,61,international_workplace_group_ar_2025,https://investors.iwgplc.com/~/media/Files/I/IWG-IR/reports-and-presentations/2026/iwg-annual-report-2025-16-03-2026.pdf,"=HYPERLINK(""https://investors.iwgplc.com/~/media/Files/I/IWG-IR/reports-and-presentations/2026/iwg-annual-report-2025-16-03-2026.pdf#page=86"",""p.86 of AR"")",167.0,"=HYPERLINK(""https://investors.iwgplc.com/~/media/Files/I/IWG-IR/reports-and-presentations/2026/iwg-annual-report-2025-16-03-2026.pdf#page=77"",""p.77 of AR"")","=HYPERLINK(""https://investors.iwgplc.com/~/media/Files/I/IWG-IR/reports-and-presentations/2026/iwg-annual-report-2025-16-03-2026.pdf#page=77"",""p.77 of AR"")",derived,"=HYPERLINK(""https://investors.iwgplc.com/~/media/Files/I/IWG-IR/reports-and-presentations/2026/iwg-annual-report-2025-16-03-2026.pdf#page=76"",""p.76 of AR"")",3
International Workplace Group Plc,IWG LN Equity,Real Estate,Real Estate Management & Development,Real Estate Management & Development,Real Estate Operating Companies,1781.6,12.0,2026,Charlie Steel,Chief Financial Officer,CFO,current,510000.0,GBP,1 January 2026,200.0,50.0,3.0,225.0,150.0,75.0,active,additive,300.0,2.0,No salary change proposed for 2026; annual bonus maximum unchanged at 200% of salary but a new system-wide revenue performance measure added (weightings updated); LTIP (PSP/RSP split) unchanged from 2025 grant ratio (150%/75%).,,69,72,derived,61,international_workplace_group_ar_2025,https://investors.iwgplc.com/~/media/Files/I/IWG-IR/reports-and-presentations/2026/iwg-annual-report-2025-16-03-2026.pdf,"=HYPERLINK(""https://investors.iwgplc.com/~/media/Files/I/IWG-IR/reports-and-presentations/2026/iwg-annual-report-2025-16-03-2026.pdf#page=86"",""p.86 of AR"")",167.0,"=HYPERLINK(""https://investors.iwgplc.com/~/media/Files/I/IWG-IR/reports-and-presentations/2026/iwg-annual-report-2025-16-03-2026.pdf#page=77"",""p.77 of AR"")","=HYPERLINK(""https://investors.iwgplc.com/~/media/Files/I/IWG-IR/reports-and-presentations/2026/iwg-annual-report-2025-16-03-2026.pdf#page=77"",""p.77 of AR"")",derived,"=HYPERLINK(""https://investors.iwgplc.com/~/media/Files/I/IWG-IR/reports-and-presentations/2026/iwg-annual-report-2025-16-03-2026.pdf#page=76"",""p.76 of AR"")",3
Intertek Group Plc,ITRK LN Equity,Industrials,Commercial & Professional Services,Professional Services,Research & Consulting Services,8618.8,12.0,2026,André Lacroix,Chief Executive Officer,CEO,current,1100595.0,GBP,1 April 2026,200.0,50.0,3.0,500.0,,,,,500.0,2.0,"LTIP maximum increased to 500% of salary (from the 2025 proposal's 600% Core+Enhanced structure), simplified into a single LTIP structure (removal of separate 'Core' and 'Enhanced' elements), ROIC removed from the annual incentive (with weighting shifted to Operating Profit/Revenue, each now 45%, and ESG reduced to 10%), and the cap on the value of executive benefits removed.",,196,196,196,30,intertek_group_ar_2025,https://www.intertek.com/siteassets/investors/2026/ara/intertek-annual-report--accounts-2025-combined.pdf,"=HYPERLINK(""https://www.intertek.com/siteassets/investors/2026/ara/intertek-annual-report--accounts-2025-combined.pdf#page=172"",""p.172 of AR"")",196.0,"=HYPERLINK(""https://www.intertek.com/siteassets/investors/2026/ara/intertek-annual-report--accounts-2025-combined.pdf#page=172"",""p.172 of AR"")","=HYPERLINK(""https://www.intertek.com/siteassets/investors/2026/ara/intertek-annual-report--accounts-2025-combined.pdf#page=172"",""p.172 of AR"")","=HYPERLINK(""https://www.intertek.com/siteassets/investors/2026/ara/intertek-annual-report--accounts-2025-combined.pdf#page=172"",""p.172 of AR"")","=HYPERLINK(""https://www.intertek.com/siteassets/investors/2026/ara/intertek-annual-report--accounts-2025-combined.pdf#page=159"",""p.159 of AR"")",3
Intertek Group Plc,ITRK LN Equity,Industrials,Commercial & Professional Services,Professional Services,Research & Consulting Services,8618.8,12.0,2026,Colm Deasy,Chief Financial Officer,CFO,current,519680.0,GBP,1 April 2026,200.0,50.0,3.0,500.0,,,,,500.0,2.0,Shareholding guideline increased from 300% to 500% of base salary; LTIP maximum set at 500% of salary under the simplified single-vehicle structure (removal of Core/Enhanced split); ROIC removed from the annual incentive; benefits cap removed.,,196,196,196,30,intertek_group_ar_2025,https://www.intertek.com/siteassets/investors/2026/ara/intertek-annual-report--accounts-2025-combined.pdf,"=HYPERLINK(""https://www.intertek.com/siteassets/investors/2026/ara/intertek-annual-report--accounts-2025-combined.pdf#page=172"",""p.172 of AR"")",196.0,"=HYPERLINK(""https://www.intertek.com/siteassets/investors/2026/ara/intertek-annual-report--accounts-2025-combined.pdf#page=172"",""p.172 of AR"")","=HYPERLINK(""https://www.intertek.com/siteassets/investors/2026/ara/intertek-annual-report--accounts-2025-combined.pdf#page=172"",""p.172 of AR"")","=HYPERLINK(""https://www.intertek.com/siteassets/investors/2026/ara/intertek-annual-report--accounts-2025-combined.pdf#page=172"",""p.172 of AR"")","=HYPERLINK(""https://www.intertek.com/siteassets/investors/2026/ara/intertek-annual-report--accounts-2025-combined.pdf#page=159"",""p.159 of AR"")",3
Investec Plc,INVP LN Equity,Financials,Financial Services,Capital Markets,Diversified Capital Markets,5308.0,3.0,2026,Fani Titi,Group Chief Executive,CEO,current,750000.0,GBP,9 August 2024,,,,,,,,,,,"Fixed remuneration reduced by one-third effective 9 August 2024 following shareholder approval of the new Directors' Remuneration Policy (90.4% votes in favour); variable remuneration opportunity increased following the PRA/FCA decision to permit firms to set their own variable-to-fixed remuneration ratio above 2:1 (removal of the 'bonus cap'); fixed remuneration to increase by 3% for FY2026, in line with the general employee population.",9 August 2024,23.0,,,,investec_ar_2025,https://www.investec.com/content/dam/investor-relations/financial-information/group-financial-results/2026/Investec-Group-integrated-and-strategic-annual-report-March-2026-Online.pdf,"=HYPERLINK(""https://www.investec.com/content/dam/investor-relations/financial-information/group-financial-results/2026/Investec-Group-integrated-and-strategic-annual-report-March-2026-Online.pdf#page=172"",""p.172 of AR"")",24.0,"=HYPERLINK(""https://www.investec.com/content/dam/investor-relations/financial-information/group-financial-results/2026/Investec-Group-integrated-and-strategic-annual-report-March-2026-Online.pdf#page=172"",""p.172 of AR"")",,,,3
Investec Plc,INVP LN Equity,Financials,Financial Services,Capital Markets,Diversified Capital Markets,5308.0,3.0,2026,Nishlan Samujh,Executive Director,Executive Director,current,,,,,,,,,,,,,,"Fixed remuneration for executive directors to increase by 3% in FY2026, in line with the general employee population.",,,,,,investec_ar_2025,https://www.investec.com/content/dam/investor-relations/financial-information/group-financial-results/2026/Investec-Group-integrated-and-strategic-annual-report-March-2026-Online.pdf,"=HYPERLINK(""https://www.investec.com/content/dam/investor-relations/financial-information/group-financial-results/2026/Investec-Group-integrated-and-strategic-annual-report-March-2026-Online.pdf#page=172"",""p.172 of AR"")",24.0,,,,,3
Ithaca Energy Plc,ITH LN Equity,,,,,,,2026,Yaniv Friedman,Executive Chair,Chair,current,500000.0,GBP,1 September 2025,200.0,50.0,3.0,250.0,,,,,250.0,2.0,Annual bonus max increased from 150% to 200% of salary; LTIP max increased from 225% to 250% of salary; bonus deferral reduces from 50% to 20% once shareholding guideline achieved; shareholding guideline increased to align with LTIP award value (up to 250% of salary); one-off recruitment award cap increased to 250% of salary,,63,208,227,51,ithaca_energy_ar_2025,https://investors.ithacaenergy.com/sites/ithaca-ir/files/2026-04/2025-annual-report-interactive-pdf.pdf,"=HYPERLINK(""https://investors.ithacaenergy.com/sites/ithaca-ir/files/2026-04/2025-annual-report-interactive-pdf.pdf#page=129"",""p.129 of AR"")",63.0,"=HYPERLINK(""https://investors.ithacaenergy.com/sites/ithaca-ir/files/2026-04/2025-annual-report-interactive-pdf.pdf#page=129"",""p.129 of AR"")","=HYPERLINK(""https://investors.ithacaenergy.com/sites/ithaca-ir/files/2026-04/2025-annual-report-interactive-pdf.pdf#page=142"",""p.142 of AR"")","=HYPERLINK(""https://investors.ithacaenergy.com/sites/ithaca-ir/files/2026-04/2025-annual-report-interactive-pdf.pdf#page=145"",""p.145 of AR"")","=HYPERLINK(""https://investors.ithacaenergy.com/sites/ithaca-ir/files/2026-04/2025-annual-report-interactive-pdf.pdf#page=128"",""p.128 of AR"")",3
Ithaca Energy Plc,ITH LN Equity,,,,,,,2026,Luciano Vasques,Chief Executive Officer,CEO,current,600000.0,GBP,,200.0,50.0,3.0,250.0,,,,,250.0,2.0,Annual bonus max increased from 150% to 200% of salary; LTIP max increased from 225% to 250% of salary; bonus deferral reduces from 50% to 20% once shareholding guideline achieved; shareholding guideline increased to align with LTIP award value (up to 250% of salary); one-off recruitment award cap increased to 250% of salary,,63,208,227,51,ithaca_energy_ar_2025,https://investors.ithacaenergy.com/sites/ithaca-ir/files/2026-04/2025-annual-report-interactive-pdf.pdf,"=HYPERLINK(""https://investors.ithacaenergy.com/sites/ithaca-ir/files/2026-04/2025-annual-report-interactive-pdf.pdf#page=129"",""p.129 of AR"")",63.0,"=HYPERLINK(""https://investors.ithacaenergy.com/sites/ithaca-ir/files/2026-04/2025-annual-report-interactive-pdf.pdf#page=129"",""p.129 of AR"")","=HYPERLINK(""https://investors.ithacaenergy.com/sites/ithaca-ir/files/2026-04/2025-annual-report-interactive-pdf.pdf#page=142"",""p.142 of AR"")","=HYPERLINK(""https://investors.ithacaenergy.com/sites/ithaca-ir/files/2026-04/2025-annual-report-interactive-pdf.pdf#page=145"",""p.145 of AR"")","=HYPERLINK(""https://investors.ithacaenergy.com/sites/ithaca-ir/files/2026-04/2025-annual-report-interactive-pdf.pdf#page=128"",""p.128 of AR"")",3
Ithaca Energy Plc,ITH LN Equity,,,,,,,2026,Iain Lewis,Chief Financial Officer,CFO,current,500000.0,GBP,1 January 2026,200.0,50.0,3.0,250.0,,,,,250.0,2.0,Annual bonus max increased from 150% to 200% of salary; LTIP max increased from 225% to 250% of salary; bonus deferral reduces from 50% to 20% once shareholding guideline achieved; shareholding guideline increased to align with LTIP award value (up to 250% of salary); one-off recruitment award cap increased to 250% of salary; salary reinstated to full-time equivalent from 1 January 2026,,57,208,227,51,ithaca_energy_ar_2025,https://investors.ithacaenergy.com/sites/ithaca-ir/files/2026-04/2025-annual-report-interactive-pdf.pdf,"=HYPERLINK(""https://investors.ithacaenergy.com/sites/ithaca-ir/files/2026-04/2025-annual-report-interactive-pdf.pdf#page=129"",""p.129 of AR"")",63.0,"=HYPERLINK(""https://investors.ithacaenergy.com/sites/ithaca-ir/files/2026-04/2025-annual-report-interactive-pdf.pdf#page=128"",""p.128 of AR"")","=HYPERLINK(""https://investors.ithacaenergy.com/sites/ithaca-ir/files/2026-04/2025-annual-report-interactive-pdf.pdf#page=142"",""p.142 of AR"")","=HYPERLINK(""https://investors.ithacaenergy.com/sites/ithaca-ir/files/2026-04/2025-annual-report-interactive-pdf.pdf#page=145"",""p.145 of AR"")","=HYPERLINK(""https://investors.ithacaenergy.com/sites/ithaca-ir/files/2026-04/2025-annual-report-interactive-pdf.pdf#page=128"",""p.128 of AR"")",3
JD Sports Fashion Plc,JD/ LN Equity,Consumer Discretionary,Consumer Discretionary Distribution & Retail,Specialty Retail,Other Specialty Retail,3457.9,1.0,2026,Régis Schultz,Chief Executive Officer,CEO,current,1103130.0,GBP,1 April 2025,200.0,50.0,3.0,300.0,250.0,50.0,active,additive,300.0,2.0,LTIP restructured to include a new Restricted Stock Plan (RSP) alongside the existing Performance Share Plan (PSP); overall LTIP maximum increased from 200% to 300% of salary (250% PSP + 50% RSP); shareholding requirement increased from 200% to 300% of salary; bonus deferral reduced from 50% to 25% once shareholding requirement is met; salary increased 3% effective 1 April 2025.,1 April 2025,280,282,89,96,jd_sports_fashion_ar_2025,https://s204.q4cdn.com/980191062/files/doc_downloads/2026/05/20/2026-Annual-Report-and-Accounts.pdf,"=HYPERLINK(""https://s204.q4cdn.com/980191062/files/doc_downloads/2026/05/20/2026-Annual-Report-and-Accounts.pdf#page=133"",""p.133 of AR"")",194.0,"=HYPERLINK(""https://s204.q4cdn.com/980191062/files/doc_downloads/2026/05/20/2026-Annual-Report-and-Accounts.pdf#page=139"",""p.139 of AR"")","=HYPERLINK(""https://s204.q4cdn.com/980191062/files/doc_downloads/2026/05/20/2026-Annual-Report-and-Accounts.pdf#page=139"",""p.139 of AR"")","=HYPERLINK(""https://s204.q4cdn.com/980191062/files/doc_downloads/2026/05/20/2026-Annual-Report-and-Accounts.pdf#page=123"",""p.123 of AR"")","=HYPERLINK(""https://s204.q4cdn.com/980191062/files/doc_downloads/2026/05/20/2026-Annual-Report-and-Accounts.pdf#page=124"",""p.124 of AR"")",3
JD Sports Fashion Plc,JD/ LN Equity,Consumer Discretionary,Consumer Discretionary Distribution & Retail,Specialty Retail,Other Specialty Retail,3457.9,1.0,2026,Dominic Platt,Chief Financial Officer,CFO,current,620000.0,GBP,1 April 2025,200.0,50.0,3.0,300.0,250.0,50.0,active,additive,300.0,2.0,"LTIP restructured to include a new Restricted Stock Plan (RSP) alongside the existing Performance Share Plan (PSP); overall LTIP maximum increased from 200% to 300% of salary (250% PSP + 50% RSP); shareholding requirement increased from 200% to 300% of salary; bonus deferral reduced from 50% to 25% once shareholding requirement is met; salary increased 12.7% effective 1 April 2025, reflecting performance/development in role and prior below-market positioning.",1 April 2025,280,282,89,96,jd_sports_fashion_ar_2025,https://s204.q4cdn.com/980191062/files/doc_downloads/2026/05/20/2026-Annual-Report-and-Accounts.pdf,"=HYPERLINK(""https://s204.q4cdn.com/980191062/files/doc_downloads/2026/05/20/2026-Annual-Report-and-Accounts.pdf#page=133"",""p.133 of AR"")",194.0,"=HYPERLINK(""https://s204.q4cdn.com/980191062/files/doc_downloads/2026/05/20/2026-Annual-Report-and-Accounts.pdf#page=139"",""p.139 of AR"")","=HYPERLINK(""https://s204.q4cdn.com/980191062/files/doc_downloads/2026/05/20/2026-Annual-Report-and-Accounts.pdf#page=139"",""p.139 of AR"")","=HYPERLINK(""https://s204.q4cdn.com/980191062/files/doc_downloads/2026/05/20/2026-Annual-Report-and-Accounts.pdf#page=123"",""p.123 of AR"")","=HYPERLINK(""https://s204.q4cdn.com/980191062/files/doc_downloads/2026/05/20/2026-Annual-Report-and-Accounts.pdf#page=124"",""p.124 of AR"")",3
Johnson Matthey Plc,JMAT LN Equity,Materials,Materials,Chemicals,Specialty Chemicals,3531.8,3.0,2026,Liam Condon,Chief Executive Officer,CEO,current,1038325.0,GBP,1 April 2025,180.0,50.0,3.0,250.0,,,,,250.0,2.0,"Salary increased 2.5% effective 1 April 2025, in line with wider UK workforce increases. AIP structure simplified/refined for 2025/26 — now weighted 37.5% underlying profit before tax, 37.5% free cash flow, and 25% strategic/transformation objectives (previously different weighting), reflecting increased focus on cash generation and efficiency. PSP maximum and target award level (250% of salary) unchanged; performance metrics for PSP to be finalised later in the year following the sale of Catalyst Technologies. No changes to benefits or pension policy.",1 April 2025,29,40,42,267,johnson_matthey_ar_2025,https://matthey.com/documents/161599/7603892/JMA017_Interactive-260608.pdf,"=HYPERLINK(""https://matthey.com/documents/161599/7603892/JMA017_Interactive-260608.pdf#page=86"",""p.86 of AR"")",29.0,"=HYPERLINK(""https://matthey.com/documents/161599/7603892/JMA017_Interactive-260608.pdf#page=86"",""p.86 of AR"")","=HYPERLINK(""https://matthey.com/documents/161599/7603892/JMA017_Interactive-260608.pdf#page=87"",""p.87 of AR"")","=HYPERLINK(""https://matthey.com/documents/161599/7603892/JMA017_Interactive-260608.pdf#page=87"",""p.87 of AR"")","=HYPERLINK(""https://matthey.com/documents/161599/7603892/JMA017_Interactive-260608.pdf#page=104"",""p.104 of AR"")",3
Johnson Matthey Plc,JMAT LN Equity,Materials,Materials,Chemicals,Specialty Chemicals,3531.8,3.0,2026,Richard Pike,Chief Financial Officer,CFO,current,600000.0,GBP,1 April 2025,150.0,50.0,3.0,200.0,,,,,200.0,2.0,"Newly appointed CFO (replacing Stephen Oxley, who ceased employment 31st March 2025). Package rebalanced relative to predecessor: lower base salary (£600,000 vs £620,388) but higher PSP award (200% vs 175% of salary), designed to be broadly equivalent in overall target value while matching his former employer's annual award level. Same AIP structural changes for 2025/26 apply (37.5% profit before tax / 37.5% free cash flow / 25% strategic objectives).",1 April 2025,30,40,42,267,johnson_matthey_ar_2025,https://matthey.com/documents/161599/7603892/JMA017_Interactive-260608.pdf,"=HYPERLINK(""https://matthey.com/documents/161599/7603892/JMA017_Interactive-260608.pdf#page=86"",""p.86 of AR"")",30.0,"=HYPERLINK(""https://matthey.com/documents/161599/7603892/JMA017_Interactive-260608.pdf#page=86"",""p.86 of AR"")","=HYPERLINK(""https://matthey.com/documents/161599/7603892/JMA017_Interactive-260608.pdf#page=87"",""p.87 of AR"")","=HYPERLINK(""https://matthey.com/documents/161599/7603892/JMA017_Interactive-260608.pdf#page=87"",""p.87 of AR"")","=HYPERLINK(""https://matthey.com/documents/161599/7603892/JMA017_Interactive-260608.pdf#page=104"",""p.104 of AR"")",3
Johnson Service Group Plc,JSG LN Equity,Industrials,Commercial & Professional Services,Commercial Services & Supplies,Diversified Support Services,510.9,12.0,2026,Peter Egan,Chief Executive Officer,CEO,current,510000.0,GBP,1 January 2026,150.0,33.0,2.0,175.0,,,,,200.0,2.0,"New Directors' Remuneration Policy to be submitted for binding shareholder approval at 2026 AGM (first since Main Market transition). Key changes: (1) salary increased ~5% to £510,000 effective 1 Jan 2026, phased approach to close gap to market median; (2) LTIP opportunity increased from 150% (2025) to 175% (2026), with overall policy maximum raised to 200% of salary (from prior lower level) for additional flexibility; (3) bonus deferral requirement introduced for the first time (one-third of bonus into shares for 2 years if shareholding guideline not met); (4) pension contribution reduced from ~8.6% to 6% of salary in line with wider workforce, effective 1 January 2026; (5) formal post-employment shareholding requirement introduced (previously not in place, per Code Provision 36 departure).",1 January 2026,1075,1082,1084,1127,johnson_service_group_ar_2025,https://www.jsg.com/media/2249818/178012-jsg-annual-report-2025-web.pdf,"=HYPERLINK(""https://www.jsg.com/media/2249818/178012-jsg-annual-report-2025-web.pdf#page=96"",""p.96 of AR"")",1072.0,"=HYPERLINK(""https://www.jsg.com/media/2249818/178012-jsg-annual-report-2025-web.pdf#page=96"",""p.96 of AR"")","=HYPERLINK(""https://www.jsg.com/media/2249818/178012-jsg-annual-report-2025-web.pdf#page=97"",""p.97 of AR"")","=HYPERLINK(""https://www.jsg.com/media/2249818/178012-jsg-annual-report-2025-web.pdf#page=97"",""p.97 of AR"")","=HYPERLINK(""https://www.jsg.com/media/2249818/178012-jsg-annual-report-2025-web.pdf#page=102"",""p.102 of AR"")",3
Johnson Service Group Plc,JSG LN Equity,Industrials,Commercial & Professional Services,Commercial Services & Supplies,Diversified Support Services,510.9,12.0,2026,Ryan Govender,Chief Financial Officer,CFO,current,358750.0,GBP,1 January 2026,125.0,33.0,2.0,150.0,,,,,150.0,2.0,"Same new Policy changes as CEO apply (bonus deferral introduced, LTIP policy maximum raised to 200%, formal post-employment shareholding requirement introduced). Ryan's own salary increase (2.5%) was smaller than the CEO's, reflecting that he is new in role; his pension contribution was already set at 6% of salary on appointment (in line with wider workforce) and remains unchanged for 2026, unlike the CEO whose rate is being reduced to align.",1 January 2026,1080,1082,1084,1127,johnson_service_group_ar_2025,https://www.jsg.com/media/2249818/178012-jsg-annual-report-2025-web.pdf,"=HYPERLINK(""https://www.jsg.com/media/2249818/178012-jsg-annual-report-2025-web.pdf#page=94"",""p.94 of AR"")",1042.0,"=HYPERLINK(""https://www.jsg.com/media/2249818/178012-jsg-annual-report-2025-web.pdf#page=97"",""p.97 of AR"")","=HYPERLINK(""https://www.jsg.com/media/2249818/178012-jsg-annual-report-2025-web.pdf#page=97"",""p.97 of AR"")","=HYPERLINK(""https://www.jsg.com/media/2249818/178012-jsg-annual-report-2025-web.pdf#page=97"",""p.97 of AR"")","=HYPERLINK(""https://www.jsg.com/media/2249818/178012-jsg-annual-report-2025-web.pdf#page=102"",""p.102 of AR"")",3
JTC Plc,JTC LN Equity,,,,,2239.3,,2026,Nigel Le Quesne,Chief Executive Officer,CEO,current,554715.0,GBP,1 January 2026,150.0,33.0,2.0,200.0,,,,,200.0,2.0,"2026 PSP performance measures simplified to focus solely on underlying EPS Growth (CAGR basis), removing Relative TSR as it was deemed less relevant given the pending take-private Scheme of Arrangement; 2026 annual bonus financial measures simplified to KPIs aligned with Cosmos/Genesis Era ambitions; salary increased 2.8% effective 1 Jan 2026, in line with Jersey cost of living and below wider workforce average increase.",1 January 2026,203,205,207,220,jtc_ar_2025,https://annual-report.jtcgroup.com/.2025/publication/contents/templates/JTC_Group_annual_report_2025.pdf,"=HYPERLINK(""https://annual-report.jtcgroup.com/.2025/publication/contents/templates/JTC_Group_annual_report_2025.pdf#page=103"",""p.103 of AR"")",203.0,"=HYPERLINK(""https://annual-report.jtcgroup.com/.2025/publication/contents/templates/JTC_Group_annual_report_2025.pdf#page=103"",""p.103 of AR"")","=HYPERLINK(""https://annual-report.jtcgroup.com/.2025/publication/contents/templates/JTC_Group_annual_report_2025.pdf#page=103"",""p.103 of AR"")","=HYPERLINK(""https://annual-report.jtcgroup.com/.2025/publication/contents/templates/JTC_Group_annual_report_2025.pdf#page=103"",""p.103 of AR"")","=HYPERLINK(""https://annual-report.jtcgroup.com/.2025/publication/contents/templates/JTC_Group_annual_report_2025.pdf#page=104"",""p.104 of AR"")",3
JTC Plc,JTC LN Equity,,,,,2239.3,,2026,Martin Fotheringham,Chief Financial Officer,CFO,current,398674.0,GBP,1 January 2026,150.0,33.0,2.0,175.0,,,,,175.0,2.0,"2026 PSP performance measures simplified to focus solely on underlying EPS Growth (CAGR basis), removing Relative TSR given the pending take-private Scheme of Arrangement; 2026 annual bonus financial measures simplified to KPIs aligned with Cosmos/Genesis Era ambitions; salary increased 3.2% effective 1 Jan 2026, in line with UK cost of living following CFO's relocation to the UK in 2025, and below wider workforce average increase.",1 January 2026,203,205,207,220,jtc_ar_2025,https://annual-report.jtcgroup.com/.2025/publication/contents/templates/JTC_Group_annual_report_2025.pdf,"=HYPERLINK(""https://annual-report.jtcgroup.com/.2025/publication/contents/templates/JTC_Group_annual_report_2025.pdf#page=103"",""p.103 of AR"")",203.0,"=HYPERLINK(""https://annual-report.jtcgroup.com/.2025/publication/contents/templates/JTC_Group_annual_report_2025.pdf#page=103"",""p.103 of AR"")","=HYPERLINK(""https://annual-report.jtcgroup.com/.2025/publication/contents/templates/JTC_Group_annual_report_2025.pdf#page=103"",""p.103 of AR"")","=HYPERLINK(""https://annual-report.jtcgroup.com/.2025/publication/contents/templates/JTC_Group_annual_report_2025.pdf#page=103"",""p.103 of AR"")","=HYPERLINK(""https://annual-report.jtcgroup.com/.2025/publication/contents/templates/JTC_Group_annual_report_2025.pdf#page=104"",""p.104 of AR"")",3
JTC Plc,JTC LN Equity,,,,,2239.3,,2026,Wendy Holley,Chief Operating Officer,COO,current,307845.0,GBP,1 January 2026,150.0,33.0,2.0,175.0,,,,,175.0,2.0,"2026 PSP performance measures simplified to focus solely on underlying EPS Growth (CAGR basis), removing Relative TSR given the pending take-private Scheme of Arrangement; 2026 annual bonus financial measures simplified to KPIs aligned with Cosmos/Genesis Era ambitions; salary increased 2.8% effective 1 Jan 2026, in line with Jersey cost of living and below wider workforce average increase.",1 January 2026,203,205,207,220,jtc_ar_2025,https://annual-report.jtcgroup.com/.2025/publication/contents/templates/JTC_Group_annual_report_2025.pdf,"=HYPERLINK(""https://annual-report.jtcgroup.com/.2025/publication/contents/templates/JTC_Group_annual_report_2025.pdf#page=103"",""p.103 of AR"")",203.0,"=HYPERLINK(""https://annual-report.jtcgroup.com/.2025/publication/contents/templates/JTC_Group_annual_report_2025.pdf#page=103"",""p.103 of AR"")","=HYPERLINK(""https://annual-report.jtcgroup.com/.2025/publication/contents/templates/JTC_Group_annual_report_2025.pdf#page=103"",""p.103 of AR"")","=HYPERLINK(""https://annual-report.jtcgroup.com/.2025/publication/contents/templates/JTC_Group_annual_report_2025.pdf#page=103"",""p.103 of AR"")","=HYPERLINK(""https://annual-report.jtcgroup.com/.2025/publication/contents/templates/JTC_Group_annual_report_2025.pdf#page=104"",""p.104 of AR"")",3
Jupiter Fund Management Plc,JUP LN Equity,Financials,Financial Services,Capital Markets,Asset Management & Custody Banks,783.1,12.0,2026,Matthew Beesley,Chief Executive Officer,CEO,current,500950.0,GBP,2026,425.0,50.0,3.0,375.0,,,,,500.0,2.0,"Salary increased c.3.5% (to £500,950 from £484,000); bonus, pension and LTIP opportunity percentages unchanged for 2026",2026,128,39,39,177,jupiter_fund_management_ar_2025,https://www.jupiteram.com/content/dam/jupiteram/pdf/jupiter-annual-report-and-accounts-2025.pdf,"=HYPERLINK(""https://www.jupiteram.com/content/dam/jupiteram/pdf/jupiter-annual-report-and-accounts-2025.pdf#page=47"",""p.47 of AR"")",39.0,"=HYPERLINK(""https://www.jupiteram.com/content/dam/jupiteram/pdf/jupiter-annual-report-and-accounts-2025.pdf#page=53"",""p.53 of AR"")","=HYPERLINK(""https://www.jupiteram.com/content/dam/jupiteram/pdf/jupiter-annual-report-and-accounts-2025.pdf#page=47"",""p.47 of AR"")","=HYPERLINK(""https://www.jupiteram.com/content/dam/jupiteram/pdf/jupiter-annual-report-and-accounts-2025.pdf#page=47"",""p.47 of AR"")","=HYPERLINK(""https://www.jupiteram.com/content/dam/jupiteram/pdf/jupiter-annual-report-and-accounts-2025.pdf#page=55"",""p.55 of AR"")",3
Jupiter Fund Management Plc,JUP LN Equity,Financials,Financial Services,Capital Markets,Asset Management & Custody Banks,783.1,12.0,2026,Wayne Mepham,Chief Financial & Operating Officer,CFO,current,437800.0,GBP,2026,300.0,50.0,3.0,275.0,,,,,300.0,2.0,"Salary increased c.3% (to £437,800 from £425,000); bonus, pension and LTIP opportunity percentages unchanged for 2026",2026,128,39,39,177,jupiter_fund_management_ar_2025,https://www.jupiteram.com/content/dam/jupiteram/pdf/jupiter-annual-report-and-accounts-2025.pdf,"=HYPERLINK(""https://www.jupiteram.com/content/dam/jupiteram/pdf/jupiter-annual-report-and-accounts-2025.pdf#page=47"",""p.47 of AR"")",39.0,"=HYPERLINK(""https://www.jupiteram.com/content/dam/jupiteram/pdf/jupiter-annual-report-and-accounts-2025.pdf#page=53"",""p.53 of AR"")","=HYPERLINK(""https://www.jupiteram.com/content/dam/jupiteram/pdf/jupiter-annual-report-and-accounts-2025.pdf#page=47"",""p.47 of AR"")","=HYPERLINK(""https://www.jupiteram.com/content/dam/jupiteram/pdf/jupiter-annual-report-and-accounts-2025.pdf#page=47"",""p.47 of AR"")","=HYPERLINK(""https://www.jupiteram.com/content/dam/jupiteram/pdf/jupiter-annual-report-and-accounts-2025.pdf#page=55"",""p.55 of AR"")",3
Just Group Plc,JUST LN Equity,Financials,Insurance,Insurance,Life & Health Insurance,2308.0,,2026,David Richardson,Chief Executive Officer,CEO,current,742630.0,GBP,1 April 2026,150.0,40.0,3.0,250.0,,,,,200.0,,"Salary increased 3% from 1 April 2026 to £742,630; STIP maximum unchanged at 150% of salary; LTIP award level unchanged at 250% of salary with a further two-year post-vesting holding period; no significant changes to the overall Directors' Remuneration Policy versus that approved at the 2023 AGM",1 April 2026,159,159,164,86,just_group_ar_2025,https://www.justgroupplc.co.uk/~/media/Files/J/Just-Retirement-Corp/investor-docs/financial-reports-and-presentations/2026/just-group-annual-report-2025.pdf,"=HYPERLINK(""https://www.justgroupplc.co.uk/~/media/Files/J/Just-Retirement-Corp/investor-docs/financial-reports-and-presentations/2026/just-group-annual-report-2025.pdf#page=121"",""p.121 of AR"")",159.0,"=HYPERLINK(""https://www.justgroupplc.co.uk/~/media/Files/J/Just-Retirement-Corp/investor-docs/financial-reports-and-presentations/2026/just-group-annual-report-2025.pdf#page=121"",""p.121 of AR"")","=HYPERLINK(""https://www.justgroupplc.co.uk/~/media/Files/J/Just-Retirement-Corp/investor-docs/financial-reports-and-presentations/2026/just-group-annual-report-2025.pdf#page=121"",""p.121 of AR"")","=HYPERLINK(""https://www.justgroupplc.co.uk/~/media/Files/J/Just-Retirement-Corp/investor-docs/financial-reports-and-presentations/2026/just-group-annual-report-2025.pdf#page=122"",""p.122 of AR"")","=HYPERLINK(""https://www.justgroupplc.co.uk/~/media/Files/J/Just-Retirement-Corp/investor-docs/financial-reports-and-presentations/2026/just-group-annual-report-2025.pdf#page=114"",""p.114 of AR"")",3
Just Group Plc,JUST LN Equity,Financials,Insurance,Insurance,Life & Health Insurance,2308.0,,2026,Mark Godson,Chief Financial Officer,CFO,current,484000.0,GBP,1 April 2026,150.0,40.0,3.0,175.0,,,,,200.0,,"Salary increased 10% from 1 April 2026 to £484,000, representing the second phase of a planned increase to close the gap with his predecessor's salary, recognising exceptional performance including work on the BWS acquisition; STIP maximum unchanged at 150% of salary; LTIP award level unchanged at 175% of salary with a further two-year post-vesting holding period; no significant changes to the overall Directors' Remuneration Policy versus that approved at the 2023 AGM",1 April 2026,159,159,164,86,just_group_ar_2025,https://www.justgroupplc.co.uk/~/media/Files/J/Just-Retirement-Corp/investor-docs/financial-reports-and-presentations/2026/just-group-annual-report-2025.pdf,"=HYPERLINK(""https://www.justgroupplc.co.uk/~/media/Files/J/Just-Retirement-Corp/investor-docs/financial-reports-and-presentations/2026/just-group-annual-report-2025.pdf#page=121"",""p.121 of AR"")",159.0,"=HYPERLINK(""https://www.justgroupplc.co.uk/~/media/Files/J/Just-Retirement-Corp/investor-docs/financial-reports-and-presentations/2026/just-group-annual-report-2025.pdf#page=121"",""p.121 of AR"")","=HYPERLINK(""https://www.justgroupplc.co.uk/~/media/Files/J/Just-Retirement-Corp/investor-docs/financial-reports-and-presentations/2026/just-group-annual-report-2025.pdf#page=121"",""p.121 of AR"")","=HYPERLINK(""https://www.justgroupplc.co.uk/~/media/Files/J/Just-Retirement-Corp/investor-docs/financial-reports-and-presentations/2026/just-group-annual-report-2025.pdf#page=122"",""p.122 of AR"")","=HYPERLINK(""https://www.justgroupplc.co.uk/~/media/Files/J/Just-Retirement-Corp/investor-docs/financial-reports-and-presentations/2026/just-group-annual-report-2025.pdf#page=114"",""p.114 of AR"")",3
Kainos Group Plc,KNOS LN Equity,Information Technology,Software & Services,IT Services,IT Consulting & Other Services,941.3,3.0,2026,Brendan Mooney,Chief Executive Officer,CEO,current,226600.0,GBP,,150.0,33.0,3.0,300.0,,,,,200.0,2.0,"Proposed FY26 policy includes: strengthened malus and clawback provisions applied to bonus and LTIP; greater focus on LTIP as % of Total Target Compensation; review of performance measures/weightings/targets; transition to performance shares for senior leadership (replacing share options); adjustments to SAYE/SIP frequency, timing and quantum. Note: Brendan has voluntarily taken a lower base salary than the policy provides, which also reduces incentive and pension values calculated as multiples of salary.","AGM 23 September 2025, applying for the year commencing 1 April 2025",103,110,64,161,kainos_group_ar_2025,https://get.kainos.com/rs/935-JPR-705/images/Kainos%20Annual%20Report%202026.pdf?version=0,"=HYPERLINK(""https://get.kainos.com/rs/935-JPR-705/images/Kainos%20Annual%20Report%202026.pdf?version=0#page=94"",""p.94 of AR"")",103.0,"=HYPERLINK(""https://get.kainos.com/rs/935-JPR-705/images/Kainos%20Annual%20Report%202026.pdf?version=0#page=94"",""p.94 of AR"")","=HYPERLINK(""https://get.kainos.com/rs/935-JPR-705/images/Kainos%20Annual%20Report%202026.pdf?version=0#page=95"",""p.95 of AR"")","=HYPERLINK(""https://get.kainos.com/rs/935-JPR-705/images/Kainos%20Annual%20Report%202026.pdf?version=0#page=90"",""p.90 of AR"")","=HYPERLINK(""https://get.kainos.com/rs/935-JPR-705/images/Kainos%20Annual%20Report%202026.pdf?version=0#page=99"",""p.99 of AR"")",3
Kainos Group Plc,KNOS LN Equity,Information Technology,Software & Services,IT Services,IT Consulting & Other Services,941.3,3.0,2026,Richard McCann,Chief Financial Officer,CFO,current,,,,150.0,33.0,3.0,300.0,,,,,200.0,2.0,"Proposed FY26 policy includes: strengthened malus and clawback provisions applied to bonus and LTIP; greater focus on LTIP as % of Total Target Compensation; review of performance measures/weightings/targets; transition to performance shares for senior leadership (replacing share options); adjustments to SAYE/SIP frequency, timing and quantum.","AGM 23 September 2025, applying for the year commencing 1 April 2025",103,110,64,161,kainos_group_ar_2025,https://get.kainos.com/rs/935-JPR-705/images/Kainos%20Annual%20Report%202026.pdf?version=0,"=HYPERLINK(""https://get.kainos.com/rs/935-JPR-705/images/Kainos%20Annual%20Report%202026.pdf?version=0#page=95"",""p.95 of AR"")",110.0,"=HYPERLINK(""https://get.kainos.com/rs/935-JPR-705/images/Kainos%20Annual%20Report%202026.pdf?version=0#page=94"",""p.94 of AR"")","=HYPERLINK(""https://get.kainos.com/rs/935-JPR-705/images/Kainos%20Annual%20Report%202026.pdf?version=0#page=95"",""p.95 of AR"")","=HYPERLINK(""https://get.kainos.com/rs/935-JPR-705/images/Kainos%20Annual%20Report%202026.pdf?version=0#page=90"",""p.90 of AR"")","=HYPERLINK(""https://get.kainos.com/rs/935-JPR-705/images/Kainos%20Annual%20Report%202026.pdf?version=0#page=99"",""p.99 of AR"")",3
Kainos Group Plc,KNOS LN Equity,Information Technology,Software & Services,IT Services,IT Consulting & Other Services,941.3,3.0,2027,Brendan Mooney,Chief Executive Officer,CEO,current,226600.0,GBP,,150.0,33.33,3.0,300.0,,,,,200.0,2.0,"No salary increase awarded in June 2025 (below wider workforce increase); Mooney voluntarily receives a lower base salary than provided for under policy, which correspondingly reduces incentive and pension values calculated as a multiple of salary.",,108,59,59,155,kainos_group_ar_2026,https://get.kainos.com/rs/935-JPR-705/images/Kainos%20Annual%20Report%202026.pdf?version=0,"=HYPERLINK(""https://get.kainos.com/rs/935-JPR-705/images/Kainos%20Annual%20Report%202026.pdf?version=0#page=92"",""p.92 of AR"")",29.0,"=HYPERLINK(""https://get.kainos.com/rs/935-JPR-705/images/Kainos%20Annual%20Report%202026.pdf?version=0#page=101"",""p.101 of AR"")","=HYPERLINK(""https://get.kainos.com/rs/935-JPR-705/images/Kainos%20Annual%20Report%202026.pdf?version=0#page=95"",""p.95 of AR"")","=HYPERLINK(""https://get.kainos.com/rs/935-JPR-705/images/Kainos%20Annual%20Report%202026.pdf?version=0#page=95"",""p.95 of AR"")","=HYPERLINK(""https://get.kainos.com/rs/935-JPR-705/images/Kainos%20Annual%20Report%202026.pdf?version=0#page=105"",""p.105 of AR"")",3
Kainos Group Plc,KNOS LN Equity,Information Technology,Software & Services,IT Services,IT Consulting & Other Services,941.3,3.0,2027,Richard McCann,Chief Financial Officer,CFO,current,275000.0,GBP,,150.0,33.33,3.0,300.0,,,,,200.0,2.0,No salary increase awarded in June 2025 (below wider workforce increase).,,derived,59,59,155,kainos_group_ar_2026,https://get.kainos.com/rs/935-JPR-705/images/Kainos%20Annual%20Report%202026.pdf?version=0,"=HYPERLINK(""https://get.kainos.com/rs/935-JPR-705/images/Kainos%20Annual%20Report%202026.pdf?version=0#page=93"",""p.93 of AR"")",41.0,derived,"=HYPERLINK(""https://get.kainos.com/rs/935-JPR-705/images/Kainos%20Annual%20Report%202026.pdf?version=0#page=95"",""p.95 of AR"")","=HYPERLINK(""https://get.kainos.com/rs/935-JPR-705/images/Kainos%20Annual%20Report%202026.pdf?version=0#page=95"",""p.95 of AR"")","=HYPERLINK(""https://get.kainos.com/rs/935-JPR-705/images/Kainos%20Annual%20Report%202026.pdf?version=0#page=105"",""p.105 of AR"")",3
Keller Group Plc,KLR LN Equity,Industrials,Capital Goods,Construction & Engineering,Construction & Engineering,1593.7,12.0,2026,James Wroath,Chief Executive Officer,CEO,current,698714.0,GBP,1 January 2026,150.0,25.0,2.0,175.0,,,,,200.0,2.0,"Salary increased 4% for 2026, in line with the wider UK workforce. No change to annual bonus opportunity (150% of salary) or LTIP opportunity (175% of salary), which remain within the policy maximum of 200%. No two-vehicle LTIP split — single PSP award only.",1 January 2026,49,19,51,52,keller_group_ar_2025,https://investors.keller.com/~/media/Files/K/Keller-IR/reports/2026rep/keller-group-plc-annual-report-2025.pdf,"=HYPERLINK(""https://investors.keller.com/~/media/Files/K/Keller-IR/reports/2026rep/keller-group-plc-annual-report-2025.pdf#page=143"",""p.143 of AR"")",21.0,"=HYPERLINK(""https://investors.keller.com/~/media/Files/K/Keller-IR/reports/2026rep/keller-group-plc-annual-report-2025.pdf#page=146"",""p.146 of AR"")","=HYPERLINK(""https://investors.keller.com/~/media/Files/K/Keller-IR/reports/2026rep/keller-group-plc-annual-report-2025.pdf#page=143"",""p.143 of AR"")","=HYPERLINK(""https://investors.keller.com/~/media/Files/K/Keller-IR/reports/2026rep/keller-group-plc-annual-report-2025.pdf#page=146"",""p.146 of AR"")","=HYPERLINK(""https://investors.keller.com/~/media/Files/K/Keller-IR/reports/2026rep/keller-group-plc-annual-report-2025.pdf#page=146"",""p.146 of AR"")",3
Keller Group Plc,KLR LN Equity,Industrials,Capital Goods,Construction & Engineering,Construction & Engineering,1593.7,12.0,2026,David Burke,Chief Financial Officer,CFO,current,493875.0,GBP,1 January 2026,150.0,25.0,2.0,150.0,,,,,200.0,2.0,"Salary increased 12% for 2026 (above the 4% average UK workforce increase) to bring package to a more competitive level, reflecting sustained strong performance. No change to annual bonus opportunity (150% of salary) or LTIP opportunity (150% of salary), which remain within the policy maximum of 200%. No two-vehicle LTIP split — single PSP award only.",1 January 2026,49,50,51,52,keller_group_ar_2025,https://investors.keller.com/~/media/Files/K/Keller-IR/reports/2026rep/keller-group-plc-annual-report-2025.pdf,"=HYPERLINK(""https://investors.keller.com/~/media/Files/K/Keller-IR/reports/2026rep/keller-group-plc-annual-report-2025.pdf#page=143"",""p.143 of AR"")",21.0,"=HYPERLINK(""https://investors.keller.com/~/media/Files/K/Keller-IR/reports/2026rep/keller-group-plc-annual-report-2025.pdf#page=146"",""p.146 of AR"")","=HYPERLINK(""https://investors.keller.com/~/media/Files/K/Keller-IR/reports/2026rep/keller-group-plc-annual-report-2025.pdf#page=146"",""p.146 of AR"")","=HYPERLINK(""https://investors.keller.com/~/media/Files/K/Keller-IR/reports/2026rep/keller-group-plc-annual-report-2025.pdf#page=146"",""p.146 of AR"")","=HYPERLINK(""https://investors.keller.com/~/media/Files/K/Keller-IR/reports/2026rep/keller-group-plc-annual-report-2025.pdf#page=146"",""p.146 of AR"")",3
Kier Group Plc,KIE LN Equity,Industrials,Capital Goods,Construction & Engineering,Construction & Engineering,863.1,6.0,2026,Andrew Davies,Chief Executive Officer,CEO,current,813141.0,GBP,1 October 2025,150.0,33.0,3.0,,,,,,200.0,2.0,Retiring from the Board on 1 November 2025; no LTIP award for FY26; annual bonus to be pro-rated; no bonus deferral applied due to retirement.,,240,240,240,246,kier_group_ar_2025,https://www.kier.co.uk/media/mq5fuk3l/kier-ar2025.pdf,"=HYPERLINK(""https://www.kier.co.uk/media/mq5fuk3l/kier-ar2025.pdf#page=99"",""p.99 of AR"")",108.0,"=HYPERLINK(""https://www.kier.co.uk/media/mq5fuk3l/kier-ar2025.pdf#page=111"",""p.111 of AR"")","=HYPERLINK(""https://www.kier.co.uk/media/mq5fuk3l/kier-ar2025.pdf#page=111"",""p.111 of AR"")","=HYPERLINK(""https://www.kier.co.uk/media/mq5fuk3l/kier-ar2025.pdf#page=111"",""p.111 of AR"")","=HYPERLINK(""https://www.kier.co.uk/media/mq5fuk3l/kier-ar2025.pdf#page=112"",""p.112 of AR"")",3
Kier Group Plc,KIE LN Equity,Industrials,Capital Goods,Construction & Engineering,Construction & Engineering,863.1,6.0,2026,Simon Kesterton,Chief Financial Officer,CFO,current,585198.0,GBP,1 October 2025,150.0,33.0,3.0,175.0,,,,,200.0,2.0,Salary increased by 3%; LTIP award level unchanged at 175% of salary; no other material changes.,,108,240,63,246,kier_group_ar_2025,https://www.kier.co.uk/media/mq5fuk3l/kier-ar2025.pdf,"=HYPERLINK(""https://www.kier.co.uk/media/mq5fuk3l/kier-ar2025.pdf#page=99"",""p.99 of AR"")",108.0,"=HYPERLINK(""https://www.kier.co.uk/media/mq5fuk3l/kier-ar2025.pdf#page=99"",""p.99 of AR"")","=HYPERLINK(""https://www.kier.co.uk/media/mq5fuk3l/kier-ar2025.pdf#page=111"",""p.111 of AR"")","=HYPERLINK(""https://www.kier.co.uk/media/mq5fuk3l/kier-ar2025.pdf#page=96"",""p.96 of AR"")","=HYPERLINK(""https://www.kier.co.uk/media/mq5fuk3l/kier-ar2025.pdf#page=112"",""p.112 of AR"")",3
Kier Group Plc,KIE LN Equity,Industrials,Capital Goods,Construction & Engineering,Construction & Engineering,863.1,6.0,2026,Stuart Togwell,Chief Executive Officer,CEO,current,710000.0,GBP,1 November 2025,150.0,33.0,3.0,175.0,,,,,200.0,2.0,"Appointed Chief Executive effective 1 November 2025; salary increased to £710,000; annual bonus maximum increased to 150% of salary; LTIP maximum increased to 175% of salary, aligning his package with the CEO role.",1 November 2025,57,57,57,246,kier_group_ar_2025,https://www.kier.co.uk/media/mq5fuk3l/kier-ar2025.pdf,"=HYPERLINK(""https://www.kier.co.uk/media/mq5fuk3l/kier-ar2025.pdf#page=96"",""p.96 of AR"")",57.0,"=HYPERLINK(""https://www.kier.co.uk/media/mq5fuk3l/kier-ar2025.pdf#page=96"",""p.96 of AR"")","=HYPERLINK(""https://www.kier.co.uk/media/mq5fuk3l/kier-ar2025.pdf#page=96"",""p.96 of AR"")","=HYPERLINK(""https://www.kier.co.uk/media/mq5fuk3l/kier-ar2025.pdf#page=96"",""p.96 of AR"")","=HYPERLINK(""https://www.kier.co.uk/media/mq5fuk3l/kier-ar2025.pdf#page=112"",""p.112 of AR"")",3
Kingfisher Plc,KGF LN Equity,Consumer Discretionary,Consumer Discretionary Distribution & Retail,Specialty Retail,Home Improvement Retail,4583.7,1.0,2027,Thierry Garnier,Chief Executive Officer,CEO,current,959600.0,GBP,1 April 2026,200.0,,3.0,275.0,,,,,350.0,2.0,"Policy presented unchanged from that approved by shareholders at the 2025 AGM, other than minor wording updates (reflecting shareholder approval, vesting of legacy awards, updated bonus/PSP measure rationale for 2026/27, and updated scenario charts). Salary increased 2.5% effective 1 April 2026, in line with wider workforce increases.",1 April 2026,41,64,75,107,kingfisher_ar_2025_26,https://www.kingfisher.com/~/media/Files/K/Kingfisher-Plc/Universal/investors/result-reports-presentation/2026/2526-annual-report-and-accounts.pdf,"=HYPERLINK(""https://www.kingfisher.com/~/media/Files/K/Kingfisher-Plc/Universal/investors/result-reports-presentation/2026/2526-annual-report-and-accounts.pdf#page=77"",""p.77 of AR"")",41.0,"=HYPERLINK(""https://www.kingfisher.com/~/media/Files/K/Kingfisher-Plc/Universal/investors/result-reports-presentation/2026/2526-annual-report-and-accounts.pdf#page=77"",""p.77 of AR"")","=HYPERLINK(""https://www.kingfisher.com/~/media/Files/K/Kingfisher-Plc/Universal/investors/result-reports-presentation/2026/2526-annual-report-and-accounts.pdf#page=79"",""p.79 of AR"")","=HYPERLINK(""https://www.kingfisher.com/~/media/Files/K/Kingfisher-Plc/Universal/investors/result-reports-presentation/2026/2526-annual-report-and-accounts.pdf#page=79"",""p.79 of AR"")","=HYPERLINK(""https://www.kingfisher.com/~/media/Files/K/Kingfisher-Plc/Universal/investors/result-reports-presentation/2026/2526-annual-report-and-accounts.pdf#page=81"",""p.81 of AR"")",3
Kingfisher Plc,KGF LN Equity,Consumer Discretionary,Consumer Discretionary Distribution & Retail,Specialty Retail,Home Improvement Retail,4583.7,1.0,2027,Bhavesh Mistry,Chief Financial Officer,CFO,current,661130.0,GBP,1 April 2026,190.0,,3.0,260.0,,,,,270.0,2.0,"Policy presented unchanged from that approved by shareholders at the 2025 AGM, other than minor wording updates (reflecting shareholder approval, vesting of legacy awards, updated bonus/PSP measure rationale for 2026/27, and updated scenario charts). Salary increased 2.5% effective 1 April 2026, in line with wider workforce increases.",1 April 2026,41,64,75,107,kingfisher_ar_2025_26,https://www.kingfisher.com/~/media/Files/K/Kingfisher-Plc/Universal/investors/result-reports-presentation/2026/2526-annual-report-and-accounts.pdf,"=HYPERLINK(""https://www.kingfisher.com/~/media/Files/K/Kingfisher-Plc/Universal/investors/result-reports-presentation/2026/2526-annual-report-and-accounts.pdf#page=77"",""p.77 of AR"")",41.0,"=HYPERLINK(""https://www.kingfisher.com/~/media/Files/K/Kingfisher-Plc/Universal/investors/result-reports-presentation/2026/2526-annual-report-and-accounts.pdf#page=77"",""p.77 of AR"")","=HYPERLINK(""https://www.kingfisher.com/~/media/Files/K/Kingfisher-Plc/Universal/investors/result-reports-presentation/2026/2526-annual-report-and-accounts.pdf#page=79"",""p.79 of AR"")","=HYPERLINK(""https://www.kingfisher.com/~/media/Files/K/Kingfisher-Plc/Universal/investors/result-reports-presentation/2026/2526-annual-report-and-accounts.pdf#page=79"",""p.79 of AR"")","=HYPERLINK(""https://www.kingfisher.com/~/media/Files/K/Kingfisher-Plc/Universal/investors/result-reports-presentation/2026/2526-annual-report-and-accounts.pdf#page=81"",""p.81 of AR"")",3
Lancashire Holdings,LRE LN Equity,Financials,Insurance,Insurance,Property & Casualty Insurance,1517.2,12.0,2026,Alex Maloney,Group Chief Executive Officer (CEO),CEO,current,893500.0,GBP,1 January 2026,300.0,33.33,3.0,350.0,,,,,350.0,2.0,"RSS maximum opportunity ceiling increased from 350% to 400% of salary (no change to actual 2026 grant level of 350%, this simply provides additional headroom); in-employment shareholding requirement increased from 200% to 350% of salary to reflect higher RSS opportunity relative to other Executive Directors; Committee gains flexibility to reduce bonus deferral once shareholding guideline is met (not applied for 2026); non-financial bonus element simplified to shared objectives rather than individual personal objectives.",,277,281,94,302,lancashire_holdings_ar_2025,https://www.lancashiregroup.com/content/dam/lancashire/corporate2020/OAR/oar-2025/documents/Lancashire-Annual-Report-and-Accounts-2025.pdf,"=HYPERLINK(""https://www.lancashiregroup.com/content/dam/lancashire/corporate2020/OAR/oar-2025/documents/Lancashire-Annual-Report-and-Accounts-2025.pdf#page=126"",""p.126 of AR"")",277.0,"=HYPERLINK(""https://www.lancashiregroup.com/content/dam/lancashire/corporate2020/OAR/oar-2025/documents/Lancashire-Annual-Report-and-Accounts-2025.pdf#page=126"",""p.126 of AR"")","=HYPERLINK(""https://www.lancashiregroup.com/content/dam/lancashire/corporate2020/OAR/oar-2025/documents/Lancashire-Annual-Report-and-Accounts-2025.pdf#page=126"",""p.126 of AR"")","=HYPERLINK(""https://www.lancashiregroup.com/content/dam/lancashire/corporate2020/OAR/oar-2025/documents/Lancashire-Annual-Report-and-Accounts-2025.pdf#page=112"",""p.112 of AR"")","=HYPERLINK(""https://www.lancashiregroup.com/content/dam/lancashire/corporate2020/OAR/oar-2025/documents/Lancashire-Annual-Report-and-Accounts-2025.pdf#page=127"",""p.127 of AR"")",3
Lancashire Holdings,LRE LN Equity,Financials,Insurance,Insurance,Property & Casualty Insurance,1517.2,12.0,2026,Natalie Kershaw,Group Chief Financial Officer (CFO),CFO,current,586500.0,GBP,1 January 2026,300.0,33.33,3.0,275.0,,,,,200.0,2.0,No change to her RSS grant level (275% of salary) or shareholding requirement (remains 200%/two times salary); benefits from the general policy headroom increase to 400% RSS ceiling and new bonus-deferral flexibility (not applied for 2026); non-financial bonus element simplified to shared objectives.,,277,281,94,302,lancashire_holdings_ar_2025,https://www.lancashiregroup.com/content/dam/lancashire/corporate2020/OAR/oar-2025/documents/Lancashire-Annual-Report-and-Accounts-2025.pdf,"=HYPERLINK(""https://www.lancashiregroup.com/content/dam/lancashire/corporate2020/OAR/oar-2025/documents/Lancashire-Annual-Report-and-Accounts-2025.pdf#page=126"",""p.126 of AR"")",277.0,"=HYPERLINK(""https://www.lancashiregroup.com/content/dam/lancashire/corporate2020/OAR/oar-2025/documents/Lancashire-Annual-Report-and-Accounts-2025.pdf#page=126"",""p.126 of AR"")","=HYPERLINK(""https://www.lancashiregroup.com/content/dam/lancashire/corporate2020/OAR/oar-2025/documents/Lancashire-Annual-Report-and-Accounts-2025.pdf#page=126"",""p.126 of AR"")","=HYPERLINK(""https://www.lancashiregroup.com/content/dam/lancashire/corporate2020/OAR/oar-2025/documents/Lancashire-Annual-Report-and-Accounts-2025.pdf#page=112"",""p.112 of AR"")","=HYPERLINK(""https://www.lancashiregroup.com/content/dam/lancashire/corporate2020/OAR/oar-2025/documents/Lancashire-Annual-Report-and-Accounts-2025.pdf#page=127"",""p.127 of AR"")",3
Lancashire Holdings,LRE LN Equity,Financials,Insurance,Insurance,Property & Casualty Insurance,1517.2,12.0,2026,Paul Gregory,Group Chief Underwriting Officer (CUO),Other Executive,current,744500.0,GBP,1 January 2026,300.0,33.33,3.0,300.0,,,,,200.0,2.0,No change to his RSS grant level (300% of salary) or shareholding requirement (remains 200%/two times salary); benefits from the general policy headroom increase to 400% RSS ceiling and new bonus-deferral flexibility (not applied for 2026); non-financial bonus element simplified to shared objectives.,,277,281,94,302,lancashire_holdings_ar_2025,https://www.lancashiregroup.com/content/dam/lancashire/corporate2020/OAR/oar-2025/documents/Lancashire-Annual-Report-and-Accounts-2025.pdf,"=HYPERLINK(""https://www.lancashiregroup.com/content/dam/lancashire/corporate2020/OAR/oar-2025/documents/Lancashire-Annual-Report-and-Accounts-2025.pdf#page=126"",""p.126 of AR"")",277.0,"=HYPERLINK(""https://www.lancashiregroup.com/content/dam/lancashire/corporate2020/OAR/oar-2025/documents/Lancashire-Annual-Report-and-Accounts-2025.pdf#page=126"",""p.126 of AR"")","=HYPERLINK(""https://www.lancashiregroup.com/content/dam/lancashire/corporate2020/OAR/oar-2025/documents/Lancashire-Annual-Report-and-Accounts-2025.pdf#page=126"",""p.126 of AR"")","=HYPERLINK(""https://www.lancashiregroup.com/content/dam/lancashire/corporate2020/OAR/oar-2025/documents/Lancashire-Annual-Report-and-Accounts-2025.pdf#page=112"",""p.112 of AR"")","=HYPERLINK(""https://www.lancashiregroup.com/content/dam/lancashire/corporate2020/OAR/oar-2025/documents/Lancashire-Annual-Report-and-Accounts-2025.pdf#page=127"",""p.127 of AR"")",3
Land Securities Group Plc,LAND LN Equity,,,,,4317.5,3.0,2026,Mark Allan,Chief Executive Officer,CEO,current,905000.0,GBP,1 June 2025,150.0,,,300.0,,,,,300.0,,"Base salary increased by 2.5% effective 1 June 2025, in line with the wider workforce range; no changes proposed to the overall Remuneration Policy structure (bonus max, deferral rules, and LTIP max remain unchanged from 2024/25)",1 June 2025,81,90,92,56,land_securities_group_ar_2025,https://content.landsec.com/media/kqml0uxw/landsec-annual-report-2026-interactive.pdf,"=HYPERLINK(""https://content.landsec.com/media/kqml0uxw/landsec-annual-report-2026-interactive.pdf#page=76"",""p.76 of AR"")",81.0,"=HYPERLINK(""https://content.landsec.com/media/kqml0uxw/landsec-annual-report-2026-interactive.pdf#page=76"",""p.76 of AR"")","=HYPERLINK(""https://content.landsec.com/media/kqml0uxw/landsec-annual-report-2026-interactive.pdf#page=77"",""p.77 of AR"")","=HYPERLINK(""https://content.landsec.com/media/kqml0uxw/landsec-annual-report-2026-interactive.pdf#page=77"",""p.77 of AR"")","=HYPERLINK(""https://content.landsec.com/media/kqml0uxw/landsec-annual-report-2026-interactive.pdf#page=74"",""p.74 of AR"")",3
Land Securities Group Plc,LAND LN Equity,,,,,4317.5,3.0,2026,Vanessa Simms,Chief Financial Officer,CFO,current,554000.0,GBP,1 June 2025,150.0,,,300.0,,,,,200.0,,"Base salary increased by 2.5% effective 1 June 2025, in line with the wider workforce range; no changes proposed to the overall Remuneration Policy structure (bonus max, deferral rules, and LTIP max remain unchanged from 2024/25)",1 June 2025,81,90,92,56,land_securities_group_ar_2025,https://content.landsec.com/media/kqml0uxw/landsec-annual-report-2026-interactive.pdf,"=HYPERLINK(""https://content.landsec.com/media/kqml0uxw/landsec-annual-report-2026-interactive.pdf#page=76"",""p.76 of AR"")",81.0,"=HYPERLINK(""https://content.landsec.com/media/kqml0uxw/landsec-annual-report-2026-interactive.pdf#page=76"",""p.76 of AR"")","=HYPERLINK(""https://content.landsec.com/media/kqml0uxw/landsec-annual-report-2026-interactive.pdf#page=77"",""p.77 of AR"")","=HYPERLINK(""https://content.landsec.com/media/kqml0uxw/landsec-annual-report-2026-interactive.pdf#page=77"",""p.77 of AR"")","=HYPERLINK(""https://content.landsec.com/media/kqml0uxw/landsec-annual-report-2026-interactive.pdf#page=74"",""p.74 of AR"")",3
Law Debenture Corporation Plc,LWDB LN Equity,,,,,1554.7,,2026,Denis Jackson,Chief Executive Officer,CEO,current,463000.0,GBP,1 April 2026,125.0,50.0,3.0,150.0,,,,,200.0,2.0,"Base salary increased by 2.9% to £463,000 from 1 April 2026, slightly below the wider workforce average increase; this follows completion of the phased three-stage salary correction applied during 2023–2025. No changes to bonus maximum (125%), LTIP maximum (150%), or shareholding requirements.",1 April 2026,162,167,167,170,law_debenture_corporation_ar_2025,https://media.umbraco.io/lawdebenture/bibiryhc/law-debenture-annual-report-and-accounts-2025.pdf,"=HYPERLINK(""https://media.umbraco.io/lawdebenture/bibiryhc/law-debenture-annual-report-and-accounts-2025.pdf#page=105"",""p.105 of AR"")",162.0,"=HYPERLINK(""https://media.umbraco.io/lawdebenture/bibiryhc/law-debenture-annual-report-and-accounts-2025.pdf#page=105"",""p.105 of AR"")","=HYPERLINK(""https://media.umbraco.io/lawdebenture/bibiryhc/law-debenture-annual-report-and-accounts-2025.pdf#page=106"",""p.106 of AR"")","=HYPERLINK(""https://media.umbraco.io/lawdebenture/bibiryhc/law-debenture-annual-report-and-accounts-2025.pdf#page=106"",""p.106 of AR"")","=HYPERLINK(""https://media.umbraco.io/lawdebenture/bibiryhc/law-debenture-annual-report-and-accounts-2025.pdf#page=107"",""p.107 of AR"")",3
Law Debenture Corporation Plc,LWDB LN Equity,,,,,1554.7,,2026,Trish Houston,Chief Operating Officer,COO,current,350000.0,GBP,1 April 2026,125.0,50.0,3.0,150.0,,,,,200.0,2.0,"Phased re-positioning of base salary over 2026–27 (£350k in 2026, £375k in 2027, subject to continued good performance) to bring salary closer to the median benchmark of £375k, following shareholder consultation and support. This is the only material policy change proposed for 2026–28; annual bonus maximum (125%), LTIP maximum (150%), and shareholding requirements remain unchanged.",1 April 2026,40,167,167,170,law_debenture_corporation_ar_2025,https://media.umbraco.io/lawdebenture/bibiryhc/law-debenture-annual-report-and-accounts-2025.pdf,"=HYPERLINK(""https://media.umbraco.io/lawdebenture/bibiryhc/law-debenture-annual-report-and-accounts-2025.pdf#page=104"",""p.104 of AR"")",159.0,"=HYPERLINK(""https://media.umbraco.io/lawdebenture/bibiryhc/law-debenture-annual-report-and-accounts-2025.pdf#page=89"",""p.89 of AR"")","=HYPERLINK(""https://media.umbraco.io/lawdebenture/bibiryhc/law-debenture-annual-report-and-accounts-2025.pdf#page=106"",""p.106 of AR"")","=HYPERLINK(""https://media.umbraco.io/lawdebenture/bibiryhc/law-debenture-annual-report-and-accounts-2025.pdf#page=106"",""p.106 of AR"")","=HYPERLINK(""https://media.umbraco.io/lawdebenture/bibiryhc/law-debenture-annual-report-and-accounts-2025.pdf#page=107"",""p.107 of AR"")",3
Legal & General Group Plc,LGEN LN Equity,Financials,Insurance,Insurance,Life & Health Insurance,14644.0,12.0,2026,António Simões,Group Chief Executive Officer (CEO),CEO,current,1210300.0,GBP,1 March 2026,200.0,50.0,3.0,400.0,,,,,350.0,2.0,"PSP maximum opportunity increased from 300% to 400% of base pay (2026 actual grant set at 350%, below the new maximum); shareholding requirement increased from 325% to 350% of base pay to align with increased PSP award, applying both in-role and for 2 years post-employment; the 20% cap on strategic measures weighting within PSP has been removed to allow more flexibility in setting measures; no base salary increase for 2026; pension contributions increased to 13% of base pay (in line with wider workforce).",21 May 2026,79,58,96,51,legal_and_general_group_ar_2025,https://group.legalandgeneral.com/media/dgofuvu2/annual-reports-and-accounts-2025.pdf,"=HYPERLINK(""https://group.legalandgeneral.com/media/dgofuvu2/annual-reports-and-accounts-2025.pdf#page=90"",""p.90 of AR"")",79.0,"=HYPERLINK(""https://group.legalandgeneral.com/media/dgofuvu2/annual-reports-and-accounts-2025.pdf#page=90"",""p.90 of AR"")","=HYPERLINK(""https://group.legalandgeneral.com/media/dgofuvu2/annual-reports-and-accounts-2025.pdf#page=88"",""p.88 of AR"")","=HYPERLINK(""https://group.legalandgeneral.com/media/dgofuvu2/annual-reports-and-accounts-2025.pdf#page=93"",""p.93 of AR"")","=HYPERLINK(""https://group.legalandgeneral.com/media/dgofuvu2/annual-reports-and-accounts-2025.pdf#page=88"",""p.88 of AR"")",3
Legal & General Group Plc,LGEN LN Equity,Financials,Insurance,Insurance,Life & Health Insurance,14644.0,12.0,2026,Andrew Kail,Group Chief Financial Officer (CFO),CFO,current,800000.0,GBP,1 March 2026,200.0,50.0,3.0,400.0,,,,,325.0,2.0,"As CFO, his 2026 PSP grant remains at 300% of base pay (below the new 400% policy maximum, which was increased primarily to benefit the CEO); shareholding requirement remains at 325% of base pay (no change for CFO, unlike CEO's increase); no base salary increase for 2026; pension contributions increased to 13% of base pay (in line with wider workforce).",21 May 2026,79,58,96,219,legal_and_general_group_ar_2025,https://group.legalandgeneral.com/media/dgofuvu2/annual-reports-and-accounts-2025.pdf,"=HYPERLINK(""https://group.legalandgeneral.com/media/dgofuvu2/annual-reports-and-accounts-2025.pdf#page=90"",""p.90 of AR"")",79.0,"=HYPERLINK(""https://group.legalandgeneral.com/media/dgofuvu2/annual-reports-and-accounts-2025.pdf#page=90"",""p.90 of AR"")","=HYPERLINK(""https://group.legalandgeneral.com/media/dgofuvu2/annual-reports-and-accounts-2025.pdf#page=88"",""p.88 of AR"")","=HYPERLINK(""https://group.legalandgeneral.com/media/dgofuvu2/annual-reports-and-accounts-2025.pdf#page=93"",""p.93 of AR"")","=HYPERLINK(""https://group.legalandgeneral.com/media/dgofuvu2/annual-reports-and-accounts-2025.pdf#page=106"",""p.106 of AR"")",3
Lion Finance Group Plc,BGEO LN Equity,Financials,Banks,Banks,Diversified Banks,4625.4,12.0,2026,Archil Gachechiladze,Chief Executive Officer,CEO,current,500000.0,USD,,200.0,100.0,6.0,,,,,,300.0,2.0,"For 2026: no change to fixed remuneration (cash salary and deferred share salary held flat versus 2025); no Retention & Recognition award will be made for 2026 (one-off 2025 award, no further such awards permitted). The renewed 2025 Policy introduced an exceptional maximum for annual variable (discretionary deferred share) awards, increasing it from 100% to 200% of fixed pay, and increased the shareholding guideline from 200% to 300% of fixed pay. The Committee retains discretion to grant further deferred share awards of up to 200% of fixed pay for exceptional performance with upper-quartile TSR versus the FTSE 250, but chose not to exercise this for 2025.",,176,209,,157,lion_finance_group_ar_2025,https://ramad.bog.ge/s3/BogGroup/49872-Lion-Finance-Group-AR-25.pdf,"=HYPERLINK(""https://ramad.bog.ge/s3/BogGroup/49872-Lion-Finance-Group-AR-25.pdf#page=192"",""p.192 of AR"")",176.0,"=HYPERLINK(""https://ramad.bog.ge/s3/BogGroup/49872-Lion-Finance-Group-AR-25.pdf#page=192"",""p.192 of AR"")","=HYPERLINK(""https://ramad.bog.ge/s3/BogGroup/49872-Lion-Finance-Group-AR-25.pdf#page=195"",""p.195 of AR"")",,"=HYPERLINK(""https://ramad.bog.ge/s3/BogGroup/49872-Lion-Finance-Group-AR-25.pdf#page=190"",""p.190 of AR"")",3
Lloyds Banking Group Plc,LLOY LN Equity,Financials,Banks,Banks,Diversified Banks,54748.7,12.0,2026,Charlie Nunn,Group Chief Executive (GCE),CEO,current,1416642.0,GBP,1 April 2026,300.0,,4.0,500.0,,,,,500.0,2.0,Fixed Share Award removed from Policy (previously 100% of salary); pension contribution reduced from 15% to 10% of salary; flexible benefits allowance removed; maximum annual bonus (GPS) increased from 140% to 300% of salary; maximum LTIP increased from 300% to 500% of salary (with minimum financial-measure weighting in LTIP increased from 50% to 75%); shareholding requirement increased from 400% to 500% of salary; net effect is ~44% reduction in fixed pay with a corresponding large increase in variable opportunity.,1 April 2026,56,278,393,66,lloyds_banking_group_ar_2025,https://www.lloydsbankinggroup.com/assets/pdfs/investors/financial-performance/lloyds-banking-group-plc/2025/q4/2025-lbg-annual-report.pdf,"=HYPERLINK(""https://www.lloydsbankinggroup.com/assets/pdfs/investors/financial-performance/lloyds-banking-group-plc/2025/q4/2025-lbg-annual-report.pdf#page=102"",""p.102 of AR"")",56.0,"=HYPERLINK(""https://www.lloydsbankinggroup.com/assets/pdfs/investors/financial-performance/lloyds-banking-group-plc/2025/q4/2025-lbg-annual-report.pdf#page=102"",""p.102 of AR"")","=HYPERLINK(""https://www.lloydsbankinggroup.com/assets/pdfs/investors/financial-performance/lloyds-banking-group-plc/2025/q4/2025-lbg-annual-report.pdf#page=123"",""p.123 of AR"")","=HYPERLINK(""https://www.lloydsbankinggroup.com/assets/pdfs/investors/financial-performance/lloyds-banking-group-plc/2025/q4/2025-lbg-annual-report.pdf#page=130"",""p.130 of AR"")","=HYPERLINK(""https://www.lloydsbankinggroup.com/assets/pdfs/investors/financial-performance/lloyds-banking-group-plc/2025/q4/2025-lbg-annual-report.pdf#page=103"",""p.103 of AR"")",3
Lloyds Banking Group Plc,LLOY LN Equity,Financials,Banks,Banks,Diversified Banks,54748.7,12.0,2026,William Chalmers,Chief Financial Officer (CFO),CFO,current,903572.0,GBP,1 April 2026,250.0,,4.0,450.0,,,,,450.0,2.0,Fixed Share Award removed from Policy (previously 100% of salary); pension contribution reduced from 15% to 10% of salary; flexible benefits allowance and CFO's company car allowance removed; maximum annual bonus (GPS) increased from 140% to 250% of salary; maximum LTIP increased from 300% to 450% of salary (with minimum financial-measure weighting in LTIP increased from 50% to 75%); shareholding requirement increased from 300% to 450% of salary; net effect is ~44% reduction in fixed pay with a corresponding large increase in variable opportunity.,1 April 2026,56,278,393,66,lloyds_banking_group_ar_2025,https://www.lloydsbankinggroup.com/assets/pdfs/investors/financial-performance/lloyds-banking-group-plc/2025/q4/2025-lbg-annual-report.pdf,"=HYPERLINK(""https://www.lloydsbankinggroup.com/assets/pdfs/investors/financial-performance/lloyds-banking-group-plc/2025/q4/2025-lbg-annual-report.pdf#page=102"",""p.102 of AR"")",56.0,"=HYPERLINK(""https://www.lloydsbankinggroup.com/assets/pdfs/investors/financial-performance/lloyds-banking-group-plc/2025/q4/2025-lbg-annual-report.pdf#page=102"",""p.102 of AR"")","=HYPERLINK(""https://www.lloydsbankinggroup.com/assets/pdfs/investors/financial-performance/lloyds-banking-group-plc/2025/q4/2025-lbg-annual-report.pdf#page=123"",""p.123 of AR"")","=HYPERLINK(""https://www.lloydsbankinggroup.com/assets/pdfs/investors/financial-performance/lloyds-banking-group-plc/2025/q4/2025-lbg-annual-report.pdf#page=130"",""p.130 of AR"")","=HYPERLINK(""https://www.lloydsbankinggroup.com/assets/pdfs/investors/financial-performance/lloyds-banking-group-plc/2025/q4/2025-lbg-annual-report.pdf#page=103"",""p.103 of AR"")",3
London Stock Exchange Group Plc,LSEG LN Equity,Financials,Financial Services,Capital Markets,Financial Exchanges & Data,44797.4,12.0,2025,David Schwimmer,Chief Executive Officer,CEO,current,1375000.0,GBP,1 January 2025,300.0,40.0,3.0,550.0,,,,,600.0,2.0,No changes to the base salary for 2025; the underlying Remuneration Policy itself has had no changes during the financial period (Policy was approved in 2024 with 89% shareholder support),,176,178,200,201,london_stock_exchange_group_ar_2024,https://www.lseg.com/content/dam/lseg/en_us/documents/investor-relations/annual-reports/lseg-annual-report-2025.pdf,"=HYPERLINK(""https://www.lseg.com/content/dam/lseg/en_us/documents/investor-relations/annual-reports/lseg-annual-report-2025.pdf#page=140"",""p.140 of AR"")",176.0,"=HYPERLINK(""https://www.lseg.com/content/dam/lseg/en_us/documents/investor-relations/annual-reports/lseg-annual-report-2025.pdf#page=140"",""p.140 of AR"")","=HYPERLINK(""https://www.lseg.com/content/dam/lseg/en_us/documents/investor-relations/annual-reports/lseg-annual-report-2025.pdf#page=140"",""p.140 of AR"")","=HYPERLINK(""https://www.lseg.com/content/dam/lseg/en_us/documents/investor-relations/annual-reports/lseg-annual-report-2025.pdf#page=141"",""p.141 of AR"")","=HYPERLINK(""https://www.lseg.com/content/dam/lseg/en_us/documents/investor-relations/annual-reports/lseg-annual-report-2025.pdf#page=141"",""p.141 of AR"")",3
London Stock Exchange Group Plc,LSEG LN Equity,Financials,Financial Services,Capital Markets,Financial Exchanges & Data,44797.4,12.0,2025,Michel-Alain Proch,Chief Financial Officer,CFO,current,850000.0,GBP,1 January 2025,200.0,40.0,3.0,400.0,,,,,400.0,2.0,"No changes to base salary for 2025; note that his FY2024 bonus opportunity was temporarily enhanced to 200% of salary (from a pro-rated lower amount) as compensation for incentive awards forfeited upon joining LSEG from Publicis Groupe — this was a one-off arrangement for FY2024, not an ongoing policy change",,176,178,200,201,london_stock_exchange_group_ar_2024,https://www.lseg.com/content/dam/lseg/en_us/documents/investor-relations/annual-reports/lseg-annual-report-2025.pdf,"=HYPERLINK(""https://www.lseg.com/content/dam/lseg/en_us/documents/investor-relations/annual-reports/lseg-annual-report-2025.pdf#page=140"",""p.140 of AR"")",176.0,"=HYPERLINK(""https://www.lseg.com/content/dam/lseg/en_us/documents/investor-relations/annual-reports/lseg-annual-report-2025.pdf#page=140"",""p.140 of AR"")","=HYPERLINK(""https://www.lseg.com/content/dam/lseg/en_us/documents/investor-relations/annual-reports/lseg-annual-report-2025.pdf#page=140"",""p.140 of AR"")","=HYPERLINK(""https://www.lseg.com/content/dam/lseg/en_us/documents/investor-relations/annual-reports/lseg-annual-report-2025.pdf#page=141"",""p.141 of AR"")","=HYPERLINK(""https://www.lseg.com/content/dam/lseg/en_us/documents/investor-relations/annual-reports/lseg-annual-report-2025.pdf#page=141"",""p.141 of AR"")",3
London Stock Exchange Group Plc,LSEG LN Equity,Financials,Financial Services,Capital Markets,Financial Exchanges & Data,44797.4,12.0,2026,David Schwimmer,Chief Executive Officer,CEO,current,1375000.0,GBP,,300.0,40.0,3.0,550.0,,,,,600.0,2.0,"No changes to Policy for 2026; salary frozen at £1,375,000; Annual Bonus and LTI maxima unchanged from 2025; for 2026 LTI awards, the TSR vesting curve for the global sector peer component reverts to the 2024 structure (payout starting from 25% at median performance)",,118,157,73,211,london_stock_exchange_group_ar_2025,https://www.lseg.com/content/dam/lseg/en_us/documents/investor-relations/annual-reports/lseg-annual-report-2025.pdf,"=HYPERLINK(""https://www.lseg.com/content/dam/lseg/en_us/documents/investor-relations/annual-reports/lseg-annual-report-2025.pdf#page=88"",""p.88 of AR"")",73.0,"=HYPERLINK(""https://www.lseg.com/content/dam/lseg/en_us/documents/investor-relations/annual-reports/lseg-annual-report-2025.pdf#page=92"",""p.92 of AR"")","=HYPERLINK(""https://www.lseg.com/content/dam/lseg/en_us/documents/investor-relations/annual-reports/lseg-annual-report-2025.pdf#page=95"",""p.95 of AR"")","=HYPERLINK(""https://www.lseg.com/content/dam/lseg/en_us/documents/investor-relations/annual-reports/lseg-annual-report-2025.pdf#page=88"",""p.88 of AR"")","=HYPERLINK(""https://www.lseg.com/content/dam/lseg/en_us/documents/investor-relations/annual-reports/lseg-annual-report-2025.pdf#page=99"",""p.99 of AR"")",3
London Stock Exchange Group Plc,LSEG LN Equity,Financials,Financial Services,Capital Markets,Financial Exchanges & Data,44797.4,12.0,2026,Michel-Alain Proch,Chief Financial Officer,CFO,current,850000.0,GBP,,200.0,40.0,3.0,400.0,,,,,400.0,2.0,"No changes to Policy for 2026; salary frozen at £850,000; Annual Bonus and LTI maxima unchanged from 2025; for 2026 LTI awards, the TSR vesting curve for the global sector peer component reverts to the 2024 structure (payout starting from 25% at median performance)",,118,157,73,211,london_stock_exchange_group_ar_2025,https://www.lseg.com/content/dam/lseg/en_us/documents/investor-relations/annual-reports/lseg-annual-report-2025.pdf,"=HYPERLINK(""https://www.lseg.com/content/dam/lseg/en_us/documents/investor-relations/annual-reports/lseg-annual-report-2025.pdf#page=88"",""p.88 of AR"")",73.0,"=HYPERLINK(""https://www.lseg.com/content/dam/lseg/en_us/documents/investor-relations/annual-reports/lseg-annual-report-2025.pdf#page=92"",""p.92 of AR"")","=HYPERLINK(""https://www.lseg.com/content/dam/lseg/en_us/documents/investor-relations/annual-reports/lseg-annual-report-2025.pdf#page=95"",""p.95 of AR"")","=HYPERLINK(""https://www.lseg.com/content/dam/lseg/en_us/documents/investor-relations/annual-reports/lseg-annual-report-2025.pdf#page=88"",""p.88 of AR"")","=HYPERLINK(""https://www.lseg.com/content/dam/lseg/en_us/documents/investor-relations/annual-reports/lseg-annual-report-2025.pdf#page=99"",""p.99 of AR"")",3
LondonMetric Property Plc,LMP LN Equity,,,,,4254.6,3.0,2026,Andrew Jones,Chief Executive Officer,CEO,current,820000.0,GBP,1 June 2025,165.0,50.0,3.0,200.0,,,,,700.0,2.0,Salary increased 2.5% from 1 June 2025 (below workforce average of 6.5%); annual bonus maximum and LTIP maximum unchanged from prior year; performance measures/weightings for bonus and LTIP unchanged.,1 June 2025,147,147,154,154,londonmetric_property_ar_2025,https://www.londonmetric.com/pdf-viewer.aspx?gid=364072326&src=%2F%7E%2Fmedia%2FFiles%2FL%2Flondonmetric%2Fresults-and-presentations%2Fpresentation%2Fannual-report-and-accounts-2026.pdf,"=HYPERLINK(""https://www.londonmetric.com/pdf-viewer.aspx?gid=364072326&src=%2F%7E%2Fmedia%2FFiles%2FL%2Flondonmetric%2Fresults-and-presentations%2Fpresentation%2Fannual-report-and-accounts-2026.pdf#page=134"",""p.134 of AR"")",147.0,"=HYPERLINK(""https://www.londonmetric.com/pdf-viewer.aspx?gid=364072326&src=%2F%7E%2Fmedia%2FFiles%2FL%2Flondonmetric%2Fresults-and-presentations%2Fpresentation%2Fannual-report-and-accounts-2026.pdf#page=134"",""p.134 of AR"")","=HYPERLINK(""https://www.londonmetric.com/pdf-viewer.aspx?gid=364072326&src=%2F%7E%2Fmedia%2FFiles%2FL%2Flondonmetric%2Fresults-and-presentations%2Fpresentation%2Fannual-report-and-accounts-2026.pdf#page=134"",""p.134 of AR"")","=HYPERLINK(""https://www.londonmetric.com/pdf-viewer.aspx?gid=364072326&src=%2F%7E%2Fmedia%2FFiles%2FL%2Flondonmetric%2Fresults-and-presentations%2Fpresentation%2Fannual-report-and-accounts-2026.pdf#page=135"",""p.135 of AR"")","=HYPERLINK(""https://www.londonmetric.com/pdf-viewer.aspx?gid=364072326&src=%2F%7E%2Fmedia%2FFiles%2FL%2Flondonmetric%2Fresults-and-presentations%2Fpresentation%2Fannual-report-and-accounts-2026.pdf#page=135"",""p.135 of AR"")",3
LondonMetric Property Plc,LMP LN Equity,,,,,4254.6,3.0,2026,Martin McGann,Chief Financial Officer,CFO,current,538125.0,GBP,1 June 2025,140.0,50.0,3.0,165.0,,,,,700.0,2.0,Salary increased 2.5% from 1 June 2025 (below workforce average of 6.5%); annual bonus maximum and LTIP maximum unchanged from prior year; performance measures/weightings for bonus and LTIP unchanged.,1 June 2025,147,147,154,154,londonmetric_property_ar_2025,https://www.londonmetric.com/pdf-viewer.aspx?gid=364072326&src=%2F%7E%2Fmedia%2FFiles%2FL%2Flondonmetric%2Fresults-and-presentations%2Fpresentation%2Fannual-report-and-accounts-2026.pdf,"=HYPERLINK(""https://www.londonmetric.com/pdf-viewer.aspx?gid=364072326&src=%2F%7E%2Fmedia%2FFiles%2FL%2Flondonmetric%2Fresults-and-presentations%2Fpresentation%2Fannual-report-and-accounts-2026.pdf#page=134"",""p.134 of AR"")",147.0,"=HYPERLINK(""https://www.londonmetric.com/pdf-viewer.aspx?gid=364072326&src=%2F%7E%2Fmedia%2FFiles%2FL%2Flondonmetric%2Fresults-and-presentations%2Fpresentation%2Fannual-report-and-accounts-2026.pdf#page=134"",""p.134 of AR"")","=HYPERLINK(""https://www.londonmetric.com/pdf-viewer.aspx?gid=364072326&src=%2F%7E%2Fmedia%2FFiles%2FL%2Flondonmetric%2Fresults-and-presentations%2Fpresentation%2Fannual-report-and-accounts-2026.pdf#page=134"",""p.134 of AR"")","=HYPERLINK(""https://www.londonmetric.com/pdf-viewer.aspx?gid=364072326&src=%2F%7E%2Fmedia%2FFiles%2FL%2Flondonmetric%2Fresults-and-presentations%2Fpresentation%2Fannual-report-and-accounts-2026.pdf#page=135"",""p.135 of AR"")","=HYPERLINK(""https://www.londonmetric.com/pdf-viewer.aspx?gid=364072326&src=%2F%7E%2Fmedia%2FFiles%2FL%2Flondonmetric%2Fresults-and-presentations%2Fpresentation%2Fannual-report-and-accounts-2026.pdf#page=135"",""p.135 of AR"")",3
M&G Plc,MNG LN Equity,Financials,Financial Services,Financial Services,Diversified Financial Services,7304.0,12.0,2026,Andrea Rossi,Group Chief Executive Officer,CEO,current,,,,250.0,50.0,3.0,375.0,,,,,375.0,2.0,"No changes to salary, maximum STI or LTIP opportunity for 2026 following the 2025 Policy review",,109,287,301,408,m_and_g_ar_2025,https://group.mandg.com/~/media/Files/M/mandg-corp/corp/documents/investors/results-and-announcements/financial-results-reports-and-presentations-archive/2026/mgplc-annual-report-and-accounts-2025.pdf,"=HYPERLINK(""https://group.mandg.com/~/media/Files/M/mandg-corp/corp/documents/investors/results-and-announcements/financial-results-reports-and-presentations-archive/2026/mgplc-annual-report-and-accounts-2025.pdf#page=110"",""p.110 of AR"")",66.0,"=HYPERLINK(""https://group.mandg.com/~/media/Files/M/mandg-corp/corp/documents/investors/results-and-announcements/financial-results-reports-and-presentations-archive/2026/mgplc-annual-report-and-accounts-2025.pdf#page=113"",""p.113 of AR"")","=HYPERLINK(""https://group.mandg.com/~/media/Files/M/mandg-corp/corp/documents/investors/results-and-announcements/financial-results-reports-and-presentations-archive/2026/mgplc-annual-report-and-accounts-2025.pdf#page=126"",""p.126 of AR"")","=HYPERLINK(""https://group.mandg.com/~/media/Files/M/mandg-corp/corp/documents/investors/results-and-announcements/financial-results-reports-and-presentations-archive/2026/mgplc-annual-report-and-accounts-2025.pdf#page=127"",""p.127 of AR"")","=HYPERLINK(""https://group.mandg.com/~/media/Files/M/mandg-corp/corp/documents/investors/results-and-announcements/financial-results-reports-and-presentations-archive/2026/mgplc-annual-report-and-accounts-2025.pdf#page=135"",""p.135 of AR"")",3
M&G Plc,MNG LN Equity,Financials,Financial Services,Financial Services,Diversified Financial Services,7304.0,12.0,2026,Kathryn McLeland,Chief Financial Officer,CFO,current,,,,225.0,50.0,3.0,275.0,,,,,275.0,2.0,"No changes to salary, maximum STI or LTIP opportunity for 2026 following the 2025 Policy review",,109,287,301,408,m_and_g_ar_2025,https://group.mandg.com/~/media/Files/M/mandg-corp/corp/documents/investors/results-and-announcements/financial-results-reports-and-presentations-archive/2026/mgplc-annual-report-and-accounts-2025.pdf,"=HYPERLINK(""https://group.mandg.com/~/media/Files/M/mandg-corp/corp/documents/investors/results-and-announcements/financial-results-reports-and-presentations-archive/2026/mgplc-annual-report-and-accounts-2025.pdf#page=110"",""p.110 of AR"")",66.0,"=HYPERLINK(""https://group.mandg.com/~/media/Files/M/mandg-corp/corp/documents/investors/results-and-announcements/financial-results-reports-and-presentations-archive/2026/mgplc-annual-report-and-accounts-2025.pdf#page=113"",""p.113 of AR"")","=HYPERLINK(""https://group.mandg.com/~/media/Files/M/mandg-corp/corp/documents/investors/results-and-announcements/financial-results-reports-and-presentations-archive/2026/mgplc-annual-report-and-accounts-2025.pdf#page=126"",""p.126 of AR"")","=HYPERLINK(""https://group.mandg.com/~/media/Files/M/mandg-corp/corp/documents/investors/results-and-announcements/financial-results-reports-and-presentations-archive/2026/mgplc-annual-report-and-accounts-2025.pdf#page=127"",""p.127 of AR"")","=HYPERLINK(""https://group.mandg.com/~/media/Files/M/mandg-corp/corp/documents/investors/results-and-announcements/financial-results-reports-and-presentations-archive/2026/mgplc-annual-report-and-accounts-2025.pdf#page=135"",""p.135 of AR"")",3
Man Group Plc,EMG LN Equity,Financials,Financial Services,Capital Markets,Asset Management & Custody Banks,3138.0,12.0,2025,Robyn Grew,Chief Executive Officer (CEO),CEO,current,1130000.0,USD,1 January 2025,300.0,55.0,3.0,300.0,,,,,300.0,2.0,"Removal of the $1.1m cap on CEO salary (allowing the 2025 increase to $1,130,000); merger of strategic/personal and ESG bonus weightings (previously 15% each) into a combined 30% weighting",,74,291,291,291,man_group_ar_2024,https://www.man.com/documents/download/be895-67bb5-dcd1c-01d9c,"=HYPERLINK(""https://www.man.com/documents/download/be895-67bb5-dcd1c-01d9c#page=105"",""p.105 of AR"")",84.0,"=HYPERLINK(""https://www.man.com/documents/download/be895-67bb5-dcd1c-01d9c#page=104"",""p.104 of AR"")","=HYPERLINK(""https://www.man.com/documents/download/be895-67bb5-dcd1c-01d9c#page=126"",""p.126 of AR"")","=HYPERLINK(""https://www.man.com/documents/download/be895-67bb5-dcd1c-01d9c#page=126"",""p.126 of AR"")","=HYPERLINK(""https://www.man.com/documents/download/be895-67bb5-dcd1c-01d9c#page=126"",""p.126 of AR"")",3
Man Group Plc,EMG LN Equity,Financials,Financial Services,Capital Markets,Asset Management & Custody Banks,3138.0,12.0,2025,Antoine Forterre,Chief Financial Officer (CFO),CFO,current,705000.0,USD,1 January 2025,300.0,55.0,3.0,300.0,,,,,200.0,2.0,Merger of strategic/personal and ESG bonus weightings (previously 15% each) into a combined 30% weighting; no salary cap changes applicable to CFO,,73,291,291,291,man_group_ar_2024,https://www.man.com/documents/download/be895-67bb5-dcd1c-01d9c,"=HYPERLINK(""https://www.man.com/documents/download/be895-67bb5-dcd1c-01d9c#page=104"",""p.104 of AR"")",73.0,"=HYPERLINK(""https://www.man.com/documents/download/be895-67bb5-dcd1c-01d9c#page=104"",""p.104 of AR"")","=HYPERLINK(""https://www.man.com/documents/download/be895-67bb5-dcd1c-01d9c#page=126"",""p.126 of AR"")","=HYPERLINK(""https://www.man.com/documents/download/be895-67bb5-dcd1c-01d9c#page=126"",""p.126 of AR"")","=HYPERLINK(""https://www.man.com/documents/download/be895-67bb5-dcd1c-01d9c#page=126"",""p.126 of AR"")",3
Marks & Spencer Group Plc,MKS LN Equity,Consumer Staples,Consumer Staples Distribution & Retail,Consumer Staples Distribution & Retail,Food Retail,6485.9,3.0,2026,Stuart Machin,Chief Executive Officer,CEO,current,865700.0,GBP,1 July 2025,200.0,50.0,3.0,300.0,,,,,250.0,2.0,"2% salary increase effective 1 July 2025 (below workforce increase of 5% and salaried pay review budget of 3%). No change to bonus, LTIP, or shareholding structure for 2025/26. A full review of the Remuneration Policy is underway, with a new Policy to be put to shareholders at the 2026 AGM.",1 July 2025,131,95,38,106,marks_and_spencer_group_ar_2025,https://corporate.marksandspencer.com/sites/marksandspencer/files/marksandspencer/annual-report/m-and-s-annual-report-and-financial-statements-2026.pdf,"=HYPERLINK(""https://corporate.marksandspencer.com/sites/marksandspencer/files/marksandspencer/annual-report/m-and-s-annual-report-and-financial-statements-2026.pdf#page=94"",""p.94 of AR"")",131.0,"=HYPERLINK(""https://corporate.marksandspencer.com/sites/marksandspencer/files/marksandspencer/annual-report/m-and-s-annual-report-and-financial-statements-2026.pdf#page=94"",""p.94 of AR"")","=HYPERLINK(""https://corporate.marksandspencer.com/sites/marksandspencer/files/marksandspencer/annual-report/m-and-s-annual-report-and-financial-statements-2026.pdf#page=91"",""p.91 of AR"")","=HYPERLINK(""https://corporate.marksandspencer.com/sites/marksandspencer/files/marksandspencer/annual-report/m-and-s-annual-report-and-financial-statements-2026.pdf#page=88"",""p.88 of AR"")","=HYPERLINK(""https://corporate.marksandspencer.com/sites/marksandspencer/files/marksandspencer/annual-report/m-and-s-annual-report-and-financial-statements-2026.pdf#page=92"",""p.92 of AR"")",3
Marks & Spencer Group Plc,MKS LN Equity,Consumer Staples,Consumer Staples Distribution & Retail,Consumer Staples Distribution & Retail,Food Retail,6485.9,3.0,2026,Alison Dolan,Chief Financial Officer,CFO,current,600000.0,GBP,6 January 2025,200.0,50.0,3.0,300.0,,,,,200.0,2.0,No salary increase for 2025/26 (salary was set on appointment in January 2025; next review July 2026). Remuneration package on appointment (including buyout arrangements) applied under the shareholder-approved Recruitment Policy. A full review of the overall Remuneration Policy is underway ahead of a new Policy being put to shareholders at the 2026 AGM.,,131,95,38,106,marks_and_spencer_group_ar_2025,https://corporate.marksandspencer.com/sites/marksandspencer/files/marksandspencer/annual-report/m-and-s-annual-report-and-financial-statements-2026.pdf,"=HYPERLINK(""https://corporate.marksandspencer.com/sites/marksandspencer/files/marksandspencer/annual-report/m-and-s-annual-report-and-financial-statements-2026.pdf#page=94"",""p.94 of AR"")",131.0,"=HYPERLINK(""https://corporate.marksandspencer.com/sites/marksandspencer/files/marksandspencer/annual-report/m-and-s-annual-report-and-financial-statements-2026.pdf#page=94"",""p.94 of AR"")","=HYPERLINK(""https://corporate.marksandspencer.com/sites/marksandspencer/files/marksandspencer/annual-report/m-and-s-annual-report-and-financial-statements-2026.pdf#page=91"",""p.91 of AR"")","=HYPERLINK(""https://corporate.marksandspencer.com/sites/marksandspencer/files/marksandspencer/annual-report/m-and-s-annual-report-and-financial-statements-2026.pdf#page=88"",""p.88 of AR"")","=HYPERLINK(""https://corporate.marksandspencer.com/sites/marksandspencer/files/marksandspencer/annual-report/m-and-s-annual-report-and-financial-statements-2026.pdf#page=92"",""p.92 of AR"")",3
Marks & Spencer Group Plc,MKS LN Equity,Consumer Staples,Consumer Staples Distribution & Retail,Consumer Staples Distribution & Retail,Food Retail,6485.9,3.0,2027,Stuart Machin,Chief Executive Officer,CEO,current,908979.0,GBP,1 July 2026,200.0,50.0,3.0,300.0,,,,,300.0,2.0,Shareholding requirement increased from 250% to 300% of salary; policy amended to add flexibility to reduce/remove bonus deferral where shareholding guidelines are met (no immediate change planned for 2026/27); base salary increased 5% effective 1 July 2026.,1 July 2026,64,283,92,92,marks_and_spencer_group_ar_2026,https://corporate.marksandspencer.com/sites/marksandspencer/files/marksandspencer/annual-report/m-and-s-annual-report-and-financial-statements-2026.pdf,"=HYPERLINK(""https://corporate.marksandspencer.com/sites/marksandspencer/files/marksandspencer/annual-report/m-and-s-annual-report-and-financial-statements-2026.pdf#page=72"",""p.72 of AR"")",64.0,"=HYPERLINK(""https://corporate.marksandspencer.com/sites/marksandspencer/files/marksandspencer/annual-report/m-and-s-annual-report-and-financial-statements-2026.pdf#page=72"",""p.72 of AR"")","=HYPERLINK(""https://corporate.marksandspencer.com/sites/marksandspencer/files/marksandspencer/annual-report/m-and-s-annual-report-and-financial-statements-2026.pdf#page=88"",""p.88 of AR"")","=HYPERLINK(""https://corporate.marksandspencer.com/sites/marksandspencer/files/marksandspencer/annual-report/m-and-s-annual-report-and-financial-statements-2026.pdf#page=75"",""p.75 of AR"")","=HYPERLINK(""https://corporate.marksandspencer.com/sites/marksandspencer/files/marksandspencer/annual-report/m-and-s-annual-report-and-financial-statements-2026.pdf#page=75"",""p.75 of AR"")",3
Marks & Spencer Group Plc,MKS LN Equity,Consumer Staples,Consumer Staples Distribution & Retail,Consumer Staples Distribution & Retail,Food Retail,6485.9,3.0,2027,Alison Dolan,Chief Financial Officer,CFO,current,630000.0,GBP,1 July 2026,200.0,50.0,3.0,300.0,,,,,250.0,2.0,Shareholding requirement increased from 200% to 250% of salary; policy amended to add flexibility to reduce/remove bonus deferral where shareholding guidelines are met (no immediate change planned for 2026/27); base salary increased 5% effective 1 July 2026.,1 July 2026,64,283,92,92,marks_and_spencer_group_ar_2026,https://corporate.marksandspencer.com/sites/marksandspencer/files/marksandspencer/annual-report/m-and-s-annual-report-and-financial-statements-2026.pdf,"=HYPERLINK(""https://corporate.marksandspencer.com/sites/marksandspencer/files/marksandspencer/annual-report/m-and-s-annual-report-and-financial-statements-2026.pdf#page=72"",""p.72 of AR"")",64.0,"=HYPERLINK(""https://corporate.marksandspencer.com/sites/marksandspencer/files/marksandspencer/annual-report/m-and-s-annual-report-and-financial-statements-2026.pdf#page=72"",""p.72 of AR"")","=HYPERLINK(""https://corporate.marksandspencer.com/sites/marksandspencer/files/marksandspencer/annual-report/m-and-s-annual-report-and-financial-statements-2026.pdf#page=88"",""p.88 of AR"")","=HYPERLINK(""https://corporate.marksandspencer.com/sites/marksandspencer/files/marksandspencer/annual-report/m-and-s-annual-report-and-financial-statements-2026.pdf#page=75"",""p.75 of AR"")","=HYPERLINK(""https://corporate.marksandspencer.com/sites/marksandspencer/files/marksandspencer/annual-report/m-and-s-annual-report-and-financial-statements-2026.pdf#page=75"",""p.75 of AR"")",3
Marshalls Plc,MSLH LN Equity,Materials,Materials,Construction Materials,Construction Materials,338.1,,2025,Matt Pullen,Chief Executive,CEO,current,597400.0,GBP,1 January 2025,150.0,50.0,3.0,100.0,,,,,200.0,2.0,Base salary increased by 3% effective 1 January 2025 (1 percentage point below the general colleague increase of 4%),1 January 2025,91,92,226,234,marshalls_ar_2024,https://www.marshalls.co.uk/media/pwodwvwl/grp-marshalls-plc-annual-report-accounts-2025.pdf,"=HYPERLINK(""https://www.marshalls.co.uk/media/pwodwvwl/grp-marshalls-plc-annual-report-accounts-2025.pdf#page=100"",""p.100 of AR"")",91.0,"=HYPERLINK(""https://www.marshalls.co.uk/media/pwodwvwl/grp-marshalls-plc-annual-report-accounts-2025.pdf#page=100"",""p.100 of AR"")","=HYPERLINK(""https://www.marshalls.co.uk/media/pwodwvwl/grp-marshalls-plc-annual-report-accounts-2025.pdf#page=100"",""p.100 of AR"")","=HYPERLINK(""https://www.marshalls.co.uk/media/pwodwvwl/grp-marshalls-plc-annual-report-accounts-2025.pdf#page=109"",""p.109 of AR"")","=HYPERLINK(""https://www.marshalls.co.uk/media/pwodwvwl/grp-marshalls-plc-annual-report-accounts-2025.pdf#page=110"",""p.110 of AR"")",3
Marshalls Plc,MSLH LN Equity,Materials,Materials,Construction Materials,Construction Materials,338.1,,2025,Justin Lockwood,Chief Financial Officer (CFO),CFO,current,455312.0,GBP,1 January 2025,150.0,50.0,3.0,100.0,,,,,200.0,2.0,Base salary increased by 3% effective 1 January 2025 (no general increase in 2024),1 January 2025,91,92,226,234,marshalls_ar_2024,https://www.marshalls.co.uk/media/pwodwvwl/grp-marshalls-plc-annual-report-accounts-2025.pdf,"=HYPERLINK(""https://www.marshalls.co.uk/media/pwodwvwl/grp-marshalls-plc-annual-report-accounts-2025.pdf#page=100"",""p.100 of AR"")",91.0,"=HYPERLINK(""https://www.marshalls.co.uk/media/pwodwvwl/grp-marshalls-plc-annual-report-accounts-2025.pdf#page=100"",""p.100 of AR"")","=HYPERLINK(""https://www.marshalls.co.uk/media/pwodwvwl/grp-marshalls-plc-annual-report-accounts-2025.pdf#page=100"",""p.100 of AR"")","=HYPERLINK(""https://www.marshalls.co.uk/media/pwodwvwl/grp-marshalls-plc-annual-report-accounts-2025.pdf#page=109"",""p.109 of AR"")","=HYPERLINK(""https://www.marshalls.co.uk/media/pwodwvwl/grp-marshalls-plc-annual-report-accounts-2025.pdf#page=110"",""p.110 of AR"")",3
Marshalls Plc,MSLH LN Equity,Materials,Materials,Construction Materials,Construction Materials,338.1,,2025,Simon Bourne,"Chief Commercial Officer (CCO) (previously Chief Operating Officer, changed role May 2024)",COO,current,432600.0,GBP,1 January 2025,150.0,50.0,3.0,100.0,,,,,200.0,2.0,"Base salary increased by 3% effective 1 January 2025, following a 5.5% increase in May 2024 to reflect his move from COO to CCO",1 January 2025,91,92,226,234,marshalls_ar_2024,https://www.marshalls.co.uk/media/pwodwvwl/grp-marshalls-plc-annual-report-accounts-2025.pdf,"=HYPERLINK(""https://www.marshalls.co.uk/media/pwodwvwl/grp-marshalls-plc-annual-report-accounts-2025.pdf#page=100"",""p.100 of AR"")",91.0,"=HYPERLINK(""https://www.marshalls.co.uk/media/pwodwvwl/grp-marshalls-plc-annual-report-accounts-2025.pdf#page=100"",""p.100 of AR"")","=HYPERLINK(""https://www.marshalls.co.uk/media/pwodwvwl/grp-marshalls-plc-annual-report-accounts-2025.pdf#page=100"",""p.100 of AR"")","=HYPERLINK(""https://www.marshalls.co.uk/media/pwodwvwl/grp-marshalls-plc-annual-report-accounts-2025.pdf#page=109"",""p.109 of AR"")","=HYPERLINK(""https://www.marshalls.co.uk/media/pwodwvwl/grp-marshalls-plc-annual-report-accounts-2025.pdf#page=110"",""p.110 of AR"")",3
Marshalls Plc,MSLH LN Equity,Materials,Materials,Construction Materials,Construction Materials,338.1,,2026,Simon Bourne,Chief Executive Officer,CEO,current,597400.0,GBP,19 January 2026,150.0,33.0,2.0,75.0,,,,,200.0,2.0,"New 2026 Directors' Remuneration Policy replaces the prior MIP (Elements A and B), which will no longer form part of remuneration. A new annual bonus (cash + deferred shares, max 150% of salary) has been introduced. Restricted share awards under a new LTIP replace the previous performance share structure, with a maximum grant of 75% of salary (100% in exceptional circumstances), vesting after three years subject to an underpin, plus a two-year post-vesting holding period. Policy subject to binding shareholder vote at 2026 AGM (13 May 2026).",13 May 2026,100,258,272,283,marshalls_ar_2025,https://www.marshalls.co.uk/media/pwodwvwl/grp-marshalls-plc-annual-report-accounts-2025.pdf,"=HYPERLINK(""https://www.marshalls.co.uk/media/pwodwvwl/grp-marshalls-plc-annual-report-accounts-2025.pdf#page=95"",""p.95 of AR"")",41.0,"=HYPERLINK(""https://www.marshalls.co.uk/media/pwodwvwl/grp-marshalls-plc-annual-report-accounts-2025.pdf#page=98"",""p.98 of AR"")","=HYPERLINK(""https://www.marshalls.co.uk/media/pwodwvwl/grp-marshalls-plc-annual-report-accounts-2025.pdf#page=108"",""p.108 of AR"")","=HYPERLINK(""https://www.marshalls.co.uk/media/pwodwvwl/grp-marshalls-plc-annual-report-accounts-2025.pdf#page=109"",""p.109 of AR"")","=HYPERLINK(""https://www.marshalls.co.uk/media/pwodwvwl/grp-marshalls-plc-annual-report-accounts-2025.pdf#page=110"",""p.110 of AR"")",3
Marshalls Plc,MSLH LN Equity,Materials,Materials,Construction Materials,Construction Materials,338.1,,2026,Justin Lockwood,Chief Financial Officer,CFO,current,468971.0,GBP,,150.0,33.0,2.0,75.0,,,,,200.0,2.0,"Same as CEO — new 2026 Directors' Remuneration Policy replaces prior MIP scheme with a new annual bonus (max 150% of salary, one-third deferred) and restricted share LTIP (max 75% of salary, 100% in exceptional circumstances), subject to binding shareholder vote at 2026 AGM (13 May 2026).",13 May 2026,100,258,272,283,marshalls_ar_2025,https://www.marshalls.co.uk/media/pwodwvwl/grp-marshalls-plc-annual-report-accounts-2025.pdf,"=HYPERLINK(""https://www.marshalls.co.uk/media/pwodwvwl/grp-marshalls-plc-annual-report-accounts-2025.pdf#page=98"",""p.98 of AR"")",100.0,"=HYPERLINK(""https://www.marshalls.co.uk/media/pwodwvwl/grp-marshalls-plc-annual-report-accounts-2025.pdf#page=98"",""p.98 of AR"")","=HYPERLINK(""https://www.marshalls.co.uk/media/pwodwvwl/grp-marshalls-plc-annual-report-accounts-2025.pdf#page=108"",""p.108 of AR"")","=HYPERLINK(""https://www.marshalls.co.uk/media/pwodwvwl/grp-marshalls-plc-annual-report-accounts-2025.pdf#page=109"",""p.109 of AR"")","=HYPERLINK(""https://www.marshalls.co.uk/media/pwodwvwl/grp-marshalls-plc-annual-report-accounts-2025.pdf#page=110"",""p.110 of AR"")",3
ME Group International Plc,MEGP LN Equity,Consumer Discretionary,Consumer Services,Diversified Consumer Services,Specialized Consumer Services,536.5,10.0,2026,Serge Crasnianski,Chief Executive Officer (CEO),CEO,current,560212.0,GBP,1 November 2025,150.0,50.0,3.0,150.0,,,,,200.0,2.0,Pension provision continues at 15% of salary (paid as salary supplement); annual bonus cap continues at 150% of salary for 2025/2026; future ESOS grants kept under review.,,51,53,78,78,me_group_international_ar_2025,https://me-group.com/wp-content/uploads/2026/03/ME-Group-Annual-Report-2025.pdf,"=HYPERLINK(""https://me-group.com/wp-content/uploads/2026/03/ME-Group-Annual-Report-2025.pdf#page=94"",""p.94 of AR"")",53.0,"=HYPERLINK(""https://me-group.com/wp-content/uploads/2026/03/ME-Group-Annual-Report-2025.pdf#page=94"",""p.94 of AR"")","=HYPERLINK(""https://me-group.com/wp-content/uploads/2026/03/ME-Group-Annual-Report-2025.pdf#page=94"",""p.94 of AR"")","=HYPERLINK(""https://me-group.com/wp-content/uploads/2026/03/ME-Group-Annual-Report-2025.pdf#page=98"",""p.98 of AR"")","=HYPERLINK(""https://me-group.com/wp-content/uploads/2026/03/ME-Group-Annual-Report-2025.pdf#page=98"",""p.98 of AR"")",3
ME Group International Plc,MEGP LN Equity,Consumer Discretionary,Consumer Services,Diversified Consumer Services,Specialized Consumer Services,536.5,10.0,2026,Tania Crasnianski,Executive Director,Executive Director,current,50000.0,GBP,1 November 2025,50.0,50.0,3.0,150.0,,,,,200.0,2.0,No pension provision received (unchanged); no other specific policy changes noted for 2025/2026.,,51,136,78,78,me_group_international_ar_2025,https://me-group.com/wp-content/uploads/2026/03/ME-Group-Annual-Report-2025.pdf,"=HYPERLINK(""https://me-group.com/wp-content/uploads/2026/03/ME-Group-Annual-Report-2025.pdf#page=94"",""p.94 of AR"")",51.0,"=HYPERLINK(""https://me-group.com/wp-content/uploads/2026/03/ME-Group-Annual-Report-2025.pdf#page=94"",""p.94 of AR"")","=HYPERLINK(""https://me-group.com/wp-content/uploads/2026/03/ME-Group-Annual-Report-2025.pdf#page=104"",""p.104 of AR"")","=HYPERLINK(""https://me-group.com/wp-content/uploads/2026/03/ME-Group-Annual-Report-2025.pdf#page=98"",""p.98 of AR"")","=HYPERLINK(""https://me-group.com/wp-content/uploads/2026/03/ME-Group-Annual-Report-2025.pdf#page=98"",""p.98 of AR"")",3
ME Group International Plc,MEGP LN Equity,Consumer Discretionary,Consumer Services,Diversified Consumer Services,Specialized Consumer Services,536.5,10.0,2026,Vlad Crasneanscki,Executive Director,Executive Director,current,61552.0,GBP,3 June 2025,150.0,50.0,3.0,150.0,,,,,200.0,2.0,"Appointed to the Board on 3 June 2025; receives pension provision of c.11% of salary; salary to increase from £61,552 to £300,000 p.a. effective 1 January 2026; did not participate in 2024/2025 annual bonus plan as joined part-way through the year.",1 January 2026,51,53,78,78,me_group_international_ar_2025,https://me-group.com/wp-content/uploads/2026/03/ME-Group-Annual-Report-2025.pdf,"=HYPERLINK(""https://me-group.com/wp-content/uploads/2026/03/ME-Group-Annual-Report-2025.pdf#page=94"",""p.94 of AR"")",51.0,"=HYPERLINK(""https://me-group.com/wp-content/uploads/2026/03/ME-Group-Annual-Report-2025.pdf#page=94"",""p.94 of AR"")","=HYPERLINK(""https://me-group.com/wp-content/uploads/2026/03/ME-Group-Annual-Report-2025.pdf#page=94"",""p.94 of AR"")","=HYPERLINK(""https://me-group.com/wp-content/uploads/2026/03/ME-Group-Annual-Report-2025.pdf#page=98"",""p.98 of AR"")","=HYPERLINK(""https://me-group.com/wp-content/uploads/2026/03/ME-Group-Annual-Report-2025.pdf#page=98"",""p.98 of AR"")",3
Melrose Industries Plc,MRO LN Equity,Industrials,Capital Goods,Aerospace & Defense,Aerospace & Defense,5927.3,12.0,2026,Peter Dilnot,Chief Executive Officer,CEO,current,1034429.0,GBP,1 April 2026,200.0,50.0,2.0,300.0,,,,,300.0,2.0,"3% salary increase for 2026 in line with wider UK workforce; 2026 Policy retains same bonus (200% max) and MPSP (300% max) structure as 2024 Policy, with the main substantive change being removal of references to specific MPSP performance metrics (e.g., EPS, emissions) to give the Committee flexibility to set appropriate measures in future cycles.",1 April 2026,156,159,173,115,melrose_industries_ar_2025,https://www.melroseplc.net/media/qc0eu5o1/melrose-annual-report25.pdf,"=HYPERLINK(""https://www.melroseplc.net/media/qc0eu5o1/melrose-annual-report25.pdf#page=123"",""p.123 of AR"")",155.0,"=HYPERLINK(""https://www.melroseplc.net/media/qc0eu5o1/melrose-annual-report25.pdf#page=123"",""p.123 of AR"")","=HYPERLINK(""https://www.melroseplc.net/media/qc0eu5o1/melrose-annual-report25.pdf#page=123"",""p.123 of AR"")","=HYPERLINK(""https://www.melroseplc.net/media/qc0eu5o1/melrose-annual-report25.pdf#page=124"",""p.124 of AR"")","=HYPERLINK(""https://www.melroseplc.net/media/qc0eu5o1/melrose-annual-report25.pdf#page=120"",""p.120 of AR"")",3
Melrose Industries Plc,MRO LN Equity,Industrials,Capital Goods,Aerospace & Defense,Aerospace & Defense,5927.3,12.0,2026,Matthew Gregory,Chief Financial Officer,CFO,current,737377.0,GBP,1 April 2026,150.0,50.0,2.0,200.0,,,,,300.0,2.0,"3% salary increase for 2026 in line with wider UK workforce; Matthew Gregory will step down from the Board on 5 May 2026 upon planned retirement, with all other contractual benefits remaining unchanged until his 12-month contractual notice period ends on 30 November 2026; he will be succeeded as Chief Financial Officer by Ross McCluskey; the 2026 Policy itself is otherwise substantively unchanged from the 2024 Policy for the CFO role (same 150% bonus max and 200% MPSP max), aside from the general MPSP metric-flexibility change described for the CEO.",1 April 2026,156,159,173,115,melrose_industries_ar_2025,https://www.melroseplc.net/media/qc0eu5o1/melrose-annual-report25.pdf,"=HYPERLINK(""https://www.melroseplc.net/media/qc0eu5o1/melrose-annual-report25.pdf#page=123"",""p.123 of AR"")",155.0,"=HYPERLINK(""https://www.melroseplc.net/media/qc0eu5o1/melrose-annual-report25.pdf#page=123"",""p.123 of AR"")","=HYPERLINK(""https://www.melroseplc.net/media/qc0eu5o1/melrose-annual-report25.pdf#page=123"",""p.123 of AR"")","=HYPERLINK(""https://www.melroseplc.net/media/qc0eu5o1/melrose-annual-report25.pdf#page=124"",""p.124 of AR"")","=HYPERLINK(""https://www.melroseplc.net/media/qc0eu5o1/melrose-annual-report25.pdf#page=120"",""p.120 of AR"")",3
Metlen Energy & Metals Plc,MTLN LN Equity,,,,,5560.7,12.0,2024,Name Not Disclosed - Mr. Mytilineos (Chairman & CEO),Chairman & Chief Executive Officer,CEO,current,,,,250.0,,,290.0,,,,,,2.0,"The current (2023) Board Remuneration Policy, versus the prior 2019 policy, introduced new long-term incentive targets and a new peer group for benchmarking; fixed remuneration for Executive Board Members and Senior Executive Management was reviewed and increased in 2024 following a market benchmarking exercise with Korn Ferry.",,360.0,281,282,282,metlen_energy_and_metals_ar_2024,https://www.metlen.com/media/jf0azh1w/metlen_iar25-signed.pdf,"=HYPERLINK(""https://www.metlen.com/media/jf0azh1w/metlen_iar25-signed.pdf#page=383"",""p.383 of AR"")",360.0,"=HYPERLINK(""https://www.metlen.com/media/jf0azh1w/metlen_iar25-signed.pdf#page=383"",""p.383 of AR"")","=HYPERLINK(""https://www.metlen.com/media/jf0azh1w/metlen_iar25-signed.pdf#page=376"",""p.376 of AR"")","=HYPERLINK(""https://www.metlen.com/media/jf0azh1w/metlen_iar25-signed.pdf#page=376"",""p.376 of AR"")","=HYPERLINK(""https://www.metlen.com/media/jf0azh1w/metlen_iar25-signed.pdf#page=376"",""p.376 of AR"")",3
Metlen Energy & Metals Plc,MTLN LN Equity,,,,,5560.7,12.0,2024,Name Not Disclosed - Other Executive Members of the Board of Directors,Executive Director (Board Member),Executive Director,current,,,,150.0,,,150.0,,,,,,2.0,As above — new LTIP targets and peer group introduced under the 2023 Policy; fixed remuneration for Executive Board Members reviewed and increased in 2024.,,,281,282,282,metlen_energy_and_metals_ar_2024,https://www.metlen.com/media/jf0azh1w/metlen_iar25-signed.pdf,"=HYPERLINK(""https://www.metlen.com/media/jf0azh1w/metlen_iar25-signed.pdf#page=376"",""p.376 of AR"")",281.0,,"=HYPERLINK(""https://www.metlen.com/media/jf0azh1w/metlen_iar25-signed.pdf#page=376"",""p.376 of AR"")","=HYPERLINK(""https://www.metlen.com/media/jf0azh1w/metlen_iar25-signed.pdf#page=376"",""p.376 of AR"")","=HYPERLINK(""https://www.metlen.com/media/jf0azh1w/metlen_iar25-signed.pdf#page=376"",""p.376 of AR"")",3
Metro Bank Holdings Plc,MTRO LN Equity,Financials,Banks,Banks,Regional Banks,976.5,12.0,2026,Daniel Frumkin,Chief Executive Officer,CEO,current,1050000.0,GBP,1 April 2026,150.0,,4.0,,,,,,200.0,2.0,Salary increased 11.3% effective April 2026 (no further increase scheduled until April 2027); no LTIP award for FY26 due to continued SVAP participation; no changes proposed to overall Remuneration Policy for 2026.,1 April 2026,47,47,,138,metro_bank_holdings_ar_2025,https://www.metrobankonline.co.uk/globalassets/documents/investor_documents/metro-bank---annual-report-2025.pdf,"=HYPERLINK(""https://www.metrobankonline.co.uk/globalassets/documents/investor_documents/metro-bank---annual-report-2025.pdf#page=96"",""p.96 of AR"")",170.0,"=HYPERLINK(""https://www.metrobankonline.co.uk/globalassets/documents/investor_documents/metro-bank---annual-report-2025.pdf#page=80"",""p.80 of AR"")","=HYPERLINK(""https://www.metrobankonline.co.uk/globalassets/documents/investor_documents/metro-bank---annual-report-2025.pdf#page=80"",""p.80 of AR"")",,"=HYPERLINK(""https://www.metrobankonline.co.uk/globalassets/documents/investor_documents/metro-bank---annual-report-2025.pdf#page=91"",""p.91 of AR"")",3
Metro Bank Holdings Plc,MTRO LN Equity,Financials,Banks,Banks,Regional Banks,976.5,12.0,2026,Marc Page,Chief Financial Officer,CFO,current,525300.0,GBP,April 2026,150.0,,4.0,,,,,,200.0,2.0,"Salary increased 3% effective April 2026, in line with wider colleague population; SVAP allocation increased from 0.5% to 1% of the pool following strong 2025 performance; shareholding requirement not yet met as of 31 December 2025.",April 2026,47,47,,138,metro_bank_holdings_ar_2025,https://www.metrobankonline.co.uk/globalassets/documents/investor_documents/metro-bank---annual-report-2025.pdf,"=HYPERLINK(""https://www.metrobankonline.co.uk/globalassets/documents/investor_documents/metro-bank---annual-report-2025.pdf#page=96"",""p.96 of AR"")",170.0,"=HYPERLINK(""https://www.metrobankonline.co.uk/globalassets/documents/investor_documents/metro-bank---annual-report-2025.pdf#page=80"",""p.80 of AR"")","=HYPERLINK(""https://www.metrobankonline.co.uk/globalassets/documents/investor_documents/metro-bank---annual-report-2025.pdf#page=80"",""p.80 of AR"")",,"=HYPERLINK(""https://www.metrobankonline.co.uk/globalassets/documents/investor_documents/metro-bank---annual-report-2025.pdf#page=91"",""p.91 of AR"")",3
Mitchells & Butlers Plc,MAB LN Equity,Consumer Discretionary,Consumer Services,Hotels Restaurants & Leisure,Restaurants,1486.9,9.0,2026,Phil Urban,Chief Executive Officer,CEO,current,647600.0,GBP,1 January 2026,100.0,50.0,2.0,200.0,,,,,250.0,2.0,"Salary increased 3.5% effective 1 Jan 2026; no change to bonus maximum (100%), LTIP opportunity (200%) or performance measures/weightings (Operating Cashflow 70%, EPS growth 20%, Sustainability 10%) for FY2026",1 January 2026,42,45,83,200,mitchells_and_butlers_ar_2025,https://www.mbplc.com/static/b353eb729f9cf91e764c874fdf1409ff/MAB_Annual_Report_2025_Accessible.pdf,"=HYPERLINK(""https://www.mbplc.com/static/b353eb729f9cf91e764c874fdf1409ff/MAB_Annual_Report_2025_Accessible.pdf#page=103"",""p.103 of AR"")",42.0,"=HYPERLINK(""https://www.mbplc.com/static/b353eb729f9cf91e764c874fdf1409ff/MAB_Annual_Report_2025_Accessible.pdf#page=103"",""p.103 of AR"")","=HYPERLINK(""https://www.mbplc.com/static/b353eb729f9cf91e764c874fdf1409ff/MAB_Annual_Report_2025_Accessible.pdf#page=103"",""p.103 of AR"")","=HYPERLINK(""https://www.mbplc.com/static/b353eb729f9cf91e764c874fdf1409ff/MAB_Annual_Report_2025_Accessible.pdf#page=107"",""p.107 of AR"")","=HYPERLINK(""https://www.mbplc.com/static/b353eb729f9cf91e764c874fdf1409ff/MAB_Annual_Report_2025_Accessible.pdf#page=117"",""p.117 of AR"")",3
Mitchells & Butlers Plc,MAB LN Equity,Consumer Discretionary,Consumer Services,Hotels Restaurants & Leisure,Restaurants,1486.9,9.0,2026,Tim Jones,Chief Financial Officer (outgoing; expected to work until summer 2026),CFO,former,541500.0,GBP,1 January 2026,100.0,50.0,2.0,200.0,,,,,200.0,2.0,Salary increased 3.5% effective 1 Jan 2026 (eligible as expected to work majority of FY2026); annual bonus and PSP award for FY2026 to be pro-rated for time in role given planned departure in summer 2026; no other changes to opportunity levels,1 January 2026,42,45,"46, 83",200,mitchells_and_butlers_ar_2025,https://www.mbplc.com/static/b353eb729f9cf91e764c874fdf1409ff/MAB_Annual_Report_2025_Accessible.pdf,"=HYPERLINK(""https://www.mbplc.com/static/b353eb729f9cf91e764c874fdf1409ff/MAB_Annual_Report_2025_Accessible.pdf#page=103"",""p.103 of AR"")",42.0,"=HYPERLINK(""https://www.mbplc.com/static/b353eb729f9cf91e764c874fdf1409ff/MAB_Annual_Report_2025_Accessible.pdf#page=103"",""p.103 of AR"")","=HYPERLINK(""https://www.mbplc.com/static/b353eb729f9cf91e764c874fdf1409ff/MAB_Annual_Report_2025_Accessible.pdf#page=103"",""p.103 of AR"")",,"=HYPERLINK(""https://www.mbplc.com/static/b353eb729f9cf91e764c874fdf1409ff/MAB_Annual_Report_2025_Accessible.pdf#page=117"",""p.117 of AR"")",3
Mitchells & Butlers Plc,MAB LN Equity,Consumer Discretionary,Consumer Services,Hotels Restaurants & Leisure,Restaurants,1486.9,9.0,2026,Emma Harris,"Chief Financial Officer (incoming, replacing Tim Jones)",CFO,designate,520000.0,GBP,on appointment,100.0,50.0,2.0,200.0,,,,,200.0,2.0,New appointment; remuneration package set in line with the Directors' Remuneration Policy approved by shareholders in 2024; salary and bonus opportunity pro-rated to reflect time in role during FY2026,,42,45,83,"83, 200",mitchells_and_butlers_ar_2025,https://www.mbplc.com/static/b353eb729f9cf91e764c874fdf1409ff/MAB_Annual_Report_2025_Accessible.pdf,"=HYPERLINK(""https://www.mbplc.com/static/b353eb729f9cf91e764c874fdf1409ff/MAB_Annual_Report_2025_Accessible.pdf#page=103"",""p.103 of AR"")",42.0,"=HYPERLINK(""https://www.mbplc.com/static/b353eb729f9cf91e764c874fdf1409ff/MAB_Annual_Report_2025_Accessible.pdf#page=103"",""p.103 of AR"")","=HYPERLINK(""https://www.mbplc.com/static/b353eb729f9cf91e764c874fdf1409ff/MAB_Annual_Report_2025_Accessible.pdf#page=103"",""p.103 of AR"")","=HYPERLINK(""https://www.mbplc.com/static/b353eb729f9cf91e764c874fdf1409ff/MAB_Annual_Report_2025_Accessible.pdf#page=107"",""p.107 of AR"")",,3
Mitie Group Plc,MTO LN Equity,Industrials,Commercial & Professional Services,Commercial Services & Supplies,Environmental & Facilities Services,2175.5,3.0,2026,Phil Bentley,Chief Executive Officer (CEO),CEO,current,900000.0,GBP,1 April 2025,200.0,50.0,2.0,0.0,,,,,200.0,2.0,A one-off exceptional LTIP award of 600% of base salary was granted in FY25 under the CEO reward plan approved at the 2024 AGM; no LTIP awards will be made to the CEO in FY26 or FY27. The standard maximum LTIP opportunity under the policy for a new CEO is 200% of base salary. Salary remains frozen (no increase) and is expected to remain frozen until at least April 2027. Bonus opportunity and structure unchanged.,,76,76,76,83,mitie_group_ar_2025,https://www.mitie.com/wp-content/uploads/2026/06/Mitie-Annual-Report-2026.pdf,"=HYPERLINK(""https://www.mitie.com/wp-content/uploads/2026/06/Mitie-Annual-Report-2026.pdf#page=126"",""p.126 of AR"")",76.0,"=HYPERLINK(""https://www.mitie.com/wp-content/uploads/2026/06/Mitie-Annual-Report-2026.pdf#page=126"",""p.126 of AR"")","=HYPERLINK(""https://www.mitie.com/wp-content/uploads/2026/06/Mitie-Annual-Report-2026.pdf#page=126"",""p.126 of AR"")","=HYPERLINK(""https://www.mitie.com/wp-content/uploads/2026/06/Mitie-Annual-Report-2026.pdf#page=126"",""p.126 of AR"")","=HYPERLINK(""https://www.mitie.com/wp-content/uploads/2026/06/Mitie-Annual-Report-2026.pdf#page=127"",""p.127 of AR"")",3
Mitie Group Plc,MTO LN Equity,Industrials,Commercial & Professional Services,Commercial Services & Supplies,Environmental & Facilities Services,2175.5,3.0,2026,Simon Kirkpatrick,Chief Financial Officer (CFO),CFO,current,412000.0,GBP,1 April 2025,175.0,50.0,2.0,175.0,,,,,200.0,2.0,"No changes — maximum bonus opportunity and LTIP opportunity remain unchanged at 175% of salary for FY26; salary held flat at £412,000. LTIP 2025 award granted at 175% of salary, though performance targets for this award have been delayed and will be set before end of October 2025 due to the Board's ongoing FY28+ strategy review.",,76,76,76,83,mitie_group_ar_2025,https://www.mitie.com/wp-content/uploads/2026/06/Mitie-Annual-Report-2026.pdf,"=HYPERLINK(""https://www.mitie.com/wp-content/uploads/2026/06/Mitie-Annual-Report-2026.pdf#page=126"",""p.126 of AR"")",76.0,"=HYPERLINK(""https://www.mitie.com/wp-content/uploads/2026/06/Mitie-Annual-Report-2026.pdf#page=126"",""p.126 of AR"")","=HYPERLINK(""https://www.mitie.com/wp-content/uploads/2026/06/Mitie-Annual-Report-2026.pdf#page=126"",""p.126 of AR"")","=HYPERLINK(""https://www.mitie.com/wp-content/uploads/2026/06/Mitie-Annual-Report-2026.pdf#page=126"",""p.126 of AR"")","=HYPERLINK(""https://www.mitie.com/wp-content/uploads/2026/06/Mitie-Annual-Report-2026.pdf#page=127"",""p.127 of AR"")",3
Mondi Plc,MNDI LN Equity,Materials,Materials,Paper & Forest Products,Paper Products,3310.4,12.0,2026,Andrew King,Group Chief Executive Officer,CEO,current,1133348.0,GBP,1 January 2026,200.0,50.0,3.0,250.0,,,,,300.0,2.0,"No changes to overall remuneration structure or policy maxima proposed for 2026 DRP. For 2026 LTIP awards, performance measure weightings changed: TSR weighting increased from 25% to 50%, with ROCE weighting reduced correspondingly; ROCE now assessed on a final-year basis rather than a three-year average. Base salary and actual bonus/LTIP award levels held flat versus 2025.",,99,135,136,93,mondi_ar_2025,https://www.mondigroup.com/globalassets/mondigroup.com/investors/results-reports-and-presentations/2025/integrated-report/mondi-group-integrated-report-and-financial-statements-2025.pdf,"=HYPERLINK(""https://www.mondigroup.com/globalassets/mondigroup.com/investors/results-reports-and-presentations/2025/integrated-report/mondi-group-integrated-report-and-financial-statements-2025.pdf#page=107"",""p.107 of AR"")",99.0,"=HYPERLINK(""https://www.mondigroup.com/globalassets/mondigroup.com/investors/results-reports-and-presentations/2025/integrated-report/mondi-group-integrated-report-and-financial-statements-2025.pdf#page=107"",""p.107 of AR"")","=HYPERLINK(""https://www.mondigroup.com/globalassets/mondigroup.com/investors/results-reports-and-presentations/2025/integrated-report/mondi-group-integrated-report-and-financial-statements-2025.pdf#page=111"",""p.111 of AR"")","=HYPERLINK(""https://www.mondigroup.com/globalassets/mondigroup.com/investors/results-reports-and-presentations/2025/integrated-report/mondi-group-integrated-report-and-financial-statements-2025.pdf#page=111"",""p.111 of AR"")","=HYPERLINK(""https://www.mondigroup.com/globalassets/mondigroup.com/investors/results-reports-and-presentations/2025/integrated-report/mondi-group-integrated-report-and-financial-statements-2025.pdf#page=106"",""p.106 of AR"")",3
Mondi Plc,MNDI LN Equity,Materials,Materials,Paper & Forest Products,Paper Products,3310.4,12.0,2026,Mike Powell,Group Chief Financial Officer,CFO,current,722661.0,GBP,1 January 2026,200.0,50.0,3.0,250.0,,,,,250.0,2.0,"No changes to overall remuneration structure or policy maxima proposed for 2026 DRP. For 2026 LTIP awards, performance measure weightings changed: TSR weighting increased from 25% to 50%, with ROCE weighting reduced correspondingly; ROCE now assessed on a final-year basis rather than a three-year average. Base salary and actual bonus/LTIP award levels held flat versus 2025 (Mike Powell was noted not to have met his MSR at the 2025 measurement date due to share price movements, but remains required to work toward compliance).",,99,135,136,93,mondi_ar_2025,https://www.mondigroup.com/globalassets/mondigroup.com/investors/results-reports-and-presentations/2025/integrated-report/mondi-group-integrated-report-and-financial-statements-2025.pdf,"=HYPERLINK(""https://www.mondigroup.com/globalassets/mondigroup.com/investors/results-reports-and-presentations/2025/integrated-report/mondi-group-integrated-report-and-financial-statements-2025.pdf#page=107"",""p.107 of AR"")",99.0,"=HYPERLINK(""https://www.mondigroup.com/globalassets/mondigroup.com/investors/results-reports-and-presentations/2025/integrated-report/mondi-group-integrated-report-and-financial-statements-2025.pdf#page=107"",""p.107 of AR"")","=HYPERLINK(""https://www.mondigroup.com/globalassets/mondigroup.com/investors/results-reports-and-presentations/2025/integrated-report/mondi-group-integrated-report-and-financial-statements-2025.pdf#page=111"",""p.111 of AR"")","=HYPERLINK(""https://www.mondigroup.com/globalassets/mondigroup.com/investors/results-reports-and-presentations/2025/integrated-report/mondi-group-integrated-report-and-financial-statements-2025.pdf#page=111"",""p.111 of AR"")","=HYPERLINK(""https://www.mondigroup.com/globalassets/mondigroup.com/investors/results-reports-and-presentations/2025/integrated-report/mondi-group-integrated-report-and-financial-statements-2025.pdf#page=106"",""p.106 of AR"")",3
Mony Group Plc,MONY LN Equity,Communication Services,Media & Entertainment,Media,Advertising,886.2,12.0,2026,Peter Duffy,Chief Executive Officer,CEO,current,679600.0,GBP,1 January 2026,200.0,33.0,2.0,150.0,100.0,50.0,active,additive,200.0,2.0,"Introduction of new Performance Share Award (PSA) alongside existing Restricted Share Award (RSA) under a new ""hybrid"" LTIP scheme (previously RSA-only); bonus deferral proportion reduced from one-third to 15% once share ownership guideline (200% of salary) is met (previously deferral requirement did not reduce upon meeting guideline)",,125,79,84,89,mony_group_ar_2025,https://www.monygroup.com/application/files/3417/7304/3833/MONY-Group-plc-Annual-Report-2025.pdf,"=HYPERLINK(""https://www.monygroup.com/application/files/3417/7304/3833/MONY-Group-plc-Annual-Report-2025.pdf#page=110"",""p.110 of AR"")",79.0,"=HYPERLINK(""https://www.monygroup.com/application/files/3417/7304/3833/MONY-Group-plc-Annual-Report-2025.pdf#page=116"",""p.116 of AR"")","=HYPERLINK(""https://www.monygroup.com/application/files/3417/7304/3833/MONY-Group-plc-Annual-Report-2025.pdf#page=110"",""p.110 of AR"")","=HYPERLINK(""https://www.monygroup.com/application/files/3417/7304/3833/MONY-Group-plc-Annual-Report-2025.pdf#page=111"",""p.111 of AR"")","=HYPERLINK(""https://www.monygroup.com/application/files/3417/7304/3833/MONY-Group-plc-Annual-Report-2025.pdf#page=112"",""p.112 of AR"")",3
Mony Group Plc,MONY LN Equity,Communication Services,Media & Entertainment,Media,Advertising,886.2,12.0,2026,Niall McBride,Chief Financial Officer,CFO,current,480000.0,GBP,1 January 2026,200.0,33.0,2.0,150.0,100.0,50.0,active,additive,200.0,2.0,"Introduction of new Performance Share Award (PSA) alongside existing Restricted Share Award (RSA) under a new ""hybrid"" LTIP scheme (previously RSA-only); bonus deferral proportion reduced from one-third to 15% once share ownership guideline (200% of salary) is met (previously deferral requirement did not reduce upon meeting guideline)",,125,79,84,89,mony_group_ar_2025,https://www.monygroup.com/application/files/3417/7304/3833/MONY-Group-plc-Annual-Report-2025.pdf,"=HYPERLINK(""https://www.monygroup.com/application/files/3417/7304/3833/MONY-Group-plc-Annual-Report-2025.pdf#page=110"",""p.110 of AR"")",79.0,"=HYPERLINK(""https://www.monygroup.com/application/files/3417/7304/3833/MONY-Group-plc-Annual-Report-2025.pdf#page=116"",""p.116 of AR"")","=HYPERLINK(""https://www.monygroup.com/application/files/3417/7304/3833/MONY-Group-plc-Annual-Report-2025.pdf#page=110"",""p.110 of AR"")","=HYPERLINK(""https://www.monygroup.com/application/files/3417/7304/3833/MONY-Group-plc-Annual-Report-2025.pdf#page=111"",""p.111 of AR"")","=HYPERLINK(""https://www.monygroup.com/application/files/3417/7304/3833/MONY-Group-plc-Annual-Report-2025.pdf#page=112"",""p.112 of AR"")",3
Moonpig Group Plc,MOON LN Equity,Consumer Discretionary,Consumer Discretionary Distribution & Retail,Specialty Retail,Other Specialty Retail,626.0,4.0,2026,Nickyl Raithatha,Chief Executive Officer (CEO),CEO,current,636828.0,GBP,1 May 2025,150.0,33.0,3.0,250.0,,,,,300.0,2.0,"Base salary increased 2.5% from 1 May 2025 (below wider workforce average increase of 3.8%). FY26 bonus sustainability weighting temporarily reduced from 20% to 10%, with personal objectives increased to 20% (one-time rebalancing, to be revisited FY27). Policy otherwise unchanged; Committee to consult shareholders in FY26 on a new triennial policy (2026 Remuneration Policy) to take effect from the 2026 AGM, including a possible removal of the 5% discretionary share plan dilution limit.",2026 AGM,68,69,69,179,moonpig_group_ar_2025,https://www.moonpig.group/media/qxchirs2/moonpig-group-plc-annual-report-2026-full-version.pdf,"=HYPERLINK(""https://www.moonpig.group/media/qxchirs2/moonpig-group-plc-annual-report-2026-full-version.pdf#page=107"",""p.107 of AR"")",68.0,"=HYPERLINK(""https://www.moonpig.group/media/qxchirs2/moonpig-group-plc-annual-report-2026-full-version.pdf#page=107"",""p.107 of AR"")","=HYPERLINK(""https://www.moonpig.group/media/qxchirs2/moonpig-group-plc-annual-report-2026-full-version.pdf#page=107"",""p.107 of AR"")","=HYPERLINK(""https://www.moonpig.group/media/qxchirs2/moonpig-group-plc-annual-report-2026-full-version.pdf#page=107"",""p.107 of AR"")","=HYPERLINK(""https://www.moonpig.group/media/qxchirs2/moonpig-group-plc-annual-report-2026-full-version.pdf#page=118"",""p.118 of AR"")",3
Moonpig Group Plc,MOON LN Equity,Consumer Discretionary,Consumer Discretionary Distribution & Retail,Specialty Retail,Other Specialty Retail,626.0,4.0,2026,Andy MacKinnon,Chief Financial Officer (CFO),CFO,current,411742.0,GBP,1 May 2025,150.0,33.0,3.0,250.0,,,,,300.0,2.0,"Base salary increased 2.5% from 1 May 2025 (below wider workforce average increase of 3.8%). FY26 bonus sustainability weighting temporarily reduced from 20% to 10%, with personal objectives increased to 20% (one-time rebalancing, to be revisited FY27). Policy otherwise unchanged; Committee to consult shareholders in FY26 on a new triennial policy (2026 Remuneration Policy) to take effect from the 2026 AGM, including a possible removal of the 5% discretionary share plan dilution limit.",2026 AGM,68,69,69,179,moonpig_group_ar_2025,https://www.moonpig.group/media/qxchirs2/moonpig-group-plc-annual-report-2026-full-version.pdf,"=HYPERLINK(""https://www.moonpig.group/media/qxchirs2/moonpig-group-plc-annual-report-2026-full-version.pdf#page=107"",""p.107 of AR"")",68.0,"=HYPERLINK(""https://www.moonpig.group/media/qxchirs2/moonpig-group-plc-annual-report-2026-full-version.pdf#page=107"",""p.107 of AR"")","=HYPERLINK(""https://www.moonpig.group/media/qxchirs2/moonpig-group-plc-annual-report-2026-full-version.pdf#page=107"",""p.107 of AR"")","=HYPERLINK(""https://www.moonpig.group/media/qxchirs2/moonpig-group-plc-annual-report-2026-full-version.pdf#page=107"",""p.107 of AR"")","=HYPERLINK(""https://www.moonpig.group/media/qxchirs2/moonpig-group-plc-annual-report-2026-full-version.pdf#page=118"",""p.118 of AR"")",3
Moonpig Group Plc,MOON LN Equity,Consumer Discretionary,Consumer Discretionary Distribution & Retail,Specialty Retail,Other Specialty Retail,626.0,4.0,2027,Catherine Faiers,Chief Executive Officer,CEO,current,570000.0,GBP,,150.0,33.0,3.0,250.0,,,,,300.0,2.0,"Under the 2026 Remuneration Policy, the Committee has added flexibility to (i) reduce bonus deferral levels where an executive exceeds their shareholding guideline, and (ii) limit LTIP post-vesting holding periods to two years post-cessation, should it consider either appropriate. No changes to maximum bonus (150%) or LTIP (250%) opportunity levels versus the prior 2023 Policy. Base salary was not increased for FY27 as she joined the Company on 2 March 2026 (salary to be first reviewed 1 May 2027).",,157,157,157,100,moonpig_group_ar_2026,https://www.moonpig.group/media/qxchirs2/moonpig-group-plc-annual-report-2026-full-version.pdf,"=HYPERLINK(""https://www.moonpig.group/media/qxchirs2/moonpig-group-plc-annual-report-2026-full-version.pdf#page=104"",""p.104 of AR"")",89.0,"=HYPERLINK(""https://www.moonpig.group/media/qxchirs2/moonpig-group-plc-annual-report-2026-full-version.pdf#page=111"",""p.111 of AR"")","=HYPERLINK(""https://www.moonpig.group/media/qxchirs2/moonpig-group-plc-annual-report-2026-full-version.pdf#page=111"",""p.111 of AR"")","=HYPERLINK(""https://www.moonpig.group/media/qxchirs2/moonpig-group-plc-annual-report-2026-full-version.pdf#page=111"",""p.111 of AR"")","=HYPERLINK(""https://www.moonpig.group/media/qxchirs2/moonpig-group-plc-annual-report-2026-full-version.pdf#page=106"",""p.106 of AR"")",3
Moonpig Group Plc,MOON LN Equity,Consumer Discretionary,Consumer Discretionary Distribution & Retail,Specialty Retail,Other Specialty Retail,626.0,4.0,2027,Andy MacKinnon,Chief Financial Officer,CFO,current,422036.0,GBP,1 May 2026,150.0,33.0,3.0,250.0,,,,,300.0,2.0,"Same two policy flexibilities as noted for the CEO (bonus deferral reduction where shareholding guideline exceeded; potential 2-year post-cessation LTIP holding period). Salary increased 2.5% from 1 May 2026, below the 4.1% average UK workforce increase. No change to maximum bonus (150%) or LTIP (250%) opportunity levels.",,157,157,157,100,moonpig_group_ar_2026,https://www.moonpig.group/media/qxchirs2/moonpig-group-plc-annual-report-2026-full-version.pdf,"=HYPERLINK(""https://www.moonpig.group/media/qxchirs2/moonpig-group-plc-annual-report-2026-full-version.pdf#page=103"",""p.103 of AR"")",72.0,"=HYPERLINK(""https://www.moonpig.group/media/qxchirs2/moonpig-group-plc-annual-report-2026-full-version.pdf#page=111"",""p.111 of AR"")","=HYPERLINK(""https://www.moonpig.group/media/qxchirs2/moonpig-group-plc-annual-report-2026-full-version.pdf#page=111"",""p.111 of AR"")","=HYPERLINK(""https://www.moonpig.group/media/qxchirs2/moonpig-group-plc-annual-report-2026-full-version.pdf#page=111"",""p.111 of AR"")","=HYPERLINK(""https://www.moonpig.group/media/qxchirs2/moonpig-group-plc-annual-report-2026-full-version.pdf#page=106"",""p.106 of AR"")",3
Morgan Advanced Materials Plc,MGAM LN Equity,Industrials,Capital Goods,Machinery,Industrial Machinery & Supplies & Components,595.7,12.0,2026,Damien Caby,Chief Executive Officer (CEO),CEO,current,749000.0,EUR,1 January 2026,150.0,33.0,3.0,200.0,,,,,200.0,1.0,No changes to overall Remuneration Policy for 2026 (approved 97.9% at 2025 AGM); salary increased 4%; LTIP award reverted to normal level of 175% of salary (from a prior one-off reduction for cost-efficiency measures); annual bonus maximum unchanged at 150% of salary.,1 January 2026,174,21,37,25,morgan_advanced_materials_ar_2025,https://www.morganadvancedmaterials.com/media/tznobfqa/morgan-advanced-materials_annual-report-2025.pdf,"=HYPERLINK(""https://www.morganadvancedmaterials.com/media/tznobfqa/morgan-advanced-materials_annual-report-2025.pdf#page=42"",""p.42 of AR"")",21.0,"=HYPERLINK(""https://www.morganadvancedmaterials.com/media/tznobfqa/morgan-advanced-materials_annual-report-2025.pdf#page=50"",""p.50 of AR"")","=HYPERLINK(""https://www.morganadvancedmaterials.com/media/tznobfqa/morgan-advanced-materials_annual-report-2025.pdf#page=42"",""p.42 of AR"")","=HYPERLINK(""https://www.morganadvancedmaterials.com/media/tznobfqa/morgan-advanced-materials_annual-report-2025.pdf#page=43"",""p.43 of AR"")","=HYPERLINK(""https://www.morganadvancedmaterials.com/media/tznobfqa/morgan-advanced-materials_annual-report-2025.pdf#page=42"",""p.42 of AR"")",3
Morgan Advanced Materials Plc,MGAM LN Equity,Industrials,Capital Goods,Machinery,Industrial Machinery & Supplies & Components,595.7,12.0,2026,Richard Armitage,Chief Financial Officer (CFO),CFO,current,487680.0,GBP,1 January 2026,150.0,33.0,3.0,200.0,,,,,200.0,1.0,No changes to overall Remuneration Policy for 2026; salary increased 3%; LTIP award reverted to normal level of 150% of salary (from a prior one-off reduction for cost-efficiency measures); annual bonus maximum unchanged at 150% of salary.,1 January 2026,174,21,37,25,morgan_advanced_materials_ar_2025,https://www.morganadvancedmaterials.com/media/tznobfqa/morgan-advanced-materials_annual-report-2025.pdf,"=HYPERLINK(""https://www.morganadvancedmaterials.com/media/tznobfqa/morgan-advanced-materials_annual-report-2025.pdf#page=42"",""p.42 of AR"")",21.0,"=HYPERLINK(""https://www.morganadvancedmaterials.com/media/tznobfqa/morgan-advanced-materials_annual-report-2025.pdf#page=50"",""p.50 of AR"")","=HYPERLINK(""https://www.morganadvancedmaterials.com/media/tznobfqa/morgan-advanced-materials_annual-report-2025.pdf#page=42"",""p.42 of AR"")","=HYPERLINK(""https://www.morganadvancedmaterials.com/media/tznobfqa/morgan-advanced-materials_annual-report-2025.pdf#page=43"",""p.43 of AR"")","=HYPERLINK(""https://www.morganadvancedmaterials.com/media/tznobfqa/morgan-advanced-materials_annual-report-2025.pdf#page=42"",""p.42 of AR"")",3
Morgan Sindall Group Plc,MGNS LN Equity,Industrials,Capital Goods,Construction & Engineering,Construction & Engineering,2111.5,12.0,2026,John Morgan,Chief Executive Officer,CEO,current,795000.0,GBP,1 January 2026,150.0,33.0,3.0,200.0,,,,,200.0,2.0,"One-off rebasing of salary to £795,000 with effect from 1 January 2026 (24.9% increase) to address below-market positioning; general policy amendment (applies to all EDs) removing prescriptive wording tying LTIP strictly to EPS/relative TSR peer-group measures, providing greater flexibility for future performance measure selection (no immediate change intended to current EPS/TSR blend)",1 January 2026,85,105,110,251,morgan_sindall_group_ar_2025,https://d3s3eeezfmyz8l.cloudfront.net/pdfs/Morgan_Sindall_AR25-Interactive.pdf,"=HYPERLINK(""https://d3s3eeezfmyz8l.cloudfront.net/pdfs/Morgan_Sindall_AR25-Interactive.pdf#page=100"",""p.100 of AR"")",85.0,"=HYPERLINK(""https://d3s3eeezfmyz8l.cloudfront.net/pdfs/Morgan_Sindall_AR25-Interactive.pdf#page=100"",""p.100 of AR"")","=HYPERLINK(""https://d3s3eeezfmyz8l.cloudfront.net/pdfs/Morgan_Sindall_AR25-Interactive.pdf#page=103"",""p.103 of AR"")","=HYPERLINK(""https://d3s3eeezfmyz8l.cloudfront.net/pdfs/Morgan_Sindall_AR25-Interactive.pdf#page=104"",""p.104 of AR"")","=HYPERLINK(""https://d3s3eeezfmyz8l.cloudfront.net/pdfs/Morgan_Sindall_AR25-Interactive.pdf#page=117"",""p.117 of AR"")",3
Morgan Sindall Group Plc,MGNS LN Equity,Industrials,Capital Goods,Construction & Engineering,Construction & Engineering,2111.5,12.0,2026,Kelly Gangotra,"Chief Financial Officer (title changing to ""Chief Financial and Commercial Officer"" from 1 April 2026)",CFO,current,527947.0,GBP,1 January 2026,150.0,33.0,3.0,200.0,,,,,200.0,2.0,"LTIP opportunity increased from 175% to 200% of salary; salary increased via two steps — 4.0% (in line with wider workforce, effective January 2026) and a further 18.4% (effective April 2026) reflecting a material expansion of role responsibilities (absorbing the retiring Group commercial director's duties) and consequent title change; general policy amendment (applies to all EDs) removing prescriptive EPS/relative TSR wording for future LTIP flexibility",1 January 2026,85,105,110,251,morgan_sindall_group_ar_2025,https://d3s3eeezfmyz8l.cloudfront.net/pdfs/Morgan_Sindall_AR25-Interactive.pdf,"=HYPERLINK(""https://d3s3eeezfmyz8l.cloudfront.net/pdfs/Morgan_Sindall_AR25-Interactive.pdf#page=100"",""p.100 of AR"")",85.0,"=HYPERLINK(""https://d3s3eeezfmyz8l.cloudfront.net/pdfs/Morgan_Sindall_AR25-Interactive.pdf#page=100"",""p.100 of AR"")","=HYPERLINK(""https://d3s3eeezfmyz8l.cloudfront.net/pdfs/Morgan_Sindall_AR25-Interactive.pdf#page=103"",""p.103 of AR"")","=HYPERLINK(""https://d3s3eeezfmyz8l.cloudfront.net/pdfs/Morgan_Sindall_AR25-Interactive.pdf#page=104"",""p.104 of AR"")","=HYPERLINK(""https://d3s3eeezfmyz8l.cloudfront.net/pdfs/Morgan_Sindall_AR25-Interactive.pdf#page=117"",""p.117 of AR"")",3
National Grid Plc,NG/ LN Equity,Utilities,Utilities,Multi-Utilities,Multi-Utilities,59109.5,3.0,2026,John Pettigrew,Chief Executive Officer,CEO,current,,,1 July 2025,200.0,50.0,2.0,400.0,,,,,500.0,2.0,"APP maximum increased from 125% to 200% of salary; LTPP maximum increased from 350% to 400% of salary; deferral of APP shares (post-shareholding requirement) reduced from 50% to 33%; removal of the 'exceptional circumstances' flexibility to award an additional 50% of salary under APP/LTPP; benchmarking peer group changed from FTSE 11-40 to FTSE 30; dividend equivalents may now be settled in cash or shares at Committee discretion. First LTPP grant under the new Policy (2025) will remain at the prior maximum (350%), not the new 400% ceiling.",,77,234,234,37,national_grid_ar_2024_25,https://www.nationalgrid.com/document/579676/download,"=HYPERLINK(""https://www.nationalgrid.com/document/579676/download#page=128"",""p.128 of AR"")",90.0,"=HYPERLINK(""https://www.nationalgrid.com/document/579676/download#page=127"",""p.127 of AR"")","=HYPERLINK(""https://www.nationalgrid.com/document/579676/download#page=140"",""p.140 of AR"")","=HYPERLINK(""https://www.nationalgrid.com/document/579676/download#page=140"",""p.140 of AR"")","=HYPERLINK(""https://www.nationalgrid.com/document/579676/download#page=125"",""p.125 of AR"")",3
National Grid Plc,NG/ LN Equity,Utilities,Utilities,Multi-Utilities,Multi-Utilities,59109.5,3.0,2026,Andy Agg,Chief Financial Officer,CFO,current,,,1 July 2025,200.0,50.0,2.0,350.0,,,,,400.0,2.0,"APP maximum increased from 125% to 200% of salary; LTPP maximum increased from 300% to 350% of salary; deferral of APP shares (post-shareholding requirement) reduced from 50% to 33%; removal of the 'exceptional circumstances' flexibility to award an additional 50% of salary under APP/LTPP; benchmarking peer group changed from FTSE 11-40 to FTSE 30; dividend equivalents may now be settled in cash or shares at Committee discretion. First LTPP grant under the new Policy (2025) will remain at the prior maximum (300%), not the new 350% ceiling.",,77,234,234,37,national_grid_ar_2024_25,https://www.nationalgrid.com/document/579676/download,"=HYPERLINK(""https://www.nationalgrid.com/document/579676/download#page=128"",""p.128 of AR"")",90.0,"=HYPERLINK(""https://www.nationalgrid.com/document/579676/download#page=127"",""p.127 of AR"")","=HYPERLINK(""https://www.nationalgrid.com/document/579676/download#page=140"",""p.140 of AR"")","=HYPERLINK(""https://www.nationalgrid.com/document/579676/download#page=140"",""p.140 of AR"")","=HYPERLINK(""https://www.nationalgrid.com/document/579676/download#page=125"",""p.125 of AR"")",3
National Grid Plc,NG/ LN Equity,Utilities,Utilities,Multi-Utilities,Multi-Utilities,59109.5,3.0,2027,Zoë Yujnovich,Chief Executive,CEO,current,1359000.0,GBP,1 July 2026,200.0,,,400.0,,,,,500.0,2.0,"Salary increased by 4.5% effective 1 July 2026, in line with wider workforce principles; 2026 LTPP maximum maintained at 400% of salary consistent with the 2025 Policy; Committee anticipates reviewing CE salary further at her work-anniversary given her early strong performance, though no automatic increase is guaranteed.",1 July 2026,237,91,245,165,national_grid_ar_2025_26,https://www.nationalgrid.com/document/579676/download,"=HYPERLINK(""https://www.nationalgrid.com/document/579676/download#page=111"",""p.111 of AR"")",48.0,"=HYPERLINK(""https://www.nationalgrid.com/document/579676/download#page=127"",""p.127 of AR"")","=HYPERLINK(""https://www.nationalgrid.com/document/579676/download#page=114"",""p.114 of AR"")","=HYPERLINK(""https://www.nationalgrid.com/document/579676/download#page=127"",""p.127 of AR"")","=HYPERLINK(""https://www.nationalgrid.com/document/579676/download#page=121"",""p.121 of AR"")",3
National Grid Plc,NG/ LN Equity,Utilities,Utilities,Multi-Utilities,Multi-Utilities,59109.5,3.0,2027,Andy Agg,Chief Financial Officer (CFO),CFO,current,849000.0,GBP,1 July 2026,200.0,,,350.0,,,,,400.0,2.0,"Salary increased by 3.5% effective 1 July 2026, aligned with wider workforce principles; 2026 LTPP maximum maintained at 350% of salary consistent with the 2025 Policy; no other notable changes identified for Andy Agg.",1 July 2026,237,91,245,165,national_grid_ar_2025_26,https://www.nationalgrid.com/document/579676/download,"=HYPERLINK(""https://www.nationalgrid.com/document/579676/download#page=111"",""p.111 of AR"")",48.0,"=HYPERLINK(""https://www.nationalgrid.com/document/579676/download#page=127"",""p.127 of AR"")","=HYPERLINK(""https://www.nationalgrid.com/document/579676/download#page=114"",""p.114 of AR"")","=HYPERLINK(""https://www.nationalgrid.com/document/579676/download#page=127"",""p.127 of AR"")","=HYPERLINK(""https://www.nationalgrid.com/document/579676/download#page=121"",""p.121 of AR"")",3
Natwest Group Plc,NWG LN Equity,Financials,Banks,Banks,Diversified Banks,44649.4,12.0,2025,Paul Thwaite,Group Chief Executive Officer (CEO),CEO,current,1178773.0,GBP,1 April 2025,150.0,50.0,,300.0,,,,,500.0,2.0,Annual bonus maximum increased from 100% to 150% of salary; RSP awards replaced by PSP awards capped at 300% of salary; fixed share allowance and pension unchanged; 2% salary increase effective 1 April 2025.,,278,279,279,134,natwest_group_ar_2025,https://investors.natwestgroup.com/~/media/Files/R/RBS-IR-V2/results-center/13022026/nwg-annual-report-and-accounts-2025.pdf,"=HYPERLINK(""https://investors.natwestgroup.com/~/media/Files/R/RBS-IR-V2/results-center/13022026/nwg-annual-report-and-accounts-2025.pdf#page=155"",""p.155 of AR"")",278.0,"=HYPERLINK(""https://investors.natwestgroup.com/~/media/Files/R/RBS-IR-V2/results-center/13022026/nwg-annual-report-and-accounts-2025.pdf#page=155"",""p.155 of AR"")","=HYPERLINK(""https://investors.natwestgroup.com/~/media/Files/R/RBS-IR-V2/results-center/13022026/nwg-annual-report-and-accounts-2025.pdf#page=155"",""p.155 of AR"")","=HYPERLINK(""https://investors.natwestgroup.com/~/media/Files/R/RBS-IR-V2/results-center/13022026/nwg-annual-report-and-accounts-2025.pdf#page=155"",""p.155 of AR"")","=HYPERLINK(""https://investors.natwestgroup.com/~/media/Files/R/RBS-IR-V2/results-center/13022026/nwg-annual-report-and-accounts-2025.pdf#page=139"",""p.139 of AR"")",3
Natwest Group Plc,NWG LN Equity,Financials,Banks,Banks,Diversified Banks,44649.4,12.0,2025,Katie Murray,Group Chief Financial Officer (CFO),CFO,current,803709.0,GBP,1 April 2025,150.0,50.0,,300.0,,,,,300.0,2.0,Annual bonus maximum increased from 100% to 150% of salary; RSP awards replaced by PSP awards capped at 300% of salary; fixed share allowance and pension unchanged; 2% salary increase effective 1 April 2025.,,278,279,279,134,natwest_group_ar_2025,https://investors.natwestgroup.com/~/media/Files/R/RBS-IR-V2/results-center/13022026/nwg-annual-report-and-accounts-2025.pdf,"=HYPERLINK(""https://investors.natwestgroup.com/~/media/Files/R/RBS-IR-V2/results-center/13022026/nwg-annual-report-and-accounts-2025.pdf#page=155"",""p.155 of AR"")",278.0,"=HYPERLINK(""https://investors.natwestgroup.com/~/media/Files/R/RBS-IR-V2/results-center/13022026/nwg-annual-report-and-accounts-2025.pdf#page=155"",""p.155 of AR"")","=HYPERLINK(""https://investors.natwestgroup.com/~/media/Files/R/RBS-IR-V2/results-center/13022026/nwg-annual-report-and-accounts-2025.pdf#page=155"",""p.155 of AR"")","=HYPERLINK(""https://investors.natwestgroup.com/~/media/Files/R/RBS-IR-V2/results-center/13022026/nwg-annual-report-and-accounts-2025.pdf#page=155"",""p.155 of AR"")","=HYPERLINK(""https://investors.natwestgroup.com/~/media/Files/R/RBS-IR-V2/results-center/13022026/nwg-annual-report-and-accounts-2025.pdf#page=139"",""p.139 of AR"")",3
NCC Group Plc,NCC LN Equity,Information Technology,Software & Services,IT Services,IT Consulting & Other Services,384.3,9.0,2026,Mike Maddison,Chief Executive Officer,CEO,current,575384.0,GBP,1 October 2025,125.0,35.0,2.0,175.0,,,,,200.0,2.0,No salary change for FY26 (0% increase); next LTIP awards expected December 2025/January 2026 for performance period 1 October 2025-30 September 2028; no LTIP awards granted in FY25.,1 October 2025,141,143,37,89,ncc_group_ar_2025,https://www.nccgroupplc.com/media/aebnh13z/ncc-group-plc-annual-report-and-accounts-for-the-year-ended-30-september-2025.pdf,"=HYPERLINK(""https://www.nccgroupplc.com/media/aebnh13z/ncc-group-plc-annual-report-and-accounts-for-the-year-ended-30-september-2025.pdf#page=85"",""p.85 of AR"")",37.0,"=HYPERLINK(""https://www.nccgroupplc.com/media/aebnh13z/ncc-group-plc-annual-report-and-accounts-for-the-year-ended-30-september-2025.pdf#page=94"",""p.94 of AR"")","=HYPERLINK(""https://www.nccgroupplc.com/media/aebnh13z/ncc-group-plc-annual-report-and-accounts-for-the-year-ended-30-september-2025.pdf#page=94"",""p.94 of AR"")","=HYPERLINK(""https://www.nccgroupplc.com/media/aebnh13z/ncc-group-plc-annual-report-and-accounts-for-the-year-ended-30-september-2025.pdf#page=85"",""p.85 of AR"")","=HYPERLINK(""https://www.nccgroupplc.com/media/aebnh13z/ncc-group-plc-annual-report-and-accounts-for-the-year-ended-30-september-2025.pdf#page=90"",""p.90 of AR"")",3
NCC Group Plc,NCC LN Equity,Information Technology,Software & Services,IT Services,IT Consulting & Other Services,384.3,9.0,2026,Guy Ellis,Chief Financial Officer,CFO,current,375000.0,GBP,1 October 2025,125.0,35.0,2.0,150.0,,,,,200.0,2.0,"Base salary increased 9.6% from £342,000 to £375,000 effective 1 October 2025 (following a prior 9.6% increase from £312,000 to £342,000 effective 1 June 2025), reflecting expanded responsibilities (now also overseeing Global Technical Services following CIO departure); notice period increased from 6 to 12 months; future increases expected to align with workforce rates; no LTIP awards granted in FY25, next round expected December 2025/January 2026.",1 October 2025,141,143,37,89,ncc_group_ar_2025,https://www.nccgroupplc.com/media/aebnh13z/ncc-group-plc-annual-report-and-accounts-for-the-year-ended-30-september-2025.pdf,"=HYPERLINK(""https://www.nccgroupplc.com/media/aebnh13z/ncc-group-plc-annual-report-and-accounts-for-the-year-ended-30-september-2025.pdf#page=83"",""p.83 of AR"")",11.0,"=HYPERLINK(""https://www.nccgroupplc.com/media/aebnh13z/ncc-group-plc-annual-report-and-accounts-for-the-year-ended-30-september-2025.pdf#page=94"",""p.94 of AR"")","=HYPERLINK(""https://www.nccgroupplc.com/media/aebnh13z/ncc-group-plc-annual-report-and-accounts-for-the-year-ended-30-september-2025.pdf#page=94"",""p.94 of AR"")","=HYPERLINK(""https://www.nccgroupplc.com/media/aebnh13z/ncc-group-plc-annual-report-and-accounts-for-the-year-ended-30-september-2025.pdf#page=85"",""p.85 of AR"")","=HYPERLINK(""https://www.nccgroupplc.com/media/aebnh13z/ncc-group-plc-annual-report-and-accounts-for-the-year-ended-30-september-2025.pdf#page=90"",""p.90 of AR"")",3
Next Plc,NXT LN Equity,Consumer Discretionary,Consumer Discretionary Distribution & Retail,Broadline Retail,Broadline Retail,14289.5,1.0,2027,Simon Wolfson,Chief Executive Officer,CEO,current,,,,200.0,,2.0,400.0,,,,,400.0,1.0,CEO maximum annual bonus increased from 150% to 200% of salary; LTIP maximum increased from 225% to 400% of salary; LTIP performance condition changing from Relative TSR to an EPS-led measure; shareholding guideline increased from 225% to 400% of salary,2026/27,,84,90,154,next_ar_2026,https://www.nextplc.co.uk/~/media/Files/N/next-plc-v4/about-next/annual-report-and-accounts-jan-2026.pdf,"=HYPERLINK(""https://www.nextplc.co.uk/~/media/Files/N/next-plc-v4/about-next/annual-report-and-accounts-jan-2026.pdf#page=159"",""p.159 of AR"")",217.0,,"=HYPERLINK(""https://www.nextplc.co.uk/~/media/Files/N/next-plc-v4/about-next/annual-report-and-accounts-jan-2026.pdf#page=146"",""p.146 of AR"")","=HYPERLINK(""https://www.nextplc.co.uk/~/media/Files/N/next-plc-v4/about-next/annual-report-and-accounts-jan-2026.pdf#page=147"",""p.147 of AR"")","=HYPERLINK(""https://www.nextplc.co.uk/~/media/Files/N/next-plc-v4/about-next/annual-report-and-accounts-jan-2026.pdf#page=152"",""p.152 of AR"")",3
Next Plc,NXT LN Equity,Consumer Discretionary,Consumer Discretionary Distribution & Retail,Broadline Retail,Broadline Retail,14289.5,1.0,2027,Jonathan Blanchard,Chief Financial Officer,CFO,current,719600.0,GBP,2026/27,150.0,,2.0,300.0,,,,,300.0,1.0,"Salary increased from £616,800 to £719,600 as part of 2026/27 review (above the 3.0% general executive increase, reflecting broadening operational remit); benefits from the LTIP maximum increase (225%→300%) and shareholding guideline increase (225%→300%) applicable to other executive directors",2026/27,37.0,84,90,154,next_ar_2026,https://www.nextplc.co.uk/~/media/Files/N/next-plc-v4/about-next/annual-report-and-accounts-jan-2026.pdf,"=HYPERLINK(""https://www.nextplc.co.uk/~/media/Files/N/next-plc-v4/about-next/annual-report-and-accounts-jan-2026.pdf#page=142"",""p.142 of AR"")",37.0,"=HYPERLINK(""https://www.nextplc.co.uk/~/media/Files/N/next-plc-v4/about-next/annual-report-and-accounts-jan-2026.pdf#page=142"",""p.142 of AR"")","=HYPERLINK(""https://www.nextplc.co.uk/~/media/Files/N/next-plc-v4/about-next/annual-report-and-accounts-jan-2026.pdf#page=146"",""p.146 of AR"")","=HYPERLINK(""https://www.nextplc.co.uk/~/media/Files/N/next-plc-v4/about-next/annual-report-and-accounts-jan-2026.pdf#page=147"",""p.147 of AR"")","=HYPERLINK(""https://www.nextplc.co.uk/~/media/Files/N/next-plc-v4/about-next/annual-report-and-accounts-jan-2026.pdf#page=152"",""p.152 of AR"")",3
Next Plc,NXT LN Equity,Consumer Discretionary,Consumer Discretionary Distribution & Retail,Broadline Retail,Broadline Retail,14289.5,1.0,2027,Jeremy Stakol,Executive Director,Executive Director,current,669900.0,GBP,2026/27,150.0,,2.0,300.0,,,,,300.0,1.0,"Salary increased from £616,800 to £669,900, reflecting phased salary progression following internal Board appointment in 2023; benefits from LTIP maximum increase (225%→300%) and shareholding guideline increase (225%→300%) applicable to other executive directors",2026/27,37.0,84,90,154,next_ar_2026,https://www.nextplc.co.uk/~/media/Files/N/next-plc-v4/about-next/annual-report-and-accounts-jan-2026.pdf,"=HYPERLINK(""https://www.nextplc.co.uk/~/media/Files/N/next-plc-v4/about-next/annual-report-and-accounts-jan-2026.pdf#page=142"",""p.142 of AR"")",37.0,"=HYPERLINK(""https://www.nextplc.co.uk/~/media/Files/N/next-plc-v4/about-next/annual-report-and-accounts-jan-2026.pdf#page=142"",""p.142 of AR"")","=HYPERLINK(""https://www.nextplc.co.uk/~/media/Files/N/next-plc-v4/about-next/annual-report-and-accounts-jan-2026.pdf#page=146"",""p.146 of AR"")","=HYPERLINK(""https://www.nextplc.co.uk/~/media/Files/N/next-plc-v4/about-next/annual-report-and-accounts-jan-2026.pdf#page=147"",""p.147 of AR"")","=HYPERLINK(""https://www.nextplc.co.uk/~/media/Files/N/next-plc-v4/about-next/annual-report-and-accounts-jan-2026.pdf#page=152"",""p.152 of AR"")",3
Ninety One Plc,N91 LN Equity,Financials,Financial Services,Capital Markets,Asset Management & Custody Banks,1982.1,3.0,2026,Hendrik du Toit,Chief Executive Officer,CEO,current,666000.0,GBP,1 April 2025,,50.0,,800.0,,,,,1000.0,2.0,"Fixed remuneration unchanged for FY2026 (unchanged since 2020); EIP variable remuneration opportunity unchanged for FY2026, consistent with Policy approved at 2024 AGM and unchanged since FY2021",,164,,165,50,ninety_one_ar_2025,https://ninetyone.com/-/media/documents/investor-relations/2026/91-ninety-one-integrated-annual-report-2026.pdf,"=HYPERLINK(""https://ninetyone.com/-/media/documents/investor-relations/2026/91-ninety-one-integrated-annual-report-2026.pdf#page=96"",""p.96 of AR"")",164.0,"=HYPERLINK(""https://ninetyone.com/-/media/documents/investor-relations/2026/91-ninety-one-integrated-annual-report-2026.pdf#page=96"",""p.96 of AR"")",,"=HYPERLINK(""https://ninetyone.com/-/media/documents/investor-relations/2026/91-ninety-one-integrated-annual-report-2026.pdf#page=96"",""p.96 of AR"")","=HYPERLINK(""https://ninetyone.com/-/media/documents/investor-relations/2026/91-ninety-one-integrated-annual-report-2026.pdf#page=82"",""p.82 of AR"")",3
Ninety One Plc,N91 LN Equity,Financials,Financial Services,Capital Markets,Asset Management & Custody Banks,1982.1,3.0,2026,Kim McFarland,Finance Director,CFO,current,533000.0,GBP,1 April 2025,,50.0,,800.0,,,,,800.0,2.0,"Fixed remuneration unchanged for FY2026 (unchanged since 2020); EIP variable remuneration opportunity unchanged for FY2026, consistent with Policy approved at 2024 AGM and unchanged since FY2021",,164,,165,50,ninety_one_ar_2025,https://ninetyone.com/-/media/documents/investor-relations/2026/91-ninety-one-integrated-annual-report-2026.pdf,"=HYPERLINK(""https://ninetyone.com/-/media/documents/investor-relations/2026/91-ninety-one-integrated-annual-report-2026.pdf#page=96"",""p.96 of AR"")",164.0,"=HYPERLINK(""https://ninetyone.com/-/media/documents/investor-relations/2026/91-ninety-one-integrated-annual-report-2026.pdf#page=96"",""p.96 of AR"")",,"=HYPERLINK(""https://ninetyone.com/-/media/documents/investor-relations/2026/91-ninety-one-integrated-annual-report-2026.pdf#page=96"",""p.96 of AR"")","=HYPERLINK(""https://ninetyone.com/-/media/documents/investor-relations/2026/91-ninety-one-integrated-annual-report-2026.pdf#page=82"",""p.82 of AR"")",3
Ocado Group Plc,OCDO LN Equity,Consumer Staples,Consumer Staples Distribution & Retail,Consumer Staples Distribution & Retail,Food Retail,1553.8,11.0,2026,Tim Steiner,Chief Executive Officer,CEO,current,824570.0,GBP,1 April 2026,200.0,50.0,3.0,600.0,,,,,400.0,2.0,AIP maximum opportunity reduced from 275% of salary (FY24/FY25) to 200% of salary for FY26. Base salary unchanged in FY25; FY26 salary increase not yet determined at time of report. PSP maximum (400% base/600% with TSR multiplier) and shareholding guideline (400%) unchanged.,,32,77,83,97,ocado_group_ar_2025,https://cdn.prod.website-files.com/667974bf1bf45146cf81ef1f/69a962d57ab79485d04640f8_Ocado_ARA2025_Full.pdf,"=HYPERLINK(""https://cdn.prod.website-files.com/667974bf1bf45146cf81ef1f/69a962d57ab79485d04640f8_Ocado_ARA2025_Full.pdf#page=140"",""p.140 of AR"")",64.0,"=HYPERLINK(""https://cdn.prod.website-files.com/667974bf1bf45146cf81ef1f/69a962d57ab79485d04640f8_Ocado_ARA2025_Full.pdf#page=137"",""p.137 of AR"")","=HYPERLINK(""https://cdn.prod.website-files.com/667974bf1bf45146cf81ef1f/69a962d57ab79485d04640f8_Ocado_ARA2025_Full.pdf#page=142"",""p.142 of AR"")","=HYPERLINK(""https://cdn.prod.website-files.com/667974bf1bf45146cf81ef1f/69a962d57ab79485d04640f8_Ocado_ARA2025_Full.pdf#page=143"",""p.143 of AR"")","=HYPERLINK(""https://cdn.prod.website-files.com/667974bf1bf45146cf81ef1f/69a962d57ab79485d04640f8_Ocado_ARA2025_Full.pdf#page=144"",""p.144 of AR"")",3
Ocado Group Plc,OCDO LN Equity,Consumer Staples,Consumer Staples Distribution & Retail,Consumer Staples Distribution & Retail,Food Retail,1553.8,11.0,2026,Stephen Daintith,Chief Financial Officer,CFO,current,614517.0,GBP,1 April 2026,175.0,50.0,3.0,525.0,,,,,300.0,2.0,AIP maximum opportunity reduced from 250% of salary (FY25) to 175% of salary for FY26. Base salary unchanged in FY25; FY26 salary increase not yet determined at time of report. PSP maximum (350% base/525% with TSR multiplier) and shareholding guideline (300%) unchanged.,,32,77,83,97,ocado_group_ar_2025,https://cdn.prod.website-files.com/667974bf1bf45146cf81ef1f/69a962d57ab79485d04640f8_Ocado_ARA2025_Full.pdf,"=HYPERLINK(""https://cdn.prod.website-files.com/667974bf1bf45146cf81ef1f/69a962d57ab79485d04640f8_Ocado_ARA2025_Full.pdf#page=140"",""p.140 of AR"")",64.0,"=HYPERLINK(""https://cdn.prod.website-files.com/667974bf1bf45146cf81ef1f/69a962d57ab79485d04640f8_Ocado_ARA2025_Full.pdf#page=137"",""p.137 of AR"")","=HYPERLINK(""https://cdn.prod.website-files.com/667974bf1bf45146cf81ef1f/69a962d57ab79485d04640f8_Ocado_ARA2025_Full.pdf#page=142"",""p.142 of AR"")","=HYPERLINK(""https://cdn.prod.website-files.com/667974bf1bf45146cf81ef1f/69a962d57ab79485d04640f8_Ocado_ARA2025_Full.pdf#page=143"",""p.143 of AR"")","=HYPERLINK(""https://cdn.prod.website-files.com/667974bf1bf45146cf81ef1f/69a962d57ab79485d04640f8_Ocado_ARA2025_Full.pdf#page=144"",""p.144 of AR"")",3
OSB Group Plc,OSB LN Equity,Financials,Financial Services,Financial Services,Commercial & Residential Mortgage Finance,1707.3,12.0,2026,Andy Golding,Chief Executive Officer (departing),CEO,current,944719.0,GBP,1 April 2026,110.0,30.0,3.0,110.0,,,,,250.0,2.0,"Excluded from the increases applied to the incoming CEO and CFO; bonus opportunity remains 110% (vs. old policy max of 135%), PSP grant remains 110% (vs. old policy max of 135%), and the increased minimum shareholding requirement (300%) does not apply to him. Pro-rating will apply to any 2026 bonus/PSP award based on proportion of period worked.",,41,165,181,46,osb_group_ar_2025,https://www.osb.co.uk/media/vxpbqwz0/osbg-2025-ara.pdf,"=HYPERLINK(""https://www.osb.co.uk/media/vxpbqwz0/osbg-2025-ara.pdf#page=156"",""p.156 of AR"")",165.0,"=HYPERLINK(""https://www.osb.co.uk/media/vxpbqwz0/osbg-2025-ara.pdf#page=145"",""p.145 of AR"")","=HYPERLINK(""https://www.osb.co.uk/media/vxpbqwz0/osbg-2025-ara.pdf#page=156"",""p.156 of AR"")","=HYPERLINK(""https://www.osb.co.uk/media/vxpbqwz0/osbg-2025-ara.pdf#page=157"",""p.157 of AR"")","=HYPERLINK(""https://www.osb.co.uk/media/vxpbqwz0/osbg-2025-ara.pdf#page=145"",""p.145 of AR"")",3
OSB Group Plc,OSB LN Equity,Financials,Financial Services,Financial Services,Commercial & Residential Mortgage Finance,1707.3,12.0,2026,Name Not Disclosed - New CEO,Chief Executive Officer (incoming/successor),CEO,designate,944000.0,GBP,,200.0,30.0,3.0,300.0,,,,,300.0,2.0,"New CEO is subject to the fully revised 2026 Policy: 200% max bonus (up from 135% under prior policy), 300% max PSP (up from 135%), 300% minimum shareholding requirement (up from 250% for CEO), and receives an additional time-bound expatriate allowance of £250,000 per annum. Bonus/PSP deferral moved to 30% held for three years (from 50% held for three years under old policy).",,31,164,182,46,osb_group_ar_2025,https://www.osb.co.uk/media/vxpbqwz0/osbg-2025-ara.pdf,"=HYPERLINK(""https://www.osb.co.uk/media/vxpbqwz0/osbg-2025-ara.pdf#page=156"",""p.156 of AR"")",163.0,"=HYPERLINK(""https://www.osb.co.uk/media/vxpbqwz0/osbg-2025-ara.pdf#page=144"",""p.144 of AR"")","=HYPERLINK(""https://www.osb.co.uk/media/vxpbqwz0/osbg-2025-ara.pdf#page=156"",""p.156 of AR"")","=HYPERLINK(""https://www.osb.co.uk/media/vxpbqwz0/osbg-2025-ara.pdf#page=157"",""p.157 of AR"")","=HYPERLINK(""https://www.osb.co.uk/media/vxpbqwz0/osbg-2025-ara.pdf#page=145"",""p.145 of AR"")",3
OSB Group Plc,OSB LN Equity,Financials,Financial Services,Financial Services,Commercial & Residential Mortgage Finance,1707.3,12.0,2026,Victoria Hyde,Chief Financial Officer,CFO,current,566500.0,GBP,1 April 2026,200.0,30.0,3.0,300.0,,,,,300.0,2.0,"Maximum bonus increased from 135% to 200% of salary; maximum PSP opportunity increased from 135% to 300% of salary; minimum shareholding requirement increased from 200% to 300% of salary; bonus deferral changed to minimum 30% held for three years (from 50% held for three years). Committee noted it would have considered a significant salary increase for the CFO reflecting her growth in role, but this was not applied given the increase to variable pay opportunity instead.",,163,38,180,46,osb_group_ar_2025,https://www.osb.co.uk/media/vxpbqwz0/osbg-2025-ara.pdf,"=HYPERLINK(""https://www.osb.co.uk/media/vxpbqwz0/osbg-2025-ara.pdf#page=148"",""p.148 of AR"")",99.0,"=HYPERLINK(""https://www.osb.co.uk/media/vxpbqwz0/osbg-2025-ara.pdf#page=156"",""p.156 of AR"")","=HYPERLINK(""https://www.osb.co.uk/media/vxpbqwz0/osbg-2025-ara.pdf#page=145"",""p.145 of AR"")","=HYPERLINK(""https://www.osb.co.uk/media/vxpbqwz0/osbg-2025-ara.pdf#page=157"",""p.157 of AR"")","=HYPERLINK(""https://www.osb.co.uk/media/vxpbqwz0/osbg-2025-ara.pdf#page=145"",""p.145 of AR"")",3
Oxford Biomedica Plc,OXB LN Equity,Health Care,Pharmaceuticals Biotechnology & Life Sciences,Biotechnology,Biotechnology,747.3,12.0,2026,Dr. Frank Mathias,Chief Executive Officer,CEO,current,666020.0,GBP,1 January 2026,150.0,50.0,3.0,400.0,,,,,400.0,2.0,LTIP award level for 2026 increased from 200% (original recruitment level) to 400% of salary; previously scaled-back 2024 and 2025 LTIP awards (granted at 160% instead of intended 200%) are being reinstated to the originally intended 200% level; in-service shareholding guideline increased from 200% to 400% of salary to align with higher LTIP grant levels; no change to annual bonus maximum (150%).,,56,25,70,70,oxford_biomedica_ar_2025,https://oxb.com/wp-content/uploads/2026/04/Annual-Report-and-Accounts-2025.pdf,"=HYPERLINK(""https://oxb.com/wp-content/uploads/2026/04/Annual-Report-and-Accounts-2025.pdf#page=96"",""p.96 of AR"")",48.0,"=HYPERLINK(""https://oxb.com/wp-content/uploads/2026/04/Annual-Report-and-Accounts-2025.pdf#page=97"",""p.97 of AR"")","=HYPERLINK(""https://oxb.com/wp-content/uploads/2026/04/Annual-Report-and-Accounts-2025.pdf#page=94"",""p.94 of AR"")","=HYPERLINK(""https://oxb.com/wp-content/uploads/2026/04/Annual-Report-and-Accounts-2025.pdf#page=98"",""p.98 of AR"")","=HYPERLINK(""https://oxb.com/wp-content/uploads/2026/04/Annual-Report-and-Accounts-2025.pdf#page=98"",""p.98 of AR"")",3
Oxford Biomedica Plc,OXB LN Equity,Health Care,Pharmaceuticals Biotechnology & Life Sciences,Biotechnology,Biotechnology,747.3,12.0,2026,Dr. Lucinda Crabtree,Chief Financial Officer,CFO,current,437080.0,GBP,1 January 2026,150.0,50.0,3.0,200.0,,,,,200.0,2.0,LTIP award level for 2026 increased from 175% (original recruitment level) to 200% of salary; previously scaled-back 2024 and 2025 LTIP awards (granted at 140% instead of intended 175%) are being reinstated to the originally intended 175% level; in-service shareholding guideline increased from 175% to 200% of salary to align with higher LTIP grant levels; no change to annual bonus maximum (150%).,,56,25,70,70,oxford_biomedica_ar_2025,https://oxb.com/wp-content/uploads/2026/04/Annual-Report-and-Accounts-2025.pdf,"=HYPERLINK(""https://oxb.com/wp-content/uploads/2026/04/Annual-Report-and-Accounts-2025.pdf#page=96"",""p.96 of AR"")",48.0,"=HYPERLINK(""https://oxb.com/wp-content/uploads/2026/04/Annual-Report-and-Accounts-2025.pdf#page=97"",""p.97 of AR"")","=HYPERLINK(""https://oxb.com/wp-content/uploads/2026/04/Annual-Report-and-Accounts-2025.pdf#page=94"",""p.94 of AR"")","=HYPERLINK(""https://oxb.com/wp-content/uploads/2026/04/Annual-Report-and-Accounts-2025.pdf#page=98"",""p.98 of AR"")","=HYPERLINK(""https://oxb.com/wp-content/uploads/2026/04/Annual-Report-and-Accounts-2025.pdf#page=98"",""p.98 of AR"")",3
Oxford Instruments Plc,OXIG LN Equity,Information Technology,Technology Hardware & Equipment,Electronic Equipment Instruments & Components,Electronic Equipment & Instruments,1632.6,3.0,2026,Richard Tyson,Chief Executive Officer,CEO,current,601778.0,GBP,1 July 2025,150.0,33.0,3.0,200.0,,,,,200.0,2.0,Salary increased 2.5% effective 1 July 2025 in line with broader workforce; bonus opportunity and LTIP maximum unchanged from prior year (150% and 200% respectively).,1 July 2025,290,292,304,237,oxford_instruments_ar_2025,https://www.oxinst.com/assets/uploads/Investor/Oxford%20Instruments%20plc%20Annual%20Report%202026.pdf,"=HYPERLINK(""https://www.oxinst.com/assets/uploads/Investor/Oxford%20Instruments%20plc%20Annual%20Report%202026.pdf#page=140"",""p.140 of AR"")",290.0,"=HYPERLINK(""https://www.oxinst.com/assets/uploads/Investor/Oxford%20Instruments%20plc%20Annual%20Report%202026.pdf#page=140"",""p.140 of AR"")","=HYPERLINK(""https://www.oxinst.com/assets/uploads/Investor/Oxford%20Instruments%20plc%20Annual%20Report%202026.pdf#page=140"",""p.140 of AR"")","=HYPERLINK(""https://www.oxinst.com/assets/uploads/Investor/Oxford%20Instruments%20plc%20Annual%20Report%202026.pdf#page=141"",""p.141 of AR"")","=HYPERLINK(""https://www.oxinst.com/assets/uploads/Investor/Oxford%20Instruments%20plc%20Annual%20Report%202026.pdf#page=137"",""p.137 of AR"")",3
Oxford Instruments Plc,OXIG LN Equity,Information Technology,Technology Hardware & Equipment,Electronic Equipment Instruments & Components,Electronic Equipment & Instruments,1632.6,3.0,2026,Paul Fry,Chief Financial Officer,CFO,current,471500.0,GBP,1 July 2025,150.0,33.0,3.0,200.0,,,,,200.0,2.0,"Appointed CFO effective 1 April 2025 on a starting salary of £460,000, with first review on 1 July 2025 bringing salary to £471,500; LTIP award set at 200% of salary in line with Policy; no buyout arrangements provided.",1 April 2025,290,292,304,237,oxford_instruments_ar_2025,https://www.oxinst.com/assets/uploads/Investor/Oxford%20Instruments%20plc%20Annual%20Report%202026.pdf,"=HYPERLINK(""https://www.oxinst.com/assets/uploads/Investor/Oxford%20Instruments%20plc%20Annual%20Report%202026.pdf#page=122"",""p.122 of AR"")",27.0,"=HYPERLINK(""https://www.oxinst.com/assets/uploads/Investor/Oxford%20Instruments%20plc%20Annual%20Report%202026.pdf#page=140"",""p.140 of AR"")","=HYPERLINK(""https://www.oxinst.com/assets/uploads/Investor/Oxford%20Instruments%20plc%20Annual%20Report%202026.pdf#page=140"",""p.140 of AR"")","=HYPERLINK(""https://www.oxinst.com/assets/uploads/Investor/Oxford%20Instruments%20plc%20Annual%20Report%202026.pdf#page=141"",""p.141 of AR"")","=HYPERLINK(""https://www.oxinst.com/assets/uploads/Investor/Oxford%20Instruments%20plc%20Annual%20Report%202026.pdf#page=137"",""p.137 of AR"")",3
Oxford Instruments Plc,OXIG LN Equity,Information Technology,Technology Hardware & Equipment,Electronic Equipment Instruments & Components,Electronic Equipment & Instruments,1632.6,3.0,2027,Richard Tyson,Chief Executive Officer,CEO,current,650000.0,GBP,,150.0,33.0,3.0,300.0,200.0,100.0,active,additive,200.0,2.0,"LTIP maximum opportunity increased from 200% to 300% of salary (normal limit remains 200%, with discretion to exceed up to 300%); bonus threshold payout increased from up to 10% to up to 20% of maximum opportunity; removal of ability to grant Linked Options alongside LTIP; base salary increased 8% (4.5% above UK workforce average) reflecting sustained performance and competitive positioning.",,129,74,145,134,oxford_instruments_ar_2026,https://www.oxinst.com/assets/uploads/Investor/Oxford%20Instruments%20plc%20Annual%20Report%202026.pdf,"=HYPERLINK(""https://www.oxinst.com/assets/uploads/Investor/Oxford%20Instruments%20plc%20Annual%20Report%202026.pdf#page=148"",""p.148 of AR"")",129.0,"=HYPERLINK(""https://www.oxinst.com/assets/uploads/Investor/Oxford%20Instruments%20plc%20Annual%20Report%202026.pdf#page=148"",""p.148 of AR"")","=HYPERLINK(""https://www.oxinst.com/assets/uploads/Investor/Oxford%20Instruments%20plc%20Annual%20Report%202026.pdf#page=144"",""p.144 of AR"")","=HYPERLINK(""https://www.oxinst.com/assets/uploads/Investor/Oxford%20Instruments%20plc%20Annual%20Report%202026.pdf#page=149"",""p.149 of AR"")","=HYPERLINK(""https://www.oxinst.com/assets/uploads/Investor/Oxford%20Instruments%20plc%20Annual%20Report%202026.pdf#page=148"",""p.148 of AR"")",3
Oxford Instruments Plc,OXIG LN Equity,Information Technology,Technology Hardware & Equipment,Electronic Equipment Instruments & Components,Electronic Equipment & Instruments,1632.6,3.0,2027,Paul Fry,Chief Financial Officer,CFO,current,488003.0,GBP,,150.0,33.0,3.0,300.0,200.0,100.0,active,additive,200.0,2.0,"LTIP maximum opportunity increased from 200% to 300% of salary (normal limit remains 200%, with discretion to exceed up to 300%); bonus threshold payout increased from up to 10% to up to 20% of maximum opportunity; removal of ability to grant Linked Options alongside LTIP; base salary increased 3.5% in line with UK workforce average (competitively positioned already, no additional uplift).",,129,74,145,134,oxford_instruments_ar_2026,https://www.oxinst.com/assets/uploads/Investor/Oxford%20Instruments%20plc%20Annual%20Report%202026.pdf,"=HYPERLINK(""https://www.oxinst.com/assets/uploads/Investor/Oxford%20Instruments%20plc%20Annual%20Report%202026.pdf#page=148"",""p.148 of AR"")",129.0,"=HYPERLINK(""https://www.oxinst.com/assets/uploads/Investor/Oxford%20Instruments%20plc%20Annual%20Report%202026.pdf#page=148"",""p.148 of AR"")","=HYPERLINK(""https://www.oxinst.com/assets/uploads/Investor/Oxford%20Instruments%20plc%20Annual%20Report%202026.pdf#page=144"",""p.144 of AR"")","=HYPERLINK(""https://www.oxinst.com/assets/uploads/Investor/Oxford%20Instruments%20plc%20Annual%20Report%202026.pdf#page=149"",""p.149 of AR"")","=HYPERLINK(""https://www.oxinst.com/assets/uploads/Investor/Oxford%20Instruments%20plc%20Annual%20Report%202026.pdf#page=148"",""p.148 of AR"")",3
PageGroup Plc,PAGE LN Equity,Industrials,Commercial & Professional Services,Professional Services,Human Resource & Employment Services,359.6,12.0,2026,Nicholas Kirk,Chief Executive Officer,CEO,current,618100.0,GBP,1 January 2026,,60.0,3.0,375.0,,,,,200.0,2.0,No material changes to the overall Policy structure proposed for the 2026 AGM; salary increased 1.5% in line with wider workforce; pension delivered as a cash supplement at 7% (aligned with UK workforce rate); ESIP maximum unchanged at 375% of salary; performance metric weightings unchanged from 2025.,2026,285,,124,143,pagegroup_ar_2025,https://www.page.com/sites/page-group-v3/files/2026-04/annual-report-2025.pdf,"=HYPERLINK(""https://www.page.com/sites/page-group-v3/files/2026-04/annual-report-2025.pdf#page=127"",""p.127 of AR"")",285.0,"=HYPERLINK(""https://www.page.com/sites/page-group-v3/files/2026-04/annual-report-2025.pdf#page=127"",""p.127 of AR"")",,"=HYPERLINK(""https://www.page.com/sites/page-group-v3/files/2026-04/annual-report-2025.pdf#page=116"",""p.116 of AR"")","=HYPERLINK(""https://www.page.com/sites/page-group-v3/files/2026-04/annual-report-2025.pdf#page=117"",""p.117 of AR"")",3
PageGroup Plc,PAGE LN Equity,Industrials,Commercial & Professional Services,Professional Services,Human Resource & Employment Services,359.6,12.0,2026,Kelvin Stagg,Chief Financial Officer,CFO,current,426500.0,GBP,1 January 2026,,60.0,3.0,375.0,,,,,200.0,2.0,No material changes to the overall Policy structure proposed for the 2026 AGM; salary increased 1.5% in line with wider workforce; pension delivered as a cash supplement at 7% (aligned with UK workforce rate); ESIP maximum unchanged at 375% of salary; performance metric weightings unchanged from 2025.,2026,285,,124,143,pagegroup_ar_2025,https://www.page.com/sites/page-group-v3/files/2026-04/annual-report-2025.pdf,"=HYPERLINK(""https://www.page.com/sites/page-group-v3/files/2026-04/annual-report-2025.pdf#page=127"",""p.127 of AR"")",285.0,"=HYPERLINK(""https://www.page.com/sites/page-group-v3/files/2026-04/annual-report-2025.pdf#page=127"",""p.127 of AR"")",,"=HYPERLINK(""https://www.page.com/sites/page-group-v3/files/2026-04/annual-report-2025.pdf#page=116"",""p.116 of AR"")","=HYPERLINK(""https://www.page.com/sites/page-group-v3/files/2026-04/annual-report-2025.pdf#page=117"",""p.117 of AR"")",3
Paragon Banking Group Plc,PAG LN Equity,Financials,Financial Services,Financial Services,Commercial & Residential Mortgage Finance,1354.6,9.0,2026,N S Terrington,Chief Executive Officer,CEO,current,,,1 October 2025,200.0,50.0,,200.0,,,,,300.0,2.0,Fixed pay reduced by 16.5% (including removal of salary-in-shares element); bonus and PSP maxima restored to pre-bonus-cap levels of 200% each; financial metric weighting in bonus/PSP increased to at least 75%; risk elements of scorecards replaced with overall risk underpins; shareholding requirement increased from 200% to 300% of salary; mandatory bonus deferral of 50% introduced (reducing to 20% once shareholding guideline is met); legacy salary-in-shares awards to be released in full during 2026,4 March 2026,226,60,60,63,paragon_banking_group_ar_2025,https://www.paragonbankinggroup.co.uk/resources/paragon-group/documents/reports-presentations/2025/2025-ara-full,"=HYPERLINK(""https://www.paragonbankinggroup.co.uk/resources/paragon-group/documents/reports-presentations/2025/2025-ara-full#page=155"",""p.155 of AR"")",106.0,"=HYPERLINK(""https://www.paragonbankinggroup.co.uk/resources/paragon-group/documents/reports-presentations/2025/2025-ara-full#page=171"",""p.171 of AR"")","=HYPERLINK(""https://www.paragonbankinggroup.co.uk/resources/paragon-group/documents/reports-presentations/2025/2025-ara-full#page=150"",""p.150 of AR"")","=HYPERLINK(""https://www.paragonbankinggroup.co.uk/resources/paragon-group/documents/reports-presentations/2025/2025-ara-full#page=150"",""p.150 of AR"")","=HYPERLINK(""https://www.paragonbankinggroup.co.uk/resources/paragon-group/documents/reports-presentations/2025/2025-ara-full#page=151"",""p.151 of AR"")",3
Paragon Banking Group Plc,PAG LN Equity,Financials,Financial Services,Financial Services,Commercial & Residential Mortgage Finance,1354.6,9.0,2026,R J Woodman,Chief Financial Officer,CFO,current,,,1 October 2025,200.0,50.0,,200.0,,,,,300.0,2.0,Fixed pay reduced by 16.5% (including removal of salary-in-shares element); bonus and PSP maxima restored to pre-bonus-cap levels of 200% each; financial metric weighting in bonus/PSP increased to at least 75%; risk elements of scorecards replaced with overall risk underpins; shareholding requirement increased from 200% to 300% of salary; mandatory bonus deferral of 50% introduced (reducing to 20% once shareholding guideline is met); legacy salary-in-shares awards to be released in full during 2026,4 March 2026,226,60,60,63,paragon_banking_group_ar_2025,https://www.paragonbankinggroup.co.uk/resources/paragon-group/documents/reports-presentations/2025/2025-ara-full,"=HYPERLINK(""https://www.paragonbankinggroup.co.uk/resources/paragon-group/documents/reports-presentations/2025/2025-ara-full#page=155"",""p.155 of AR"")",106.0,"=HYPERLINK(""https://www.paragonbankinggroup.co.uk/resources/paragon-group/documents/reports-presentations/2025/2025-ara-full#page=171"",""p.171 of AR"")","=HYPERLINK(""https://www.paragonbankinggroup.co.uk/resources/paragon-group/documents/reports-presentations/2025/2025-ara-full#page=150"",""p.150 of AR"")","=HYPERLINK(""https://www.paragonbankinggroup.co.uk/resources/paragon-group/documents/reports-presentations/2025/2025-ara-full#page=150"",""p.150 of AR"")","=HYPERLINK(""https://www.paragonbankinggroup.co.uk/resources/paragon-group/documents/reports-presentations/2025/2025-ara-full#page=151"",""p.151 of AR"")",3
PayPoint Group Plc,PAY LN Equity,Financials,Financial Services,Financial Services,Transaction & Payment Processing Services,353.6,,2026,Nick Wiles,Chief Executive Officer,CEO,current,523853.0,GBP,1 July 2025,106.0,25.0,3.0,75.0,,,,,200.0,2.0,3% salary increase from 1 July 2025 (in line with general workforce); annual bonus maximum unchanged at 106% of salary; CEO has elected not to participate in the additional bonus opportunity introduced for the CFO; RSA grant level unchanged at 75% of salary.,,30,31,40,40,paypoint_group_ar_2025,https://www.paypointbusiness.com/media/xy5j4y0x/52012-paypoint-ar26-web.pdf,"=HYPERLINK(""https://www.paypointbusiness.com/media/xy5j4y0x/52012-paypoint-ar26-web.pdf#page=97"",""p.97 of AR"")",29.0,"=HYPERLINK(""https://www.paypointbusiness.com/media/xy5j4y0x/52012-paypoint-ar26-web.pdf#page=97"",""p.97 of AR"")","=HYPERLINK(""https://www.paypointbusiness.com/media/xy5j4y0x/52012-paypoint-ar26-web.pdf#page=97"",""p.97 of AR"")","=HYPERLINK(""https://www.paypointbusiness.com/media/xy5j4y0x/52012-paypoint-ar26-web.pdf#page=98"",""p.98 of AR"")","=HYPERLINK(""https://www.paypointbusiness.com/media/xy5j4y0x/52012-paypoint-ar26-web.pdf#page=98"",""p.98 of AR"")",3
PayPoint Group Plc,PAY LN Equity,Financials,Financial Services,Financial Services,Transaction & Payment Processing Services,353.6,,2026,Rob Harding,Chief Financial Officer (Finance Director),CFO,current,336192.0,GBP,1 July 2025,150.0,25.0,3.0,62.5,,,,,200.0,2.0,"3% salary increase from 1 July 2025 (in line with general workforce); introduction of an additional, one-year-only bonus opportunity for FY26 of up to 44% of salary (on top of the standard 106%) based on EBITDA targets, to bring consistency with other Executive Board bonus arrangements — expected to revert to 106% of salary from FY27; RSA grant level unchanged at 62.5% of salary.",,30,31,40,40,paypoint_group_ar_2025,https://www.paypointbusiness.com/media/xy5j4y0x/52012-paypoint-ar26-web.pdf,"=HYPERLINK(""https://www.paypointbusiness.com/media/xy5j4y0x/52012-paypoint-ar26-web.pdf#page=97"",""p.97 of AR"")",29.0,"=HYPERLINK(""https://www.paypointbusiness.com/media/xy5j4y0x/52012-paypoint-ar26-web.pdf#page=97"",""p.97 of AR"")","=HYPERLINK(""https://www.paypointbusiness.com/media/xy5j4y0x/52012-paypoint-ar26-web.pdf#page=97"",""p.97 of AR"")","=HYPERLINK(""https://www.paypointbusiness.com/media/xy5j4y0x/52012-paypoint-ar26-web.pdf#page=98"",""p.98 of AR"")","=HYPERLINK(""https://www.paypointbusiness.com/media/xy5j4y0x/52012-paypoint-ar26-web.pdf#page=98"",""p.98 of AR"")",3
Pearson Plc,PSON LN Equity,Consumer Discretionary,Consumer Services,Diversified Consumer Services,Education Services,6624.8,12.0,2026,Omar Abbosh,Chief Executive Officer,CEO,current,1022000.0,GBP,,300.0,33.0,2.0,850.0,,,,,850.0,2.0,"Reduction in pension from 16% of salary to a fixed £18,000 cash allowance (c.2% of salary, aligned with US 401k practice); no base salary increase for 2026 to support rebalancing toward variable pay; LTIP maximum increased from 450% to 850% of salary with increased stretch on targets; strategic metrics removed from LTIP (now Relative TSR 40%, Adjusted Earnings 40%, ROC 20%); shareholding guideline increased from 450% to 850% of salary.",1 May 2026,336,313,155,146,pearson_ar_2025,https://plc.pearson.com/sites/pearson-corp/files/annual-reports/2025/pearson-annual-report-2025.pdf,"=HYPERLINK(""https://plc.pearson.com/sites/pearson-corp/files/annual-reports/2025/pearson-annual-report-2025.pdf#page=139"",""p.139 of AR"")",221.0,"=HYPERLINK(""https://plc.pearson.com/sites/pearson-corp/files/annual-reports/2025/pearson-annual-report-2025.pdf#page=151"",""p.151 of AR"")","=HYPERLINK(""https://plc.pearson.com/sites/pearson-corp/files/annual-reports/2025/pearson-annual-report-2025.pdf#page=148"",""p.148 of AR"")","=HYPERLINK(""https://plc.pearson.com/sites/pearson-corp/files/annual-reports/2025/pearson-annual-report-2025.pdf#page=133"",""p.133 of AR"")","=HYPERLINK(""https://plc.pearson.com/sites/pearson-corp/files/annual-reports/2025/pearson-annual-report-2025.pdf#page=132"",""p.132 of AR"")",3
Pearson Plc,PSON LN Equity,Consumer Discretionary,Consumer Services,Diversified Consumer Services,Education Services,6624.8,12.0,2026,Sally Johnson,Chief Financial Officer,CFO,current,620000.0,GBP,,200.0,33.0,2.0,300.0,,,,,300.0,2.0,"No changes to base salary, bonus maximum, LTIP maximum, pension (retains up to 16% of salary), or shareholding guideline for the Chief Financial Officer under the 2026 Policy; retirement benefit remains up to 16% of base salary (unlike the reduced CEO pension).",1 May 2026,336,313,155,146,pearson_ar_2025,https://plc.pearson.com/sites/pearson-corp/files/annual-reports/2025/pearson-annual-report-2025.pdf,"=HYPERLINK(""https://plc.pearson.com/sites/pearson-corp/files/annual-reports/2025/pearson-annual-report-2025.pdf#page=139"",""p.139 of AR"")",221.0,"=HYPERLINK(""https://plc.pearson.com/sites/pearson-corp/files/annual-reports/2025/pearson-annual-report-2025.pdf#page=151"",""p.151 of AR"")","=HYPERLINK(""https://plc.pearson.com/sites/pearson-corp/files/annual-reports/2025/pearson-annual-report-2025.pdf#page=148"",""p.148 of AR"")","=HYPERLINK(""https://plc.pearson.com/sites/pearson-corp/files/annual-reports/2025/pearson-annual-report-2025.pdf#page=133"",""p.133 of AR"")","=HYPERLINK(""https://plc.pearson.com/sites/pearson-corp/files/annual-reports/2025/pearson-annual-report-2025.pdf#page=132"",""p.132 of AR"")",3
Pennon Group Plc,PNN LN Equity,Utilities,Utilities,Water Utilities,Water Utilities,2304.5,3.0,2026,Susan Davy,Chief Executive Officer,CEO,current,,,,125.0,50.0,3.0,150.0,,,,,200.0,,"The Remuneration Committee is conducting an ongoing review of the overall remuneration approach (covering all pay elements, including incentive plan operation) for 2025/26; a new formal Remuneration Policy will not be proposed at the forthcoming AGM, and the CEO's salary specifically will be considered as part of this broader review.",,67,70,230,233,pennon_group_ar_2025,https://annualreport.pennon-group.co.uk/assets/pdfs/5767_Pennon_Annual_Report_2026_Hyperlink.pdf,"=HYPERLINK(""https://annualreport.pennon-group.co.uk/assets/pdfs/5767_Pennon_Annual_Report_2026_Hyperlink.pdf#page=166"",""p.166 of AR"")",31.0,"=HYPERLINK(""https://annualreport.pennon-group.co.uk/assets/pdfs/5767_Pennon_Annual_Report_2026_Hyperlink.pdf#page=168"",""p.168 of AR"")","=HYPERLINK(""https://annualreport.pennon-group.co.uk/assets/pdfs/5767_Pennon_Annual_Report_2026_Hyperlink.pdf#page=169"",""p.169 of AR"")","=HYPERLINK(""https://annualreport.pennon-group.co.uk/assets/pdfs/5767_Pennon_Annual_Report_2026_Hyperlink.pdf#page=183"",""p.183 of AR"")","=HYPERLINK(""https://annualreport.pennon-group.co.uk/assets/pdfs/5767_Pennon_Annual_Report_2026_Hyperlink.pdf#page=183"",""p.183 of AR"")",3
Pennon Group Plc,PNN LN Equity,Utilities,Utilities,Water Utilities,Water Utilities,2304.5,3.0,2026,Laura Flowerdew,Chief Financial Officer,CFO,current,475000.0,GBP,1 April 2025,125.0,50.0,3.0,150.0,,,,,200.0,,Appointed with a plan for structured and phased salary increases; her salary of £475k (effective 1 April 2025) reflects this phased approach and is positioned just under her predecessor's salary and broadly aligned with FTSE 250 practice.,,139,70,230,233,pennon_group_ar_2025,https://annualreport.pennon-group.co.uk/assets/pdfs/5767_Pennon_Annual_Report_2026_Hyperlink.pdf,"=HYPERLINK(""https://annualreport.pennon-group.co.uk/assets/pdfs/5767_Pennon_Annual_Report_2026_Hyperlink.pdf#page=175"",""p.175 of AR"")",139.0,"=HYPERLINK(""https://annualreport.pennon-group.co.uk/assets/pdfs/5767_Pennon_Annual_Report_2026_Hyperlink.pdf#page=175"",""p.175 of AR"")","=HYPERLINK(""https://annualreport.pennon-group.co.uk/assets/pdfs/5767_Pennon_Annual_Report_2026_Hyperlink.pdf#page=169"",""p.169 of AR"")","=HYPERLINK(""https://annualreport.pennon-group.co.uk/assets/pdfs/5767_Pennon_Annual_Report_2026_Hyperlink.pdf#page=183"",""p.183 of AR"")","=HYPERLINK(""https://annualreport.pennon-group.co.uk/assets/pdfs/5767_Pennon_Annual_Report_2026_Hyperlink.pdf#page=183"",""p.183 of AR"")",3
Persimmon Plc,PSN LN Equity,Consumer Discretionary,Consumer Durables & Apparel,Household Durables,Homebuilding,3359.3,12.0,2026,Dean Finch,Group Chief Executive Officer,CEO,current,832000.0,GBP,July 2025,200.0,50.0,3.0,200.0,,,,,200.0,2.0,"Shareholding guideline reduced from 400% to 200% of salary (aligning with maximum PSP opportunity); bonus deferral reduces from 50% to 25% once shareholding guideline is met; simplified good-leaver treatment for PSP/DBP awards (released at the later of end of 3-year performance period or 2 years post-cessation); other minor administrative changes, including alignment of discretion to override PSP outturns with bonus provisions. No change to maximum bonus (200%) or PSP (200%) opportunities.",,39,64,64,33,persimmon_ar_2025,https://www.persimmonhomes.com/corporate/media/t2ejxi3y/persimmon-plc-annual-report-2025.pdf,"=HYPERLINK(""https://www.persimmonhomes.com/corporate/media/t2ejxi3y/persimmon-plc-annual-report-2025.pdf#page=124"",""p.124 of AR"")",64.0,"=HYPERLINK(""https://www.persimmonhomes.com/corporate/media/t2ejxi3y/persimmon-plc-annual-report-2025.pdf#page=123"",""p.123 of AR"")","=HYPERLINK(""https://www.persimmonhomes.com/corporate/media/t2ejxi3y/persimmon-plc-annual-report-2025.pdf#page=124"",""p.124 of AR"")","=HYPERLINK(""https://www.persimmonhomes.com/corporate/media/t2ejxi3y/persimmon-plc-annual-report-2025.pdf#page=124"",""p.124 of AR"")","=HYPERLINK(""https://www.persimmonhomes.com/corporate/media/t2ejxi3y/persimmon-plc-annual-report-2025.pdf#page=122"",""p.122 of AR"")",3
Persimmon Plc,PSN LN Equity,Consumer Discretionary,Consumer Durables & Apparel,Household Durables,Homebuilding,3359.3,12.0,2026,Andrew Duxbury,Chief Financial Officer,CFO,current,545900.0,GBP,July 2025,150.0,50.0,3.0,200.0,,,,,200.0,2.0,"Shareholding guideline reduced from 400% to 200% of salary (aligning with maximum PSP opportunity); bonus deferral reduces from 50% to 25% once shareholding guideline is met; simplified good-leaver treatment for PSP/DBP awards (released at the later of end of 3-year performance period or 2 years post-cessation); other minor administrative changes, including alignment of discretion to override PSP outturns with bonus provisions. No change to maximum bonus (up to 175%) or PSP (200%) opportunities.",,39,64,64,33,persimmon_ar_2025,https://www.persimmonhomes.com/corporate/media/t2ejxi3y/persimmon-plc-annual-report-2025.pdf,"=HYPERLINK(""https://www.persimmonhomes.com/corporate/media/t2ejxi3y/persimmon-plc-annual-report-2025.pdf#page=124"",""p.124 of AR"")",64.0,"=HYPERLINK(""https://www.persimmonhomes.com/corporate/media/t2ejxi3y/persimmon-plc-annual-report-2025.pdf#page=123"",""p.123 of AR"")","=HYPERLINK(""https://www.persimmonhomes.com/corporate/media/t2ejxi3y/persimmon-plc-annual-report-2025.pdf#page=124"",""p.124 of AR"")","=HYPERLINK(""https://www.persimmonhomes.com/corporate/media/t2ejxi3y/persimmon-plc-annual-report-2025.pdf#page=124"",""p.124 of AR"")","=HYPERLINK(""https://www.persimmonhomes.com/corporate/media/t2ejxi3y/persimmon-plc-annual-report-2025.pdf#page=122"",""p.122 of AR"")",3
Pets At Home Group Plc,PETS LN Equity,Consumer Discretionary,Consumer Discretionary Distribution & Retail,Specialty Retail,Other Specialty Retail,784.3,3.0,2026,Lyssa McGowan,Chief Executive Officer,CEO,current,639770.0,GBP,start of FY26,170.0,33.0,2.0,100.0,,,,,200.0,2.0,"Base salary reviewed 1.5% for FY26 (aligned to April pay review date for all colleagues, moved from October); annual bonus maximum unchanged at 170%; bonus metric for FY26 simplified to Underlying PBT only, split equally between Vet and Retail divisions (previously included Normalised Pre Tax Free Cash Flow and Sustainability measures); RSP award level unchanged at 100% of salary, continuing to vest subject to a discretionary/holistic underpin with three-year vesting and two-year post-vest holding period.",FY26,derived,28,122,75,pets_at_home_group_ar_2025,https://www.petsathomeplc.com/media/mcbjxmv1/pets-at-home-ar26-final-signed.pdf,"=HYPERLINK(""https://www.petsathomeplc.com/media/mcbjxmv1/pets-at-home-ar26-final-signed.pdf#page=64"",""p.64 of AR"")",26.0,derived,"=HYPERLINK(""https://www.petsathomeplc.com/media/mcbjxmv1/pets-at-home-ar26-final-signed.pdf#page=64"",""p.64 of AR"")","=HYPERLINK(""https://www.petsathomeplc.com/media/mcbjxmv1/pets-at-home-ar26-final-signed.pdf#page=71"",""p.71 of AR"")","=HYPERLINK(""https://www.petsathomeplc.com/media/mcbjxmv1/pets-at-home-ar26-final-signed.pdf#page=67"",""p.67 of AR"")",3
Pets At Home Group Plc,PETS LN Equity,Consumer Discretionary,Consumer Discretionary Distribution & Retail,Specialty Retail,Other Specialty Retail,784.3,3.0,2026,Mike Iddon,Chief Financial Officer,CFO,current,445790.0,GBP,start of FY26,150.0,33.0,2.0,75.0,,,,,200.0,2.0,"Base salary reviewed 1.5% for FY26 (aligned to April pay review date for all colleagues, moved from October); annual bonus maximum unchanged at 150%; bonus metric for FY26 simplified to Underlying PBT only, split equally between Vet and Retail divisions (previously included Normalised Pre Tax Free Cash Flow and Sustainability measures); RSP award level unchanged at 75% of salary, continuing to vest subject to a discretionary/holistic underpin with three-year vesting and two-year post-vest holding period.",FY26,derived,28,122,75,pets_at_home_group_ar_2025,https://www.petsathomeplc.com/media/mcbjxmv1/pets-at-home-ar26-final-signed.pdf,"=HYPERLINK(""https://www.petsathomeplc.com/media/mcbjxmv1/pets-at-home-ar26-final-signed.pdf#page=64"",""p.64 of AR"")",26.0,derived,"=HYPERLINK(""https://www.petsathomeplc.com/media/mcbjxmv1/pets-at-home-ar26-final-signed.pdf#page=64"",""p.64 of AR"")","=HYPERLINK(""https://www.petsathomeplc.com/media/mcbjxmv1/pets-at-home-ar26-final-signed.pdf#page=71"",""p.71 of AR"")","=HYPERLINK(""https://www.petsathomeplc.com/media/mcbjxmv1/pets-at-home-ar26-final-signed.pdf#page=67"",""p.67 of AR"")",3
Pets At Home Group Plc,PETS LN Equity,Consumer Discretionary,Consumer Discretionary Distribution & Retail,Specialty Retail,Other Specialty Retail,784.3,3.0,2027,Sarah Pollard,Chief Financial Officer,CFO,current,,,,150.0,33.0,2.0,200.0,,,,,200.0,2.0,"Transition from RSP to a new Performance Share Plan (PSP) from FY27, with awards subject to relative TSR vs. retail/veterinary peers and absolute (underlying) EPS growth, a 3-year performance period and a 2-year post-vest holding period; annual bonus opportunity and deferral terms unchanged; post-cessation shareholding requirement simplified to a single 2-year retention at the lower of 200% of salary or actual holding, replacing the prior tiered 200%/1yr + 100%/2yr structure; pension unchanged at 6.5% of base salary.",26 March 2026,47,130,133,153,pets_at_home_group_ar_2026,https://www.petsathomeplc.com/media/mcbjxmv1/pets-at-home-ar26-final-signed.pdf,"=HYPERLINK(""https://www.petsathomeplc.com/media/mcbjxmv1/pets-at-home-ar26-final-signed.pdf#page=71"",""p.71 of AR"")",47.0,"=HYPERLINK(""https://www.petsathomeplc.com/media/mcbjxmv1/pets-at-home-ar26-final-signed.pdf#page=71"",""p.71 of AR"")","=HYPERLINK(""https://www.petsathomeplc.com/media/mcbjxmv1/pets-at-home-ar26-final-signed.pdf#page=78"",""p.78 of AR"")","=HYPERLINK(""https://www.petsathomeplc.com/media/mcbjxmv1/pets-at-home-ar26-final-signed.pdf#page=78"",""p.78 of AR"")","=HYPERLINK(""https://www.petsathomeplc.com/media/mcbjxmv1/pets-at-home-ar26-final-signed.pdf#page=82"",""p.82 of AR"")",3
Pets At Home Group Plc,PETS LN Equity,Consumer Discretionary,Consumer Discretionary Distribution & Retail,Specialty Retail,Other Specialty Retail,784.3,3.0,2027,Ian Burke,Interim Executive Chair,Chair,interim,,,,170.0,33.0,2.0,250.0,,,,,200.0,2.0,"Transition from RSP to a new PSP from FY27 with TSR/EPS performance conditions, 3-year performance period, and 2-year holding period; bonus maximum and deferral terms unchanged; shareholding post-cessation requirement simplified to a single 2-year retention period.",26 March 2026,47,130,133,153,pets_at_home_group_ar_2026,https://www.petsathomeplc.com/media/mcbjxmv1/pets-at-home-ar26-final-signed.pdf,"=HYPERLINK(""https://www.petsathomeplc.com/media/mcbjxmv1/pets-at-home-ar26-final-signed.pdf#page=71"",""p.71 of AR"")",47.0,"=HYPERLINK(""https://www.petsathomeplc.com/media/mcbjxmv1/pets-at-home-ar26-final-signed.pdf#page=71"",""p.71 of AR"")","=HYPERLINK(""https://www.petsathomeplc.com/media/mcbjxmv1/pets-at-home-ar26-final-signed.pdf#page=78"",""p.78 of AR"")","=HYPERLINK(""https://www.petsathomeplc.com/media/mcbjxmv1/pets-at-home-ar26-final-signed.pdf#page=78"",""p.78 of AR"")","=HYPERLINK(""https://www.petsathomeplc.com/media/mcbjxmv1/pets-at-home-ar26-final-signed.pdf#page=82"",""p.82 of AR"")",3
Phoenix Group Holdings Plc,SDLF LN Equity,,,,,7750.2,12.0,2026,Andy Briggs,Group Chief Executive Officer (Group CEO),CEO,current,886863.0,GBP,,200.0,50.0,3.0,425.0,,,,,425.0,2.0,LTIP maximum increased from 275% to 425% of salary (removal of previous 400% exceptional maximum limit); shareholding requirement increased from 350% to 425% of salary in line with revised LTIP maximum; malus/clawback provisions expanded and time horizon extended to seven years. No change to annual bonus (remains 200%) or bonus deferral (remains 50% for 3 years).,,125,168,151,291,phoenix_group_holdings_ar_2025,https://library.standardlife.co.uk/annual-report-and-accounts-2025-spread.pdf,"=HYPERLINK(""https://library.standardlife.co.uk/annual-report-and-accounts-2025-spread.pdf#page=71"",""p.71 of AR"")",43.0,"=HYPERLINK(""https://library.standardlife.co.uk/annual-report-and-accounts-2025-spread.pdf#page=74"",""p.74 of AR"")","=HYPERLINK(""https://library.standardlife.co.uk/annual-report-and-accounts-2025-spread.pdf#page=77"",""p.77 of AR"")","=HYPERLINK(""https://library.standardlife.co.uk/annual-report-and-accounts-2025-spread.pdf#page=76"",""p.76 of AR"")","=HYPERLINK(""https://library.standardlife.co.uk/annual-report-and-accounts-2025-spread.pdf#page=83"",""p.83 of AR"")",3
Phoenix Group Holdings Plc,SDLF LN Equity,,,,,7750.2,12.0,2026,Nicolaos Nicandrou,Group Chief Financial Officer (Group CFO),CFO,current,747155.0,GBP,,200.0,50.0,3.0,275.0,,,,,300.0,2.0,No change to LTIP maximum opportunity (remains 275%); no change to shareholding requirement (remains 300%); no change to annual bonus (200%) or bonus deferral (50% for 3 years). Benefits from Group-wide malus/clawback expansion (7-year time horizon).,,125,168,62,291,phoenix_group_holdings_ar_2025,https://library.standardlife.co.uk/annual-report-and-accounts-2025-spread.pdf,"=HYPERLINK(""https://library.standardlife.co.uk/annual-report-and-accounts-2025-spread.pdf#page=72"",""p.72 of AR"")",62.0,"=HYPERLINK(""https://library.standardlife.co.uk/annual-report-and-accounts-2025-spread.pdf#page=74"",""p.74 of AR"")","=HYPERLINK(""https://library.standardlife.co.uk/annual-report-and-accounts-2025-spread.pdf#page=77"",""p.77 of AR"")","=HYPERLINK(""https://library.standardlife.co.uk/annual-report-and-accounts-2025-spread.pdf#page=72"",""p.72 of AR"")","=HYPERLINK(""https://library.standardlife.co.uk/annual-report-and-accounts-2025-spread.pdf#page=83"",""p.83 of AR"")",3
Playtech Plc,PTEC LN Equity,Consumer Discretionary,Consumer Services,Hotels Restaurants & Leisure,Casinos & Gaming,999.1,12.0,2026,Mor Weizer,Chief Executive Officer,CEO,current,844000.0,GBP,1 January 2026,200.0,33.3,2.0,,,,,,200.0,2.0,No salary increase for 2026; annual bonus maximum unchanged at 200% of salary; no further PTP (LTIP) awards to be granted in 2026 — CEO retains an existing 30% allocation in the PTP pool from the 2025 grant; pension remains at 7.5% of salary; no deviations from the Policy approved at the December 2024 GM.,,101,107,40,40,playtech_ar_2025,https://www.investors.playtech.com/~/media/Files/P/Playtech-IR-V2/documents/annual-reports/2025/2025-annual-report.pdf,"=HYPERLINK(""https://www.investors.playtech.com/~/media/Files/P/Playtech-IR-V2/documents/annual-reports/2025/2025-annual-report.pdf#page=130"",""p.130 of AR"")",101.0,"=HYPERLINK(""https://www.investors.playtech.com/~/media/Files/P/Playtech-IR-V2/documents/annual-reports/2025/2025-annual-report.pdf#page=130"",""p.130 of AR"")","=HYPERLINK(""https://www.investors.playtech.com/~/media/Files/P/Playtech-IR-V2/documents/annual-reports/2025/2025-annual-report.pdf#page=131"",""p.131 of AR"")","=HYPERLINK(""https://www.investors.playtech.com/~/media/Files/P/Playtech-IR-V2/documents/annual-reports/2025/2025-annual-report.pdf#page=125"",""p.125 of AR"")","=HYPERLINK(""https://www.investors.playtech.com/~/media/Files/P/Playtech-IR-V2/documents/annual-reports/2025/2025-annual-report.pdf#page=125"",""p.125 of AR"")",3
Playtech Plc,PTEC LN Equity,Consumer Discretionary,Consumer Services,Hotels Restaurants & Leisure,Casinos & Gaming,999.1,12.0,2026,Chris McGinnis,Chief Financial Officer,CFO,current,400000.0,GBP,1 January 2026,150.0,33.3,2.0,,,,,,200.0,2.0,No salary increase for 2026; annual bonus maximum unchanged at 150% of salary; no further PTP (LTIP) awards to be granted in 2026 — CFO retains an existing 10% allocation in the PTP pool from the 2025 grant; pension remains at 7.5% of salary; no deviations from the Policy approved at the December 2024 GM.,,101,107,40,40,playtech_ar_2025,https://www.investors.playtech.com/~/media/Files/P/Playtech-IR-V2/documents/annual-reports/2025/2025-annual-report.pdf,"=HYPERLINK(""https://www.investors.playtech.com/~/media/Files/P/Playtech-IR-V2/documents/annual-reports/2025/2025-annual-report.pdf#page=130"",""p.130 of AR"")",101.0,"=HYPERLINK(""https://www.investors.playtech.com/~/media/Files/P/Playtech-IR-V2/documents/annual-reports/2025/2025-annual-report.pdf#page=130"",""p.130 of AR"")","=HYPERLINK(""https://www.investors.playtech.com/~/media/Files/P/Playtech-IR-V2/documents/annual-reports/2025/2025-annual-report.pdf#page=131"",""p.131 of AR"")","=HYPERLINK(""https://www.investors.playtech.com/~/media/Files/P/Playtech-IR-V2/documents/annual-reports/2025/2025-annual-report.pdf#page=125"",""p.125 of AR"")","=HYPERLINK(""https://www.investors.playtech.com/~/media/Files/P/Playtech-IR-V2/documents/annual-reports/2025/2025-annual-report.pdf#page=125"",""p.125 of AR"")",3
Plus500 Ltd,PLUS LN Equity,Financials,Financial Services,Capital Markets,Investment Banking & Brokerage,3098.9,12.0,2026,David Zruia,Chief Executive Officer,CEO,current,3416160.0,ILS,2 May 2023,,66.67,,250.0,,,,,200.0,2.0,LTIP awards now 100% subject to a 2-year post-vesting holding period (previously staggered 30%/40%/50% over three years); new 2-year post-contractual (post-employment) holding requirement introduced; annual bonus deferral increased to 67% in shares / 33% in cash (from 33% shares / 67% cash); a resolution to extend the current Remuneration Policy (unchanged) to cover FY2027 will be proposed at the 2026 AGM.,,107,,129,163,plus500_ar_2025,https://cdn.plus500.com/Media/Investors/Reports/Plus500_FY_Annual_Report_2025.pdf,"=HYPERLINK(""https://cdn.plus500.com/Media/Investors/Reports/Plus500_FY_Annual_Report_2025.pdf#page=93"",""p.93 of AR"")",101.0,"=HYPERLINK(""https://cdn.plus500.com/Media/Investors/Reports/Plus500_FY_Annual_Report_2025.pdf#page=94"",""p.94 of AR"")",,"=HYPERLINK(""https://cdn.plus500.com/Media/Investors/Reports/Plus500_FY_Annual_Report_2025.pdf#page=96"",""p.96 of AR"")","=HYPERLINK(""https://cdn.plus500.com/Media/Investors/Reports/Plus500_FY_Annual_Report_2025.pdf#page=100"",""p.100 of AR"")",3
Plus500 Ltd,PLUS LN Equity,Financials,Financial Services,Capital Markets,Investment Banking & Brokerage,3098.9,12.0,2026,Elad Even-Chen,Chief Financial Officer,CFO,current,3416160.0,ILS,2 May 2023,,66.67,,250.0,,,,,200.0,2.0,LTIP awards now 100% subject to a 2-year post-vesting holding period (previously staggered 30%/40%/50% over three years); new 2-year post-contractual (post-employment) holding requirement introduced; annual bonus deferral increased to 67% in shares / 33% in cash (from 33% shares / 67% cash); a resolution to extend the current Remuneration Policy (unchanged) to cover FY2027 will be proposed at the 2026 AGM.,,107,,129,163,plus500_ar_2025,https://cdn.plus500.com/Media/Investors/Reports/Plus500_FY_Annual_Report_2025.pdf,"=HYPERLINK(""https://cdn.plus500.com/Media/Investors/Reports/Plus500_FY_Annual_Report_2025.pdf#page=100"",""p.100 of AR"")",165.0,"=HYPERLINK(""https://cdn.plus500.com/Media/Investors/Reports/Plus500_FY_Annual_Report_2025.pdf#page=94"",""p.94 of AR"")",,"=HYPERLINK(""https://cdn.plus500.com/Media/Investors/Reports/Plus500_FY_Annual_Report_2025.pdf#page=96"",""p.96 of AR"")","=HYPERLINK(""https://cdn.plus500.com/Media/Investors/Reports/Plus500_FY_Annual_Report_2025.pdf#page=100"",""p.100 of AR"")",3
Pollen Street Group Limited,POLN LN Equity,Financials,Financial Services,Capital Markets,Asset Management & Custody Banks,495.5,12.0,2026,Name Not Disclosed - CEO,Chief Executive Officer,CEO,current,650000.0,GBP,1 April 2026,200.0,35.0,3.0,400.0,,,,,200.0,2.0,"Maximum LTIP opportunity increased from 200% to 400% of salary for greater flexibility in line with market comparables; bonus deferral requirement revised to apply 35% deferral only to bonus amounts in excess of £250,000 (rather than flat 35% of all bonus), with deferral period remaining 3 years and co-investment opportunity into Pollen Street funds retained; new Committee discretion to adjust the deferral percentage where an Executive Director has already exceeded the in-employment shareholding guideline; no LTIP award was made to the CEO for FY2025 or planned for FY2026 despite the increased maximum opportunity.",2026 AGM,80,133,141,147,pollen_street_group_limited_ar_2025,https://www.pollenstreetgroup.com/app/uploads/Pollen-Street-Group-Limited-Annual-Report-Accounts-2025.pdf,"=HYPERLINK(""https://www.pollenstreetgroup.com/app/uploads/Pollen-Street-Group-Limited-Annual-Report-Accounts-2025.pdf#page=84"",""p.84 of AR"")",74.0,"=HYPERLINK(""https://www.pollenstreetgroup.com/app/uploads/Pollen-Street-Group-Limited-Annual-Report-Accounts-2025.pdf#page=85"",""p.85 of AR"")","=HYPERLINK(""https://www.pollenstreetgroup.com/app/uploads/Pollen-Street-Group-Limited-Annual-Report-Accounts-2025.pdf#page=90"",""p.90 of AR"")","=HYPERLINK(""https://www.pollenstreetgroup.com/app/uploads/Pollen-Street-Group-Limited-Annual-Report-Accounts-2025.pdf#page=91"",""p.91 of AR"")","=HYPERLINK(""https://www.pollenstreetgroup.com/app/uploads/Pollen-Street-Group-Limited-Annual-Report-Accounts-2025.pdf#page=92"",""p.92 of AR"")",3
PPHE Hotel Group,PPH LN Equity,Consumer Discretionary,Consumer Services,Hotels Restaurants & Leisure,Hotels Resorts & Cruise Lines,661.4,12.0,2026,Boris Ivesha,President & Co-Chief Executive Officer,CEO,current,603288.0,GBP,1 April 2026,150.0,,,200.0,,,,,,,"Base salary increased 2.5% (CPI-aligned) effective 1 April 2026, consistent with wider workforce increases. No new LTIP arrangement was noted for this executive (unlike Hegarty/Kos).",1 April 2026,103,70,72,,pphe_hotel_group_ar_2025,https://www.pphe.com/~/media/Files/P/PPHE-Corp/documents/Downloadcenter/2026/PPHE_AR_2025.pdf,"=HYPERLINK(""https://www.pphe.com/~/media/Files/P/PPHE-Corp/documents/Downloadcenter/2026/PPHE_AR_2025.pdf#page=68"",""p.68 of AR"")",99.0,"=HYPERLINK(""https://www.pphe.com/~/media/Files/P/PPHE-Corp/documents/Downloadcenter/2026/PPHE_AR_2025.pdf#page=68"",""p.68 of AR"")","=HYPERLINK(""https://www.pphe.com/~/media/Files/P/PPHE-Corp/documents/Downloadcenter/2026/PPHE_AR_2025.pdf#page=66"",""p.66 of AR"")","=HYPERLINK(""https://www.pphe.com/~/media/Files/P/PPHE-Corp/documents/Downloadcenter/2026/PPHE_AR_2025.pdf#page=66"",""p.66 of AR"")",,3
PPHE Hotel Group,PPH LN Equity,Consumer Discretionary,Consumer Services,Hotels Restaurants & Leisure,Hotels Resorts & Cruise Lines,661.4,12.0,2026,Greg Hegarty,Co-Chief Executive Officer,CEO,current,536879.0,GBP,1 April 2026,150.0,,,400.0,200.0,200.0,active,additive,,,"(1) Base salary increased 2.5% effective 1 April 2026. (2) Following an MM&K independent review concluding total remuneration was insufficiently incentivising, a new performance-related nil-cost option arrangement was entered into on 17 December 2025, granting annual awards (2026–2028) based on dividend/EPS performance, capped at 200% of salary per year, with a further 2-year post-exercise holding requirement.",17 December 2025,103,70,derived,,pphe_hotel_group_ar_2025,https://www.pphe.com/~/media/Files/P/PPHE-Corp/documents/Downloadcenter/2026/PPHE_AR_2025.pdf,"=HYPERLINK(""https://www.pphe.com/~/media/Files/P/PPHE-Corp/documents/Downloadcenter/2026/PPHE_AR_2025.pdf#page=64"",""p.64 of AR"")",29.0,"=HYPERLINK(""https://www.pphe.com/~/media/Files/P/PPHE-Corp/documents/Downloadcenter/2026/PPHE_AR_2025.pdf#page=68"",""p.68 of AR"")","=HYPERLINK(""https://www.pphe.com/~/media/Files/P/PPHE-Corp/documents/Downloadcenter/2026/PPHE_AR_2025.pdf#page=66"",""p.66 of AR"")",derived,,3
PPHE Hotel Group,PPH LN Equity,Consumer Discretionary,Consumer Services,Hotels Restaurants & Leisure,Hotels Resorts & Cruise Lines,661.4,12.0,2026,Daniel Kos,Chief Financial Officer,CFO,current,511397.0,GBP,1 April 2026,150.0,,,400.0,200.0,200.0,active,additive,,,"(1) Base salary increased 2.5% effective 1 April 2026. (2) Same new nil-cost option arrangement as Greg Hegarty introduced 17 December 2025 following the MM&K review — annual grants 2026–2028 based on dividend/EPS performance, capped at 200% of salary, subject to a further 2-year post-exercise share retention period.",17 December 2025,103,70,derived,,pphe_hotel_group_ar_2025,https://www.pphe.com/~/media/Files/P/PPHE-Corp/documents/Downloadcenter/2026/PPHE_AR_2025.pdf,"=HYPERLINK(""https://www.pphe.com/~/media/Files/P/PPHE-Corp/documents/Downloadcenter/2026/PPHE_AR_2025.pdf#page=64"",""p.64 of AR"")",29.0,"=HYPERLINK(""https://www.pphe.com/~/media/Files/P/PPHE-Corp/documents/Downloadcenter/2026/PPHE_AR_2025.pdf#page=68"",""p.68 of AR"")","=HYPERLINK(""https://www.pphe.com/~/media/Files/P/PPHE-Corp/documents/Downloadcenter/2026/PPHE_AR_2025.pdf#page=66"",""p.66 of AR"")",derived,,3
Premier Foods Plc,PFD LN Equity,Consumer Staples,Food Beverage & Tobacco,Food Products,Packaged Foods & Meats,1802.6,3.0,2026,Alex Whitehouse,Chief Executive Officer,CEO,current,620000.0,GBP,1 July 2025,150.0,33.3,3.0,200.0,,,,,200.0,2.0,No changes to maximum bonus or LTIP opportunity for FY25/26; pension earnings cap removed for all employees (including executive directors) from FY25/26; annual bonus financial measures now include a revenue goal (Headline revenue 15% weighting) alongside Trading profit and Operating cash flow.,FY25/26,150,159,161,36,premier_foods_ar_2025,https://www.premierfoods.co.uk/wp-content/uploads/2026/06/32390-Premier-Foods-AR2025-INTERACTIVE-020626-Dbl-pg.pdf?_gl=1*9s00w7*_up*MQ..*_ga*MjA2ODI4ODIyMi4xNzgwODIwNjEz*_ga_6RBRHP33EG*czE3ODA4MjA2MTMkbzEkZzAkdDE3ODA4MjA2MzMkajQwJGwwJGgw,"=HYPERLINK(""https://www.premierfoods.co.uk/wp-content/uploads/2026/06/32390-Premier-Foods-AR2025-INTERACTIVE-020626-Dbl-pg.pdf?_gl=1*9s00w7*_up*MQ..*_ga*MjA2ODI4ODIyMi4xNzgwODIwNjEz*_ga_6RBRHP33EG*czE3ODA4MjA2MTMkbzEkZzAkdDE3ODA4MjA2MzMkajQwJGwwJGgw#page=94"",""p.94 of AR"")",36.0,"=HYPERLINK(""https://www.premierfoods.co.uk/wp-content/uploads/2026/06/32390-Premier-Foods-AR2025-INTERACTIVE-020626-Dbl-pg.pdf?_gl=1*9s00w7*_up*MQ..*_ga*MjA2ODI4ODIyMi4xNzgwODIwNjEz*_ga_6RBRHP33EG*czE3ODA4MjA2MTMkbzEkZzAkdDE3ODA4MjA2MzMkajQwJGwwJGgw#page=104"",""p.104 of AR"")","=HYPERLINK(""https://www.premierfoods.co.uk/wp-content/uploads/2026/06/32390-Premier-Foods-AR2025-INTERACTIVE-020626-Dbl-pg.pdf?_gl=1*9s00w7*_up*MQ..*_ga*MjA2ODI4ODIyMi4xNzgwODIwNjEz*_ga_6RBRHP33EG*czE3ODA4MjA2MTMkbzEkZzAkdDE3ODA4MjA2MzMkajQwJGwwJGgw#page=105"",""p.105 of AR"")","=HYPERLINK(""https://www.premierfoods.co.uk/wp-content/uploads/2026/06/32390-Premier-Foods-AR2025-INTERACTIVE-020626-Dbl-pg.pdf?_gl=1*9s00w7*_up*MQ..*_ga*MjA2ODI4ODIyMi4xNzgwODIwNjEz*_ga_6RBRHP33EG*czE3ODA4MjA2MTMkbzEkZzAkdDE3ODA4MjA2MzMkajQwJGwwJGgw#page=105"",""p.105 of AR"")","=HYPERLINK(""https://www.premierfoods.co.uk/wp-content/uploads/2026/06/32390-Premier-Foods-AR2025-INTERACTIVE-020626-Dbl-pg.pdf?_gl=1*9s00w7*_up*MQ..*_ga*MjA2ODI4ODIyMi4xNzgwODIwNjEz*_ga_6RBRHP33EG*czE3ODA4MjA2MTMkbzEkZzAkdDE3ODA4MjA2MzMkajQwJGwwJGgw#page=94"",""p.94 of AR"")",3
Premier Foods Plc,PFD LN Equity,Consumer Staples,Food Beverage & Tobacco,Food Products,Packaged Foods & Meats,1802.6,3.0,2026,Duncan Leggett,Chief Financial Officer,CFO,current,415000.0,GBP,1 July 2025,125.0,33.3,3.0,150.0,,,,,200.0,2.0,No changes to maximum bonus or LTIP opportunity for FY25/26; pension earnings cap removed for all employees (including executive directors) from FY25/26; annual bonus financial measures now include a revenue goal (Headline revenue 15% weighting) alongside Trading profit and Operating cash flow.,FY25/26,150,159,161,36,premier_foods_ar_2025,https://www.premierfoods.co.uk/wp-content/uploads/2026/06/32390-Premier-Foods-AR2025-INTERACTIVE-020626-Dbl-pg.pdf?_gl=1*9s00w7*_up*MQ..*_ga*MjA2ODI4ODIyMi4xNzgwODIwNjEz*_ga_6RBRHP33EG*czE3ODA4MjA2MTMkbzEkZzAkdDE3ODA4MjA2MzMkajQwJGwwJGgw,"=HYPERLINK(""https://www.premierfoods.co.uk/wp-content/uploads/2026/06/32390-Premier-Foods-AR2025-INTERACTIVE-020626-Dbl-pg.pdf?_gl=1*9s00w7*_up*MQ..*_ga*MjA2ODI4ODIyMi4xNzgwODIwNjEz*_ga_6RBRHP33EG*czE3ODA4MjA2MTMkbzEkZzAkdDE3ODA4MjA2MzMkajQwJGwwJGgw#page=94"",""p.94 of AR"")",36.0,"=HYPERLINK(""https://www.premierfoods.co.uk/wp-content/uploads/2026/06/32390-Premier-Foods-AR2025-INTERACTIVE-020626-Dbl-pg.pdf?_gl=1*9s00w7*_up*MQ..*_ga*MjA2ODI4ODIyMi4xNzgwODIwNjEz*_ga_6RBRHP33EG*czE3ODA4MjA2MTMkbzEkZzAkdDE3ODA4MjA2MzMkajQwJGwwJGgw#page=104"",""p.104 of AR"")","=HYPERLINK(""https://www.premierfoods.co.uk/wp-content/uploads/2026/06/32390-Premier-Foods-AR2025-INTERACTIVE-020626-Dbl-pg.pdf?_gl=1*9s00w7*_up*MQ..*_ga*MjA2ODI4ODIyMi4xNzgwODIwNjEz*_ga_6RBRHP33EG*czE3ODA4MjA2MTMkbzEkZzAkdDE3ODA4MjA2MzMkajQwJGwwJGgw#page=105"",""p.105 of AR"")","=HYPERLINK(""https://www.premierfoods.co.uk/wp-content/uploads/2026/06/32390-Premier-Foods-AR2025-INTERACTIVE-020626-Dbl-pg.pdf?_gl=1*9s00w7*_up*MQ..*_ga*MjA2ODI4ODIyMi4xNzgwODIwNjEz*_ga_6RBRHP33EG*czE3ODA4MjA2MTMkbzEkZzAkdDE3ODA4MjA2MzMkajQwJGwwJGgw#page=105"",""p.105 of AR"")","=HYPERLINK(""https://www.premierfoods.co.uk/wp-content/uploads/2026/06/32390-Premier-Foods-AR2025-INTERACTIVE-020626-Dbl-pg.pdf?_gl=1*9s00w7*_up*MQ..*_ga*MjA2ODI4ODIyMi4xNzgwODIwNjEz*_ga_6RBRHP33EG*czE3ODA4MjA2MTMkbzEkZzAkdDE3ODA4MjA2MzMkajQwJGwwJGgw#page=94"",""p.94 of AR"")",3
Primary Health Properties Plc,PHP LN Equity,,,,,2366.8,12.0,2026,Mark Davies,Chief Executive Officer,CEO,current,643000.0,GBP,1 January 2026,150.0,30.0,3.0,200.0,,,,,200.0,2.0,"Salary increased 19% to £643k effective 1 January 2026 (still below REIT mid-market level of £732k, with further phased increases planned subject to performance and Assura integration progress); LTIP award level increased to 200% of salary from 160% of salary, bringing award level to market median; LTIP performance targets for Total Accounting Return increased vs 2025 and a new environmental (EPC rating) metric with 15% weighting introduced for 2026 awards.",1 January 2026,42,129,45,220,primary_health_properties_ar_2025,https://www.phpgroup.co.uk/media/4xin3uke/primary-health-properties-plc-annual-report-2025.pdf,"=HYPERLINK(""https://www.phpgroup.co.uk/media/4xin3uke/primary-health-properties-plc-annual-report-2025.pdf#page=90"",""p.90 of AR"")",42.0,"=HYPERLINK(""https://www.phpgroup.co.uk/media/4xin3uke/primary-health-properties-plc-annual-report-2025.pdf#page=90"",""p.90 of AR"")","=HYPERLINK(""https://www.phpgroup.co.uk/media/4xin3uke/primary-health-properties-plc-annual-report-2025.pdf#page=97"",""p.97 of AR"")","=HYPERLINK(""https://www.phpgroup.co.uk/media/4xin3uke/primary-health-properties-plc-annual-report-2025.pdf#page=90"",""p.90 of AR"")","=HYPERLINK(""https://www.phpgroup.co.uk/media/4xin3uke/primary-health-properties-plc-annual-report-2025.pdf#page=105"",""p.105 of AR"")",3
Primary Health Properties Plc,PHP LN Equity,,,,,2366.8,12.0,2026,Richard Howell,Chief Financial Officer,CFO,current,450000.0,GBP,1 January 2026,150.0,30.0,3.0,175.0,,,,,200.0,2.0,"Salary increased 13% to £450k effective 1 January 2026 (a first phase increase, with subsequent increases dependent on Assura integration progress and individual performance, targeting mid-market level of £490k); LTIP award level increased to 175% of salary from 150% of salary, though this remains at or below the lower quartile against the market; LTIP performance targets for Total Accounting Return increased vs 2025 and a new environmental (EPC rating) metric with 15% weighting introduced for 2026 awards.",1 January 2026,42,129,45,220,primary_health_properties_ar_2025,https://www.phpgroup.co.uk/media/4xin3uke/primary-health-properties-plc-annual-report-2025.pdf,"=HYPERLINK(""https://www.phpgroup.co.uk/media/4xin3uke/primary-health-properties-plc-annual-report-2025.pdf#page=90"",""p.90 of AR"")",42.0,"=HYPERLINK(""https://www.phpgroup.co.uk/media/4xin3uke/primary-health-properties-plc-annual-report-2025.pdf#page=90"",""p.90 of AR"")","=HYPERLINK(""https://www.phpgroup.co.uk/media/4xin3uke/primary-health-properties-plc-annual-report-2025.pdf#page=97"",""p.97 of AR"")","=HYPERLINK(""https://www.phpgroup.co.uk/media/4xin3uke/primary-health-properties-plc-annual-report-2025.pdf#page=90"",""p.90 of AR"")","=HYPERLINK(""https://www.phpgroup.co.uk/media/4xin3uke/primary-health-properties-plc-annual-report-2025.pdf#page=105"",""p.105 of AR"")",3
Prudential Plc,PRU LN Equity,Financials,Insurance,Insurance,Life & Health Insurance,28461.3,12.0,2026,Anil Wadhwani,Chief Executive Officer,CEO,current,,,,250.0,40.0,3.0,550.0,,,,,400.0,2.0,"AIP maximum opportunity increased from 200% to 250% of salary, funded by a corresponding reduction in PLTIP grant levels (2026 PLTIP award reduced from 425% to 375% of salary; the 550% maximum cap itself is unchanged). Base salary: Committee given wider discretion to increase Executive Director salaries above workforce increases where deemed appropriate (previously restricted to changes in role/responsibility). Benefits: Executive Directors made eligible for modest gifts/awards on customary occasions (e.g., long service awards), and expanded business expense reimbursement (banking fees, professional service fees). Bonus deferral mechanics revised: deferral now applies 'up to' 40% (rather than a fixed 40%) and deferral into shares continues only while share ownership guideline remains unmet, rather than a fixed cash/share split. NED fees: new facilitative provision allowing a portion of Chair/NED fees to be paid in shares without performance conditions (not currently intended to be used) — not applicable to Executive Directors' pay structure directly but part of the wider Policy renewal.",28 May 2026,220,259,259,263,prudential_ar_2025,https://www.prudentialplc.com/content/dam/prudential-plc/investor/results-and-reports/lastest-annual-report/prudential-plc-ar-2025.pdf,"=HYPERLINK(""https://www.prudentialplc.com/content/dam/prudential-plc/investor/results-and-reports/lastest-annual-report/prudential-plc-ar-2025.pdf#page=211"",""p.211 of AR"")",51.0,"=HYPERLINK(""https://www.prudentialplc.com/content/dam/prudential-plc/investor/results-and-reports/lastest-annual-report/prudential-plc-ar-2025.pdf#page=229"",""p.229 of AR"")","=HYPERLINK(""https://www.prudentialplc.com/content/dam/prudential-plc/investor/results-and-reports/lastest-annual-report/prudential-plc-ar-2025.pdf#page=234"",""p.234 of AR"")","=HYPERLINK(""https://www.prudentialplc.com/content/dam/prudential-plc/investor/results-and-reports/lastest-annual-report/prudential-plc-ar-2025.pdf#page=234"",""p.234 of AR"")","=HYPERLINK(""https://www.prudentialplc.com/content/dam/prudential-plc/investor/results-and-reports/lastest-annual-report/prudential-plc-ar-2025.pdf#page=235"",""p.235 of AR"")",3
Qinetiq Group Plc,QQ/ LN Equity,Industrials,Capital Goods,Aerospace & Defense,Aerospace & Defense,2141.4,3.0,2026,Steve Wadey,Chief Executive Officer,CEO,current,719147.0,GBP,1 July 2024,200.0,30.0,2.0,250.0,,,,,300.0,2.0,"For FY26, ABP financial metric weighting increased from 70% to 75% (orders, underlying operating profit, and net cash flow each equally weighted at 25%, versus previous 15%/30%/25% split); personal/strategic goals weighting reduced to 25%; 30% of the cash flow metric weighting will be based on H1 performance to drive consistent in-year cash collection. CEO's annual salary review deferred to end of FY26 at his request. No changes to LTIP (LPA) structure, maximum opportunity, or shareholding guidelines.",,171,77,77,54,qinetiq_group_ar_2025,https://www.qinetiq.com/-/media/23f13013973e438f9cc8ce678bc18161.ashx,"=HYPERLINK(""https://www.qinetiq.com/-/media/23f13013973e438f9cc8ce678bc18161.ashx#page=130"",""p.130 of AR"")",220.0,"=HYPERLINK(""https://www.qinetiq.com/-/media/23f13013973e438f9cc8ce678bc18161.ashx#page=126"",""p.126 of AR"")","=HYPERLINK(""https://www.qinetiq.com/-/media/23f13013973e438f9cc8ce678bc18161.ashx#page=118"",""p.118 of AR"")","=HYPERLINK(""https://www.qinetiq.com/-/media/23f13013973e438f9cc8ce678bc18161.ashx#page=118"",""p.118 of AR"")","=HYPERLINK(""https://www.qinetiq.com/-/media/23f13013973e438f9cc8ce678bc18161.ashx#page=116"",""p.116 of AR"")",3
Qinetiq Group Plc,QQ/ LN Equity,Industrials,Capital Goods,Aerospace & Defense,Aerospace & Defense,2141.4,3.0,2026,Martin Cooper,Chief Financial Officer,CFO,current,470000.0,GBP,1 July 2025,200.0,30.0,2.0,250.0,,,,,200.0,2.0,"Salary increased by 3.3% to £470,000 effective 1 July 2025, reflecting performance and development in role. FY26 ABP financial weighting increased to 75% with orders, profit and cash equally weighted at 25% each (previously 15%/30%/25%); 30% of the cash metric tied to H1 performance targets. No changes to LTIP (LPA) maximum opportunity or shareholding guideline; CFO currently below shareholding requirement (21% of salary) due to recent appointment.",,220,150,150,150,qinetiq_group_ar_2025,https://www.qinetiq.com/-/media/23f13013973e438f9cc8ce678bc18161.ashx,"=HYPERLINK(""https://www.qinetiq.com/-/media/23f13013973e438f9cc8ce678bc18161.ashx#page=124"",""p.124 of AR"")",150.0,"=HYPERLINK(""https://www.qinetiq.com/-/media/23f13013973e438f9cc8ce678bc18161.ashx#page=130"",""p.130 of AR"")","=HYPERLINK(""https://www.qinetiq.com/-/media/23f13013973e438f9cc8ce678bc18161.ashx#page=124"",""p.124 of AR"")","=HYPERLINK(""https://www.qinetiq.com/-/media/23f13013973e438f9cc8ce678bc18161.ashx#page=124"",""p.124 of AR"")","=HYPERLINK(""https://www.qinetiq.com/-/media/23f13013973e438f9cc8ce678bc18161.ashx#page=124"",""p.124 of AR"")",3
Quilter Plc,QLT LN Equity,Financials,Financial Services,Capital Markets,Asset Management & Custody Banks,2471.8,12.0,2025,Steven Levin,Chief Executive Officer,CEO,current,625000.0,GBP,1 April 2025,200.0,50.0,3.0,200.0,,,,,300.0,2.0,"No change to maximum STI/LTI opportunity or relative weightings; evolutionary changes to STI scorecard (removal of risk management metric, upweighting customer metric) and LTI scorecard (removal of operating margin metric, redistributing 20% weighting to EPS and 5% to relative TSR); base salary increased 5% effective 1 April 2025 to bring pay more in line with market comparators.","2025 AGM, 22 May 2025",55,108,114,120,quilter_ar_2024,https://plc.quilter.com/4957e8/siteassets/documents/reports/annual-report-2025.pdf,"=HYPERLINK(""https://plc.quilter.com/4957e8/siteassets/documents/reports/annual-report-2025.pdf#page=81"",""p.81 of AR"")",55.0,"=HYPERLINK(""https://plc.quilter.com/4957e8/siteassets/documents/reports/annual-report-2025.pdf#page=81"",""p.81 of AR"")","=HYPERLINK(""https://plc.quilter.com/4957e8/siteassets/documents/reports/annual-report-2025.pdf#page=86"",""p.86 of AR"")","=HYPERLINK(""https://plc.quilter.com/4957e8/siteassets/documents/reports/annual-report-2025.pdf#page=87"",""p.87 of AR"")","=HYPERLINK(""https://plc.quilter.com/4957e8/siteassets/documents/reports/annual-report-2025.pdf#page=88"",""p.88 of AR"")",3
Quilter Plc,QLT LN Equity,Financials,Financial Services,Capital Markets,Asset Management & Custody Banks,2471.8,12.0,2025,Mark Satchel,Chief Financial Officer,CFO,current,486500.0,GBP,1 April 2025,200.0,50.0,3.0,200.0,,,,,300.0,2.0,"No change to maximum STI/LTI opportunity or relative weightings; evolutionary changes to STI scorecard (removal of risk management metric, upweighting customer metric) and LTI scorecard (removal of operating margin metric, redistributing 20% weighting to EPS and 5% to relative TSR); base salary increased 3% effective 1 April 2025, in line with the wider workforce.","2025 AGM, 22 May 2025",55,108,114,120,quilter_ar_2024,https://plc.quilter.com/4957e8/siteassets/documents/reports/annual-report-2025.pdf,"=HYPERLINK(""https://plc.quilter.com/4957e8/siteassets/documents/reports/annual-report-2025.pdf#page=81"",""p.81 of AR"")",55.0,"=HYPERLINK(""https://plc.quilter.com/4957e8/siteassets/documents/reports/annual-report-2025.pdf#page=81"",""p.81 of AR"")","=HYPERLINK(""https://plc.quilter.com/4957e8/siteassets/documents/reports/annual-report-2025.pdf#page=86"",""p.86 of AR"")","=HYPERLINK(""https://plc.quilter.com/4957e8/siteassets/documents/reports/annual-report-2025.pdf#page=87"",""p.87 of AR"")","=HYPERLINK(""https://plc.quilter.com/4957e8/siteassets/documents/reports/annual-report-2025.pdf#page=88"",""p.88 of AR"")",3
Quilter Plc,QLT LN Equity,Financials,Financial Services,Capital Markets,Asset Management & Custody Banks,2471.8,12.0,2026,Steven Levin,Chief Executive Officer,CEO,current,750000.0,GBP,1 April 2026,200.0,50.0,3.0,200.0,,,,,300.0,2.0,"Exceptional one-off base salary increase of 20% (from £625,000 to £750,000) effective 1 April 2026, to unwind the ~15% discount applied at appointment relative to his predecessor, reflecting performance, role progression, and market relativity. Approved after shareholder consultation. No changes to bonus or LTIP maximum opportunities (both remain 200% of salary), which are consistent with the prior year.",1 April 2026,224,225,227,187,quilter_ar_2025,https://plc.quilter.com/4957e8/siteassets/documents/reports/annual-report-2025.pdf,"=HYPERLINK(""https://plc.quilter.com/4957e8/siteassets/documents/reports/annual-report-2025.pdf#page=106"",""p.106 of AR"")",224.0,"=HYPERLINK(""https://plc.quilter.com/4957e8/siteassets/documents/reports/annual-report-2025.pdf#page=106"",""p.106 of AR"")","=HYPERLINK(""https://plc.quilter.com/4957e8/siteassets/documents/reports/annual-report-2025.pdf#page=106"",""p.106 of AR"")","=HYPERLINK(""https://plc.quilter.com/4957e8/siteassets/documents/reports/annual-report-2025.pdf#page=106"",""p.106 of AR"")","=HYPERLINK(""https://plc.quilter.com/4957e8/siteassets/documents/reports/annual-report-2025.pdf#page=103"",""p.103 of AR"")",3
Quilter Plc,QLT LN Equity,Financials,Financial Services,Capital Markets,Asset Management & Custody Banks,2471.8,12.0,2026,Mark Satchel,Chief Financial Officer,CFO,current,506000.0,GBP,1 April 2026,200.0,50.0,3.0,200.0,,,,,300.0,2.0,"Base salary increased by 4% effective 1 April 2026, in line with the average increase for the wider workforce. No changes to bonus or LTIP maximum opportunities (both remain 200% of salary), which are consistent with the prior year.",1 April 2026,224,225,227,187,quilter_ar_2025,https://plc.quilter.com/4957e8/siteassets/documents/reports/annual-report-2025.pdf,"=HYPERLINK(""https://plc.quilter.com/4957e8/siteassets/documents/reports/annual-report-2025.pdf#page=106"",""p.106 of AR"")",224.0,"=HYPERLINK(""https://plc.quilter.com/4957e8/siteassets/documents/reports/annual-report-2025.pdf#page=106"",""p.106 of AR"")","=HYPERLINK(""https://plc.quilter.com/4957e8/siteassets/documents/reports/annual-report-2025.pdf#page=106"",""p.106 of AR"")","=HYPERLINK(""https://plc.quilter.com/4957e8/siteassets/documents/reports/annual-report-2025.pdf#page=106"",""p.106 of AR"")","=HYPERLINK(""https://plc.quilter.com/4957e8/siteassets/documents/reports/annual-report-2025.pdf#page=103"",""p.103 of AR"")",3
Rank Group Plc,RNK LN Equity,Consumer Discretionary,Consumer Services,Hotels Restaurants & Leisure,Casinos & Gaming,453.4,6.0,2026,John O'Reilly,Chief Executive,CEO,current,551668.0,GBP,1 April 2025,175.0,100.0,2.0,175.0,,,,,200.0,,"No salary increase for 2025/26; LTIP performance metrics evolved to introduce a new ROCE metric (30% weighting), alongside EPS (30%) and TSR (40%, split 20%/20% between a bespoke comparator group and FTSE 250); previously LTIP was 60% EPS-weighted. Bonus and LTIP maximum opportunities unchanged from 2024/25.",,153,32,164,113,rank_group_ar_2025,https://wp-rankgroup-2024.s3.eu-west-2.amazonaws.com/media/2026/09/The-Rank-Group-Plc-2026-Annual-Report-and-Accounts.pdf,"=HYPERLINK(""https://wp-rankgroup-2024.s3.eu-west-2.amazonaws.com/media/2026/09/The-Rank-Group-Plc-2026-Annual-Report-and-Accounts.pdf#page=169"",""p.169 of AR"")",153.0,"=HYPERLINK(""https://wp-rankgroup-2024.s3.eu-west-2.amazonaws.com/media/2026/09/The-Rank-Group-Plc-2026-Annual-Report-and-Accounts.pdf#page=169"",""p.169 of AR"")","=HYPERLINK(""https://wp-rankgroup-2024.s3.eu-west-2.amazonaws.com/media/2026/09/The-Rank-Group-Plc-2026-Annual-Report-and-Accounts.pdf#page=156"",""p.156 of AR"")","=HYPERLINK(""https://wp-rankgroup-2024.s3.eu-west-2.amazonaws.com/media/2026/09/The-Rank-Group-Plc-2026-Annual-Report-and-Accounts.pdf#page=170"",""p.170 of AR"")","=HYPERLINK(""https://wp-rankgroup-2024.s3.eu-west-2.amazonaws.com/media/2026/09/The-Rank-Group-Plc-2026-Annual-Report-and-Accounts.pdf#page=164"",""p.164 of AR"")",3
Rank Group Plc,RNK LN Equity,Consumer Discretionary,Consumer Services,Hotels Restaurants & Leisure,Casinos & Gaming,453.4,6.0,2026,Richard Harris,Chief Financial Officer,CFO,current,381100.0,GBP,1 April 2025,135.0,80.0,2.0,135.0,,,,,200.0,,"No salary increase for 2025/26; LTIP performance metrics evolved to introduce a new ROCE metric (30% weighting), alongside EPS (30%) and TSR (40%, split 20%/20% between a bespoke comparator group and FTSE 250); previously LTIP was 60% EPS-weighted. Bonus and LTIP maximum opportunities unchanged from 2024/25.",,153,32,164,113,rank_group_ar_2025,https://wp-rankgroup-2024.s3.eu-west-2.amazonaws.com/media/2026/09/The-Rank-Group-Plc-2026-Annual-Report-and-Accounts.pdf,"=HYPERLINK(""https://wp-rankgroup-2024.s3.eu-west-2.amazonaws.com/media/2026/09/The-Rank-Group-Plc-2026-Annual-Report-and-Accounts.pdf#page=169"",""p.169 of AR"")",153.0,"=HYPERLINK(""https://wp-rankgroup-2024.s3.eu-west-2.amazonaws.com/media/2026/09/The-Rank-Group-Plc-2026-Annual-Report-and-Accounts.pdf#page=169"",""p.169 of AR"")","=HYPERLINK(""https://wp-rankgroup-2024.s3.eu-west-2.amazonaws.com/media/2026/09/The-Rank-Group-Plc-2026-Annual-Report-and-Accounts.pdf#page=156"",""p.156 of AR"")","=HYPERLINK(""https://wp-rankgroup-2024.s3.eu-west-2.amazonaws.com/media/2026/09/The-Rank-Group-Plc-2026-Annual-Report-and-Accounts.pdf#page=170"",""p.170 of AR"")","=HYPERLINK(""https://wp-rankgroup-2024.s3.eu-west-2.amazonaws.com/media/2026/09/The-Rank-Group-Plc-2026-Annual-Report-and-Accounts.pdf#page=164"",""p.164 of AR"")",3
Raspberry Pi Holdings Plc,RPI LN Equity,Information Technology,Technology Hardware & Equipment,Technology Hardware Storage & Peripherals,Technology Hardware Storage & Peripherals,1360.7,12.0,2026,Eben Upton,Chief Executive Officer,CEO,current,477360.0,GBP,,150.0,33.0,3.0,200.0,,,,,200.0,2.0,Base salary increased by 4% in line with wider workforce increase; annual bonus and LTIP opportunities remain unchanged from 2025 (150% and 200% of salary respectively). Performance measures for both bonus (adjusted operating profit 75%/board unit sales 25%) and LTIP (cumulative adjusted EPS 67%/relative TSR 33% vs FTSE 250) remain unchanged from prior year.,,37,19,19,78,raspberry_pi_holdings_ar_2025,https://investors.raspberrypi.com/reports/44/document,"=HYPERLINK(""https://investors.raspberrypi.com/reports/44/document#page=73"",""p.73 of AR"")",29.0,"=HYPERLINK(""https://investors.raspberrypi.com/reports/44/document#page=74"",""p.74 of AR"")","=HYPERLINK(""https://investors.raspberrypi.com/reports/44/document#page=72"",""p.72 of AR"")","=HYPERLINK(""https://investors.raspberrypi.com/reports/44/document#page=72"",""p.72 of AR"")","=HYPERLINK(""https://investors.raspberrypi.com/reports/44/document#page=77"",""p.77 of AR"")",3
Raspberry Pi Holdings Plc,RPI LN Equity,Information Technology,Technology Hardware & Equipment,Technology Hardware Storage & Peripherals,Technology Hardware Storage & Peripherals,1360.7,12.0,2026,Richard Boult,Chief Financial Officer,CFO,current,371280.0,GBP,,150.0,33.0,3.0,,,,,,200.0,2.0,"Base salary increased 4% in line with wider workforce; however, Richard Boult will NOT receive a 2026 LTIP award due to his planned transition/departure from the CFO role in 2026. He remains eligible for a pro-rated 2026 annual bonus reflecting his period of employment during the year. (Note: for the FY2025 bonus already earned, the Committee exercised discretion to pay Richard's bonus fully in cash rather than applying the standard one-third deferral, given his planned departure — Source Chunk: 70).",,37,30,29,78,raspberry_pi_holdings_ar_2025,https://investors.raspberrypi.com/reports/44/document,"=HYPERLINK(""https://investors.raspberrypi.com/reports/44/document#page=72"",""p.72 of AR"")",17.0,"=HYPERLINK(""https://investors.raspberrypi.com/reports/44/document#page=74"",""p.74 of AR"")","=HYPERLINK(""https://investors.raspberrypi.com/reports/44/document#page=73"",""p.73 of AR"")","=HYPERLINK(""https://investors.raspberrypi.com/reports/44/document#page=73"",""p.73 of AR"")","=HYPERLINK(""https://investors.raspberrypi.com/reports/44/document#page=77"",""p.77 of AR"")",3
Rathbones Group Plc,RAT LN Equity,Financials,Financial Services,Capital Markets,Asset Management & Custody Banks,2023.3,12.0,2026,Jonathan Sorrell,Group Chief Executive Officer,CEO,current,784000.0,GBP,18 August 2025,135.0,50.0,3.0,200.0,,,,,250.0,2.0,"Fixed pay levels for both Executive Directors increased by 1.5% for 2026, in line with senior management inflationary increases (below the 3.25% average for the wider workforce)",,27,27,27,109,rathbones_group_ar_2025,https://content.rathbones.com/Rathbones/Annual%20Report%20and%20Accounts%202025%20-%20Rathbones%20Group%20Plc.PDF,"=HYPERLINK(""https://content.rathbones.com/Rathbones/Annual%20Report%20and%20Accounts%202025%20-%20Rathbones%20Group%20Plc.PDF#page=101"",""p.101 of AR"")",27.0,"=HYPERLINK(""https://content.rathbones.com/Rathbones/Annual%20Report%20and%20Accounts%202025%20-%20Rathbones%20Group%20Plc.PDF#page=101"",""p.101 of AR"")","=HYPERLINK(""https://content.rathbones.com/Rathbones/Annual%20Report%20and%20Accounts%202025%20-%20Rathbones%20Group%20Plc.PDF#page=101"",""p.101 of AR"")","=HYPERLINK(""https://content.rathbones.com/Rathbones/Annual%20Report%20and%20Accounts%202025%20-%20Rathbones%20Group%20Plc.PDF#page=101"",""p.101 of AR"")","=HYPERLINK(""https://content.rathbones.com/Rathbones/Annual%20Report%20and%20Accounts%202025%20-%20Rathbones%20Group%20Plc.PDF#page=106"",""p.106 of AR"")",3
Rathbones Group Plc,RAT LN Equity,Financials,Financial Services,Capital Markets,Asset Management & Custody Banks,2023.3,12.0,2026,Iain Hooley,Group Chief Financial Officer,CFO,current,,,,135.0,50.0,3.0,200.0,,,,,200.0,2.0,"Fixed pay levels for both Executive Directors increased by 1.5% for 2026, in line with senior management inflationary increases (below the 3.25% average for the wider workforce)",,186,55,55,152,rathbones_group_ar_2025,https://content.rathbones.com/Rathbones/Annual%20Report%20and%20Accounts%202025%20-%20Rathbones%20Group%20Plc.PDF,"=HYPERLINK(""https://content.rathbones.com/Rathbones/Annual%20Report%20and%20Accounts%202025%20-%20Rathbones%20Group%20Plc.PDF#page=112"",""p.112 of AR"")",186.0,"=HYPERLINK(""https://content.rathbones.com/Rathbones/Annual%20Report%20and%20Accounts%202025%20-%20Rathbones%20Group%20Plc.PDF#page=112"",""p.112 of AR"")","=HYPERLINK(""https://content.rathbones.com/Rathbones/Annual%20Report%20and%20Accounts%202025%20-%20Rathbones%20Group%20Plc.PDF#page=102"",""p.102 of AR"")","=HYPERLINK(""https://content.rathbones.com/Rathbones/Annual%20Report%20and%20Accounts%202025%20-%20Rathbones%20Group%20Plc.PDF#page=102"",""p.102 of AR"")","=HYPERLINK(""https://content.rathbones.com/Rathbones/Annual%20Report%20and%20Accounts%202025%20-%20Rathbones%20Group%20Plc.PDF#page=109"",""p.109 of AR"")",3
Reckitt Benckiser Group Plc,RKT LN Equity,Consumer Staples,Household & Personal Products,Household Products,Household Products,29428.0,12.0,2026,Kris Licht,Chief Executive Officer,CEO,current,,GBP,,428.0,33.33,3.0,,,,,,1027.0,2.0,"8% salary increase for 2026 (4% wider workforce increase plus 4% phased re-positioning against FTSE 30 lower quartile, second phase expected 2027 subject to performance); no changes to annual bonus opportunity, performance measures or weightings; LTIP award levels unchanged (fixed number of shares/options, so increased salary does not affect LTIP value).",2026,"34, 227","77, 101, 229","77, 187","67, 177, 206",reckitt_benckiser_group_ar_2025,https://eu-assets.contentstack.com/v3/assets/blt93c8bc7a598af9f0/blt3a6f2cd6ab14bf47/69c2b35aa17ac75c0a18f6f2/Reckitt_Annual_Report_and_Accounts_2025_(2).pdf,"=HYPERLINK(""https://eu-assets.contentstack.com/v3/assets/blt93c8bc7a598af9f0/blt3a6f2cd6ab14bf47/69c2b35aa17ac75c0a18f6f2/Reckitt_Annual_Report_and_Accounts_2025_(2).pdf#page=91"",""p.91 of AR"")",77.0,,,,,3
Reckitt Benckiser Group Plc,RKT LN Equity,Consumer Staples,Household & Personal Products,Household Products,Household Products,29428.0,12.0,2026,Shannon Eisenhardt,Chief Financial Officer,CFO,current,,GBP,,357.0,33.33,3.0,,,,,,709.0,2.0,"4% salary increase for 2026, in line with wider UK workforce; no changes to annual bonus opportunity, performance measures or weightings; LTIP award levels unchanged.",2026,"27, 227","77, 101, 229","77, 187","67, 177, 206",reckitt_benckiser_group_ar_2025,https://eu-assets.contentstack.com/v3/assets/blt93c8bc7a598af9f0/blt3a6f2cd6ab14bf47/69c2b35aa17ac75c0a18f6f2/Reckitt_Annual_Report_and_Accounts_2025_(2).pdf,"=HYPERLINK(""https://eu-assets.contentstack.com/v3/assets/blt93c8bc7a598af9f0/blt3a6f2cd6ab14bf47/69c2b35aa17ac75c0a18f6f2/Reckitt_Annual_Report_and_Accounts_2025_(2).pdf#page=91"",""p.91 of AR"")",77.0,,,,,3
RELX Plc,REL LN Equity,Industrials,Commercial & Professional Services,Professional Services,Research & Consulting Services,42915.5,12.0,2026,Erik Engstrom,Chief Executive Officer (CEO),CEO,current,1484506.0,GBP,1 January 2026,300.0,50.0,3.0,600.0,,,,,600.0,2.0,Maximum AIP increased from 200% to 300% of salary; maximum LTIP increased from 450% to 600% of salary; shareholding requirement increased from 450% to 600% of salary; AIP deferral reduces from 50% to 25% once shareholding requirement is met and ceases entirely once shareholding reaches 2x requirement (12x salary for CEO); no base salary adjustment made as part of benchmarking review,1 January 2026,121,123,13,13,relx_ar_2025,https://www.relx.com/~/media/Files/R/RELX-Group/documents/reports/annual-reports/relx-2025-annual-report.pdf,"=HYPERLINK(""https://www.relx.com/~/media/Files/R/RELX-Group/documents/reports/annual-reports/relx-2025-annual-report.pdf#page=102"",""p.102 of AR"")",13.0,"=HYPERLINK(""https://www.relx.com/~/media/Files/R/RELX-Group/documents/reports/annual-reports/relx-2025-annual-report.pdf#page=114"",""p.114 of AR"")","=HYPERLINK(""https://www.relx.com/~/media/Files/R/RELX-Group/documents/reports/annual-reports/relx-2025-annual-report.pdf#page=114"",""p.114 of AR"")","=HYPERLINK(""https://www.relx.com/~/media/Files/R/RELX-Group/documents/reports/annual-reports/relx-2025-annual-report.pdf#page=102"",""p.102 of AR"")","=HYPERLINK(""https://www.relx.com/~/media/Files/R/RELX-Group/documents/reports/annual-reports/relx-2025-annual-report.pdf#page=102"",""p.102 of AR"")",3
RELX Plc,REL LN Equity,Industrials,Commercial & Professional Services,Professional Services,Research & Consulting Services,42915.5,12.0,2026,Nick Luff,Chief Financial Officer (CFO),CFO,current,994250.0,GBP,1 January 2026,225.0,50.0,3.0,450.0,,,,,450.0,2.0,"Maximum AIP increased from 200% to 225% of salary; maximum LTIP increased from 375% to 450% of salary; shareholding requirement increased from 375% to 450% of salary; base salary increased to £970,000 effective July 2025 (from £853,000) reflecting increased scale/complexity and experience; AIP deferral reduces from 50% to 25% once shareholding requirement is met and ceases entirely once shareholding reaches 2x requirement (9x salary for CFO)",1 January 2026,121,123,13,13,relx_ar_2025,https://www.relx.com/~/media/Files/R/RELX-Group/documents/reports/annual-reports/relx-2025-annual-report.pdf,"=HYPERLINK(""https://www.relx.com/~/media/Files/R/RELX-Group/documents/reports/annual-reports/relx-2025-annual-report.pdf#page=102"",""p.102 of AR"")",13.0,"=HYPERLINK(""https://www.relx.com/~/media/Files/R/RELX-Group/documents/reports/annual-reports/relx-2025-annual-report.pdf#page=114"",""p.114 of AR"")","=HYPERLINK(""https://www.relx.com/~/media/Files/R/RELX-Group/documents/reports/annual-reports/relx-2025-annual-report.pdf#page=114"",""p.114 of AR"")","=HYPERLINK(""https://www.relx.com/~/media/Files/R/RELX-Group/documents/reports/annual-reports/relx-2025-annual-report.pdf#page=102"",""p.102 of AR"")","=HYPERLINK(""https://www.relx.com/~/media/Files/R/RELX-Group/documents/reports/annual-reports/relx-2025-annual-report.pdf#page=102"",""p.102 of AR"")",3
Renishaw Plc,RSW LN Equity,Information Technology,Technology Hardware & Equipment,Electronic Equipment Instruments & Components,Electronic Equipment & Instruments,3625.1,6.0,2026,Will Lee,Chief Executive Officer,CEO,current,764530.0,GBP,1 January 2025,200.0,62.5,3.0,,,,,,200.0,2.0,No changes planned for FY2026; base salary to be reviewed November/December 2025 with any increase effective 1 January 2026.,,22,25,80,75,renishaw_ar_2025,https://www.renishaw.com/media/pdf/en/a71bcdd161224ba19ccea1e0ff46b463.pdf,"=HYPERLINK(""https://www.renishaw.com/media/pdf/en/a71bcdd161224ba19ccea1e0ff46b463.pdf#page=92"",""p.92 of AR"")",25.0,"=HYPERLINK(""https://www.renishaw.com/media/pdf/en/a71bcdd161224ba19ccea1e0ff46b463.pdf#page=92"",""p.92 of AR"")","=HYPERLINK(""https://www.renishaw.com/media/pdf/en/a71bcdd161224ba19ccea1e0ff46b463.pdf#page=92"",""p.92 of AR"")","=HYPERLINK(""https://www.renishaw.com/media/pdf/en/a71bcdd161224ba19ccea1e0ff46b463.pdf#page=96"",""p.96 of AR"")","=HYPERLINK(""https://www.renishaw.com/media/pdf/en/a71bcdd161224ba19ccea1e0ff46b463.pdf#page=96"",""p.96 of AR"")",3
Renishaw Plc,RSW LN Equity,Information Technology,Technology Hardware & Equipment,Electronic Equipment Instruments & Components,Electronic Equipment & Instruments,3625.1,6.0,2026,Allen Roberts,Group Finance Director,CFO,current,482750.0,GBP,1 January 2025,150.0,50.0,3.0,,,,,,200.0,2.0,"Allen Roberts will leave the business on 31 December 2025 and will not participate in the FY2026 annual incentive arrangements; will receive a payment of £546,197 in lieu of salary, pension and benefits for his 12-month notice period; FY2025 bonus to be paid half in cash/half in deferred shares as normal.",,22,25,80,75,renishaw_ar_2025,https://www.renishaw.com/media/pdf/en/a71bcdd161224ba19ccea1e0ff46b463.pdf,"=HYPERLINK(""https://www.renishaw.com/media/pdf/en/a71bcdd161224ba19ccea1e0ff46b463.pdf#page=92"",""p.92 of AR"")",25.0,"=HYPERLINK(""https://www.renishaw.com/media/pdf/en/a71bcdd161224ba19ccea1e0ff46b463.pdf#page=92"",""p.92 of AR"")","=HYPERLINK(""https://www.renishaw.com/media/pdf/en/a71bcdd161224ba19ccea1e0ff46b463.pdf#page=92"",""p.92 of AR"")","=HYPERLINK(""https://www.renishaw.com/media/pdf/en/a71bcdd161224ba19ccea1e0ff46b463.pdf#page=96"",""p.96 of AR"")","=HYPERLINK(""https://www.renishaw.com/media/pdf/en/a71bcdd161224ba19ccea1e0ff46b463.pdf#page=96"",""p.96 of AR"")",3
Rentokil Initial Plc,RTO LN Equity,Industrials,Commercial & Professional Services,Commercial Services & Supplies,Environmental & Facilities Services,11889.2,12.0,2026,Mike Duffy,Chief Executive Officer,CEO,current,,,16 March 2026,225.0,50.0,3.0,375.0,,,,,400.0,2.0,"Mike Duffy becomes Chief Executive from 16 March 2026, succeeding Andy Ransom, who is retiring. Duffy's salary will not be reviewed in 2026 (next review 2027). He is expected to receive a 2026 PSP award of 375% of salary in March 2026, in line with the current Policy, subject to confirmation of appropriateness at grant. 2026 is the final year under the current (2024) Remuneration Policy; a new Policy will be proposed for shareholder approval at the 2027 AGM.",,267,47,283,209,rentokil_initial_ar_2025,https://www.rentokil-initial.com/~/media/Files/R/Rentokil/documents/annual-reports/rentokil-ar25.pdf,"=HYPERLINK(""https://www.rentokil-initial.com/~/media/Files/R/Rentokil/documents/annual-reports/rentokil-ar25.pdf#page=132"",""p.132 of AR"")",283.0,"=HYPERLINK(""https://www.rentokil-initial.com/~/media/Files/R/Rentokil/documents/annual-reports/rentokil-ar25.pdf#page=131"",""p.131 of AR"")","=HYPERLINK(""https://www.rentokil-initial.com/~/media/Files/R/Rentokil/documents/annual-reports/rentokil-ar25.pdf#page=115"",""p.115 of AR"")","=HYPERLINK(""https://www.rentokil-initial.com/~/media/Files/R/Rentokil/documents/annual-reports/rentokil-ar25.pdf#page=132"",""p.132 of AR"")","=HYPERLINK(""https://www.rentokil-initial.com/~/media/Files/R/Rentokil/documents/annual-reports/rentokil-ar25.pdf#page=126"",""p.126 of AR"")",3
Rentokil Initial Plc,RTO LN Equity,Industrials,Commercial & Professional Services,Commercial Services & Supplies,Environmental & Facilities Services,11889.2,12.0,2026,Paul Edgecliffe-Johnson,Chief Financial Officer,CFO,current,775000.0,GBP,1 January 2025,225.0,50.0,3.0,300.0,,,,,300.0,2.0,"Salary review expected to result in an approximate 3% increase from 1 July 2026, in line with senior leadership pay increases (lower than wider workforce increases). He is expected to receive a 2026 PSP award of 300% of salary in March 2026, in line with the current Policy, subject to confirmation of appropriateness at grant. No changes to bonus structure, LTIP maximum, or shareholding guideline are indicated for 2026.",1 July 2026,57,47,283,209,rentokil_initial_ar_2025,https://www.rentokil-initial.com/~/media/Files/R/Rentokil/documents/annual-reports/rentokil-ar25.pdf,"=HYPERLINK(""https://www.rentokil-initial.com/~/media/Files/R/Rentokil/documents/annual-reports/rentokil-ar25.pdf#page=132"",""p.132 of AR"")",283.0,"=HYPERLINK(""https://www.rentokil-initial.com/~/media/Files/R/Rentokil/documents/annual-reports/rentokil-ar25.pdf#page=116"",""p.116 of AR"")","=HYPERLINK(""https://www.rentokil-initial.com/~/media/Files/R/Rentokil/documents/annual-reports/rentokil-ar25.pdf#page=115"",""p.115 of AR"")","=HYPERLINK(""https://www.rentokil-initial.com/~/media/Files/R/Rentokil/documents/annual-reports/rentokil-ar25.pdf#page=132"",""p.132 of AR"")","=HYPERLINK(""https://www.rentokil-initial.com/~/media/Files/R/Rentokil/documents/annual-reports/rentokil-ar25.pdf#page=126"",""p.126 of AR"")",3
Rentokil Initial Plc,RTO LN Equity,Industrials,Commercial & Professional Services,Commercial Services & Supplies,Environmental & Facilities Services,11889.2,12.0,2026,Andy Ransom,Chief Executive,CEO,current,1040000.0,GBP,,225.0,,,,,,,,400.0,2.0,"Ransom is retiring during 2026; he will not receive a salary increase, will not be eligible for a 2026 PSP award, but may receive a pro-rata annual bonus for the year, reflecting his transition/retirement terms.",,17,47,48,209,rentokil_initial_ar_2025,https://www.rentokil-initial.com/~/media/Files/R/Rentokil/documents/annual-reports/rentokil-ar25.pdf,"=HYPERLINK(""https://www.rentokil-initial.com/~/media/Files/R/Rentokil/documents/annual-reports/rentokil-ar25.pdf#page=115"",""p.115 of AR"")",48.0,"=HYPERLINK(""https://www.rentokil-initial.com/~/media/Files/R/Rentokil/documents/annual-reports/rentokil-ar25.pdf#page=113"",""p.113 of AR"")","=HYPERLINK(""https://www.rentokil-initial.com/~/media/Files/R/Rentokil/documents/annual-reports/rentokil-ar25.pdf#page=115"",""p.115 of AR"")","=HYPERLINK(""https://www.rentokil-initial.com/~/media/Files/R/Rentokil/documents/annual-reports/rentokil-ar25.pdf#page=115"",""p.115 of AR"")","=HYPERLINK(""https://www.rentokil-initial.com/~/media/Files/R/Rentokil/documents/annual-reports/rentokil-ar25.pdf#page=126"",""p.126 of AR"")",3
RHI Magnesita NV,RHIM LN Equity,,,,,1254.4,12.0,2026,Stefan Borgas,Chief Executive Officer (CEO),CEO,current,1272400.0,EUR,1 January 2026,150.0,50.0,3.0,200.0,,,,,200.0,,"Base salary increased 2% effective 1 January 2026 (below the 2.1% average increase for the wider Austrian workforce); annual bonus maximum unchanged at 150% of salary, but a new 'Efficiency Scorecard' of financial/operational efficiency measures has been introduced for 2026, and Adjusted EBITA will now be measured on a pre-bonus basis; LTIP award level unchanged at 200% of salary. No changes to the overall Remuneration Policy itself (approved May 2024 AGM, effective until 1 January 2027).",1 January 2026,205,207,213,78,rhi_magnesita_nv_ar_2025,https://ir.rhimagnesita.com/wp-content/uploads/2026/03/rhim-annual-report-and-accounts-2025.pdf,"=HYPERLINK(""https://ir.rhimagnesita.com/wp-content/uploads/2026/03/rhim-annual-report-and-accounts-2025.pdf#page=237"",""p.237 of AR"")",205.0,"=HYPERLINK(""https://ir.rhimagnesita.com/wp-content/uploads/2026/03/rhim-annual-report-and-accounts-2025.pdf#page=237"",""p.237 of AR"")","=HYPERLINK(""https://ir.rhimagnesita.com/wp-content/uploads/2026/03/rhim-annual-report-and-accounts-2025.pdf#page=237"",""p.237 of AR"")","=HYPERLINK(""https://ir.rhimagnesita.com/wp-content/uploads/2026/03/rhim-annual-report-and-accounts-2025.pdf#page=238"",""p.238 of AR"")","=HYPERLINK(""https://ir.rhimagnesita.com/wp-content/uploads/2026/03/rhim-annual-report-and-accounts-2025.pdf#page=225"",""p.225 of AR"")",3
RHI Magnesita NV,RHIM LN Equity,,,,,1254.4,12.0,2026,Ian Botha,Chief Financial Officer (CFO),CFO,current,743700.0,EUR,1 January 2026,150.0,50.0,3.0,150.0,,,,,200.0,,"Base salary increased 2% effective 1 January 2026 (below the 2.1% average increase for the wider Austrian workforce); annual bonus maximum unchanged at 150% of salary, but a new 'Efficiency Scorecard' of financial/operational efficiency measures has been introduced for 2026, and Adjusted EBITA will now be measured on a pre-bonus basis; LTIP award level unchanged at 150% of salary. No changes to the overall Remuneration Policy itself (approved May 2024 AGM, effective until 1 January 2027).",1 January 2026,205,207,213,78,rhi_magnesita_nv_ar_2025,https://ir.rhimagnesita.com/wp-content/uploads/2026/03/rhim-annual-report-and-accounts-2025.pdf,"=HYPERLINK(""https://ir.rhimagnesita.com/wp-content/uploads/2026/03/rhim-annual-report-and-accounts-2025.pdf#page=237"",""p.237 of AR"")",205.0,"=HYPERLINK(""https://ir.rhimagnesita.com/wp-content/uploads/2026/03/rhim-annual-report-and-accounts-2025.pdf#page=237"",""p.237 of AR"")","=HYPERLINK(""https://ir.rhimagnesita.com/wp-content/uploads/2026/03/rhim-annual-report-and-accounts-2025.pdf#page=237"",""p.237 of AR"")","=HYPERLINK(""https://ir.rhimagnesita.com/wp-content/uploads/2026/03/rhim-annual-report-and-accounts-2025.pdf#page=238"",""p.238 of AR"")","=HYPERLINK(""https://ir.rhimagnesita.com/wp-content/uploads/2026/03/rhim-annual-report-and-accounts-2025.pdf#page=225"",""p.225 of AR"")",3
Rightmove Plc,RMV LN Equity,Communication Services,Media & Entertainment,Interactive Media & Services,Interactive Media & Services,2992.3,12.0,2026,Johan Svanstrom,Chief Executive Officer,CEO,current,695000.0,GBP,1 January 2026,250.0,50.0,2.0,250.0,,,,,250.0,2.0,"Annual bonus opportunity increased from 185% to 200% of salary; Policy bonus limit increased from 200% to 250% (not currently utilised); PSP Policy limit increased from 200% to 250% (PSP award itself remains unchanged at 200%); bonus deferral reduced from 60% to 50% (with further reduction to 25% once shareholding guidelines met); shareholding guideline increased to 250% of salary; agreement to retain 100% (up from 50%) of DSBP shares vesting, net of tax/exercise costs, until guideline met.",,166,63,68,52,rightmove_ar_2025,https://plc.rightmove.co.uk/content/uploads/2026/03/RIG004-V2-2025-ARA-WEB-READY-260323.pdf,"=HYPERLINK(""https://plc.rightmove.co.uk/content/uploads/2026/03/RIG004-V2-2025-ARA-WEB-READY-260323.pdf#page=87"",""p.87 of AR"")",30.0,"=HYPERLINK(""https://plc.rightmove.co.uk/content/uploads/2026/03/RIG004-V2-2025-ARA-WEB-READY-260323.pdf#page=96"",""p.96 of AR"")","=HYPERLINK(""https://plc.rightmove.co.uk/content/uploads/2026/03/RIG004-V2-2025-ARA-WEB-READY-260323.pdf#page=89"",""p.89 of AR"")","=HYPERLINK(""https://plc.rightmove.co.uk/content/uploads/2026/03/RIG004-V2-2025-ARA-WEB-READY-260323.pdf#page=89"",""p.89 of AR"")","=HYPERLINK(""https://plc.rightmove.co.uk/content/uploads/2026/03/RIG004-V2-2025-ARA-WEB-READY-260323.pdf#page=88"",""p.88 of AR"")",3
Rightmove Plc,RMV LN Equity,Communication Services,Media & Entertainment,Interactive Media & Services,Interactive Media & Services,2992.3,12.0,2026,Ruaridh Hook,Chief Financial Officer,CFO,current,410000.0,GBP,1 January 2026,250.0,50.0,2.0,250.0,,,,,225.0,2.0,"Annual bonus opportunity increased from 175% to 180% of salary (in line with terms set on appointment as CFO); Policy bonus limit increased from 200% to 250% (not currently utilised); PSP Policy limit increased from 200% to 250% (PSP award itself remains unchanged at 180%); bonus deferral reduced from 60% to 50% (with further reduction to 25% once shareholding guidelines met); shareholding guideline increased to 225% of salary; agreement to retain 100% (up from 50%) of DSBP shares vesting, net of tax/exercise costs, until guideline met.",,166,63,68,52,rightmove_ar_2025,https://plc.rightmove.co.uk/content/uploads/2026/03/RIG004-V2-2025-ARA-WEB-READY-260323.pdf,"=HYPERLINK(""https://plc.rightmove.co.uk/content/uploads/2026/03/RIG004-V2-2025-ARA-WEB-READY-260323.pdf#page=87"",""p.87 of AR"")",30.0,"=HYPERLINK(""https://plc.rightmove.co.uk/content/uploads/2026/03/RIG004-V2-2025-ARA-WEB-READY-260323.pdf#page=96"",""p.96 of AR"")","=HYPERLINK(""https://plc.rightmove.co.uk/content/uploads/2026/03/RIG004-V2-2025-ARA-WEB-READY-260323.pdf#page=89"",""p.89 of AR"")","=HYPERLINK(""https://plc.rightmove.co.uk/content/uploads/2026/03/RIG004-V2-2025-ARA-WEB-READY-260323.pdf#page=89"",""p.89 of AR"")","=HYPERLINK(""https://plc.rightmove.co.uk/content/uploads/2026/03/RIG004-V2-2025-ARA-WEB-READY-260323.pdf#page=88"",""p.88 of AR"")",3
Rio Tinto Plc,RIO LN Equity,Materials,Materials,Metals & Mining,Diversified Metals & Mining,126294.7,12.0,2026,Simon Trott,Chief Executive,CEO,current,1407000.0,GBP,1 March 2026,200.0,50.0,3.0,500.0,,,,,,2.0,Received a 5% salary increase for 2026 to reflect his assessed performance/development since transitioning into the CE role in August 2025; his salary remains deliberately below that of his predecessor,,148,55,55,55,rio_tinto_ar_2025,https://cdn-rio.dataweavers.io/-/media/content/documents/invest/reports/annual-reports/2025-annual-report.pdf,"=HYPERLINK(""https://cdn-rio.dataweavers.io/-/media/content/documents/invest/reports/annual-reports/2025-annual-report.pdf#page=133"",""p.133 of AR"")",148.0,"=HYPERLINK(""https://cdn-rio.dataweavers.io/-/media/content/documents/invest/reports/annual-reports/2025-annual-report.pdf#page=133"",""p.133 of AR"")","=HYPERLINK(""https://cdn-rio.dataweavers.io/-/media/content/documents/invest/reports/annual-reports/2025-annual-report.pdf#page=127"",""p.127 of AR"")","=HYPERLINK(""https://cdn-rio.dataweavers.io/-/media/content/documents/invest/reports/annual-reports/2025-annual-report.pdf#page=127"",""p.127 of AR"")","=HYPERLINK(""https://cdn-rio.dataweavers.io/-/media/content/documents/invest/reports/annual-reports/2025-annual-report.pdf#page=127"",""p.127 of AR"")",3
Rio Tinto Plc,RIO LN Equity,Materials,Materials,Metals & Mining,Diversified Metals & Mining,126294.7,12.0,2026,Peter Cunningham,Chief Financial Officer,CFO,current,805000.0,GBP,1 March 2026,200.0,50.0,3.0,500.0,,,,,,2.0,"2026 base salary increase of 2.7%, in line with the wider UK employee population increase",,148,55,55,55,rio_tinto_ar_2025,https://cdn-rio.dataweavers.io/-/media/content/documents/invest/reports/annual-reports/2025-annual-report.pdf,"=HYPERLINK(""https://cdn-rio.dataweavers.io/-/media/content/documents/invest/reports/annual-reports/2025-annual-report.pdf#page=133"",""p.133 of AR"")",148.0,"=HYPERLINK(""https://cdn-rio.dataweavers.io/-/media/content/documents/invest/reports/annual-reports/2025-annual-report.pdf#page=133"",""p.133 of AR"")","=HYPERLINK(""https://cdn-rio.dataweavers.io/-/media/content/documents/invest/reports/annual-reports/2025-annual-report.pdf#page=127"",""p.127 of AR"")","=HYPERLINK(""https://cdn-rio.dataweavers.io/-/media/content/documents/invest/reports/annual-reports/2025-annual-report.pdf#page=127"",""p.127 of AR"")","=HYPERLINK(""https://cdn-rio.dataweavers.io/-/media/content/documents/invest/reports/annual-reports/2025-annual-report.pdf#page=127"",""p.127 of AR"")",3
Rio Tinto Plc,RIO LN Equity,Materials,Materials,Metals & Mining,Diversified Metals & Mining,126294.7,12.0,2026,Jakob Stausholm,Former Chief Executive,CEO,former,1411000.0,GBP,1 March 2025,200.0,50.0,3.0,500.0,,,,,,2.0,"Leaver arrangements apply — no 2026 salary increase, ceases STIP participation after 2025, outstanding LTIP treated under eligible leaver provisions with pro-rating for service",,148,55,55,55,rio_tinto_ar_2025,https://cdn-rio.dataweavers.io/-/media/content/documents/invest/reports/annual-reports/2025-annual-report.pdf,"=HYPERLINK(""https://cdn-rio.dataweavers.io/-/media/content/documents/invest/reports/annual-reports/2025-annual-report.pdf#page=142"",""p.142 of AR"")",238.0,"=HYPERLINK(""https://cdn-rio.dataweavers.io/-/media/content/documents/invest/reports/annual-reports/2025-annual-report.pdf#page=133"",""p.133 of AR"")","=HYPERLINK(""https://cdn-rio.dataweavers.io/-/media/content/documents/invest/reports/annual-reports/2025-annual-report.pdf#page=127"",""p.127 of AR"")","=HYPERLINK(""https://cdn-rio.dataweavers.io/-/media/content/documents/invest/reports/annual-reports/2025-annual-report.pdf#page=127"",""p.127 of AR"")","=HYPERLINK(""https://cdn-rio.dataweavers.io/-/media/content/documents/invest/reports/annual-reports/2025-annual-report.pdf#page=127"",""p.127 of AR"")",3
Rolls-Royce Holdings Plc,RR/ LN Equity,Industrials,Capital Goods,Aerospace & Defense,Aerospace & Defense,94707.4,12.0,2026,Tufan Erginbilgic,Chief Executive Officer,CEO,current,1586000.0,GBP,1 September 2025,300.0,50.0,3.0,750.0,,,,,750.0,2.0,Base salary increased 15.6% (1 Sept 2025); on-target annual incentive increased from 100% to 150% of salary; maximum annual incentive increased from 200% to 300% of salary; LTIP grant level increased from 375% to 750% of salary; shareholding requirement increased from 400% to 750% of salary. Changes subject to shareholder approval at 2026 AGM.,2026,108,106,106,133,rolls_royce_holdings_ar_2025,https://www.rolls-royce.com/~/media/Files/R/Rolls-Royce/documents/annual-report/2026/rr-plc-annual-report-2025.pdf,"=HYPERLINK(""https://www.rolls-royce.com/~/media/Files/R/Rolls-Royce/documents/annual-report/2026/rr-plc-annual-report-2025.pdf#page=91"",""p.91 of AR"")",108.0,"=HYPERLINK(""https://www.rolls-royce.com/~/media/Files/R/Rolls-Royce/documents/annual-report/2026/rr-plc-annual-report-2025.pdf#page=91"",""p.91 of AR"")","=HYPERLINK(""https://www.rolls-royce.com/~/media/Files/R/Rolls-Royce/documents/annual-report/2026/rr-plc-annual-report-2025.pdf#page=91"",""p.91 of AR"")","=HYPERLINK(""https://www.rolls-royce.com/~/media/Files/R/Rolls-Royce/documents/annual-report/2026/rr-plc-annual-report-2025.pdf#page=91"",""p.91 of AR"")","=HYPERLINK(""https://www.rolls-royce.com/~/media/Files/R/Rolls-Royce/documents/annual-report/2026/rr-plc-annual-report-2025.pdf#page=94"",""p.94 of AR"")",3
Rolls-Royce Holdings Plc,RR/ LN Equity,Industrials,Capital Goods,Aerospace & Defense,Aerospace & Defense,94707.4,12.0,2026,Helen McCabe,Chief Financial Officer,CFO,current,936000.0,GBP,1 September 2025,200.0,50.0,3.0,450.0,,,,,450.0,2.0,Base salary increased 17.7% (1 Sept 2025); annual incentive on-target and maximum unchanged (100%/200%); LTIP grant level increased from 275% to 450% of salary; shareholding requirement increased from 300% to 450% of salary. Changes subject to shareholder approval at 2026 AGM.,2026,108,106,106,133,rolls_royce_holdings_ar_2025,https://www.rolls-royce.com/~/media/Files/R/Rolls-Royce/documents/annual-report/2026/rr-plc-annual-report-2025.pdf,"=HYPERLINK(""https://www.rolls-royce.com/~/media/Files/R/Rolls-Royce/documents/annual-report/2026/rr-plc-annual-report-2025.pdf#page=91"",""p.91 of AR"")",108.0,"=HYPERLINK(""https://www.rolls-royce.com/~/media/Files/R/Rolls-Royce/documents/annual-report/2026/rr-plc-annual-report-2025.pdf#page=91"",""p.91 of AR"")","=HYPERLINK(""https://www.rolls-royce.com/~/media/Files/R/Rolls-Royce/documents/annual-report/2026/rr-plc-annual-report-2025.pdf#page=91"",""p.91 of AR"")","=HYPERLINK(""https://www.rolls-royce.com/~/media/Files/R/Rolls-Royce/documents/annual-report/2026/rr-plc-annual-report-2025.pdf#page=91"",""p.91 of AR"")","=HYPERLINK(""https://www.rolls-royce.com/~/media/Files/R/Rolls-Royce/documents/annual-report/2026/rr-plc-annual-report-2025.pdf#page=94"",""p.94 of AR"")",3
Rotork Plc,ROR LN Equity,Industrials,Capital Goods,Machinery,Industrial Machinery & Supplies & Components,2442.8,12.0,2026,Kiet Huynh,Chief Executive Officer,CEO,current,776996.0,GBP,1 April 2026,150.0,,3.0,300.0,,,,,350.0,2.0,"LTIP maximum opportunity increased from 200% to 300% of salary via introduction of a TSR multiplier (1.0x-1.5x applied to the core award); LTIP performance conditions changed - TSR relative measure removed as a direct weighting and replaced with a revenue growth measure (30%) alongside adjusted EPS (30%), ROIC (30%) and CO2 reduction (10%), with TSR now operating as an overlay multiplier; base salary to be phased upward toward mid-market levels (9.5% increase for 2026); no change to annual bonus maximum (150%) or shareholding guidelines (350%).",,447,227,208,236,rotork_ar_2025,https://media.rotork.com/api/public/content/rotorkannualreport2025-pdf-rgqfrcghqhg7tvtmbalvvq.pdf?v=9b37b48e,"=HYPERLINK(""https://media.rotork.com/api/public/content/rotorkannualreport2025-pdf-rgqfrcghqhg7tvtmbalvvq.pdf?v=9b37b48e#page=130"",""p.130 of AR"")",198.0,"=HYPERLINK(""https://media.rotork.com/api/public/content/rotorkannualreport2025-pdf-rgqfrcghqhg7tvtmbalvvq.pdf?v=9b37b48e#page=147"",""p.147 of AR"")","=HYPERLINK(""https://media.rotork.com/api/public/content/rotorkannualreport2025-pdf-rgqfrcghqhg7tvtmbalvvq.pdf?v=9b37b48e#page=133"",""p.133 of AR"")","=HYPERLINK(""https://media.rotork.com/api/public/content/rotorkannualreport2025-pdf-rgqfrcghqhg7tvtmbalvvq.pdf?v=9b37b48e#page=131"",""p.131 of AR"")","=HYPERLINK(""https://media.rotork.com/api/public/content/rotorkannualreport2025-pdf-rgqfrcghqhg7tvtmbalvvq.pdf?v=9b37b48e#page=134"",""p.134 of AR"")",3
Rotork Plc,ROR LN Equity,Industrials,Capital Goods,Machinery,Industrial Machinery & Supplies & Components,2442.8,12.0,2026,Ben Peacock,Chief Financial Officer,CFO,current,499101.0,GBP,1 April 2026,125.0,,3.0,262.5,,,,,300.0,2.0,"LTIP maximum opportunity increased (core award of 175% plus TSR multiplier up to 1.5x, raising maximum to 262.5% of salary, up from a 200% policy cap); LTIP performance conditions revised to include revenue growth (30%) replacing the previous TSR weighting, alongside adjusted EPS (30%), ROIC (30%) and CO2 reduction (10%); base salary phased upward toward mid-market levels (9.5% increase for 2026); relocation cost contributions added to benefits as part of onboarding; no change to annual bonus maximum (125%) or shareholding guidelines (300%).",,447,227,208,236,rotork_ar_2025,https://media.rotork.com/api/public/content/rotorkannualreport2025-pdf-rgqfrcghqhg7tvtmbalvvq.pdf?v=9b37b48e,"=HYPERLINK(""https://media.rotork.com/api/public/content/rotorkannualreport2025-pdf-rgqfrcghqhg7tvtmbalvvq.pdf?v=9b37b48e#page=130"",""p.130 of AR"")",198.0,"=HYPERLINK(""https://media.rotork.com/api/public/content/rotorkannualreport2025-pdf-rgqfrcghqhg7tvtmbalvvq.pdf?v=9b37b48e#page=147"",""p.147 of AR"")","=HYPERLINK(""https://media.rotork.com/api/public/content/rotorkannualreport2025-pdf-rgqfrcghqhg7tvtmbalvvq.pdf?v=9b37b48e#page=133"",""p.133 of AR"")","=HYPERLINK(""https://media.rotork.com/api/public/content/rotorkannualreport2025-pdf-rgqfrcghqhg7tvtmbalvvq.pdf?v=9b37b48e#page=131"",""p.131 of AR"")","=HYPERLINK(""https://media.rotork.com/api/public/content/rotorkannualreport2025-pdf-rgqfrcghqhg7tvtmbalvvq.pdf?v=9b37b48e#page=134"",""p.134 of AR"")",3
RS Group Plc,RS1 LN Equity,Industrials,Capital Goods,Trading Companies & Distributors,Trading Companies & Distributors,2851.7,3.0,2026,Simon Pryce,Chief Executive Officer,CEO,current,845000.0,GBP,1 June 2025,150.0,33.0,2.0,350.0,250.0,100.0,active,additive,400.0,2.0,"New 2025 Policy removes the one-off J2G LTIP Award; LTIP restructured into a hybrid model combining Performance Shares (two-thirds weighting) and Restricted Shares (one-third weighting, with 50% haircut); market comparator group changed from FTSE 50-150/FTSE 50-100 to FTSE 75-125; CEO LTIP quantum increased relative to CFO (300% vs 250% normal conventional-equivalent) reintroducing a market-typical CEO premium; base salary increased 9.4% to £845,000 to address prior below-median positioning; for 2025 only, CEO's award will be granted at the maximum permitted level (350% total) as a one-off adjustment to address prior remuneration shortfall, reverting to normal levels (200%/50%) in subsequent years.",,226,230,158,166,rs_group_ar_2025,https://www.rsgroup.com/media/xesjxdci/rs_group_annual_report_2026.pdf,"=HYPERLINK(""https://www.rsgroup.com/media/xesjxdci/rs_group_annual_report_2026.pdf#page=114"",""p.114 of AR"")",140.0,"=HYPERLINK(""https://www.rsgroup.com/media/xesjxdci/rs_group_annual_report_2026.pdf#page=121"",""p.121 of AR"")","=HYPERLINK(""https://www.rsgroup.com/media/xesjxdci/rs_group_annual_report_2026.pdf#page=121"",""p.121 of AR"")","=HYPERLINK(""https://www.rsgroup.com/media/xesjxdci/rs_group_annual_report_2026.pdf#page=116"",""p.116 of AR"")","=HYPERLINK(""https://www.rsgroup.com/media/xesjxdci/rs_group_annual_report_2026.pdf#page=117"",""p.117 of AR"")",3
RS Group Plc,RS1 LN Equity,Industrials,Capital Goods,Trading Companies & Distributors,Trading Companies & Distributors,2851.7,3.0,2026,Kate Ringrose,Chief Financial Officer,CFO,current,530450.0,GBP,1 June 2025,150.0,33.0,2.0,350.0,250.0,100.0,active,additive,250.0,2.0,"CFO shareholding guideline reduced from 400% to 250% of salary to reflect the reduction in award size following removal of the J2G LTIP Award and relativity of LTIP levels to the CEO; LTIP restructured into hybrid Performance Share/Restricted Share model (two-thirds/one-third weighting); market comparator changed to FTSE 75-125; base salary increased 3.0%, in line with the average UK workforce increase.",,226,230,158,166,rs_group_ar_2025,https://www.rsgroup.com/media/xesjxdci/rs_group_annual_report_2026.pdf,"=HYPERLINK(""https://www.rsgroup.com/media/xesjxdci/rs_group_annual_report_2026.pdf#page=114"",""p.114 of AR"")",140.0,"=HYPERLINK(""https://www.rsgroup.com/media/xesjxdci/rs_group_annual_report_2026.pdf#page=121"",""p.121 of AR"")","=HYPERLINK(""https://www.rsgroup.com/media/xesjxdci/rs_group_annual_report_2026.pdf#page=121"",""p.121 of AR"")","=HYPERLINK(""https://www.rsgroup.com/media/xesjxdci/rs_group_annual_report_2026.pdf#page=116"",""p.116 of AR"")","=HYPERLINK(""https://www.rsgroup.com/media/xesjxdci/rs_group_annual_report_2026.pdf#page=117"",""p.117 of AR"")",3
Safestore Holdings Plc,SAFE LN Equity,,,,,1369.5,10.0,2026,Frederic Vecchioli,Chief Executive Officer,CEO,current,665000.0,GBP,1 May 2026,150.0,50.0,2.0,325.0,,,,,325.0,2.0,LTIP maximum reduced from 350% to 325% of salary (completing the 2023 commitment to reduce from 480%); removal of LTIP modifier/multiplier structure; in-employment shareholding requirement reduced from 600% to 325% of salary; post-employment guideline changed from a fixed 350% to match the (now lower) in-employment requirement; bonus deferral flexibility introduced allowing reduction to a minimum 50% deferral (of amounts above 100% of salary) for those meeting shareholding requirements.,AGM 18 March 2026,78,281,284,285,safestore_holdings_ar_2025,https://corporate.safestore.com/getmedia/0f356b0e-a411-4015-8b87-fd7896ed0f21/Safestore-Holdings-plc-Annual-report-and-financial-statements-2025.pdf,"=HYPERLINK(""https://corporate.safestore.com/getmedia/0f356b0e-a411-4015-8b87-fd7896ed0f21/Safestore-Holdings-plc-Annual-report-and-financial-statements-2025.pdf#page=97"",""p.97 of AR"")",78.0,"=HYPERLINK(""https://corporate.safestore.com/getmedia/0f356b0e-a411-4015-8b87-fd7896ed0f21/Safestore-Holdings-plc-Annual-report-and-financial-statements-2025.pdf#page=97"",""p.97 of AR"")","=HYPERLINK(""https://corporate.safestore.com/getmedia/0f356b0e-a411-4015-8b87-fd7896ed0f21/Safestore-Holdings-plc-Annual-report-and-financial-statements-2025.pdf#page=116"",""p.116 of AR"")","=HYPERLINK(""https://corporate.safestore.com/getmedia/0f356b0e-a411-4015-8b87-fd7896ed0f21/Safestore-Holdings-plc-Annual-report-and-financial-statements-2025.pdf#page=117"",""p.117 of AR"")","=HYPERLINK(""https://corporate.safestore.com/getmedia/0f356b0e-a411-4015-8b87-fd7896ed0f21/Safestore-Holdings-plc-Annual-report-and-financial-statements-2025.pdf#page=117"",""p.117 of AR"")",3
Safestore Holdings Plc,SAFE LN Equity,,,,,1369.5,10.0,2026,Simon Clinton,Chief Financial Officer,CFO,current,477009.0,GBP,1 November 2025,150.0,50.0,2.0,260.0,,,,,260.0,2.0,LTIP maximum increased from 250% to 260% of salary to align maximum total remuneration with FTSE 250 upper quartile; removal of LTIP modifier/multiplier structure; in-employment shareholding requirement reduced from 450% to 260% of salary; post-employment guideline changed from a fixed 350% to match the (now lower) in-employment requirement; bonus deferral flexibility introduced allowing reduction to a minimum 50% deferral for those meeting shareholding requirements; base salary increased 9.5%.,AGM 18 March 2026,78,281,284,285,safestore_holdings_ar_2025,https://corporate.safestore.com/getmedia/0f356b0e-a411-4015-8b87-fd7896ed0f21/Safestore-Holdings-plc-Annual-report-and-financial-statements-2025.pdf,"=HYPERLINK(""https://corporate.safestore.com/getmedia/0f356b0e-a411-4015-8b87-fd7896ed0f21/Safestore-Holdings-plc-Annual-report-and-financial-statements-2025.pdf#page=97"",""p.97 of AR"")",78.0,"=HYPERLINK(""https://corporate.safestore.com/getmedia/0f356b0e-a411-4015-8b87-fd7896ed0f21/Safestore-Holdings-plc-Annual-report-and-financial-statements-2025.pdf#page=97"",""p.97 of AR"")","=HYPERLINK(""https://corporate.safestore.com/getmedia/0f356b0e-a411-4015-8b87-fd7896ed0f21/Safestore-Holdings-plc-Annual-report-and-financial-statements-2025.pdf#page=116"",""p.116 of AR"")","=HYPERLINK(""https://corporate.safestore.com/getmedia/0f356b0e-a411-4015-8b87-fd7896ed0f21/Safestore-Holdings-plc-Annual-report-and-financial-statements-2025.pdf#page=117"",""p.117 of AR"")","=HYPERLINK(""https://corporate.safestore.com/getmedia/0f356b0e-a411-4015-8b87-fd7896ed0f21/Safestore-Holdings-plc-Annual-report-and-financial-statements-2025.pdf#page=117"",""p.117 of AR"")",3
Sage Group Plc,SGE LN Equity,Information Technology,Software & Services,Software,Application Software,7845.4,9.0,2026,Steve Hare,Chief Executive Officer,CEO,current,1223313.0,GBP,1 January 2026,175.0,33.33,3.0,400.0,,,,,500.0,2.0,"Second phase of previously disclosed two-year salary increase implemented, taking salary to £1,223,313 (15% increase) effective 1 January 2026; no changes to annual bonus or LTIP opportunity for FY26",1 January 2026,239,113,42,42,sage_group_ar_2025,https://www.sage.com/investors/-/media/files/investors/documents/pdf/annual%20report/sage-annual-report-2025.pdf,"=HYPERLINK(""https://www.sage.com/investors/-/media/files/investors/documents/pdf/annual%20report/sage-annual-report-2025.pdf#page=122"",""p.122 of AR"")",42.0,"=HYPERLINK(""https://www.sage.com/investors/-/media/files/investors/documents/pdf/annual%20report/sage-annual-report-2025.pdf#page=146"",""p.146 of AR"")","=HYPERLINK(""https://www.sage.com/investors/-/media/files/investors/documents/pdf/annual%20report/sage-annual-report-2025.pdf#page=130"",""p.130 of AR"")","=HYPERLINK(""https://www.sage.com/investors/-/media/files/investors/documents/pdf/annual%20report/sage-annual-report-2025.pdf#page=122"",""p.122 of AR"")","=HYPERLINK(""https://www.sage.com/investors/-/media/files/investors/documents/pdf/annual%20report/sage-annual-report-2025.pdf#page=122"",""p.122 of AR"")",3
Sage Group Plc,SGE LN Equity,Information Technology,Software & Services,Software,Application Software,7845.4,9.0,2026,Jonathan Howell,Chief Financial Officer,CFO,current,684780.0,GBP,,175.0,33.33,3.0,,,,,,350.0,2.0,Steps down from the Board and as CFO effective 31 December 2025; no FY26 performance share award granted due to departure; CFO transition arrangements approved by the Committee in March (ad hoc meeting),,42,113,42,42,sage_group_ar_2025,https://www.sage.com/investors/-/media/files/investors/documents/pdf/annual%20report/sage-annual-report-2025.pdf,"=HYPERLINK(""https://www.sage.com/investors/-/media/files/investors/documents/pdf/annual%20report/sage-annual-report-2025.pdf#page=122"",""p.122 of AR"")",42.0,"=HYPERLINK(""https://www.sage.com/investors/-/media/files/investors/documents/pdf/annual%20report/sage-annual-report-2025.pdf#page=122"",""p.122 of AR"")","=HYPERLINK(""https://www.sage.com/investors/-/media/files/investors/documents/pdf/annual%20report/sage-annual-report-2025.pdf#page=130"",""p.130 of AR"")","=HYPERLINK(""https://www.sage.com/investors/-/media/files/investors/documents/pdf/annual%20report/sage-annual-report-2025.pdf#page=122"",""p.122 of AR"")","=HYPERLINK(""https://www.sage.com/investors/-/media/files/investors/documents/pdf/annual%20report/sage-annual-report-2025.pdf#page=122"",""p.122 of AR"")",3
Sage Group Plc,SGE LN Equity,Information Technology,Software & Services,Software,Application Software,7845.4,9.0,2026,Jacqui Cartin,Chief Financial Officer,CFO,current,650000.0,GBP,1 January 2026,175.0,33.33,3.0,300.0,,,,,350.0,2.0,"New appointment as CFO effective 1 January 2026; basic salary of £650,000, pension contribution of 10% of salary, plus bonus, long-term incentives, and other benefits in accordance with the 2025 Policy",1 January 2026,24,113,42,42,sage_group_ar_2025,https://www.sage.com/investors/-/media/files/investors/documents/pdf/annual%20report/sage-annual-report-2025.pdf,"=HYPERLINK(""https://www.sage.com/investors/-/media/files/investors/documents/pdf/annual%20report/sage-annual-report-2025.pdf#page=120"",""p.120 of AR"")",24.0,"=HYPERLINK(""https://www.sage.com/investors/-/media/files/investors/documents/pdf/annual%20report/sage-annual-report-2025.pdf#page=120"",""p.120 of AR"")","=HYPERLINK(""https://www.sage.com/investors/-/media/files/investors/documents/pdf/annual%20report/sage-annual-report-2025.pdf#page=130"",""p.130 of AR"")","=HYPERLINK(""https://www.sage.com/investors/-/media/files/investors/documents/pdf/annual%20report/sage-annual-report-2025.pdf#page=122"",""p.122 of AR"")","=HYPERLINK(""https://www.sage.com/investors/-/media/files/investors/documents/pdf/annual%20report/sage-annual-report-2025.pdf#page=122"",""p.122 of AR"")",3
Sainsburys Plc,SBRY LN Equity,Consumer Staples,Consumer Staples Distribution & Retail,Consumer Staples Distribution & Retail,Food Retail,6749.7,2.0,2026,Simon Roberts,Chief Executive Officer,CEO,current,1008910.0,GBP,25 May 2025,220.0,50.0,2.0,250.0,,,,,300.0,2.0,"Salary increased 3% (from £979,524 to £1,008,910) effective 25 May 2025; annual bonus maximum (220%) and LTIP maximum (250%) unchanged from prior year; LTIP performance metrics unchanged, with Plan for Better measures updated to include Scope 1 carbon and food waste metrics for the 2025 award.",25 May 2025,38,146,41,132,sainsburys_ar_2025,https://corporate.sainsburys.co.uk/media/z01g231u/j-sainsbury-plc-annual-report-and-financial-statements-2026.pdf,"=HYPERLINK(""https://corporate.sainsburys.co.uk/media/z01g231u/j-sainsbury-plc-annual-report-and-financial-statements-2026.pdf#page=108"",""p.108 of AR"")",38.0,"=HYPERLINK(""https://corporate.sainsburys.co.uk/media/z01g231u/j-sainsbury-plc-annual-report-and-financial-statements-2026.pdf#page=108"",""p.108 of AR"")","=HYPERLINK(""https://corporate.sainsburys.co.uk/media/z01g231u/j-sainsbury-plc-annual-report-and-financial-statements-2026.pdf#page=116"",""p.116 of AR"")","=HYPERLINK(""https://corporate.sainsburys.co.uk/media/z01g231u/j-sainsbury-plc-annual-report-and-financial-statements-2026.pdf#page=108"",""p.108 of AR"")","=HYPERLINK(""https://corporate.sainsburys.co.uk/media/z01g231u/j-sainsbury-plc-annual-report-and-financial-statements-2026.pdf#page=116"",""p.116 of AR"")",3
Sainsburys Plc,SBRY LN Equity,Consumer Staples,Consumer Staples Distribution & Retail,Consumer Staples Distribution & Retail,Food Retail,6749.7,2.0,2026,Bláthnaid Bergin,Chief Financial Officer,CFO,current,696280.0,GBP,25 May 2025,180.0,50.0,2.0,225.0,,,,,200.0,2.0,"Salary increased 3% (from £676,000 to £696,280) effective 25 May 2025; annual bonus maximum (180%) and LTIP maximum (225%) unchanged from prior year; as at end of 2024/25 she held 1.9x salary against her 2x salary guideline (not yet fully met, but trending toward compliance).",25 May 2025,38,146,41,132,sainsburys_ar_2025,https://corporate.sainsburys.co.uk/media/z01g231u/j-sainsbury-plc-annual-report-and-financial-statements-2026.pdf,"=HYPERLINK(""https://corporate.sainsburys.co.uk/media/z01g231u/j-sainsbury-plc-annual-report-and-financial-statements-2026.pdf#page=108"",""p.108 of AR"")",38.0,"=HYPERLINK(""https://corporate.sainsburys.co.uk/media/z01g231u/j-sainsbury-plc-annual-report-and-financial-statements-2026.pdf#page=108"",""p.108 of AR"")","=HYPERLINK(""https://corporate.sainsburys.co.uk/media/z01g231u/j-sainsbury-plc-annual-report-and-financial-statements-2026.pdf#page=116"",""p.116 of AR"")","=HYPERLINK(""https://corporate.sainsburys.co.uk/media/z01g231u/j-sainsbury-plc-annual-report-and-financial-statements-2026.pdf#page=108"",""p.108 of AR"")","=HYPERLINK(""https://corporate.sainsburys.co.uk/media/z01g231u/j-sainsbury-plc-annual-report-and-financial-statements-2026.pdf#page=116"",""p.116 of AR"")",3
Savills Plc,SVS LN Equity,Real Estate,Real Estate Management & Development,Real Estate Management & Development,Real Estate Services,1112.6,12.0,2026,Simon Shaw,Group Chief Executive Officer,CEO,current,400000.0,GBP,1 January 2026,,50.0,3.0,200.0,,,,,700.0,2.0,"Newly appointed CEO (1 Jan 2026) at £400,000, an increase on former Group CEO's £311,000 salary, though still below FTSE 250 lower-quartile benchmark of £569,000. 2026 profit share policy limit of £3.93m reflects 2025 limit increased by CPI (3.4%). PSP for 2026 expected to remain at 200% of salary, consistent with prior years, subject to Committee review following the Company's inability to grant 2025 PSP awards.",,58,61,90,90,savills_ar_2025,https://ir.savills.com/~/media/Files/S/Savills-IR-V3/result-centre/2025/savills-plc-annual-report-and-accounts-2025.pdf,"=HYPERLINK(""https://ir.savills.com/~/media/Files/S/Savills-IR-V3/result-centre/2025/savills-plc-annual-report-and-accounts-2025.pdf#page=119"",""p.119 of AR"")",58.0,"=HYPERLINK(""https://ir.savills.com/~/media/Files/S/Savills-IR-V3/result-centre/2025/savills-plc-annual-report-and-accounts-2025.pdf#page=119"",""p.119 of AR"")","=HYPERLINK(""https://ir.savills.com/~/media/Files/S/Savills-IR-V3/result-centre/2025/savills-plc-annual-report-and-accounts-2025.pdf#page=119"",""p.119 of AR"")","=HYPERLINK(""https://ir.savills.com/~/media/Files/S/Savills-IR-V3/result-centre/2025/savills-plc-annual-report-and-accounts-2025.pdf#page=121"",""p.121 of AR"")","=HYPERLINK(""https://ir.savills.com/~/media/Files/S/Savills-IR-V3/result-centre/2025/savills-plc-annual-report-and-accounts-2025.pdf#page=121"",""p.121 of AR"")",3
Savills Plc,SVS LN Equity,Real Estate,Real Estate Management & Development,Real Estate Management & Development,Real Estate Services,1112.6,12.0,2026,Nick Sanderson,Group Chief Financial Officer,CFO,current,280000.0,GBP,9 February 2026,,50.0,3.0,200.0,,,,,700.0,2.0,"Newly appointed CFO (9 Feb 2026) at £280,000, set well below FTSE 250 lower-quartile CFO benchmark of £400,000. Actual 2026 profit share limit of £2.60m applied below the £3.00m Policy maximum, in recognition of being new in role and a bonus that will be pro-rated for period of employment during the year; Committee to review positioning versus the limit for 2027. Recruitment compensation arrangement: replacement of forfeited Great Portland Estates FY25/26 bonus, paid 60% cash / 40% deferred Savills shares vesting after three years, counted toward shareholding guidelines.",,58,62,90,90,savills_ar_2025,https://ir.savills.com/~/media/Files/S/Savills-IR-V3/result-centre/2025/savills-plc-annual-report-and-accounts-2025.pdf,"=HYPERLINK(""https://ir.savills.com/~/media/Files/S/Savills-IR-V3/result-centre/2025/savills-plc-annual-report-and-accounts-2025.pdf#page=119"",""p.119 of AR"")",58.0,"=HYPERLINK(""https://ir.savills.com/~/media/Files/S/Savills-IR-V3/result-centre/2025/savills-plc-annual-report-and-accounts-2025.pdf#page=119"",""p.119 of AR"")","=HYPERLINK(""https://ir.savills.com/~/media/Files/S/Savills-IR-V3/result-centre/2025/savills-plc-annual-report-and-accounts-2025.pdf#page=119"",""p.119 of AR"")","=HYPERLINK(""https://ir.savills.com/~/media/Files/S/Savills-IR-V3/result-centre/2025/savills-plc-annual-report-and-accounts-2025.pdf#page=121"",""p.121 of AR"")","=HYPERLINK(""https://ir.savills.com/~/media/Files/S/Savills-IR-V3/result-centre/2025/savills-plc-annual-report-and-accounts-2025.pdf#page=121"",""p.121 of AR"")",3
Schroders Plc,SDR LN Equity,Financials,Financial Services,Capital Markets,Asset Management & Custody Banks,9067.5,12.0,2026,Richard Oldfield,Group Chief Executive (CEO),CEO,current,800000.0,GBP,,,60.0,3.0,400.0,,,,,500.0,2.0,"Material one-off salary increase to £800,000 (first since 2014); LTIP performance period shortened from 4 to 3 years (with a 2-year holding period, keeping a 5-year overall horizon); LTIP award level maintained at 300% of salary introduced the prior year; new/refined bonus and LTIP scorecard metrics aligned to the transformation strategy; overall Maximum Total Remuneration cap of £9,000,000 unchanged.",,138,,163,155,schroders_ar_2025,https://mybrand.schroders.com/m/74f3d9a5f99e1565/original/Schroders-Annual-Report-FY25-Full-report-interactive.pdf,"=HYPERLINK(""https://mybrand.schroders.com/m/74f3d9a5f99e1565/original/Schroders-Annual-Report-FY25-Full-report-interactive.pdf#page=73"",""p.73 of AR"")",138.0,"=HYPERLINK(""https://mybrand.schroders.com/m/74f3d9a5f99e1565/original/Schroders-Annual-Report-FY25-Full-report-interactive.pdf#page=73"",""p.73 of AR"")",,"=HYPERLINK(""https://mybrand.schroders.com/m/74f3d9a5f99e1565/original/Schroders-Annual-Report-FY25-Full-report-interactive.pdf#page=75"",""p.75 of AR"")","=HYPERLINK(""https://mybrand.schroders.com/m/74f3d9a5f99e1565/original/Schroders-Annual-Report-FY25-Full-report-interactive.pdf#page=74"",""p.74 of AR"")",3
Schroders Plc,SDR LN Equity,Financials,Financial Services,Capital Markets,Asset Management & Custody Banks,9067.5,12.0,2026,Meagen Burnett,Chief Financial Officer (CFO),CFO,current,550000.0,GBP,,,60.0,3.0,400.0,,,,,300.0,2.0,"Salary increased to £550,000 (first increase since 2014); Maximum Total Remuneration cap reinstated to £4,500,000 (from £3,500,000) to reflect her expanded role/experience, in line with her predecessor's level; LTIP performance period shortened from 4 to 3 years (5-year overall horizon retained); LTIP grant level increased to 200% of new salary; refined bonus/LTIP metrics.",,138,,163,155,schroders_ar_2025,https://mybrand.schroders.com/m/74f3d9a5f99e1565/original/Schroders-Annual-Report-FY25-Full-report-interactive.pdf,"=HYPERLINK(""https://mybrand.schroders.com/m/74f3d9a5f99e1565/original/Schroders-Annual-Report-FY25-Full-report-interactive.pdf#page=70"",""p.70 of AR"")",114.0,"=HYPERLINK(""https://mybrand.schroders.com/m/74f3d9a5f99e1565/original/Schroders-Annual-Report-FY25-Full-report-interactive.pdf#page=73"",""p.73 of AR"")",,"=HYPERLINK(""https://mybrand.schroders.com/m/74f3d9a5f99e1565/original/Schroders-Annual-Report-FY25-Full-report-interactive.pdf#page=75"",""p.75 of AR"")","=HYPERLINK(""https://mybrand.schroders.com/m/74f3d9a5f99e1565/original/Schroders-Annual-Report-FY25-Full-report-interactive.pdf#page=74"",""p.74 of AR"")",3
Schroders Plc,SDR LN Equity,Financials,Financial Services,Capital Markets,Asset Management & Custody Banks,9067.5,12.0,2026,Johanna Kyrklund,Group Chief Investment Officer (CIO),Other Executive,current,425000.0,GBP,,,60.0,3.0,400.0,,,,,300.0,2.0,"Moderate salary increase to £425,000 (first since 2014); LTIP performance period shortened from 4 to 3 years (5-year overall horizon retained); LTIP grant level set at 235% of new salary; refined bonus/LTIP metrics; Maximum Total Remuneration cap of £6,500,000 unchanged.",,138,,163,155,schroders_ar_2025,https://mybrand.schroders.com/m/74f3d9a5f99e1565/original/Schroders-Annual-Report-FY25-Full-report-interactive.pdf,"=HYPERLINK(""https://mybrand.schroders.com/m/74f3d9a5f99e1565/original/Schroders-Annual-Report-FY25-Full-report-interactive.pdf#page=73"",""p.73 of AR"")",138.0,"=HYPERLINK(""https://mybrand.schroders.com/m/74f3d9a5f99e1565/original/Schroders-Annual-Report-FY25-Full-report-interactive.pdf#page=73"",""p.73 of AR"")",,"=HYPERLINK(""https://mybrand.schroders.com/m/74f3d9a5f99e1565/original/Schroders-Annual-Report-FY25-Full-report-interactive.pdf#page=75"",""p.75 of AR"")","=HYPERLINK(""https://mybrand.schroders.com/m/74f3d9a5f99e1565/original/Schroders-Annual-Report-FY25-Full-report-interactive.pdf#page=74"",""p.74 of AR"")",3
Segro Plc,SGRO LN Equity,,,,,9225.0,12.0,2026,David Sleath,Chief Executive Officer,CEO,current,846800.0,GBP,1 April 2026,200.0,50.0,3.0,300.0,,,,,400.0,2.0,"Salary increased by approximately 3% effective 1 April 2026, consistent with the approved 2025 Policy; no changes to bonus/LTIP maxima or performance measure weightings",1 April 2026,114,56,59,227,segro_ar_2025,https://www.segro.com/media/kbshtxbq/segro_annual-report-accounts-2025.pdf,"=HYPERLINK(""https://www.segro.com/media/kbshtxbq/segro_annual-report-accounts-2025.pdf#page=114"",""p.114 of AR"")",114.0,"=HYPERLINK(""https://www.segro.com/media/kbshtxbq/segro_annual-report-accounts-2025.pdf#page=114"",""p.114 of AR"")","=HYPERLINK(""https://www.segro.com/media/kbshtxbq/segro_annual-report-accounts-2025.pdf#page=110"",""p.110 of AR"")","=HYPERLINK(""https://www.segro.com/media/kbshtxbq/segro_annual-report-accounts-2025.pdf#page=110"",""p.110 of AR"")","=HYPERLINK(""https://www.segro.com/media/kbshtxbq/segro_annual-report-accounts-2025.pdf#page=122"",""p.122 of AR"")",3
Segro Plc,SGRO LN Equity,,,,,9225.0,12.0,2026,Susanne Schroeter,Chief Financial Officer,CFO,current,566500.0,GBP,1 April 2026,150.0,50.0,3.0,250.0,,,,,250.0,2.0,"Appointed as CFO effective 1 December 2025 on a base salary of £550,000 (10% below predecessor's salary, allowing room for future progression); received equivalent ongoing bonus/LTIP opportunity to predecessor; salary increased ~3% to £566,500 effective 1 April 2026, in line with CEO increase; one-off recruitment compensation payments made (£77,000 cash bonus buyout and £750,000 recruitment LTIP award)",1 April 2026,114,56,59,229,segro_ar_2025,https://www.segro.com/media/kbshtxbq/segro_annual-report-accounts-2025.pdf,"=HYPERLINK(""https://www.segro.com/media/kbshtxbq/segro_annual-report-accounts-2025.pdf#page=108"",""p.108 of AR"")",17.0,"=HYPERLINK(""https://www.segro.com/media/kbshtxbq/segro_annual-report-accounts-2025.pdf#page=114"",""p.114 of AR"")","=HYPERLINK(""https://www.segro.com/media/kbshtxbq/segro_annual-report-accounts-2025.pdf#page=110"",""p.110 of AR"")","=HYPERLINK(""https://www.segro.com/media/kbshtxbq/segro_annual-report-accounts-2025.pdf#page=110"",""p.110 of AR"")","=HYPERLINK(""https://www.segro.com/media/kbshtxbq/segro_annual-report-accounts-2025.pdf#page=122"",""p.122 of AR"")",3
Senior Plc,SNR LN Equity,Industrials,Capital Goods,Aerospace & Defense,Aerospace & Defense,1180.3,12.0,2026,David Squires,Group Chief Executive Officer,CEO,current,649000.0,GBP,1 January 2026,150.0,50.0,3.0,200.0,,,,,200.0,2.0,"Salary increased 3% for 2026, in line with UK employee average increase; bonus and LTIP performance measures unchanged from 2025; overall Remuneration Policy due for shareholder renewal at 2027 AGM, with Committee review planned during 2026",,87,88,68,68,senior_ar_2025,https://www.seniorplc.com/~/media/Files/S/Senior-PLC/reports-and-presentations/annual-report-2025.pdf,"=HYPERLINK(""https://www.seniorplc.com/~/media/Files/S/Senior-PLC/reports-and-presentations/annual-report-2025.pdf#page=109"",""p.109 of AR"")",87.0,"=HYPERLINK(""https://www.seniorplc.com/~/media/Files/S/Senior-PLC/reports-and-presentations/annual-report-2025.pdf#page=109"",""p.109 of AR"")","=HYPERLINK(""https://www.seniorplc.com/~/media/Files/S/Senior-PLC/reports-and-presentations/annual-report-2025.pdf#page=109"",""p.109 of AR"")","=HYPERLINK(""https://www.seniorplc.com/~/media/Files/S/Senior-PLC/reports-and-presentations/annual-report-2025.pdf#page=106"",""p.106 of AR"")","=HYPERLINK(""https://www.seniorplc.com/~/media/Files/S/Senior-PLC/reports-and-presentations/annual-report-2025.pdf#page=106"",""p.106 of AR"")",3
Senior Plc,SNR LN Equity,Industrials,Capital Goods,Aerospace & Defense,Aerospace & Defense,1180.3,12.0,2026,Alpna Amar,Group Chief Financial Officer,CFO,current,412000.0,GBP,1 January 2026,150.0,50.0,3.0,200.0,,,,,200.0,2.0,"Salary increased 3% for 2026, in line with UK employee average increase; bonus and LTIP performance measures unchanged from 2025; appointed to Board 17 May 2025 with recruitment/replacement share awards granted to compensate for forfeited prior-employer equity (one-off, not part of ongoing policy)",,87,88,68,68,senior_ar_2025,https://www.seniorplc.com/~/media/Files/S/Senior-PLC/reports-and-presentations/annual-report-2025.pdf,"=HYPERLINK(""https://www.seniorplc.com/~/media/Files/S/Senior-PLC/reports-and-presentations/annual-report-2025.pdf#page=109"",""p.109 of AR"")",87.0,"=HYPERLINK(""https://www.seniorplc.com/~/media/Files/S/Senior-PLC/reports-and-presentations/annual-report-2025.pdf#page=109"",""p.109 of AR"")","=HYPERLINK(""https://www.seniorplc.com/~/media/Files/S/Senior-PLC/reports-and-presentations/annual-report-2025.pdf#page=109"",""p.109 of AR"")","=HYPERLINK(""https://www.seniorplc.com/~/media/Files/S/Senior-PLC/reports-and-presentations/annual-report-2025.pdf#page=106"",""p.106 of AR"")","=HYPERLINK(""https://www.seniorplc.com/~/media/Files/S/Senior-PLC/reports-and-presentations/annual-report-2025.pdf#page=106"",""p.106 of AR"")",3
Serco Group Plc,SRP LN Equity,Industrials,Commercial & Professional Services,Commercial Services & Supplies,Environmental & Facilities Services,2646.2,12.0,2026,Anthony Kirby,Group Chief Executive,CEO,current,,,,175.0,,3.0,200.0,,,,,200.0,2.0,"For 2026, the annual bonus performance measures change — order intake weighting increases from 15% to 20% and free cash flow weighting increases from 15% to 25%; the personal performance element is removed. Base salary increased 2.75% for 2026. Overall 2026 remuneration continues to align to the approved 2023 Remuneration Policy.",,153,83,134,56,serco_group_ar_2025,https://www.serco.com/media/13673/serco-annual-report-and-accounts-2025.pdf,"=HYPERLINK(""https://www.serco.com/media/13673/serco-annual-report-and-accounts-2025.pdf#page=121"",""p.121 of AR"")",153.0,"=HYPERLINK(""https://www.serco.com/media/13673/serco-annual-report-and-accounts-2025.pdf#page=121"",""p.121 of AR"")","=HYPERLINK(""https://www.serco.com/media/13673/serco-annual-report-and-accounts-2025.pdf#page=113"",""p.113 of AR"")","=HYPERLINK(""https://www.serco.com/media/13673/serco-annual-report-and-accounts-2025.pdf#page=119"",""p.119 of AR"")","=HYPERLINK(""https://www.serco.com/media/13673/serco-annual-report-and-accounts-2025.pdf#page=110"",""p.110 of AR"")",3
Serco Group Plc,SRP LN Equity,Industrials,Commercial & Professional Services,Commercial Services & Supplies,Environmental & Facilities Services,2646.2,12.0,2026,Mark Reid,Group Chief Financial Officer,CFO,current,575000.0,GBP,6 March 2026,155.0,,3.0,175.0,,,,,200.0,2.0,"New appointment to the Board; salary set higher than predecessor (Nigel Crossley) to attract, retain and motivate a candidate of Mark's calibre, given his significant experience as Group CFO of Proximus; ineligible for a salary review until 2027; bonus and LTIP opportunities subject to time pro-rating for 2026 given part-year service.",6 March 2026,155,155,155,56,serco_group_ar_2025,https://www.serco.com/media/13673/serco-annual-report-and-accounts-2025.pdf,"=HYPERLINK(""https://www.serco.com/media/13673/serco-annual-report-and-accounts-2025.pdf#page=121"",""p.121 of AR"")",155.0,"=HYPERLINK(""https://www.serco.com/media/13673/serco-annual-report-and-accounts-2025.pdf#page=121"",""p.121 of AR"")","=HYPERLINK(""https://www.serco.com/media/13673/serco-annual-report-and-accounts-2025.pdf#page=121"",""p.121 of AR"")","=HYPERLINK(""https://www.serco.com/media/13673/serco-annual-report-and-accounts-2025.pdf#page=121"",""p.121 of AR"")","=HYPERLINK(""https://www.serco.com/media/13673/serco-annual-report-and-accounts-2025.pdf#page=110"",""p.110 of AR"")",3
Severn Trent Plc,SVT LN Equity,Utilities,Utilities,Water Utilities,Water Utilities,8677.5,3.0,2026,Liv Garfield,Chief Executive Officer,CEO,current,,GBP,1 July 2025,120.0,50.0,3.0,200.0,,,,,300.0,2.0,Salary increases for 2025/26 capped at the level agreed for the wider workforce (negotiations ongoing at date of report); Committee deferred finalisation of a full AMP8 Remuneration Policy review to the 2025/26 reporting cycle pending clarity on new regulatory rules,,53,58,91,72,severn_trent_ar_2025,https://www.severntrent.com/content/dam/stw-plc/fy-results-26/full-annual-report-and-accounts-2026.pdf,"=HYPERLINK(""https://www.severntrent.com/content/dam/stw-plc/fy-results-26/full-annual-report-and-accounts-2026.pdf#page=139"",""p.139 of AR"")",87.0,"=HYPERLINK(""https://www.severntrent.com/content/dam/stw-plc/fy-results-26/full-annual-report-and-accounts-2026.pdf#page=136"",""p.136 of AR"")","=HYPERLINK(""https://www.severntrent.com/content/dam/stw-plc/fy-results-26/full-annual-report-and-accounts-2026.pdf#page=136"",""p.136 of AR"")","=HYPERLINK(""https://www.severntrent.com/content/dam/stw-plc/fy-results-26/full-annual-report-and-accounts-2026.pdf#page=140"",""p.140 of AR"")","=HYPERLINK(""https://www.severntrent.com/content/dam/stw-plc/fy-results-26/full-annual-report-and-accounts-2026.pdf#page=137"",""p.137 of AR"")",3
Severn Trent Plc,SVT LN Equity,Utilities,Utilities,Water Utilities,Water Utilities,8677.5,3.0,2026,Helen Miles,Chief Financial Officer,CFO,current,,GBP,1 July 2025,120.0,50.0,3.0,175.0,,,,,200.0,2.0,Salary increases for 2025/26 capped at the level agreed for the wider workforce (negotiations ongoing at date of report); Committee deferred finalisation of a full AMP8 Remuneration Policy review to the 2025/26 reporting cycle pending clarity on new regulatory rules,,53,58,91,72,severn_trent_ar_2025,https://www.severntrent.com/content/dam/stw-plc/fy-results-26/full-annual-report-and-accounts-2026.pdf,"=HYPERLINK(""https://www.severntrent.com/content/dam/stw-plc/fy-results-26/full-annual-report-and-accounts-2026.pdf#page=139"",""p.139 of AR"")",87.0,"=HYPERLINK(""https://www.severntrent.com/content/dam/stw-plc/fy-results-26/full-annual-report-and-accounts-2026.pdf#page=136"",""p.136 of AR"")","=HYPERLINK(""https://www.severntrent.com/content/dam/stw-plc/fy-results-26/full-annual-report-and-accounts-2026.pdf#page=136"",""p.136 of AR"")","=HYPERLINK(""https://www.severntrent.com/content/dam/stw-plc/fy-results-26/full-annual-report-and-accounts-2026.pdf#page=140"",""p.140 of AR"")","=HYPERLINK(""https://www.severntrent.com/content/dam/stw-plc/fy-results-26/full-annual-report-and-accounts-2026.pdf#page=137"",""p.137 of AR"")",3
Shaftesbury Capital Plc,SHC LN Equity,,,,,2315.2,12.0,2026,Ian Hawksworth,Chief Executive,CEO,current,765000.0,GBP,1 January 2026,150.0,40.0,3.0,150.0,,,,,300.0,2.0,New 2026 Policy (subject to AGM approval) replaces Performance Share Plan with Restricted Shares at 150% of salary (50% discount to previous 300% PSP maximum); bonus deferral reduced to 20% (from 40%) once shareholding guideline is met; malus/clawback extended to cash portion of bonus; change-of-control performance testing added for unvested LTI awards; CEO shareholding guideline (300%) and 2-year post-cessation requirement unchanged.,,508,447,447,465,shaftesbury_capital_ar_2025,https://www.shaftesburycapital.com/content/dam/shaftesbury/corporate/new-build/doucments/investor/annual-reports/annual-report-2025.pdf.downloadasset.pdf,"=HYPERLINK(""https://www.shaftesburycapital.com/content/dam/shaftesbury/corporate/new-build/doucments/investor/annual-reports/annual-report-2025.pdf.downloadasset.pdf#page=153"",""p.153 of AR"")",681.0,"=HYPERLINK(""https://www.shaftesburycapital.com/content/dam/shaftesbury/corporate/new-build/doucments/investor/annual-reports/annual-report-2025.pdf.downloadasset.pdf#page=139"",""p.139 of AR"")","=HYPERLINK(""https://www.shaftesburycapital.com/content/dam/shaftesbury/corporate/new-build/doucments/investor/annual-reports/annual-report-2025.pdf.downloadasset.pdf#page=132"",""p.132 of AR"")","=HYPERLINK(""https://www.shaftesburycapital.com/content/dam/shaftesbury/corporate/new-build/doucments/investor/annual-reports/annual-report-2025.pdf.downloadasset.pdf#page=132"",""p.132 of AR"")","=HYPERLINK(""https://www.shaftesburycapital.com/content/dam/shaftesbury/corporate/new-build/doucments/investor/annual-reports/annual-report-2025.pdf.downloadasset.pdf#page=134"",""p.134 of AR"")",3
Shaftesbury Capital Plc,SHC LN Equity,,,,,2315.2,12.0,2026,Situl Jobanputra,Chief Financial Officer,CFO,current,549000.0,GBP,1 January 2026,150.0,40.0,3.0,150.0,,,,,250.0,2.0,New 2026 Policy (subject to AGM approval) replaces Performance Share Plan with Restricted Shares at 150% of salary (50% discount to previous 300% PSP maximum); shareholding guideline for CFO increased from 200% to 250% of salary; bonus deferral reduced to 20% (from 40%) once shareholding guideline is met; malus/clawback extended to cash portion of bonus; change-of-control performance testing added for unvested LTI awards.,,508,447,447,434,shaftesbury_capital_ar_2025,https://www.shaftesburycapital.com/content/dam/shaftesbury/corporate/new-build/doucments/investor/annual-reports/annual-report-2025.pdf.downloadasset.pdf,"=HYPERLINK(""https://www.shaftesburycapital.com/content/dam/shaftesbury/corporate/new-build/doucments/investor/annual-reports/annual-report-2025.pdf.downloadasset.pdf#page=153"",""p.153 of AR"")",681.0,"=HYPERLINK(""https://www.shaftesburycapital.com/content/dam/shaftesbury/corporate/new-build/doucments/investor/annual-reports/annual-report-2025.pdf.downloadasset.pdf#page=139"",""p.139 of AR"")","=HYPERLINK(""https://www.shaftesburycapital.com/content/dam/shaftesbury/corporate/new-build/doucments/investor/annual-reports/annual-report-2025.pdf.downloadasset.pdf#page=132"",""p.132 of AR"")","=HYPERLINK(""https://www.shaftesburycapital.com/content/dam/shaftesbury/corporate/new-build/doucments/investor/annual-reports/annual-report-2025.pdf.downloadasset.pdf#page=132"",""p.132 of AR"")","=HYPERLINK(""https://www.shaftesburycapital.com/content/dam/shaftesbury/corporate/new-build/doucments/investor/annual-reports/annual-report-2025.pdf.downloadasset.pdf#page=130"",""p.130 of AR"")",3
Shell Plc,SHEL LN Equity,Energy,Energy,Oil Gas & Consumable Fuels,Integrated Oil & Gas,177938.0,12.0,2026,Wael Sawan,Chief Executive Officer,CEO,current,1535000.0,GBP,,250.0,25.0,3.0,900.0,,,,,900.0,2.0,"CEO PSA target increased from 300% to 450% of salary (maximum remains 200% of target); shareholding requirement increased from 700% to 900% of salary; proportion of bonus delivered in shares (for those meeting shareholding requirement) reduced from 50% to 25%. Transitional awards: February 2026 award of 300% of salary made under current Policy, with a further 150% of salary to be granted post-AGM approval, bringing 2026 total to 450% of salary in line with new Policy.",2026 AGM through 2029 AGM,87,323,derived,327,shell_ar_2025,https://www.shell.com/investors/results-and-reporting/annual-report/_jcr_content/root/main/section/promo/links/item0.stream/1773292272508/5e49e127579b77081f032b6088b348694aac0d14/shell-annual-report-2025.pdf,"=HYPERLINK(""https://www.shell.com/investors/results-and-reporting/annual-report/_jcr_content/root/main/section/promo/links/item0.stream/1773292272508/5e49e127579b77081f032b6088b348694aac0d14/shell-annual-report-2025.pdf#page=185"",""p.185 of AR"")",87.0,"=HYPERLINK(""https://www.shell.com/investors/results-and-reporting/annual-report/_jcr_content/root/main/section/promo/links/item0.stream/1773292272508/5e49e127579b77081f032b6088b348694aac0d14/shell-annual-report-2025.pdf#page=185"",""p.185 of AR"")","=HYPERLINK(""https://www.shell.com/investors/results-and-reporting/annual-report/_jcr_content/root/main/section/promo/links/item0.stream/1773292272508/5e49e127579b77081f032b6088b348694aac0d14/shell-annual-report-2025.pdf#page=203"",""p.203 of AR"")",derived,"=HYPERLINK(""https://www.shell.com/investors/results-and-reporting/annual-report/_jcr_content/root/main/section/promo/links/item0.stream/1773292272508/5e49e127579b77081f032b6088b348694aac0d14/shell-annual-report-2025.pdf#page=204"",""p.204 of AR"")",3
Shell Plc,SHEL LN Equity,Energy,Energy,Oil Gas & Consumable Fuels,Integrated Oil & Gas,177938.0,12.0,2026,Sinead Gorman,Chief Financial Officer,CFO,current,1014000.0,GBP,,250.0,25.0,3.0,600.0,,,,,550.0,2.0,"CFO PSA target increased from 270% to 300% of salary (proposed maximum of 600% of salary; maximum remains 200% of target); shareholding requirement increased from 500% to 550% of salary; proportion of bonus delivered in shares (for those meeting shareholding requirement) reduced from 50% to 25%. Transitional awards: February 2026 award of 270% of salary made under current Policy, with a further 30% of salary to be granted post-AGM approval, bringing 2026 total to 300% of salary in line with new Policy.",2026 AGM through 2029 AGM,87,323,58,327,shell_ar_2025,https://www.shell.com/investors/results-and-reporting/annual-report/_jcr_content/root/main/section/promo/links/item0.stream/1773292272508/5e49e127579b77081f032b6088b348694aac0d14/shell-annual-report-2025.pdf,"=HYPERLINK(""https://www.shell.com/investors/results-and-reporting/annual-report/_jcr_content/root/main/section/promo/links/item0.stream/1773292272508/5e49e127579b77081f032b6088b348694aac0d14/shell-annual-report-2025.pdf#page=185"",""p.185 of AR"")",87.0,"=HYPERLINK(""https://www.shell.com/investors/results-and-reporting/annual-report/_jcr_content/root/main/section/promo/links/item0.stream/1773292272508/5e49e127579b77081f032b6088b348694aac0d14/shell-annual-report-2025.pdf#page=185"",""p.185 of AR"")","=HYPERLINK(""https://www.shell.com/investors/results-and-reporting/annual-report/_jcr_content/root/main/section/promo/links/item0.stream/1773292272508/5e49e127579b77081f032b6088b348694aac0d14/shell-annual-report-2025.pdf#page=203"",""p.203 of AR"")","=HYPERLINK(""https://www.shell.com/investors/results-and-reporting/annual-report/_jcr_content/root/main/section/promo/links/item0.stream/1773292272508/5e49e127579b77081f032b6088b348694aac0d14/shell-annual-report-2025.pdf#page=183"",""p.183 of AR"")","=HYPERLINK(""https://www.shell.com/investors/results-and-reporting/annual-report/_jcr_content/root/main/section/promo/links/item0.stream/1773292272508/5e49e127579b77081f032b6088b348694aac0d14/shell-annual-report-2025.pdf#page=204"",""p.204 of AR"")",3
Sirius Real Estate Ltd,SRE LN Equity,,,,,1543.4,3.0,2026,Andrew Coombs,Chief Executive Officer,CEO,current,567553.0,GBP,1 April 2025,150.0,35.0,2.0,332.5,,,,,500.0,2.0,"LTIP base award increased from 200% to 250% of salary, with new multiplier of up to 133% introducing a maximum award of 332.5% of salary (approved under 2024 Policy); salary increased 2.5% effective 1 April 2025; annual bonus maximum unchanged at 150% of salary",,35,35,15,94,sirius_real_estate_ar_2025,https://www.sirius-real-estate.com/media/wcjasf2l/sirius-annual-report-2026.pdf,"=HYPERLINK(""https://www.sirius-real-estate.com/media/wcjasf2l/sirius-annual-report-2026.pdf#page=93"",""p.93 of AR"")",35.0,"=HYPERLINK(""https://www.sirius-real-estate.com/media/wcjasf2l/sirius-annual-report-2026.pdf#page=93"",""p.93 of AR"")","=HYPERLINK(""https://www.sirius-real-estate.com/media/wcjasf2l/sirius-annual-report-2026.pdf#page=93"",""p.93 of AR"")","=HYPERLINK(""https://www.sirius-real-estate.com/media/wcjasf2l/sirius-annual-report-2026.pdf#page=92"",""p.92 of AR"")","=HYPERLINK(""https://www.sirius-real-estate.com/media/wcjasf2l/sirius-annual-report-2026.pdf#page=100"",""p.100 of AR"")",3
Sirius Real Estate Ltd,SRE LN Equity,,,,,1543.4,3.0,2026,Chris Bowman,Chief Financial Officer,CFO,current,484774.0,GBP,1 April 2025,150.0,50.0,2.0,332.5,,,,,500.0,2.0,"LTIP base award increased from 200% to 250% of salary, with new multiplier of up to 133% introducing a maximum award of 332.5% of salary; salary increased 2.5% effective 1 April 2025; shareholding guideline increasing from 300% (at appointment) to 500% under the 2024 Policy, with a corresponding step-down in bonus deferral rate (from 50% to 35%) once the guideline is met; also received a buyout award (£200,000 total, paid over four years starting 2024) unrelated to ongoing policy",,35,35,15,94,sirius_real_estate_ar_2025,https://www.sirius-real-estate.com/media/wcjasf2l/sirius-annual-report-2026.pdf,"=HYPERLINK(""https://www.sirius-real-estate.com/media/wcjasf2l/sirius-annual-report-2026.pdf#page=93"",""p.93 of AR"")",35.0,"=HYPERLINK(""https://www.sirius-real-estate.com/media/wcjasf2l/sirius-annual-report-2026.pdf#page=93"",""p.93 of AR"")","=HYPERLINK(""https://www.sirius-real-estate.com/media/wcjasf2l/sirius-annual-report-2026.pdf#page=93"",""p.93 of AR"")","=HYPERLINK(""https://www.sirius-real-estate.com/media/wcjasf2l/sirius-annual-report-2026.pdf#page=92"",""p.92 of AR"")","=HYPERLINK(""https://www.sirius-real-estate.com/media/wcjasf2l/sirius-annual-report-2026.pdf#page=100"",""p.100 of AR"")",3
Smith & Nephew Plc,SN/ LN Equity,Health Care,Health Care Equipment & Services,Health Care Equipment & Supplies,Health Care Equipment,9492.6,12.0,2025,Deepak Nath,"Chief Executive Officer (CEO), US-based Executive Director",CEO,current,1619597.0,USD,1 April 2025,215.0,50.0,3.0,425.0,300.0,125.0,active,additive,500.0,2.0,"Following the 2024 AGM policy revision for US Executive Directors: PSP maximum increased from 275% to 300% of salary; a new annual RSP award of 125% of salary introduced (vesting in three equal annual instalments, subject to a reasonable judgement underpin); shareholding requirement increased from 300% to 500% of salary; bonus deferral reduces from 50% to 30% once shareholding requirement is met (no change to 215% AIP maximum). For 2025 specifically: EPS replaces Revenue as a PSP performance metric, Free Cash Flow replaces Trading Cash Conversion as an AIP metric, and the AIP threshold payout was reduced from 15% of maximum to zero. Base salary increased 3% effective 1 April 2025.",1 April 2025,derived,113,113,113,smith_and_nephew_ar_2024,https://smith-nephew.stylelabs.cloud/api/public/content/9bf6ddda064f489c852f0ecab120f281?v=6ba87057,"=HYPERLINK(""https://smith-nephew.stylelabs.cloud/api/public/content/9bf6ddda064f489c852f0ecab120f281?v=6ba87057#page=139"",""p.139 of AR"")",22.0,derived,"=HYPERLINK(""https://smith-nephew.stylelabs.cloud/api/public/content/9bf6ddda064f489c852f0ecab120f281?v=6ba87057#page=148"",""p.148 of AR"")","=HYPERLINK(""https://smith-nephew.stylelabs.cloud/api/public/content/9bf6ddda064f489c852f0ecab120f281?v=6ba87057#page=148"",""p.148 of AR"")","=HYPERLINK(""https://smith-nephew.stylelabs.cloud/api/public/content/9bf6ddda064f489c852f0ecab120f281?v=6ba87057#page=148"",""p.148 of AR"")",3
Smith & Nephew Plc,SN/ LN Equity,Health Care,Health Care Equipment & Services,Health Care Equipment & Supplies,Health Care Equipment,9492.6,12.0,2025,John Rogers,"Chief Finance Officer (CFO), UK-based Executive Director",CFO,current,750375.0,GBP,1 April 2025,215.0,50.0,3.0,275.0,,,,,200.0,2.0,"No structural changes to the LTIP or shareholding framework for UK Executive Directors. For 2025: EPS replaces Revenue as a PSP performance metric, Free Cash Flow replaces Trading Cash Conversion as an AIP metric, and the AIP threshold payout was reduced from 15% of maximum to zero. Base salary increased 3.5% effective 1 April 2025 (in line with UK workforce increases).",1 April 2025,derived,113,113,113,smith_and_nephew_ar_2024,https://smith-nephew.stylelabs.cloud/api/public/content/9bf6ddda064f489c852f0ecab120f281?v=6ba87057,"=HYPERLINK(""https://smith-nephew.stylelabs.cloud/api/public/content/9bf6ddda064f489c852f0ecab120f281?v=6ba87057#page=140"",""p.140 of AR"")",43.0,derived,"=HYPERLINK(""https://smith-nephew.stylelabs.cloud/api/public/content/9bf6ddda064f489c852f0ecab120f281?v=6ba87057#page=148"",""p.148 of AR"")","=HYPERLINK(""https://smith-nephew.stylelabs.cloud/api/public/content/9bf6ddda064f489c852f0ecab120f281?v=6ba87057#page=148"",""p.148 of AR"")","=HYPERLINK(""https://smith-nephew.stylelabs.cloud/api/public/content/9bf6ddda064f489c852f0ecab120f281?v=6ba87057#page=148"",""p.148 of AR"")",3
Smiths Group Plc,SMIN LN Equity,,,,,7511.3,7.0,2026,Roland Carter,Chief Executive Officer,CEO,current,1002100.0,GBP,1 October 2025,250.0,33.0,3.0,500.0,,50.0,provision_unused,additive,,2.0,"Base salary increased 3.5% effective 1 October 2025, in line with wider UK workforce; AIP maximum increased from 230% (FY2025) to 250% (FY2026), within previously approved 250% headroom; LTIP continues on fixed-shares approach (190,000 shares for FY2026), with LTIP policy headroom of 500% of salary approved in the most recent Policy cycle",,26,58,25,61,smiths_group_ar_2025,https://www.smiths.com/media/uwkpyowa/smiths-annual-report-2025.pdf,"=HYPERLINK(""https://www.smiths.com/media/uwkpyowa/smiths-annual-report-2025.pdf#page=90"",""p.90 of AR"")",45.0,"=HYPERLINK(""https://www.smiths.com/media/uwkpyowa/smiths-annual-report-2025.pdf#page=88"",""p.88 of AR"")","=HYPERLINK(""https://www.smiths.com/media/uwkpyowa/smiths-annual-report-2025.pdf#page=91"",""p.91 of AR"")","=HYPERLINK(""https://www.smiths.com/media/uwkpyowa/smiths-annual-report-2025.pdf#page=88"",""p.88 of AR"")","=HYPERLINK(""https://www.smiths.com/media/uwkpyowa/smiths-annual-report-2025.pdf#page=91"",""p.91 of AR"")",3
Smiths Group Plc,SMIN LN Equity,,,,,7511.3,7.0,2026,Julian Fagge,Chief Financial Officer,CFO,current,646900.0,GBP,1 October 2025,220.0,33.0,3.0,500.0,,50.0,provision_unused,additive,,2.0,"Base salary increased 3.5% effective 1 October 2025, in line with wider UK workforce (from £625,000 at appointment to £646,900); AIP maximum increased from 180% (FY2025, from appointment) to 220% (FY2026), within previously approved 250% headroom; LTIP continues on fixed-shares approach (102,500 shares for FY2026), with LTIP policy headroom of 500% of salary approved in the most recent Policy cycle",,26,58,25,61,smiths_group_ar_2025,https://www.smiths.com/media/uwkpyowa/smiths-annual-report-2025.pdf,"=HYPERLINK(""https://www.smiths.com/media/uwkpyowa/smiths-annual-report-2025.pdf#page=87"",""p.87 of AR"")",9.0,"=HYPERLINK(""https://www.smiths.com/media/uwkpyowa/smiths-annual-report-2025.pdf#page=88"",""p.88 of AR"")","=HYPERLINK(""https://www.smiths.com/media/uwkpyowa/smiths-annual-report-2025.pdf#page=91"",""p.91 of AR"")","=HYPERLINK(""https://www.smiths.com/media/uwkpyowa/smiths-annual-report-2025.pdf#page=88"",""p.88 of AR"")","=HYPERLINK(""https://www.smiths.com/media/uwkpyowa/smiths-annual-report-2025.pdf#page=91"",""p.91 of AR"")",3
Softcat Plc,SCT LN Equity,Information Technology,Software & Services,IT Services,IT Consulting & Other Services,2697.2,7.0,2026,Graeme Watt,Chief Executive Officer,CEO,current,675000.0,GBP,August 2025,175.0,33.0,3.0,225.0,,,,,225.0,2.0,"Salary increased 15% (one-off market correction); annual bonus maximum award increased from 150% to 175% of salary (policy cap remains 200%); LTIP normal maximum increased from 150%/200% to 225%, with exceptional maximum raised from 250% to 275%; shareholding guideline increased from 200% to 225%; bonus deferral simplified to flat 33% with deferral waived once shareholding guideline met; LTIP performance measure weighting rebalanced to 70% EPS / 30% TSR; TSR comparator changed from FTSE 250 to FTSE 350 (excl. investment trusts); threshold vesting harmonized to 25% for both EPS and TSR elements.",15 December 2025,24,104,24,24,softcat_ar_2025,https://www.softcat.com/3917/6432/0494/Softcat-plc-Annual-Report-and-Accounts-2025.pdf_-_Interactive_pdf.pdf,"=HYPERLINK(""https://www.softcat.com/3917/6432/0494/Softcat-plc-Annual-Report-and-Accounts-2025.pdf_-_Interactive_pdf.pdf#page=99"",""p.99 of AR"")",24.0,"=HYPERLINK(""https://www.softcat.com/3917/6432/0494/Softcat-plc-Annual-Report-and-Accounts-2025.pdf_-_Interactive_pdf.pdf#page=99"",""p.99 of AR"")","=HYPERLINK(""https://www.softcat.com/3917/6432/0494/Softcat-plc-Annual-Report-and-Accounts-2025.pdf_-_Interactive_pdf.pdf#page=105"",""p.105 of AR"")","=HYPERLINK(""https://www.softcat.com/3917/6432/0494/Softcat-plc-Annual-Report-and-Accounts-2025.pdf_-_Interactive_pdf.pdf#page=99"",""p.99 of AR"")","=HYPERLINK(""https://www.softcat.com/3917/6432/0494/Softcat-plc-Annual-Report-and-Accounts-2025.pdf_-_Interactive_pdf.pdf#page=99"",""p.99 of AR"")",3
Softcat Plc,SCT LN Equity,Information Technology,Software & Services,IT Services,IT Consulting & Other Services,2697.2,7.0,2026,Graham Charlton,Chief Financial Officer,CFO,current,455000.0,GBP,August 2025,150.0,33.0,3.0,180.0,,,,,200.0,2.0,Salary increased 19% (one-off market correction); annual bonus maximum unchanged at 150% of salary (policy cap remains 200%); LTIP normal maximum increased from 150% to 180% of salary; shareholding guideline unchanged at 200%; bonus deferral simplified to flat 33% with deferral waived once shareholding guideline met; LTIP performance measure weighting rebalanced to 70% EPS / 30% TSR; TSR comparator changed from FTSE 250 to FTSE 350 (excl. investment trusts); threshold vesting harmonized to 25% for both EPS and TSR elements.,15 December 2025,24,104,24,24,softcat_ar_2025,https://www.softcat.com/3917/6432/0494/Softcat-plc-Annual-Report-and-Accounts-2025.pdf_-_Interactive_pdf.pdf,"=HYPERLINK(""https://www.softcat.com/3917/6432/0494/Softcat-plc-Annual-Report-and-Accounts-2025.pdf_-_Interactive_pdf.pdf#page=99"",""p.99 of AR"")",24.0,"=HYPERLINK(""https://www.softcat.com/3917/6432/0494/Softcat-plc-Annual-Report-and-Accounts-2025.pdf_-_Interactive_pdf.pdf#page=99"",""p.99 of AR"")","=HYPERLINK(""https://www.softcat.com/3917/6432/0494/Softcat-plc-Annual-Report-and-Accounts-2025.pdf_-_Interactive_pdf.pdf#page=105"",""p.105 of AR"")","=HYPERLINK(""https://www.softcat.com/3917/6432/0494/Softcat-plc-Annual-Report-and-Accounts-2025.pdf_-_Interactive_pdf.pdf#page=99"",""p.99 of AR"")","=HYPERLINK(""https://www.softcat.com/3917/6432/0494/Softcat-plc-Annual-Report-and-Accounts-2025.pdf_-_Interactive_pdf.pdf#page=99"",""p.99 of AR"")",3
Spirax Group Plc,SPX LN Equity,Industrials,Capital Goods,Machinery,Industrial Machinery & Supplies & Components,5103.0,12.0,2026,Nimesh Patel,Group Chief Executive Officer,CEO,current,813000.0,GBP,1 January 2026,200.0,,,300.0,,,,,300.0,2.0,PSP maximum opportunity increased from 250% to 300% of salary as part of the 2026 triennial policy review; CEO's actual PSP grant increased from 200% of salary in 2025 to 300% in 2026,Effective from conclusion of 2026 AGM,549,695,695,703,spirax_group_ar_2025,https://content.spiraxgroup.com/-/media/engineering/documents/results-and-agm-notices/2025/ara/spirax-group-plc-annual-report-2025.ashx?rev=4264817ad6cb42e7b009ed3640dc1b22&hash=A7FAE47E7BC21AA3BA71D088BCA0A28D,"=HYPERLINK(""https://content.spiraxgroup.com/-/media/engineering/documents/results-and-agm-notices/2025/ara/spirax-group-plc-annual-report-2025.ashx?rev=4264817ad6cb42e7b009ed3640dc1b22&hash=A7FAE47E7BC21AA3BA71D088BCA0A28D#page=139"",""p.139 of AR"")",549.0,"=HYPERLINK(""https://content.spiraxgroup.com/-/media/engineering/documents/results-and-agm-notices/2025/ara/spirax-group-plc-annual-report-2025.ashx?rev=4264817ad6cb42e7b009ed3640dc1b22&hash=A7FAE47E7BC21AA3BA71D088BCA0A28D#page=139"",""p.139 of AR"")","=HYPERLINK(""https://content.spiraxgroup.com/-/media/engineering/documents/results-and-agm-notices/2025/ara/spirax-group-plc-annual-report-2025.ashx?rev=4264817ad6cb42e7b009ed3640dc1b22&hash=A7FAE47E7BC21AA3BA71D088BCA0A28D#page=151"",""p.151 of AR"")","=HYPERLINK(""https://content.spiraxgroup.com/-/media/engineering/documents/results-and-agm-notices/2025/ara/spirax-group-plc-annual-report-2025.ashx?rev=4264817ad6cb42e7b009ed3640dc1b22&hash=A7FAE47E7BC21AA3BA71D088BCA0A28D#page=151"",""p.151 of AR"")","=HYPERLINK(""https://content.spiraxgroup.com/-/media/engineering/documents/results-and-agm-notices/2025/ara/spirax-group-plc-annual-report-2025.ashx?rev=4264817ad6cb42e7b009ed3640dc1b22&hash=A7FAE47E7BC21AA3BA71D088BCA0A28D#page=152"",""p.152 of AR"")",3
Spirax Group Plc,SPX LN Equity,Industrials,Capital Goods,Machinery,Industrial Machinery & Supplies & Components,5103.0,12.0,2026,Louisa Burdett,Group Chief Financial Officer,CFO,current,579000.0,GBP,1 January 2026,200.0,,,300.0,,,,,200.0,2.0,PSP maximum opportunity for the plan increased from 250% to 300% of salary in the 2026 policy review; CFO's actual PSP grant increased from 175% of salary in 2025 to 225% in 2026,Effective from conclusion of 2026 AGM,549,695,695,703,spirax_group_ar_2025,https://content.spiraxgroup.com/-/media/engineering/documents/results-and-agm-notices/2025/ara/spirax-group-plc-annual-report-2025.ashx?rev=4264817ad6cb42e7b009ed3640dc1b22&hash=A7FAE47E7BC21AA3BA71D088BCA0A28D,"=HYPERLINK(""https://content.spiraxgroup.com/-/media/engineering/documents/results-and-agm-notices/2025/ara/spirax-group-plc-annual-report-2025.ashx?rev=4264817ad6cb42e7b009ed3640dc1b22&hash=A7FAE47E7BC21AA3BA71D088BCA0A28D#page=139"",""p.139 of AR"")",549.0,"=HYPERLINK(""https://content.spiraxgroup.com/-/media/engineering/documents/results-and-agm-notices/2025/ara/spirax-group-plc-annual-report-2025.ashx?rev=4264817ad6cb42e7b009ed3640dc1b22&hash=A7FAE47E7BC21AA3BA71D088BCA0A28D#page=139"",""p.139 of AR"")","=HYPERLINK(""https://content.spiraxgroup.com/-/media/engineering/documents/results-and-agm-notices/2025/ara/spirax-group-plc-annual-report-2025.ashx?rev=4264817ad6cb42e7b009ed3640dc1b22&hash=A7FAE47E7BC21AA3BA71D088BCA0A28D#page=151"",""p.151 of AR"")","=HYPERLINK(""https://content.spiraxgroup.com/-/media/engineering/documents/results-and-agm-notices/2025/ara/spirax-group-plc-annual-report-2025.ashx?rev=4264817ad6cb42e7b009ed3640dc1b22&hash=A7FAE47E7BC21AA3BA71D088BCA0A28D#page=151"",""p.151 of AR"")","=HYPERLINK(""https://content.spiraxgroup.com/-/media/engineering/documents/results-and-agm-notices/2025/ara/spirax-group-plc-annual-report-2025.ashx?rev=4264817ad6cb42e7b009ed3640dc1b22&hash=A7FAE47E7BC21AA3BA71D088BCA0A28D#page=152"",""p.152 of AR"")",3
Spire Healthcare Group Plc,SPI LN Equity,Health Care,Health Care Equipment & Services,Health Care Providers & Services,Health Care Facilities,911.4,12.0,2026,Justin Ash,Chief Executive Officer,CEO,current,681773.0,GBP,1 January 2026,150.0,33.3,3.0,200.0,,,,,200.0,2.0,"Base salary increased by 3.2% effective 1 December 2025, aligned with wider workforce increase. Annual bonus maximum unchanged at 150%; 2026 bonus metrics revised to 70% financial (50% Group EBITDA, 20% free cash flow reinstated) and up to 30% strategic objectives. LTIP maximum unchanged at 200% of salary; 2026 LTIP performance measures/targets still under review pending finalisation of strategic actions, with TSR usage being reconsidered.",1 January 2026,38,38,38,39,spire_healthcare_group_ar_2025,https://investors.spirehealthcare.com/media/1g0p40u0/annual-report-and-accounts-2025.pdf,"=HYPERLINK(""https://investors.spirehealthcare.com/media/1g0p40u0/annual-report-and-accounts-2025.pdf#page=105"",""p.105 of AR"")",38.0,"=HYPERLINK(""https://investors.spirehealthcare.com/media/1g0p40u0/annual-report-and-accounts-2025.pdf#page=105"",""p.105 of AR"")","=HYPERLINK(""https://investors.spirehealthcare.com/media/1g0p40u0/annual-report-and-accounts-2025.pdf#page=105"",""p.105 of AR"")","=HYPERLINK(""https://investors.spirehealthcare.com/media/1g0p40u0/annual-report-and-accounts-2025.pdf#page=105"",""p.105 of AR"")","=HYPERLINK(""https://investors.spirehealthcare.com/media/1g0p40u0/annual-report-and-accounts-2025.pdf#page=105"",""p.105 of AR"")",3
Spire Healthcare Group Plc,SPI LN Equity,Health Care,Health Care Equipment & Services,Health Care Providers & Services,Health Care Facilities,911.4,12.0,2026,Harbant Samra,Chief Financial Officer,CFO,current,417960.0,GBP,1 January 2026,150.0,33.3,3.0,200.0,,,,,200.0,2.0,"Base salary increased to £405,000 from May 2025 (reflecting strong performance/development in role), then further increased by 3.2% to £417,960 effective 1 December 2025, aligning with wider workforce increase; salary remains below predecessor's £432,600. Annual bonus maximum unchanged at 150%; 2026 bonus metrics revised to 70% financial (50% Group EBITDA, 20% free cash flow reinstated) and up to 30% strategic objectives. LTIP maximum unchanged at 200% of salary; 2026 LTIP performance measures/targets still under review pending finalisation of strategic actions. Note: bonus deferral now applies fully as he has not yet met shareholding guidelines (unlike CEO, whose deferral is due to already meeting guidelines).",1 January 2026,38,38,38,39,spire_healthcare_group_ar_2025,https://investors.spirehealthcare.com/media/1g0p40u0/annual-report-and-accounts-2025.pdf,"=HYPERLINK(""https://investors.spirehealthcare.com/media/1g0p40u0/annual-report-and-accounts-2025.pdf#page=105"",""p.105 of AR"")",38.0,"=HYPERLINK(""https://investors.spirehealthcare.com/media/1g0p40u0/annual-report-and-accounts-2025.pdf#page=105"",""p.105 of AR"")","=HYPERLINK(""https://investors.spirehealthcare.com/media/1g0p40u0/annual-report-and-accounts-2025.pdf#page=105"",""p.105 of AR"")","=HYPERLINK(""https://investors.spirehealthcare.com/media/1g0p40u0/annual-report-and-accounts-2025.pdf#page=105"",""p.105 of AR"")","=HYPERLINK(""https://investors.spirehealthcare.com/media/1g0p40u0/annual-report-and-accounts-2025.pdf#page=105"",""p.105 of AR"")",3
SSE Plc,SSE LN Equity,Utilities,Utilities,Electric Utilities,Electric Utilities,27374.4,3.0,2026,Alistair Phillips-Davies,Chief Executive (stepping down 17 July 2025),CEO,current,,,1 April 2025,200.0,33.0,3.0,300.0,,,,,300.0,2.0,Steps down as CE on 17 July 2025; pay pro-rated to that date; receives no PSP grant in the year; receives pro-rated AIP without share deferral.,17 July 2025,67,117,123,84,sse_ar_2025,https://www.sse.com/media/h3bhjccu/sse_ar26_interactive-report.pdf,"=HYPERLINK(""https://www.sse.com/media/h3bhjccu/sse_ar26_interactive-report.pdf#page=128"",""p.128 of AR"")",18.0,"=HYPERLINK(""https://www.sse.com/media/h3bhjccu/sse_ar26_interactive-report.pdf#page=130"",""p.130 of AR"")","=HYPERLINK(""https://www.sse.com/media/h3bhjccu/sse_ar26_interactive-report.pdf#page=135"",""p.135 of AR"")","=HYPERLINK(""https://www.sse.com/media/h3bhjccu/sse_ar26_interactive-report.pdf#page=136"",""p.136 of AR"")","=HYPERLINK(""https://www.sse.com/media/h3bhjccu/sse_ar26_interactive-report.pdf#page=131"",""p.131 of AR"")",3
SSE Plc,SSE LN Equity,Utilities,Utilities,Electric Utilities,Electric Utilities,27374.4,3.0,2026,Martin Pibworth,Chief Executive Officer (from 17 July 2025); previously Finance Director/Chief Commercial Officer,CEO,current,970000.0,GBP,17 July 2025,250.0,33.0,3.0,300.0,,,,,300.0,2.0,"Becomes Chief Executive on 17 July 2025 with a phased salary increase (£970,000 then £1,050,000 from April 2026); proposed policy introduces potential enhanced AIP headroom (up to 250%) specifically for the CE role to support recruitment/retention.",17 July 2025,224,84,123,84,sse_ar_2025,https://www.sse.com/media/h3bhjccu/sse_ar26_interactive-report.pdf,"=HYPERLINK(""https://www.sse.com/media/h3bhjccu/sse_ar26_interactive-report.pdf#page=130"",""p.130 of AR"")",67.0,"=HYPERLINK(""https://www.sse.com/media/h3bhjccu/sse_ar26_interactive-report.pdf#page=142"",""p.142 of AR"")","=HYPERLINK(""https://www.sse.com/media/h3bhjccu/sse_ar26_interactive-report.pdf#page=131"",""p.131 of AR"")","=HYPERLINK(""https://www.sse.com/media/h3bhjccu/sse_ar26_interactive-report.pdf#page=136"",""p.136 of AR"")","=HYPERLINK(""https://www.sse.com/media/h3bhjccu/sse_ar26_interactive-report.pdf#page=131"",""p.131 of AR"")",3
SSE Plc,SSE LN Equity,Utilities,Utilities,Electric Utilities,Electric Utilities,27374.4,3.0,2026,Barry O'Regan,Chief Financial Officer,CFO,current,700000.0,GBP,1 April 2025,200.0,33.0,3.0,300.0,,,,,300.0,2.0,"Salary rose 7.7% to £700,000 as part of a previously agreed phased increase; salary position to be formally reviewed in September 2025 following Board/CEO transition changes.",,38,117,123,124,sse_ar_2025,https://www.sse.com/media/h3bhjccu/sse_ar26_interactive-report.pdf,"=HYPERLINK(""https://www.sse.com/media/h3bhjccu/sse_ar26_interactive-report.pdf#page=129"",""p.129 of AR"")",38.0,"=HYPERLINK(""https://www.sse.com/media/h3bhjccu/sse_ar26_interactive-report.pdf#page=129"",""p.129 of AR"")","=HYPERLINK(""https://www.sse.com/media/h3bhjccu/sse_ar26_interactive-report.pdf#page=135"",""p.135 of AR"")","=HYPERLINK(""https://www.sse.com/media/h3bhjccu/sse_ar26_interactive-report.pdf#page=136"",""p.136 of AR"")","=HYPERLINK(""https://www.sse.com/media/h3bhjccu/sse_ar26_interactive-report.pdf#page=136"",""p.136 of AR"")",3
SSP Group Plc,SSPG LN Equity,Consumer Discretionary,Consumer Services,Hotels Restaurants & Leisure,Restaurants,1198.5,9.0,2026,Patrick Coveney,Chief Executive Officer (Group CEO),CEO,current,842650.0,GBP,1 October 2025,175.0,33.0,3.0,200.0,,,,,250.0,2.0,"Salary increased 2% effective 1 October 2025; FY26 annual bonus now 100% financial (EBIT 40%, EPS 30%, FCF 30% — FCF newly introduced, strategic objectives removed from formal bonus weighting); PSA performance measures (EPS 50%, ROCE 25%, Relative TSR 25%) maintained unchanged from prior year; no change to LTIP maximum or shareholding guidelines.",1 October 2025,71,146,152,277,ssp_group_ar_2025,https://www.foodtravelexperts.com/media/q11pqu5h/ssp-group-plc_annual-report-and-accounts_2025.pdf,"=HYPERLINK(""https://www.foodtravelexperts.com/media/q11pqu5h/ssp-group-plc_annual-report-and-accounts_2025.pdf#page=124"",""p.124 of AR"")",59.0,"=HYPERLINK(""https://www.foodtravelexperts.com/media/q11pqu5h/ssp-group-plc_annual-report-and-accounts_2025.pdf#page=126"",""p.126 of AR"")","=HYPERLINK(""https://www.foodtravelexperts.com/media/q11pqu5h/ssp-group-plc_annual-report-and-accounts_2025.pdf#page=134"",""p.134 of AR"")","=HYPERLINK(""https://www.foodtravelexperts.com/media/q11pqu5h/ssp-group-plc_annual-report-and-accounts_2025.pdf#page=135"",""p.135 of AR"")","=HYPERLINK(""https://www.foodtravelexperts.com/media/q11pqu5h/ssp-group-plc_annual-report-and-accounts_2025.pdf#page=145"",""p.145 of AR"")",3
SSP Group Plc,SSPG LN Equity,Consumer Discretionary,Consumer Services,Hotels Restaurants & Leisure,Restaurants,1198.5,9.0,2026,Geert Verellen,Chief Financial Officer (Group CFO),CFO,current,550800.0,GBP,1 October 2025,150.0,33.0,3.0,200.0,,,,,200.0,2.0,"Salary increased 2% effective 1 October 2025 (joined Board 9 June 2025, first full policy year as CFO in FY26); FY26 annual bonus now 100% financial (EBIT 40%, EPS 30%, FCF 30%); PSA performance measures maintained unchanged (EPS 50%, ROCE 25%, Relative TSR 25%); no change to LTIP maximum or shareholding guidelines.",1 October 2025,71,146,152,277,ssp_group_ar_2025,https://www.foodtravelexperts.com/media/q11pqu5h/ssp-group-plc_annual-report-and-accounts_2025.pdf,"=HYPERLINK(""https://www.foodtravelexperts.com/media/q11pqu5h/ssp-group-plc_annual-report-and-accounts_2025.pdf#page=124"",""p.124 of AR"")",59.0,"=HYPERLINK(""https://www.foodtravelexperts.com/media/q11pqu5h/ssp-group-plc_annual-report-and-accounts_2025.pdf#page=126"",""p.126 of AR"")","=HYPERLINK(""https://www.foodtravelexperts.com/media/q11pqu5h/ssp-group-plc_annual-report-and-accounts_2025.pdf#page=134"",""p.134 of AR"")","=HYPERLINK(""https://www.foodtravelexperts.com/media/q11pqu5h/ssp-group-plc_annual-report-and-accounts_2025.pdf#page=135"",""p.135 of AR"")","=HYPERLINK(""https://www.foodtravelexperts.com/media/q11pqu5h/ssp-group-plc_annual-report-and-accounts_2025.pdf#page=145"",""p.145 of AR"")",3
St James's Place Plc,STJ LN Equity,Financials,Financial Services,Capital Markets,Asset Management & Custody Banks,5876.6,12.0,2026,Mark FitzPatrick,Chief Executive Officer,CEO,current,932000.0,GBP,1 March 2026,250.0,50.0,3.0,300.0,300.0,62.5,provision_unused,substitutive,300.0,2.0,"Annual bonus maximum increased from 200% to 250% of salary; LTIP maximum increased from 250% to 300% of salary; bonus deferral moves from cliff to annual one-third tranche vesting (3-year horizon unchanged); ability to grant Restricted Shares (introduced in 2025 Policy) retained but not anticipated to be used, capped at 62.5% of salary with PSP reducing to 175%; shareholding requirements unchanged.",2026 AGM,249,322,326,326,st_james's_place_ar_2025,https://www.sjp.co.uk/sites/sjp-corp/files/SJP/shareholders/reports-presentations-webcasts/2026/SJP_AR_2025.pdf,"=HYPERLINK(""https://www.sjp.co.uk/sites/sjp-corp/files/SJP/shareholders/reports-presentations-webcasts/2026/SJP_AR_2025.pdf#page=87"",""p.87 of AR"")",25.0,"=HYPERLINK(""https://www.sjp.co.uk/sites/sjp-corp/files/SJP/shareholders/reports-presentations-webcasts/2026/SJP_AR_2025.pdf#page=107"",""p.107 of AR"")","=HYPERLINK(""https://www.sjp.co.uk/sites/sjp-corp/files/SJP/shareholders/reports-presentations-webcasts/2026/SJP_AR_2025.pdf#page=115"",""p.115 of AR"")","=HYPERLINK(""https://www.sjp.co.uk/sites/sjp-corp/files/SJP/shareholders/reports-presentations-webcasts/2026/SJP_AR_2025.pdf#page=116"",""p.116 of AR"")","=HYPERLINK(""https://www.sjp.co.uk/sites/sjp-corp/files/SJP/shareholders/reports-presentations-webcasts/2026/SJP_AR_2025.pdf#page=116"",""p.116 of AR"")",3
St James's Place Plc,STJ LN Equity,Financials,Financial Services,Capital Markets,Asset Management & Custody Banks,5876.6,12.0,2026,Caroline Waddington,Chief Financial Officer,CFO,current,646900.0,GBP,1 March 2026,200.0,50.0,3.0,250.0,250.0,62.5,provision_unused,substitutive,200.0,2.0,"No change to Policy maximum for annual bonus (remains 200%) or LTIP (remains 250%); actual 2026 award levels increased to 185% (bonus) and 225% (LTIP) reflecting development in role; bonus deferral moves from cliff to annual one-third tranche vesting (3-year horizon unchanged); ability to grant Restricted Shares retained but not anticipated to be used, capped at 62.5% of salary with PSP reducing to 125%; shareholding requirements unchanged.",2026 AGM,249,322,326,326,st_james's_place_ar_2025,https://www.sjp.co.uk/sites/sjp-corp/files/SJP/shareholders/reports-presentations-webcasts/2026/SJP_AR_2025.pdf,"=HYPERLINK(""https://www.sjp.co.uk/sites/sjp-corp/files/SJP/shareholders/reports-presentations-webcasts/2026/SJP_AR_2025.pdf#page=87"",""p.87 of AR"")",25.0,"=HYPERLINK(""https://www.sjp.co.uk/sites/sjp-corp/files/SJP/shareholders/reports-presentations-webcasts/2026/SJP_AR_2025.pdf#page=107"",""p.107 of AR"")","=HYPERLINK(""https://www.sjp.co.uk/sites/sjp-corp/files/SJP/shareholders/reports-presentations-webcasts/2026/SJP_AR_2025.pdf#page=115"",""p.115 of AR"")","=HYPERLINK(""https://www.sjp.co.uk/sites/sjp-corp/files/SJP/shareholders/reports-presentations-webcasts/2026/SJP_AR_2025.pdf#page=116"",""p.116 of AR"")","=HYPERLINK(""https://www.sjp.co.uk/sites/sjp-corp/files/SJP/shareholders/reports-presentations-webcasts/2026/SJP_AR_2025.pdf#page=116"",""p.116 of AR"")",3
Standard Chartered Plc,STAN LN Equity,Financials,Banks,Banks,Diversified Banks,41514.1,12.0,2026,Bill Winters,Group Chief Executive (GCE),CEO,current,1530000.0,GBP,1 April 2026,270.0,30.0,3.0,490.0,,,,,500.0,2.0,"For LTIP awards granted from 2026 onwards, the entire performance-tested award will be delivered five years after grant date (previously included an additional 12-month retention period, now removed); annual incentive deferral structure (30% deferred/3 years, falling to 15% once shareholding met) introduced from 2025",2026,170,98,98,99,standard_chartered_ar_2025,https://www.sc.com/en/uploads/sites/66/content/docs/standard-chartered-plc-2025-annual-report.pdf,"=HYPERLINK(""https://www.sc.com/en/uploads/sites/66/content/docs/standard-chartered-plc-2025-annual-report.pdf#page=190"",""p.190 of AR"")",98.0,"=HYPERLINK(""https://www.sc.com/en/uploads/sites/66/content/docs/standard-chartered-plc-2025-annual-report.pdf#page=199"",""p.199 of AR"")","=HYPERLINK(""https://www.sc.com/en/uploads/sites/66/content/docs/standard-chartered-plc-2025-annual-report.pdf#page=190"",""p.190 of AR"")","=HYPERLINK(""https://www.sc.com/en/uploads/sites/66/content/docs/standard-chartered-plc-2025-annual-report.pdf#page=190"",""p.190 of AR"")","=HYPERLINK(""https://www.sc.com/en/uploads/sites/66/content/docs/standard-chartered-plc-2025-annual-report.pdf#page=190"",""p.190 of AR"")",3
Standard Chartered Plc,STAN LN Equity,Financials,Banks,Banks,Diversified Banks,41514.1,12.0,2025,Diego De Giorgi,Group Chief Financial Officer (GCFO),CFO,current,1235000.0,GBP,,220.0,30.0,3.0,370.0,,,,,400.0,2.0,"Following his resignation as GCFO (announced 10 February 2026), in accordance with the approved remuneration policy he will not receive a 2025 annual incentive award nor a 2026 LTIP award, and his in-flight LTIP awards have been forfeited. He will continue to receive salary and benefits until his final employment date; no other remuneration payments apply to his departure",,112,98,98,99,standard_chartered_ar_2025,https://www.sc.com/en/uploads/sites/66/content/docs/standard-chartered-plc-2025-annual-report.pdf,"=HYPERLINK(""https://www.sc.com/en/uploads/sites/66/content/docs/standard-chartered-plc-2025-annual-report.pdf#page=184"",""p.184 of AR"")",34.0,"=HYPERLINK(""https://www.sc.com/en/uploads/sites/66/content/docs/standard-chartered-plc-2025-annual-report.pdf#page=192"",""p.192 of AR"")","=HYPERLINK(""https://www.sc.com/en/uploads/sites/66/content/docs/standard-chartered-plc-2025-annual-report.pdf#page=190"",""p.190 of AR"")","=HYPERLINK(""https://www.sc.com/en/uploads/sites/66/content/docs/standard-chartered-plc-2025-annual-report.pdf#page=190"",""p.190 of AR"")","=HYPERLINK(""https://www.sc.com/en/uploads/sites/66/content/docs/standard-chartered-plc-2025-annual-report.pdf#page=190"",""p.190 of AR"")",3
Tate & Lyle Plc,TATE LN Equity,Consumer Staples,Food Beverage & Tobacco,Food Products,Packaged Foods & Meats,2367.4,3.0,2026,Nick Hampton,Chief Executive Officer,CEO,current,820000.0,GBP,1 April 2025,200.0,,2.0,300.0,,,,,400.0,2.0,"Base salary increased 13.4% to £820,000 (above the 3.1% wider workforce increase) to reposition pay closer to market norms following a period of conservative increases; annual bonus maximum increased from 150% to 200% of salary (subject to shareholder approval), applying initially only to the CEO, with the entire increase in opportunity delivered as deferred shares; no changes to PSP maximum (remains 300%) or shareholding guideline (remains 400%).",1 April 2025,58,108,108,108,tate_and_lyle_ar_2025,https://www.tateandlyle.com/sites/default/files/2026-06/tl-website-2026-annual-report-06-2026.pdf,"=HYPERLINK(""https://www.tateandlyle.com/sites/default/files/2026-06/tl-website-2026-annual-report-06-2026.pdf#page=118"",""p.118 of AR"")",58.0,"=HYPERLINK(""https://www.tateandlyle.com/sites/default/files/2026-06/tl-website-2026-annual-report-06-2026.pdf#page=118"",""p.118 of AR"")","=HYPERLINK(""https://www.tateandlyle.com/sites/default/files/2026-06/tl-website-2026-annual-report-06-2026.pdf#page=122"",""p.122 of AR"")","=HYPERLINK(""https://www.tateandlyle.com/sites/default/files/2026-06/tl-website-2026-annual-report-06-2026.pdf#page=122"",""p.122 of AR"")","=HYPERLINK(""https://www.tateandlyle.com/sites/default/files/2026-06/tl-website-2026-annual-report-06-2026.pdf#page=122"",""p.122 of AR"")",3
Tate & Lyle Plc,TATE LN Equity,Consumer Staples,Food Beverage & Tobacco,Food Products,Packaged Foods & Meats,2367.4,3.0,2026,Sarah Kuijlaars,Chief Financial Officer,CFO,current,515500.0,GBP,1 April 2025,150.0,,2.0,300.0,,,,,300.0,2.0,"Base salary increased 3.1% in line with wider UK workforce (from £500,000 to £515,500); no change to her annual bonus maximum (remains 150%, as the bonus increase to 200% applies only to the CEO for FY2026), no change to PSP maximum (remains 300%) or shareholding guideline (remains 300%).",1 April 2025,58,108,108,108,tate_and_lyle_ar_2025,https://www.tateandlyle.com/sites/default/files/2026-06/tl-website-2026-annual-report-06-2026.pdf,"=HYPERLINK(""https://www.tateandlyle.com/sites/default/files/2026-06/tl-website-2026-annual-report-06-2026.pdf#page=118"",""p.118 of AR"")",58.0,"=HYPERLINK(""https://www.tateandlyle.com/sites/default/files/2026-06/tl-website-2026-annual-report-06-2026.pdf#page=118"",""p.118 of AR"")","=HYPERLINK(""https://www.tateandlyle.com/sites/default/files/2026-06/tl-website-2026-annual-report-06-2026.pdf#page=122"",""p.122 of AR"")","=HYPERLINK(""https://www.tateandlyle.com/sites/default/files/2026-06/tl-website-2026-annual-report-06-2026.pdf#page=122"",""p.122 of AR"")","=HYPERLINK(""https://www.tateandlyle.com/sites/default/files/2026-06/tl-website-2026-annual-report-06-2026.pdf#page=122"",""p.122 of AR"")",3
Taylor Wimpey Plc,TW/ LN Equity,Consumer Discretionary,Consumer Durables & Apparel,Household Durables,Homebuilding,2701.1,12.0,2026,Jennie Daly,Chief Executive,CEO,current,875500.0,GBP,1 April 2026,200.0,33.0,3.0,250.0,,,,,250.0,2.0,EIS maximum increased from 150% to 200% of salary; PSP maximum increased from 200% to 250% of salary; entry-level performance payout under EIS increased from 10% to 25% of maximum; in-employment shareholding guideline increased from 200% to 250% of salary (aligned to new PSP maximum); post-employment shareholding requirement (200% of salary for 2 years) unchanged.,2026 AGM (subject to shareholder approval),45,46,46,128,taylor_wimpey_ar_2025,https://www.taylorwimpey.co.uk/-/twdxmedia/Files/Head-Office/Corporate/Annual-Reports/2025/Taylor-Wimpey-Annual-Report-and-Accounts-2025.pdf,"=HYPERLINK(""https://www.taylorwimpey.co.uk/-/twdxmedia/Files/Head-Office/Corporate/Annual-Reports/2025/Taylor-Wimpey-Annual-Report-and-Accounts-2025.pdf#page=131"",""p.131 of AR"")",45.0,"=HYPERLINK(""https://www.taylorwimpey.co.uk/-/twdxmedia/Files/Head-Office/Corporate/Annual-Reports/2025/Taylor-Wimpey-Annual-Report-and-Accounts-2025.pdf#page=131"",""p.131 of AR"")","=HYPERLINK(""https://www.taylorwimpey.co.uk/-/twdxmedia/Files/Head-Office/Corporate/Annual-Reports/2025/Taylor-Wimpey-Annual-Report-and-Accounts-2025.pdf#page=131"",""p.131 of AR"")","=HYPERLINK(""https://www.taylorwimpey.co.uk/-/twdxmedia/Files/Head-Office/Corporate/Annual-Reports/2025/Taylor-Wimpey-Annual-Report-and-Accounts-2025.pdf#page=131"",""p.131 of AR"")","=HYPERLINK(""https://www.taylorwimpey.co.uk/-/twdxmedia/Files/Head-Office/Corporate/Annual-Reports/2025/Taylor-Wimpey-Annual-Report-and-Accounts-2025.pdf#page=138"",""p.138 of AR"")",3
Taylor Wimpey Plc,TW/ LN Equity,Consumer Discretionary,Consumer Durables & Apparel,Household Durables,Homebuilding,2701.1,12.0,2026,Chris Carney,Group Finance Director,CFO,current,568044.0,GBP,1 April 2026,200.0,33.0,3.0,250.0,,,,,250.0,2.0,EIS maximum increased from 150% to 200% of salary; PSP maximum increased from 200% to 250% of salary; entry-level performance payout under EIS increased from 10% to 25% of maximum; in-employment shareholding guideline increased from 200% to 250% of salary (aligned to new PSP maximum); post-employment shareholding requirement (200% of salary for 2 years) unchanged. Committee intends the CEO and GFD to continue having the same maximum opportunities.,2026 AGM (subject to shareholder approval),45,46,46,128,taylor_wimpey_ar_2025,https://www.taylorwimpey.co.uk/-/twdxmedia/Files/Head-Office/Corporate/Annual-Reports/2025/Taylor-Wimpey-Annual-Report-and-Accounts-2025.pdf,"=HYPERLINK(""https://www.taylorwimpey.co.uk/-/twdxmedia/Files/Head-Office/Corporate/Annual-Reports/2025/Taylor-Wimpey-Annual-Report-and-Accounts-2025.pdf#page=131"",""p.131 of AR"")",45.0,"=HYPERLINK(""https://www.taylorwimpey.co.uk/-/twdxmedia/Files/Head-Office/Corporate/Annual-Reports/2025/Taylor-Wimpey-Annual-Report-and-Accounts-2025.pdf#page=131"",""p.131 of AR"")","=HYPERLINK(""https://www.taylorwimpey.co.uk/-/twdxmedia/Files/Head-Office/Corporate/Annual-Reports/2025/Taylor-Wimpey-Annual-Report-and-Accounts-2025.pdf#page=131"",""p.131 of AR"")","=HYPERLINK(""https://www.taylorwimpey.co.uk/-/twdxmedia/Files/Head-Office/Corporate/Annual-Reports/2025/Taylor-Wimpey-Annual-Report-and-Accounts-2025.pdf#page=131"",""p.131 of AR"")","=HYPERLINK(""https://www.taylorwimpey.co.uk/-/twdxmedia/Files/Head-Office/Corporate/Annual-Reports/2025/Taylor-Wimpey-Annual-Report-and-Accounts-2025.pdf#page=138"",""p.138 of AR"")",3
TBC Bank Group Plc,TBCG LN Equity,Financials,Banks,Banks,Diversified Banks,2521.6,12.0,2026,Vakhtang Butskhrikidze,Chief Executive Officer,CEO,current,5104777.0,GEL,1 January 2026,,,,200.0,,,,,200.0,2.0,"No increase to the CEO's salary or overall remuneration opportunity confirmed for 2026, following shareholder feedback on CIP transparency and the level of CEO pay; the 200% CIP maximum (reduced from a legacy 296% opportunity under the prior separate bonus/LTIP structure) continues unchanged under the 2024 Policy, which remains in effect through FY2026 ahead of a full policy review in 2026 for renewal at the 2027 AGM.",1 January 2024,140,,178,178/109,tbc_bank_group_ar_2025,https://cms.tbcbankgroup.com/media/4zsgxysp/tbc-group-plc-annual-report-2025.pdf,"=HYPERLINK(""https://cms.tbcbankgroup.com/media/4zsgxysp/tbc-group-plc-annual-report-2025.pdf#page=115"",""p.115 of AR"")",140.0,"=HYPERLINK(""https://cms.tbcbankgroup.com/media/4zsgxysp/tbc-group-plc-annual-report-2025.pdf#page=115"",""p.115 of AR"")",,"=HYPERLINK(""https://cms.tbcbankgroup.com/media/4zsgxysp/tbc-group-plc-annual-report-2025.pdf#page=118"",""p.118 of AR"")",,3
Telecom Plus Plc,TEP LN Equity,Utilities,Utilities,Multi-Utilities,Multi-Utilities,819.1,3.0,2026,Stuart Burnett,Chief Executive Officer,CEO,current,681900.0,GBP,1 April 2025,350.0,70.0,2.0,,,,,,200.0,2.0,"Base salary increased 1.5% effective 1 April 2025 (in line with wider workforce increases); pension provision for FY26 confirmed at 4.5% of salary; no changes proposed to the Directors' Remuneration Policy itself at the 2025 AGM. No separate LTIP is currently granted - the Telecom Plus Incentive Plan (TPIP) is the sole variable/long-term incentive vehicle, with legacy LTIP 2016 awards remaining outstanding as a closed/residual arrangement.",1 April 2025,derived,15,,80,telecom_plus_ar_2025,https://www.telecomplus.co.uk/~/media/Files/T/Telecomplus/Telecom_Plus_PLC_Annual_Report_and_Accounts_31_March_2026_FINAL1.pdf,"=HYPERLINK(""https://www.telecomplus.co.uk/~/media/Files/T/Telecomplus/Telecom_Plus_PLC_Annual_Report_and_Accounts_31_March_2026_FINAL1.pdf#page=69"",""p.69 of AR"")",15.0,derived,"=HYPERLINK(""https://www.telecomplus.co.uk/~/media/Files/T/Telecomplus/Telecom_Plus_PLC_Annual_Report_and_Accounts_31_March_2026_FINAL1.pdf#page=69"",""p.69 of AR"")",,"=HYPERLINK(""https://www.telecomplus.co.uk/~/media/Files/T/Telecomplus/Telecom_Plus_PLC_Annual_Report_and_Accounts_31_March_2026_FINAL1.pdf#page=75"",""p.75 of AR"")",3
Telecom Plus Plc,TEP LN Equity,Utilities,Utilities,Multi-Utilities,Multi-Utilities,819.1,3.0,2026,Nick Schoenfeld,Chief Financial Officer,CFO,current,562452.0,GBP,1 April 2025,235.0,70.0,2.0,,,,,,200.0,2.0,"Base salary increased 1.5% effective 1 April 2025 (in line with wider workforce increases); pension provision for FY26 confirmed at 4.5% of salary; Committee notes he has not yet met the shareholding requirement due to legacy incentive arrangements but will retain vesting shares to build toward it; no changes proposed to the Directors' Remuneration Policy itself at the 2025 AGM. No separate LTIP is currently granted - the Telecom Plus Incentive Plan (TPIP) is the sole variable/long-term incentive vehicle, with legacy LTIP 2016 awards remaining outstanding as a closed/residual arrangement.",1 April 2025,derived,15,,80,telecom_plus_ar_2025,https://www.telecomplus.co.uk/~/media/Files/T/Telecomplus/Telecom_Plus_PLC_Annual_Report_and_Accounts_31_March_2026_FINAL1.pdf,"=HYPERLINK(""https://www.telecomplus.co.uk/~/media/Files/T/Telecomplus/Telecom_Plus_PLC_Annual_Report_and_Accounts_31_March_2026_FINAL1.pdf#page=69"",""p.69 of AR"")",15.0,derived,"=HYPERLINK(""https://www.telecomplus.co.uk/~/media/Files/T/Telecomplus/Telecom_Plus_PLC_Annual_Report_and_Accounts_31_March_2026_FINAL1.pdf#page=69"",""p.69 of AR"")",,"=HYPERLINK(""https://www.telecomplus.co.uk/~/media/Files/T/Telecomplus/Telecom_Plus_PLC_Annual_Report_and_Accounts_31_March_2026_FINAL1.pdf#page=75"",""p.75 of AR"")",3
Telecom Plus Plc,TEP LN Equity,Utilities,Utilities,Multi-Utilities,Multi-Utilities,819.1,3.0,2027,Stuart Burnett,Chief Executive Officer,CEO,current,681900.0,GBP,1 April 2025,,70.0,2.0,350.0,,,,,200.0,2.0,TPIP maximum retained unchanged at 350% of salary under the new 2026 Policy; pension contribution rate increased from 4.5% to 10% of base salary for FY27; 3.0% base salary increase effective 1 April 2026 (aligned with wider workforce increase),2026 AGM,113,38,51,55,telecom_plus_ar_2026,https://www.telecomplus.co.uk/~/media/Files/T/Telecomplus/Telecom_Plus_PLC_Annual_Report_and_Accounts_31_March_2026_FINAL1.pdf,"=HYPERLINK(""https://www.telecomplus.co.uk/~/media/Files/T/Telecomplus/Telecom_Plus_PLC_Annual_Report_and_Accounts_31_March_2026_FINAL1.pdf#page=85"",""p.85 of AR"")",51.0,"=HYPERLINK(""https://www.telecomplus.co.uk/~/media/Files/T/Telecomplus/Telecom_Plus_PLC_Annual_Report_and_Accounts_31_March_2026_FINAL1.pdf#page=94"",""p.94 of AR"")","=HYPERLINK(""https://www.telecomplus.co.uk/~/media/Files/T/Telecomplus/Telecom_Plus_PLC_Annual_Report_and_Accounts_31_March_2026_FINAL1.pdf#page=82"",""p.82 of AR"")","=HYPERLINK(""https://www.telecomplus.co.uk/~/media/Files/T/Telecomplus/Telecom_Plus_PLC_Annual_Report_and_Accounts_31_March_2026_FINAL1.pdf#page=85"",""p.85 of AR"")","=HYPERLINK(""https://www.telecomplus.co.uk/~/media/Files/T/Telecomplus/Telecom_Plus_PLC_Annual_Report_and_Accounts_31_March_2026_FINAL1.pdf#page=86"",""p.86 of AR"")",3
Telecom Plus Plc,TEP LN Equity,Utilities,Utilities,Multi-Utilities,Multi-Utilities,819.1,3.0,2027,Nick Schoenfeld,Chief Financial Officer,CFO,current,562452.0,GBP,1 April 2025,,70.0,2.0,350.0,,,,,200.0,2.0,"TPIP maximum retained unchanged at 350% of salary under the new 2026 Policy (individual award levels remain at Committee discretion, up to the 350% cap); pension contribution rate increased from 4.5% to 10% of base salary for FY27; 3.0% base salary increase effective 1 April 2026 (aligned with wider workforce increase)",2026 AGM,113,38,51,55,telecom_plus_ar_2026,https://www.telecomplus.co.uk/~/media/Files/T/Telecomplus/Telecom_Plus_PLC_Annual_Report_and_Accounts_31_March_2026_FINAL1.pdf,"=HYPERLINK(""https://www.telecomplus.co.uk/~/media/Files/T/Telecomplus/Telecom_Plus_PLC_Annual_Report_and_Accounts_31_March_2026_FINAL1.pdf#page=85"",""p.85 of AR"")",51.0,"=HYPERLINK(""https://www.telecomplus.co.uk/~/media/Files/T/Telecomplus/Telecom_Plus_PLC_Annual_Report_and_Accounts_31_March_2026_FINAL1.pdf#page=94"",""p.94 of AR"")","=HYPERLINK(""https://www.telecomplus.co.uk/~/media/Files/T/Telecomplus/Telecom_Plus_PLC_Annual_Report_and_Accounts_31_March_2026_FINAL1.pdf#page=82"",""p.82 of AR"")","=HYPERLINK(""https://www.telecomplus.co.uk/~/media/Files/T/Telecomplus/Telecom_Plus_PLC_Annual_Report_and_Accounts_31_March_2026_FINAL1.pdf#page=85"",""p.85 of AR"")","=HYPERLINK(""https://www.telecomplus.co.uk/~/media/Files/T/Telecomplus/Telecom_Plus_PLC_Annual_Report_and_Accounts_31_March_2026_FINAL1.pdf#page=86"",""p.86 of AR"")",3
Tesco Plc,TSCO LN Equity,Consumer Staples,Consumer Staples Distribution & Retail,Consumer Staples Distribution & Retail,Food Retail,28465.0,2.0,2027,Ken Murphy,Group Chief Executive,CEO,current,1538541.0,GBP,24 May 2026,250.0,50.0,3.0,350.0,,,,,400.0,2.0,"Base salary increased 3.0% effective 24 May 2026; PSP award for 2026/27 set at 275% of salary (below the 350% policy maximum, unchanged from prior practice); no changes to bonus or PSP maximum opportunities following market review; benefits and pension allowance unchanged.",24 May 2026,140,140,140,140,tesco_ar_2026,https://www.tescoplc.com/media/gmylxjfw/tesco_ar26_interactive.pdf,"=HYPERLINK(""https://www.tescoplc.com/media/gmylxjfw/tesco_ar26_interactive.pdf#page=99"",""p.99 of AR"")",140.0,"=HYPERLINK(""https://www.tescoplc.com/media/gmylxjfw/tesco_ar26_interactive.pdf#page=99"",""p.99 of AR"")","=HYPERLINK(""https://www.tescoplc.com/media/gmylxjfw/tesco_ar26_interactive.pdf#page=99"",""p.99 of AR"")","=HYPERLINK(""https://www.tescoplc.com/media/gmylxjfw/tesco_ar26_interactive.pdf#page=99"",""p.99 of AR"")","=HYPERLINK(""https://www.tescoplc.com/media/gmylxjfw/tesco_ar26_interactive.pdf#page=99"",""p.99 of AR"")",3
Tesco Plc,TSCO LN Equity,Consumer Staples,Consumer Staples Distribution & Retail,Consumer Staples Distribution & Retail,Food Retail,28465.0,2.0,2027,Imran Nawaz,Chief Financial Officer,CFO,current,900000.0,GBP,24 May 2026,250.0,50.0,3.0,350.0,,,,,300.0,2.0,Base salary increased 8.2% effective 24 May 2026 (higher increase reflecting FTSE 50/FMCG sector benchmarking); PSP award for 2026/27 set at 275% of salary (below the 350% policy maximum); no changes to bonus or PSP maximum opportunities following market review; benefits and pension allowance unchanged.,24 May 2026,140,140,140,140,tesco_ar_2026,https://www.tescoplc.com/media/gmylxjfw/tesco_ar26_interactive.pdf,"=HYPERLINK(""https://www.tescoplc.com/media/gmylxjfw/tesco_ar26_interactive.pdf#page=99"",""p.99 of AR"")",140.0,"=HYPERLINK(""https://www.tescoplc.com/media/gmylxjfw/tesco_ar26_interactive.pdf#page=99"",""p.99 of AR"")","=HYPERLINK(""https://www.tescoplc.com/media/gmylxjfw/tesco_ar26_interactive.pdf#page=99"",""p.99 of AR"")","=HYPERLINK(""https://www.tescoplc.com/media/gmylxjfw/tesco_ar26_interactive.pdf#page=99"",""p.99 of AR"")","=HYPERLINK(""https://www.tescoplc.com/media/gmylxjfw/tesco_ar26_interactive.pdf#page=99"",""p.99 of AR"")",3
THG Plc,THG LN Equity,Consumer Discretionary,Consumer Discretionary Distribution & Retail,Broadline Retail,Broadline Retail,499.2,12.0,2026,Matthew Moulding,Chief Executive Officer,CEO,current,750000.0,GBP,,100.0,,,,,,,,350.0,2.0,No salary increase for 2026 (as in every year since 2021); waived bonus plan participation in 2025; continues to waive as much base salary as legally permissible in favour of charitable donation of equivalent value; not eligible for LTIP.,,123,33,,54,thg_ar_2025,https://fcdn.thg-corporate.com/thg/WEB_THG_AR_25_c45d101b27.pdf,"=HYPERLINK(""https://fcdn.thg-corporate.com/thg/WEB_THG_AR_25_c45d101b27.pdf#page=51"",""p.51 of AR"")",54.0,"=HYPERLINK(""https://fcdn.thg-corporate.com/thg/WEB_THG_AR_25_c45d101b27.pdf#page=54"",""p.54 of AR"")","=HYPERLINK(""https://fcdn.thg-corporate.com/thg/WEB_THG_AR_25_c45d101b27.pdf#page=50"",""p.50 of AR"")",,"=HYPERLINK(""https://fcdn.thg-corporate.com/thg/WEB_THG_AR_25_c45d101b27.pdf#page=51"",""p.51 of AR"")",3
THG Plc,THG LN Equity,Consumer Discretionary,Consumer Discretionary Distribution & Retail,Broadline Retail,Broadline Retail,499.2,12.0,2026,Damian Sanders,Chief Financial Officer,CFO,current,500000.0,GBP,,200.0,50.0,3.0,250.0,,,,,200.0,2.0,"No salary increase for 2026 (voluntarily waived); no LTIP grant made in 2025 due to broader incentive review — a delayed 2025 LTIP award and the regular 2026 LTIP award both expected to be granted following the upcoming AGM, each up to 250% of salary, with three-year performance periods and two-year post-vesting holding periods.",,123,54,54.0,54,thg_ar_2025,https://fcdn.thg-corporate.com/thg/WEB_THG_AR_25_c45d101b27.pdf,"=HYPERLINK(""https://fcdn.thg-corporate.com/thg/WEB_THG_AR_25_c45d101b27.pdf#page=51"",""p.51 of AR"")",54.0,"=HYPERLINK(""https://fcdn.thg-corporate.com/thg/WEB_THG_AR_25_c45d101b27.pdf#page=54"",""p.54 of AR"")","=HYPERLINK(""https://fcdn.thg-corporate.com/thg/WEB_THG_AR_25_c45d101b27.pdf#page=51"",""p.51 of AR"")","=HYPERLINK(""https://fcdn.thg-corporate.com/thg/WEB_THG_AR_25_c45d101b27.pdf#page=51"",""p.51 of AR"")","=HYPERLINK(""https://fcdn.thg-corporate.com/thg/WEB_THG_AR_25_c45d101b27.pdf#page=51"",""p.51 of AR"")",3
TP ICAP Group Plc,TCAP LN Equity,Financials,Financial Services,Capital Markets,Investment Banking & Brokerage,2327.9,12.0,2026,Nicolas Breteau,Chief Executive Officer,CEO,current,800000.0,GBP,1 January 2026,300.0,25.0,3.0,200.0,,,,,400.0,2.0,Under the new Policy approved at 2025 AGM: CEO annual bonus opportunity increased from 250% to 300% of salary; CEO ESP (formerly RSP) opportunity increased from 125% to 200% of salary; minimum shareholding requirement increased from 300% to 400% of salary; Committee given discretion to reduce bonus deferral rate from 50% to a minimum of 25% where shareholding requirements are met. No further changes for 2026 — policy continues as implemented in 2025.,,136,111,254,111,tp_icap_group_ar_2025,https://tpicap.com/tpicap/sites/g/files/escbpb106/files/2026-04/ARA_Full%20report_2025.pdf,"=HYPERLINK(""https://tpicap.com/tpicap/sites/g/files/escbpb106/files/2026-04/ARA_Full%20report_2025.pdf#page=53"",""p.53 of AR"")",16.0,"=HYPERLINK(""https://tpicap.com/tpicap/sites/g/files/escbpb106/files/2026-04/ARA_Full%20report_2025.pdf#page=58"",""p.58 of AR"")","=HYPERLINK(""https://tpicap.com/tpicap/sites/g/files/escbpb106/files/2026-04/ARA_Full%20report_2025.pdf#page=57"",""p.57 of AR"")","=HYPERLINK(""https://tpicap.com/tpicap/sites/g/files/escbpb106/files/2026-04/ARA_Full%20report_2025.pdf#page=64"",""p.64 of AR"")","=HYPERLINK(""https://tpicap.com/tpicap/sites/g/files/escbpb106/files/2026-04/ARA_Full%20report_2025.pdf#page=57"",""p.57 of AR"")",3
TP ICAP Group Plc,TCAP LN Equity,Financials,Financial Services,Capital Markets,Investment Banking & Brokerage,2327.9,12.0,2026,Robin Stewart,Chief Financial Officer,CFO,current,525000.0,GBP,1 January 2026,200.0,25.0,3.0,150.0,,,,,300.0,2.0,RSP (now ESP) opportunity for non-CEO Executive Directors increased from 125% to 150% of salary; minimum shareholding requirement increased from 200% to 300% of salary; Committee discretion to reduce bonus deferral from 50% to 25% where shareholding requirement met (now applied for 2025/2026). Base salary increased 4% for 2026.,,43,111,254,111,tp_icap_group_ar_2025,https://tpicap.com/tpicap/sites/g/files/escbpb106/files/2026-04/ARA_Full%20report_2025.pdf,"=HYPERLINK(""https://tpicap.com/tpicap/sites/g/files/escbpb106/files/2026-04/ARA_Full%20report_2025.pdf#page=53"",""p.53 of AR"")",16.0,"=HYPERLINK(""https://tpicap.com/tpicap/sites/g/files/escbpb106/files/2026-04/ARA_Full%20report_2025.pdf#page=54"",""p.54 of AR"")","=HYPERLINK(""https://tpicap.com/tpicap/sites/g/files/escbpb106/files/2026-04/ARA_Full%20report_2025.pdf#page=57"",""p.57 of AR"")","=HYPERLINK(""https://tpicap.com/tpicap/sites/g/files/escbpb106/files/2026-04/ARA_Full%20report_2025.pdf#page=64"",""p.64 of AR"")","=HYPERLINK(""https://tpicap.com/tpicap/sites/g/files/escbpb106/files/2026-04/ARA_Full%20report_2025.pdf#page=57"",""p.57 of AR"")",3
TP ICAP Group Plc,TCAP LN Equity,Financials,Financial Services,Capital Markets,Investment Banking & Brokerage,2327.9,12.0,2026,Philip Price,Group General Counsel,Other Executive,current,500000.0,GBP,1 January 2026,200.0,25.0,3.0,150.0,,,,,300.0,2.0,RSP (now ESP) opportunity for non-CEO Executive Directors increased from 125% to 150% of salary; minimum shareholding requirement increased from 200% to 300% of salary; Committee discretion to reduce bonus deferral from 50% to 25% where shareholding requirement met (now applied for 2025/2026). Base salary increased 3.1% for 2026.,,136,111,254,111,tp_icap_group_ar_2025,https://tpicap.com/tpicap/sites/g/files/escbpb106/files/2026-04/ARA_Full%20report_2025.pdf,"=HYPERLINK(""https://tpicap.com/tpicap/sites/g/files/escbpb106/files/2026-04/ARA_Full%20report_2025.pdf#page=53"",""p.53 of AR"")",16.0,"=HYPERLINK(""https://tpicap.com/tpicap/sites/g/files/escbpb106/files/2026-04/ARA_Full%20report_2025.pdf#page=58"",""p.58 of AR"")","=HYPERLINK(""https://tpicap.com/tpicap/sites/g/files/escbpb106/files/2026-04/ARA_Full%20report_2025.pdf#page=57"",""p.57 of AR"")","=HYPERLINK(""https://tpicap.com/tpicap/sites/g/files/escbpb106/files/2026-04/ARA_Full%20report_2025.pdf#page=64"",""p.64 of AR"")","=HYPERLINK(""https://tpicap.com/tpicap/sites/g/files/escbpb106/files/2026-04/ARA_Full%20report_2025.pdf#page=57"",""p.57 of AR"")",3
Trainline Plc,TRN LN Equity,Consumer Discretionary,Consumer Services,Hotels Restaurants & Leisure,Hotels Resorts & Cruise Lines,770.4,2.0,2026,Jody Ford,Chief Executive Officer,CEO,current,728000.0,GBP,FY2026,250.0,,2.0,300.0,,,,,250.0,2.0,"Salary increased 4.0% (less than 4.8% wider workforce average). PSP performance measure weightings rebalanced for FY2026 — relative TSR weighting reduced from 50% to 33%, now equally weighted with cumulative EPS and average revenue growth (each ~33%), rather than TSR being weighted 50% as in prior years. Bonus opportunity, deferral terms, and LTIP maximum unchanged from FY2025.",FY2026,126,128,131,152,trainline_ar_2025,https://www.trainlinegroup.com/media/4rtneei5/trainline_plc_-_annual_report_fy2026_final_web_version.pdf,"=HYPERLINK(""https://www.trainlinegroup.com/media/4rtneei5/trainline_plc_-_annual_report_fy2026_final_web_version.pdf#page=72"",""p.72 of AR"")",35.0,"=HYPERLINK(""https://www.trainlinegroup.com/media/4rtneei5/trainline_plc_-_annual_report_fy2026_final_web_version.pdf#page=79"",""p.79 of AR"")","=HYPERLINK(""https://www.trainlinegroup.com/media/4rtneei5/trainline_plc_-_annual_report_fy2026_final_web_version.pdf#page=79"",""p.79 of AR"")","=HYPERLINK(""https://www.trainlinegroup.com/media/4rtneei5/trainline_plc_-_annual_report_fy2026_final_web_version.pdf#page=79"",""p.79 of AR"")","=HYPERLINK(""https://www.trainlinegroup.com/media/4rtneei5/trainline_plc_-_annual_report_fy2026_final_web_version.pdf#page=81"",""p.81 of AR"")",3
Trainline Plc,TRN LN Equity,Consumer Discretionary,Consumer Services,Hotels Restaurants & Leisure,Hotels Resorts & Cruise Lines,770.4,2.0,2026,Pete Wood,Chief Financial Officer,CFO,current,452109.0,GBP,FY2026,200.0,,2.0,250.0,,,,,250.0,2.0,"Salary increased 4.0% (less than 4.8% wider workforce average). PSP performance measure weightings rebalanced for FY2026 — relative TSR weighting reduced from 50% to 33%, now equally weighted with cumulative EPS and average revenue growth. Bonus opportunity, deferral terms, and LTIP maximum unchanged from FY2025.",FY2026,126,128,131,152,trainline_ar_2025,https://www.trainlinegroup.com/media/4rtneei5/trainline_plc_-_annual_report_fy2026_final_web_version.pdf,"=HYPERLINK(""https://www.trainlinegroup.com/media/4rtneei5/trainline_plc_-_annual_report_fy2026_final_web_version.pdf#page=72"",""p.72 of AR"")",35.0,"=HYPERLINK(""https://www.trainlinegroup.com/media/4rtneei5/trainline_plc_-_annual_report_fy2026_final_web_version.pdf#page=79"",""p.79 of AR"")","=HYPERLINK(""https://www.trainlinegroup.com/media/4rtneei5/trainline_plc_-_annual_report_fy2026_final_web_version.pdf#page=79"",""p.79 of AR"")","=HYPERLINK(""https://www.trainlinegroup.com/media/4rtneei5/trainline_plc_-_annual_report_fy2026_final_web_version.pdf#page=79"",""p.79 of AR"")","=HYPERLINK(""https://www.trainlinegroup.com/media/4rtneei5/trainline_plc_-_annual_report_fy2026_final_web_version.pdf#page=81"",""p.81 of AR"")",3
Trainline Plc,TRN LN Equity,Consumer Discretionary,Consumer Services,Hotels Restaurants & Leisure,Hotels Resorts & Cruise Lines,770.4,2.0,2027,Jody Ford,Chief Executive Officer (departing during FY2027),CEO,current,728000.0,GBP,,100.0,,,,,,,,250.0,2.0,"No salary increase for FY2027; due to his departure, Jody is only eligible for the cash element of the annual bonus (capped at 100% of salary, prorated) with no deferred bonus element, and he will not receive an FY2027 PSP award",,126,128,132,154,trainline_ar_2026,https://www.trainlinegroup.com/media/4rtneei5/trainline_plc_-_annual_report_fy2026_final_web_version.pdf,"=HYPERLINK(""https://www.trainlinegroup.com/media/4rtneei5/trainline_plc_-_annual_report_fy2026_final_web_version.pdf#page=82"",""p.82 of AR"")",126.0,"=HYPERLINK(""https://www.trainlinegroup.com/media/4rtneei5/trainline_plc_-_annual_report_fy2026_final_web_version.pdf#page=82"",""p.82 of AR"")","=HYPERLINK(""https://www.trainlinegroup.com/media/4rtneei5/trainline_plc_-_annual_report_fy2026_final_web_version.pdf#page=82"",""p.82 of AR"")","=HYPERLINK(""https://www.trainlinegroup.com/media/4rtneei5/trainline_plc_-_annual_report_fy2026_final_web_version.pdf#page=82"",""p.82 of AR"")","=HYPERLINK(""https://www.trainlinegroup.com/media/4rtneei5/trainline_plc_-_annual_report_fy2026_final_web_version.pdf#page=84"",""p.84 of AR"")",3
Trainline Plc,TRN LN Equity,Consumer Discretionary,Consumer Services,Hotels Restaurants & Leisure,Hotels Resorts & Cruise Lines,770.4,2.0,2027,Pete Wood,Chief Financial Officer,CFO,current,464768.0,GBP,FY2027,200.0,,2.0,250.0,,,,,250.0,2.0,Salary increased by 2.8% for FY2027 (less than the 3.1% average wider workforce increase); bonus and LTIP maxima unchanged from FY2026,,126,128,132,154,trainline_ar_2026,https://www.trainlinegroup.com/media/4rtneei5/trainline_plc_-_annual_report_fy2026_final_web_version.pdf,"=HYPERLINK(""https://www.trainlinegroup.com/media/4rtneei5/trainline_plc_-_annual_report_fy2026_final_web_version.pdf#page=82"",""p.82 of AR"")",126.0,"=HYPERLINK(""https://www.trainlinegroup.com/media/4rtneei5/trainline_plc_-_annual_report_fy2026_final_web_version.pdf#page=82"",""p.82 of AR"")","=HYPERLINK(""https://www.trainlinegroup.com/media/4rtneei5/trainline_plc_-_annual_report_fy2026_final_web_version.pdf#page=82"",""p.82 of AR"")","=HYPERLINK(""https://www.trainlinegroup.com/media/4rtneei5/trainline_plc_-_annual_report_fy2026_final_web_version.pdf#page=82"",""p.82 of AR"")","=HYPERLINK(""https://www.trainlinegroup.com/media/4rtneei5/trainline_plc_-_annual_report_fy2026_final_web_version.pdf#page=84"",""p.84 of AR"")",3
Travis Perkins Plc,TPK LN Equity,Industrials,Capital Goods,Trading Companies & Distributors,Trading Companies & Distributors,1080.4,12.0,2026,Gavin Slark,Chief Executive Officer,CEO,current,779000.0,GBP,1 April 2026,180.0,50.0,3.0,250.0,,,,,200.0,2.0,Base salary increased 2.5% from 1 April 2026 (standard rate given recent appointment); annual bonus measure weighting changed to 80% adjusted operating profit / 20% adjusted operating cash flow (from 75%/25% in 2025); PSP (introduced in 2025 replacing the former RSP) continues in 2026 with new targets set for adjusted EPS and adjusted ROCE performance conditions.,1 April 2026,114,124,124,124,travis_perkins_ar_2025,https://www.travisperkinsplc.co.uk/media/d5fp1kob/travis-perkins-annual-report-2025.pdf,"=HYPERLINK(""https://www.travisperkinsplc.co.uk/media/d5fp1kob/travis-perkins-annual-report-2025.pdf#page=87"",""p.87 of AR"")",114.0,"=HYPERLINK(""https://www.travisperkinsplc.co.uk/media/d5fp1kob/travis-perkins-annual-report-2025.pdf#page=87"",""p.87 of AR"")","=HYPERLINK(""https://www.travisperkinsplc.co.uk/media/d5fp1kob/travis-perkins-annual-report-2025.pdf#page=88"",""p.88 of AR"")","=HYPERLINK(""https://www.travisperkinsplc.co.uk/media/d5fp1kob/travis-perkins-annual-report-2025.pdf#page=88"",""p.88 of AR"")","=HYPERLINK(""https://www.travisperkinsplc.co.uk/media/d5fp1kob/travis-perkins-annual-report-2025.pdf#page=88"",""p.88 of AR"")",3
Travis Perkins Plc,TPK LN Equity,Industrials,Capital Goods,Trading Companies & Distributors,Trading Companies & Distributors,1080.4,12.0,2026,Duncan Cooper,Chief Financial Officer,CFO,current,546200.0,GBP,1 April 2026,180.0,50.0,3.0,250.0,,,,,200.0,2.0,"Base salary increased 2.5% from 1 April 2026, consistent with wider senior leadership pay review; annual bonus measure weighting changed to 80% adjusted operating profit / 20% adjusted operating cash flow (from 75%/25% in 2025); continues to participate in the PSP (which replaced the RSP in 2025) with new EPS/ROCE targets set for the 2026 award.",1 April 2026,114,124,124,124,travis_perkins_ar_2025,https://www.travisperkinsplc.co.uk/media/d5fp1kob/travis-perkins-annual-report-2025.pdf,"=HYPERLINK(""https://www.travisperkinsplc.co.uk/media/d5fp1kob/travis-perkins-annual-report-2025.pdf#page=87"",""p.87 of AR"")",114.0,"=HYPERLINK(""https://www.travisperkinsplc.co.uk/media/d5fp1kob/travis-perkins-annual-report-2025.pdf#page=87"",""p.87 of AR"")","=HYPERLINK(""https://www.travisperkinsplc.co.uk/media/d5fp1kob/travis-perkins-annual-report-2025.pdf#page=88"",""p.88 of AR"")","=HYPERLINK(""https://www.travisperkinsplc.co.uk/media/d5fp1kob/travis-perkins-annual-report-2025.pdf#page=88"",""p.88 of AR"")","=HYPERLINK(""https://www.travisperkinsplc.co.uk/media/d5fp1kob/travis-perkins-annual-report-2025.pdf#page=88"",""p.88 of AR"")",3
Trustpilot Group Plc,TRST LN Equity,Communication Services,Media & Entertainment,Interactive Media & Services,Interactive Media & Services,929.7,12.0,2026,Adrian Blair,Chief Executive Officer,CEO,current,640000.0,GBP,1 April 2026,150.0,25.0,2.0,250.0,,,,,200.0,2.0,"CEO base salary increased from £563,750 to £640,000 (a 13.5% rise, effective 1 April 2026), following a market-level review; this represents a 10-percentage-point increase above the 3.5% company-wide increase. All other policy elements (bonus structure/weightings, LTIP structure, performance measures, shareholding guidelines) remain unchanged from 2025.",1 April 2026,72,234,88,118,trustpilot_group_ar_2025,https://downloads.ctfassets.net/wonkqgvit51x/3ZteL0rrKrX9tFmBauBuPX/010202ae42bdac8e876e0f28384bcc88/Trustpilot_Annual_Report_2025_FINAL.pdf,"=HYPERLINK(""https://downloads.ctfassets.net/wonkqgvit51x/3ZteL0rrKrX9tFmBauBuPX/010202ae42bdac8e876e0f28384bcc88/Trustpilot_Annual_Report_2025_FINAL.pdf#page=116"",""p.116 of AR"")",72.0,"=HYPERLINK(""https://downloads.ctfassets.net/wonkqgvit51x/3ZteL0rrKrX9tFmBauBuPX/010202ae42bdac8e876e0f28384bcc88/Trustpilot_Annual_Report_2025_FINAL.pdf#page=116"",""p.116 of AR"")","=HYPERLINK(""https://downloads.ctfassets.net/wonkqgvit51x/3ZteL0rrKrX9tFmBauBuPX/010202ae42bdac8e876e0f28384bcc88/Trustpilot_Annual_Report_2025_FINAL.pdf#page=128"",""p.128 of AR"")","=HYPERLINK(""https://downloads.ctfassets.net/wonkqgvit51x/3ZteL0rrKrX9tFmBauBuPX/010202ae42bdac8e876e0f28384bcc88/Trustpilot_Annual_Report_2025_FINAL.pdf#page=117"",""p.117 of AR"")","=HYPERLINK(""https://downloads.ctfassets.net/wonkqgvit51x/3ZteL0rrKrX9tFmBauBuPX/010202ae42bdac8e876e0f28384bcc88/Trustpilot_Annual_Report_2025_FINAL.pdf#page=120"",""p.120 of AR"")",3
Trustpilot Group Plc,TRST LN Equity,Communication Services,Media & Entertainment,Interactive Media & Services,Interactive Media & Services,929.7,12.0,2026,Hanno Damm,Chief Financial Officer,CFO,current,515866.0,USD,1 April 2026,125.0,25.0,2.0,0.0,,,,,200.0,2.0,"Hanno Damm announced (September 2025) he will step down during 2026; his salary increase (3.5%) is in line with the wider workforce (no additional premium, unlike the CEO); no LTIP award will be granted to him for 2026 due to his planned departure, pending appointment of a successor.",1 April 2026,79,234,88,118,trustpilot_group_ar_2025,https://downloads.ctfassets.net/wonkqgvit51x/3ZteL0rrKrX9tFmBauBuPX/010202ae42bdac8e876e0f28384bcc88/Trustpilot_Annual_Report_2025_FINAL.pdf,"=HYPERLINK(""https://downloads.ctfassets.net/wonkqgvit51x/3ZteL0rrKrX9tFmBauBuPX/010202ae42bdac8e876e0f28384bcc88/Trustpilot_Annual_Report_2025_FINAL.pdf#page=116"",""p.116 of AR"")",70.0,"=HYPERLINK(""https://downloads.ctfassets.net/wonkqgvit51x/3ZteL0rrKrX9tFmBauBuPX/010202ae42bdac8e876e0f28384bcc88/Trustpilot_Annual_Report_2025_FINAL.pdf#page=116"",""p.116 of AR"")","=HYPERLINK(""https://downloads.ctfassets.net/wonkqgvit51x/3ZteL0rrKrX9tFmBauBuPX/010202ae42bdac8e876e0f28384bcc88/Trustpilot_Annual_Report_2025_FINAL.pdf#page=128"",""p.128 of AR"")","=HYPERLINK(""https://downloads.ctfassets.net/wonkqgvit51x/3ZteL0rrKrX9tFmBauBuPX/010202ae42bdac8e876e0f28384bcc88/Trustpilot_Annual_Report_2025_FINAL.pdf#page=117"",""p.117 of AR"")","=HYPERLINK(""https://downloads.ctfassets.net/wonkqgvit51x/3ZteL0rrKrX9tFmBauBuPX/010202ae42bdac8e876e0f28384bcc88/Trustpilot_Annual_Report_2025_FINAL.pdf#page=120"",""p.120 of AR"")",3
Unilever Plc,ULVR LN Equity,Consumer Staples,Household & Personal Products,Personal Care Products,Personal Care Products,91654.2,12.0,2026,Fernando Fernandez,Chief Executive Officer (CEO),CEO,current,1621622.0,EUR,1 January 2026,300.0,50.0,3.0,700.0,,,,,700.0,2.0,"Under the new 2026 Remuneration Policy: fixed pay separated into base salary and pension allowance (11% of base salary), with incentives now calculated on base salary rather than total fixed pay; annual bonus maximum increased from 1.5x to 2x target; target PSP increased from 200% of fixed pay to 350% of base salary, with maximum PSP increasing from 400% of fixed pay to 700% of base salary; shareholding requirement increased from 500% of fixed pay to 700% of base salary, aligned with maximum PSP opportunity, with the five-year deadline removed (must retain until met); bonus deferral removed once shareholding requirement is met; malus and clawback triggers strengthened/broadened",1 January 2026,136,136,136,205,unilever_ar_2025,https://www.unilever.com/files/unilever-annual-report-and-accounts-2025.pdf,"=HYPERLINK(""https://www.unilever.com/files/unilever-annual-report-and-accounts-2025.pdf#page=89"",""p.89 of AR"")",136.0,"=HYPERLINK(""https://www.unilever.com/files/unilever-annual-report-and-accounts-2025.pdf#page=89"",""p.89 of AR"")","=HYPERLINK(""https://www.unilever.com/files/unilever-annual-report-and-accounts-2025.pdf#page=89"",""p.89 of AR"")","=HYPERLINK(""https://www.unilever.com/files/unilever-annual-report-and-accounts-2025.pdf#page=89"",""p.89 of AR"")","=HYPERLINK(""https://www.unilever.com/files/unilever-annual-report-and-accounts-2025.pdf#page=93"",""p.93 of AR"")",3
Unilever Plc,ULVR LN Equity,Consumer Staples,Household & Personal Products,Personal Care Products,Personal Care Products,91654.2,12.0,2026,Srinivas Phatak,Chief Financial Officer (CFO),CFO,current,1058559.0,EUR,1 January 2026,240.0,50.0,3.0,600.0,,,,,600.0,2.0,"Under the new 2026 Remuneration Policy: fixed pay separated into base salary and pension allowance (11% of base salary), with incentives now calculated on base salary rather than total fixed pay; annual bonus maximum increased from 1.5x to 2x target; target PSP increased from 200% of fixed pay to 350% of base salary, with maximum PSP increasing from 400% of fixed pay to 700% of base salary (CFO-specific implementation set at target 300%/maximum 600% of base salary); shareholding requirement increased to 600% of base salary, aligned with maximum PSP opportunity, with the five-year deadline removed (must retain until met); bonus deferral removed once shareholding requirement is met; malus and clawback triggers strengthened/broadened. Note: Phatak's fixed pay was set at a lower level than the previous CFO's salary on appointment (September 2025), with intention to gradually move pay toward market position over 2–3 years",1 January 2026,136,136,136,205,unilever_ar_2025,https://www.unilever.com/files/unilever-annual-report-and-accounts-2025.pdf,"=HYPERLINK(""https://www.unilever.com/files/unilever-annual-report-and-accounts-2025.pdf#page=89"",""p.89 of AR"")",136.0,"=HYPERLINK(""https://www.unilever.com/files/unilever-annual-report-and-accounts-2025.pdf#page=89"",""p.89 of AR"")","=HYPERLINK(""https://www.unilever.com/files/unilever-annual-report-and-accounts-2025.pdf#page=89"",""p.89 of AR"")","=HYPERLINK(""https://www.unilever.com/files/unilever-annual-report-and-accounts-2025.pdf#page=89"",""p.89 of AR"")","=HYPERLINK(""https://www.unilever.com/files/unilever-annual-report-and-accounts-2025.pdf#page=93"",""p.93 of AR"")",3
Unite Group Plc,UTG LN Equity,,,,,2528.1,12.0,2026,Joe Lister,Chief Executive Officer,CEO,current,637625.0,GBP,1 April 2026,150.0,50.0,2.0,200.0,,,,,250.0,2.0,"Salary increase effective date moved from 1 January to 1 April to simplify reward communication; no change to bonus/LTIP maximum percentages; 2026 LTIP performance targets for EPS and operational energy intensity to be disclosed at grant (expected April 2026) rather than in advance, due to the Empiric acquisition.",,65,170,40,40,unite_group_ar_2025,https://www.unitegroup.com/wp-content/uploads/2026/03/UNITE_AR25-WEB.pdf,"=HYPERLINK(""https://www.unitegroup.com/wp-content/uploads/2026/03/UNITE_AR25-WEB.pdf#page=121"",""p.121 of AR"")",65.0,"=HYPERLINK(""https://www.unitegroup.com/wp-content/uploads/2026/03/UNITE_AR25-WEB.pdf#page=121"",""p.121 of AR"")","=HYPERLINK(""https://www.unitegroup.com/wp-content/uploads/2026/03/UNITE_AR25-WEB.pdf#page=131"",""p.131 of AR"")","=HYPERLINK(""https://www.unitegroup.com/wp-content/uploads/2026/03/UNITE_AR25-WEB.pdf#page=118"",""p.118 of AR"")","=HYPERLINK(""https://www.unitegroup.com/wp-content/uploads/2026/03/UNITE_AR25-WEB.pdf#page=118"",""p.118 of AR"")",3
Unite Group Plc,UTG LN Equity,,,,,2528.1,12.0,2026,Mike Burt,Chief Financial Officer,CFO,current,435625.0,GBP,1 April 2026,150.0,50.0,2.0,200.0,,,,,200.0,2.0,"Salary increase of 2.5% continues the Committee's stated intention of bringing his salary closer to market levels over the short to medium term; effective date of increase moved from 1 January to 1 April; no change to bonus/LTIP maximum percentages; 2026 LTIP targets for EPS and operational energy intensity to be disclosed at grant date rather than in advance, due to the Empiric acquisition.",,66,170,40,40,unite_group_ar_2025,https://www.unitegroup.com/wp-content/uploads/2026/03/UNITE_AR25-WEB.pdf,"=HYPERLINK(""https://www.unitegroup.com/wp-content/uploads/2026/03/UNITE_AR25-WEB.pdf#page=121"",""p.121 of AR"")",66.0,"=HYPERLINK(""https://www.unitegroup.com/wp-content/uploads/2026/03/UNITE_AR25-WEB.pdf#page=121"",""p.121 of AR"")","=HYPERLINK(""https://www.unitegroup.com/wp-content/uploads/2026/03/UNITE_AR25-WEB.pdf#page=131"",""p.131 of AR"")","=HYPERLINK(""https://www.unitegroup.com/wp-content/uploads/2026/03/UNITE_AR25-WEB.pdf#page=118"",""p.118 of AR"")","=HYPERLINK(""https://www.unitegroup.com/wp-content/uploads/2026/03/UNITE_AR25-WEB.pdf#page=118"",""p.118 of AR"")",3
United Utilities Group Plc,UU/ LN Equity,Utilities,Utilities,Water Utilities,Water Utilities,9508.7,3.0,2026,Louise Beardmore,Chief Executive Officer,CEO,current,716000.0,GBP,1 July 2024,130.0,50.0,3.0,200.0,,,,,200.0,2.0,"Explicit reference added linking variable pay (annual bonus and LTP) to customer and environmental measures, in addition to financial/operational performance and Return on Regulated Equity; mandatory bonus deferral reduced from at least 50% to at least 25% once shareholding guideline is met, providing greater flexibility while retaining malus/clawback provisions. New policy subject to binding shareholder vote at AGM on 18 July 2025.",18 July 2025,210,253,127,141,united_utilities_group_ar_2025,https://unitedutilities.annualreport2026.com/media/go3gewtl/ar-2026-interactive-v2-spread.pdf,"=HYPERLINK(""https://unitedutilities.annualreport2026.com/media/go3gewtl/ar-2026-interactive-v2-spread.pdf#page=155"",""p.155 of AR"")",109.0,"=HYPERLINK(""https://unitedutilities.annualreport2026.com/media/go3gewtl/ar-2026-interactive-v2-spread.pdf#page=162"",""p.162 of AR"")","=HYPERLINK(""https://unitedutilities.annualreport2026.com/media/go3gewtl/ar-2026-interactive-v2-spread.pdf#page=165"",""p.165 of AR"")","=HYPERLINK(""https://unitedutilities.annualreport2026.com/media/go3gewtl/ar-2026-interactive-v2-spread.pdf#page=156"",""p.156 of AR"")","=HYPERLINK(""https://unitedutilities.annualreport2026.com/media/go3gewtl/ar-2026-interactive-v2-spread.pdf#page=158"",""p.158 of AR"")",3
United Utilities Group Plc,UU/ LN Equity,Utilities,Utilities,Water Utilities,Water Utilities,9508.7,3.0,2026,Phil Aspin,Chief Financial Officer,CFO,current,462000.0,GBP,1 July 2024,130.0,50.0,3.0,200.0,,,,,200.0,2.0,"Explicit reference added linking variable pay (annual bonus and LTP) to customer and environmental measures, in addition to financial/operational performance and Return on Regulated Equity; mandatory bonus deferral reduced from at least 50% to at least 25% once shareholding guideline is met, providing greater flexibility while retaining malus/clawback provisions. New policy subject to binding shareholder vote at AGM on 18 July 2025.",18 July 2025,210,253,127,109,united_utilities_group_ar_2025,https://unitedutilities.annualreport2026.com/media/go3gewtl/ar-2026-interactive-v2-spread.pdf,"=HYPERLINK(""https://unitedutilities.annualreport2026.com/media/go3gewtl/ar-2026-interactive-v2-spread.pdf#page=155"",""p.155 of AR"")",109.0,"=HYPERLINK(""https://unitedutilities.annualreport2026.com/media/go3gewtl/ar-2026-interactive-v2-spread.pdf#page=162"",""p.162 of AR"")","=HYPERLINK(""https://unitedutilities.annualreport2026.com/media/go3gewtl/ar-2026-interactive-v2-spread.pdf#page=165"",""p.165 of AR"")","=HYPERLINK(""https://unitedutilities.annualreport2026.com/media/go3gewtl/ar-2026-interactive-v2-spread.pdf#page=156"",""p.156 of AR"")","=HYPERLINK(""https://unitedutilities.annualreport2026.com/media/go3gewtl/ar-2026-interactive-v2-spread.pdf#page=155"",""p.155 of AR"")",3
Vesuvius Plc,VSVS LN Equity,Industrials,Capital Goods,Machinery,Industrial Machinery & Supplies & Components,1075.4,12.0,2026,Patrick André,Chief Executive Officer,CEO,current,794300.0,GBP,1 January 2026,175.0,33.0,3.0,200.0,,,,,200.0,2.0,"Flexibility introduced to reduce bonus deferral from 33% to 20% and deferral period from 3 to 2 years once 200% shareholding guideline met (subject to shareholder approval of 2026 Policy); no change to salary structure, LTIP, or shareholding guideline levels",,157,158,159,106,vesuvius_ar_2025,https://report2025.vesuvius.com/media/fxyjruc3/vesuvius_ar25_singles.pdf,"=HYPERLINK(""https://report2025.vesuvius.com/media/fxyjruc3/vesuvius_ar25_singles.pdf#page=112"",""p.112 of AR"")",157.0,"=HYPERLINK(""https://report2025.vesuvius.com/media/fxyjruc3/vesuvius_ar25_singles.pdf#page=112"",""p.112 of AR"")","=HYPERLINK(""https://report2025.vesuvius.com/media/fxyjruc3/vesuvius_ar25_singles.pdf#page=112"",""p.112 of AR"")","=HYPERLINK(""https://report2025.vesuvius.com/media/fxyjruc3/vesuvius_ar25_singles.pdf#page=112"",""p.112 of AR"")","=HYPERLINK(""https://report2025.vesuvius.com/media/fxyjruc3/vesuvius_ar25_singles.pdf#page=107"",""p.107 of AR"")",3
Vesuvius Plc,VSVS LN Equity,Industrials,Capital Goods,Machinery,Industrial Machinery & Supplies & Components,1075.4,12.0,2026,Mark Collis,Chief Financial Officer,CFO,current,477800.0,GBP,1 January 2026,150.0,33.0,3.0,150.0,,,,,200.0,2.0,Flexibility introduced to reduce bonus deferral from 33% to 20% and deferral period from 3 to 2 years once 200% shareholding guideline met (subject to shareholder approval of 2026 Policy); base salary increased 5% for FY26 to align with market rate given tenure and performance,,157,158,159,106,vesuvius_ar_2025,https://report2025.vesuvius.com/media/fxyjruc3/vesuvius_ar25_singles.pdf,"=HYPERLINK(""https://report2025.vesuvius.com/media/fxyjruc3/vesuvius_ar25_singles.pdf#page=112"",""p.112 of AR"")",157.0,"=HYPERLINK(""https://report2025.vesuvius.com/media/fxyjruc3/vesuvius_ar25_singles.pdf#page=112"",""p.112 of AR"")","=HYPERLINK(""https://report2025.vesuvius.com/media/fxyjruc3/vesuvius_ar25_singles.pdf#page=112"",""p.112 of AR"")","=HYPERLINK(""https://report2025.vesuvius.com/media/fxyjruc3/vesuvius_ar25_singles.pdf#page=112"",""p.112 of AR"")","=HYPERLINK(""https://report2025.vesuvius.com/media/fxyjruc3/vesuvius_ar25_singles.pdf#page=107"",""p.107 of AR"")",3
Victrex Plc,VCT LN Equity,Materials,Materials,Chemicals,Specialty Chemicals,512.3,9.0,2026,Jakob Sigurdsson,Chief Executive Officer,CEO,current,685830.0,GBP,,150.0,50.0,3.0,200.0,,,,,200.0,2.0,Retiring effective 1 January 2026; not eligible for FY2026 salary increase or FY2026 annual bonus. Malus/clawback trigger events extended to include retirement followed by comparable role elsewhere (good leaver shares may lapse).,,36,38,86,64,victrex_ar_2025,https://wp-victrexplc-2020.s3.eu-west-2.amazonaws.com/media/2025/12/Victrex-plc-Annual-Report-2025.pdf,"=HYPERLINK(""https://wp-victrexplc-2020.s3.eu-west-2.amazonaws.com/media/2025/12/Victrex-plc-Annual-Report-2025.pdf#page=99"",""p.99 of AR"")",36.0,"=HYPERLINK(""https://wp-victrexplc-2020.s3.eu-west-2.amazonaws.com/media/2025/12/Victrex-plc-Annual-Report-2025.pdf#page=99"",""p.99 of AR"")","=HYPERLINK(""https://wp-victrexplc-2020.s3.eu-west-2.amazonaws.com/media/2025/12/Victrex-plc-Annual-Report-2025.pdf#page=99"",""p.99 of AR"")","=HYPERLINK(""https://wp-victrexplc-2020.s3.eu-west-2.amazonaws.com/media/2025/12/Victrex-plc-Annual-Report-2025.pdf#page=104"",""p.104 of AR"")","=HYPERLINK(""https://wp-victrexplc-2020.s3.eu-west-2.amazonaws.com/media/2025/12/Victrex-plc-Annual-Report-2025.pdf#page=100"",""p.100 of AR"")",3
Victrex Plc,VCT LN Equity,Materials,Materials,Chemicals,Specialty Chemicals,512.3,9.0,2026,Dr James Routh,Chief Executive Officer,CEO,current,600000.0,GBP,1 January 2026,150.0,50.0,3.0,175.0,,,,,200.0,2.0,New CEO appointment; salary set at a discount to predecessor's level reflecting FTSE 250 comparator benchmarking; incentive opportunities mirror the existing CEO structure with no material changes made ahead of policy renewal.,1 January 2026,36,242,106,64,victrex_ar_2025,https://wp-victrexplc-2020.s3.eu-west-2.amazonaws.com/media/2025/12/Victrex-plc-Annual-Report-2025.pdf,"=HYPERLINK(""https://wp-victrexplc-2020.s3.eu-west-2.amazonaws.com/media/2025/12/Victrex-plc-Annual-Report-2025.pdf#page=99"",""p.99 of AR"")",36.0,"=HYPERLINK(""https://wp-victrexplc-2020.s3.eu-west-2.amazonaws.com/media/2025/12/Victrex-plc-Annual-Report-2025.pdf#page=99"",""p.99 of AR"")","=HYPERLINK(""https://wp-victrexplc-2020.s3.eu-west-2.amazonaws.com/media/2025/12/Victrex-plc-Annual-Report-2025.pdf#page=118"",""p.118 of AR"")","=HYPERLINK(""https://wp-victrexplc-2020.s3.eu-west-2.amazonaws.com/media/2025/12/Victrex-plc-Annual-Report-2025.pdf#page=106"",""p.106 of AR"")","=HYPERLINK(""https://wp-victrexplc-2020.s3.eu-west-2.amazonaws.com/media/2025/12/Victrex-plc-Annual-Report-2025.pdf#page=100"",""p.100 of AR"")",3
Victrex Plc,VCT LN Equity,Materials,Materials,Chemicals,Specialty Chemicals,512.3,9.0,2026,Ian Melling,Chief Financial Officer,CFO,current,,GBP,1 October 2025,125.0,50.0,3.0,200.0,,,,,200.0,2.0,2% salary increase effective 1 October 2025 in line with wider workforce budget; no change to bonus/LTIP maximum opportunity levels for FY2026.,,36,38,86,64,victrex_ar_2025,https://wp-victrexplc-2020.s3.eu-west-2.amazonaws.com/media/2025/12/Victrex-plc-Annual-Report-2025.pdf,"=HYPERLINK(""https://wp-victrexplc-2020.s3.eu-west-2.amazonaws.com/media/2025/12/Victrex-plc-Annual-Report-2025.pdf#page=99"",""p.99 of AR"")",36.0,"=HYPERLINK(""https://wp-victrexplc-2020.s3.eu-west-2.amazonaws.com/media/2025/12/Victrex-plc-Annual-Report-2025.pdf#page=99"",""p.99 of AR"")","=HYPERLINK(""https://wp-victrexplc-2020.s3.eu-west-2.amazonaws.com/media/2025/12/Victrex-plc-Annual-Report-2025.pdf#page=99"",""p.99 of AR"")","=HYPERLINK(""https://wp-victrexplc-2020.s3.eu-west-2.amazonaws.com/media/2025/12/Victrex-plc-Annual-Report-2025.pdf#page=104"",""p.104 of AR"")","=HYPERLINK(""https://wp-victrexplc-2020.s3.eu-west-2.amazonaws.com/media/2025/12/Victrex-plc-Annual-Report-2025.pdf#page=100"",""p.100 of AR"")",3
Vistry Group Plc,VTY LN Equity,Consumer Discretionary,Consumer Durables & Apparel,Household Durables,Homebuilding,883.1,12.0,2026,Greg Fitzgerald,Executive Chair and Chief Executive Officer,CEO,current,818000.0,GBP,1 January 2026,300.0,66.7,2.0,200.0,150.0,50.0,active,additive,300.0,2.0,"Base salary increased 2.25% for 2026; 2026 bonus scorecard changed to adjusted PBT (50%), full year net debt (20%), average daily net debt (30%), removing gross profit shortfall metric; maximum bonus opportunity unchanged at 300%; LTIP award level returns to 300% of salary (following 2025's voluntary reduction due to share price decline); Committee proposes flexibility (subject to shareholder approval) to reduce/waive bonus deferral once shareholding guideline is met, though Greg has voluntarily indicated he will continue deferring two-thirds regardless",1 January 2026,147,51,53,117,vistry_group_ar_2025,https://www.vistry.co.uk/pdf-viewer.aspx?gid=345854051&src=/~/media/Files/V/vistry-group-v1/results-and-presentations/2025/annual-report-and-accounts-2025.pdf,"=HYPERLINK(""https://www.vistry.co.uk/pdf-viewer.aspx?gid=345854051&src=/~/media/Files/V/vistry-group-v1/results-and-presentations/2025/annual-report-and-accounts-2025.pdf#page=120"",""p.120 of AR"")",147.0,"=HYPERLINK(""https://www.vistry.co.uk/pdf-viewer.aspx?gid=345854051&src=/~/media/Files/V/vistry-group-v1/results-and-presentations/2025/annual-report-and-accounts-2025.pdf#page=120"",""p.120 of AR"")","=HYPERLINK(""https://www.vistry.co.uk/pdf-viewer.aspx?gid=345854051&src=/~/media/Files/V/vistry-group-v1/results-and-presentations/2025/annual-report-and-accounts-2025.pdf#page=110"",""p.110 of AR"")","=HYPERLINK(""https://www.vistry.co.uk/pdf-viewer.aspx?gid=345854051&src=/~/media/Files/V/vistry-group-v1/results-and-presentations/2025/annual-report-and-accounts-2025.pdf#page=110"",""p.110 of AR"")","=HYPERLINK(""https://www.vistry.co.uk/pdf-viewer.aspx?gid=345854051&src=/~/media/Files/V/vistry-group-v1/results-and-presentations/2025/annual-report-and-accounts-2025.pdf#page=116"",""p.116 of AR"")",3
Vistry Group Plc,VTY LN Equity,Consumer Discretionary,Consumer Durables & Apparel,Household Durables,Homebuilding,883.1,12.0,2026,Tim Lawlor,Chief Financial Officer,CFO,current,527662.0,GBP,1 January 2026,175.0,33.0,2.0,225.0,135.0,45.0,active,additive,200.0,2.0,"Base salary increased 2.25% for 2026; transition to a hybrid LTIP structure (PSP + RSP) aligning with senior management framework, introduced to support retention and reward consistent financial discipline (contrasted with CEO's performance-only structure); RSP vests in three equal tranches over three years, subject to shareholding requirements and an underpin; if shareholders reject the proposed Policy, PSP award will instead be topped up to 225% of salary (single vehicle, no RSP); bonus deferral mechanism may be reduced by Committee discretion once shareholding guideline is achieved and Policy approved",1 January 2026,147,51,derived,117,vistry_group_ar_2025,https://www.vistry.co.uk/pdf-viewer.aspx?gid=345854051&src=/~/media/Files/V/vistry-group-v1/results-and-presentations/2025/annual-report-and-accounts-2025.pdf,"=HYPERLINK(""https://www.vistry.co.uk/pdf-viewer.aspx?gid=345854051&src=/~/media/Files/V/vistry-group-v1/results-and-presentations/2025/annual-report-and-accounts-2025.pdf#page=120"",""p.120 of AR"")",147.0,"=HYPERLINK(""https://www.vistry.co.uk/pdf-viewer.aspx?gid=345854051&src=/~/media/Files/V/vistry-group-v1/results-and-presentations/2025/annual-report-and-accounts-2025.pdf#page=120"",""p.120 of AR"")","=HYPERLINK(""https://www.vistry.co.uk/pdf-viewer.aspx?gid=345854051&src=/~/media/Files/V/vistry-group-v1/results-and-presentations/2025/annual-report-and-accounts-2025.pdf#page=110"",""p.110 of AR"")",derived,"=HYPERLINK(""https://www.vistry.co.uk/pdf-viewer.aspx?gid=345854051&src=/~/media/Files/V/vistry-group-v1/results-and-presentations/2025/annual-report-and-accounts-2025.pdf#page=116"",""p.116 of AR"")",3
Vodafone Group Plc,VOD LN Equity,Communication Services,Telecommunication Services,Wireless Telecommunication Services,Wireless Telecommunication Services,25513.2,3.0,2026,Margherita Della Valle,Group Chief Executive,CEO,current,1293750.0,GBP,1 July 2025,200.0,25.0,2.0,500.0,,,,,,2.0,"No changes to the approved Remuneration Policy (unchanged since 2023 AGM approval). For 2026, GSTIP measures/weightings unchanged from 2025; GLTI measures/weightings unchanged (60% adjusted FCF, 30% relative TSR, 10% ESG). Base salary increased 3.5% effective 1 July 2025 following FTSE 30 benchmarking review.",,152,215,216,,vodafone_group_ar_2025,https://reports.investors.vodafone.com/view/500231330/i/,"=HYPERLINK(""https://reports.investors.vodafone.com/view/500231330/i/#page=97"",""p.97 of AR"")",22.0,"=HYPERLINK(""https://reports.investors.vodafone.com/view/500231330/i/#page=106"",""p.106 of AR"")","=HYPERLINK(""https://reports.investors.vodafone.com/view/500231330/i/#page=111"",""p.111 of AR"")","=HYPERLINK(""https://reports.investors.vodafone.com/view/500231330/i/#page=111"",""p.111 of AR"")",,3
Vodafone Group Plc,VOD LN Equity,Communication Services,Telecommunication Services,Wireless Telecommunication Services,Wireless Telecommunication Services,25513.2,3.0,2026,Luka Mucic,Group Chief Financial Officer,CFO,current,760000.0,GBP,,200.0,25.0,2.0,450.0,,,,,,2.0,"No changes to the approved Remuneration Policy (unchanged since 2023 AGM approval). For 2026, GSTIP measures/weightings unchanged from 2025; GLTI measures/weightings unchanged (60% adjusted FCF, 30% relative TSR, 10% ESG). Base salary held flat for FY2026.",,152,215,216,,vodafone_group_ar_2025,https://reports.investors.vodafone.com/view/500231330/i/,"=HYPERLINK(""https://reports.investors.vodafone.com/view/500231330/i/#page=97"",""p.97 of AR"")",22.0,"=HYPERLINK(""https://reports.investors.vodafone.com/view/500231330/i/#page=106"",""p.106 of AR"")","=HYPERLINK(""https://reports.investors.vodafone.com/view/500231330/i/#page=111"",""p.111 of AR"")","=HYPERLINK(""https://reports.investors.vodafone.com/view/500231330/i/#page=111"",""p.111 of AR"")",,3
Volution Group Plc,FAN LN Equity,Industrials,Capital Goods,Building Products,Building Products,1170.4,7.0,2026,Ronnie George,Chief Executive Officer,CEO,current,600000.0,GBP,1 August 2025,150.0,33.3,3.0,175.0,,,,,200.0,2.0,"Bonus maximum increased from 125% to 150% of salary; LTIP maximum increased from 150% to 175% of salary; base salary increased 3.5% (from £579,710 approx. to £600,000) effective 1 August 2025; TSR comparator group for FY26 LTIP grant changed to FTSE 250 (excluding financial services companies and investment trusts)",1 August 2025,55,55,55,55,volution_group_ar_2025,https://www.volutiongroupplc.com/~/media/Files/V/Volution/documents/investors/results-reports-and-presentations/2025/update/volution-ar25-interactive-1225-2.pdf,"=HYPERLINK(""https://www.volutiongroupplc.com/~/media/Files/V/Volution/documents/investors/results-reports-and-presentations/2025/update/volution-ar25-interactive-1225-2.pdf#page=115"",""p.115 of AR"")",55.0,"=HYPERLINK(""https://www.volutiongroupplc.com/~/media/Files/V/Volution/documents/investors/results-reports-and-presentations/2025/update/volution-ar25-interactive-1225-2.pdf#page=115"",""p.115 of AR"")","=HYPERLINK(""https://www.volutiongroupplc.com/~/media/Files/V/Volution/documents/investors/results-reports-and-presentations/2025/update/volution-ar25-interactive-1225-2.pdf#page=115"",""p.115 of AR"")","=HYPERLINK(""https://www.volutiongroupplc.com/~/media/Files/V/Volution/documents/investors/results-reports-and-presentations/2025/update/volution-ar25-interactive-1225-2.pdf#page=115"",""p.115 of AR"")","=HYPERLINK(""https://www.volutiongroupplc.com/~/media/Files/V/Volution/documents/investors/results-reports-and-presentations/2025/update/volution-ar25-interactive-1225-2.pdf#page=115"",""p.115 of AR"")",3
Volution Group Plc,FAN LN Equity,Industrials,Capital Goods,Building Products,Building Products,1170.4,7.0,2026,Andy O'Brien,Chief Financial Officer,CFO,current,411000.0,GBP,1 August 2025,150.0,33.3,3.0,150.0,,,,,200.0,2.0,"Bonus maximum increased from 125% to 150% of salary; LTIP maximum increased from 125% to 150% of salary; base salary increased 3.5% (from approx. £397,101 to £411,000) effective 1 August 2025; TSR comparator group for FY26 LTIP grant changed to FTSE 250 (excluding financial services companies and investment trusts)",1 August 2025,55,55,55,55,volution_group_ar_2025,https://www.volutiongroupplc.com/~/media/Files/V/Volution/documents/investors/results-reports-and-presentations/2025/update/volution-ar25-interactive-1225-2.pdf,"=HYPERLINK(""https://www.volutiongroupplc.com/~/media/Files/V/Volution/documents/investors/results-reports-and-presentations/2025/update/volution-ar25-interactive-1225-2.pdf#page=115"",""p.115 of AR"")",55.0,"=HYPERLINK(""https://www.volutiongroupplc.com/~/media/Files/V/Volution/documents/investors/results-reports-and-presentations/2025/update/volution-ar25-interactive-1225-2.pdf#page=115"",""p.115 of AR"")","=HYPERLINK(""https://www.volutiongroupplc.com/~/media/Files/V/Volution/documents/investors/results-reports-and-presentations/2025/update/volution-ar25-interactive-1225-2.pdf#page=115"",""p.115 of AR"")","=HYPERLINK(""https://www.volutiongroupplc.com/~/media/Files/V/Volution/documents/investors/results-reports-and-presentations/2025/update/volution-ar25-interactive-1225-2.pdf#page=115"",""p.115 of AR"")","=HYPERLINK(""https://www.volutiongroupplc.com/~/media/Files/V/Volution/documents/investors/results-reports-and-presentations/2025/update/volution-ar25-interactive-1225-2.pdf#page=115"",""p.115 of AR"")",3
W.A.G. Payment Solutions Plc,EWG LN Equity,Financials,Financial Services,Financial Services,Transaction & Payment Processing Services,734.1,12.0,2026,Martin Vohánka,Chief Executive Officer,CEO,current,360000.0,EUR,1 April 2026,150.0,33.0,3.0,150.0,75.0,75.0,provision_unused,additive,200.0,2.0,"Base salary increased 6.8% effective 1 April 2026; 2026 bonus measures rebalanced to Net Revenue (30%), Number of Active Trucks (30%), Customer Migrations to EW Office (30%), Individual objectives (10%); no LTIP awards will be granted to the CEO in 2026, reflecting the October 2025 Super LTIP grant cycle (which the CEO does not participate in).",,207,207,66,78,wag_payment_solutions_ar_2025,https://investors.eurowag.com/application/files/5217/7609/9224/EUROWAG_Annual_Report_and_Accounts_2025.pdf,"=HYPERLINK(""https://investors.eurowag.com/application/files/5217/7609/9224/EUROWAG_Annual_Report_and_Accounts_2025.pdf#page=114"",""p.114 of AR"")",207.0,"=HYPERLINK(""https://investors.eurowag.com/application/files/5217/7609/9224/EUROWAG_Annual_Report_and_Accounts_2025.pdf#page=114"",""p.114 of AR"")","=HYPERLINK(""https://investors.eurowag.com/application/files/5217/7609/9224/EUROWAG_Annual_Report_and_Accounts_2025.pdf#page=114"",""p.114 of AR"")","=HYPERLINK(""https://investors.eurowag.com/application/files/5217/7609/9224/EUROWAG_Annual_Report_and_Accounts_2025.pdf#page=101"",""p.101 of AR"")","=HYPERLINK(""https://investors.eurowag.com/application/files/5217/7609/9224/EUROWAG_Annual_Report_and_Accounts_2025.pdf#page=103"",""p.103 of AR"")",3
W.A.G. Payment Solutions Plc,EWG LN Equity,Financials,Financial Services,Financial Services,Transaction & Payment Processing Services,734.1,12.0,2026,Oskar Zahn,Chief Financial Officer,CFO,current,496650.0,GBP,1 April 2026,150.0,33.0,3.0,675.0,,,,,200.0,2.0,"Base salary increased 10% effective 1 April 2026 (above workforce average, reflecting performance/responsibilities); received one-off Super LTIP award over 3,131,551 shares in October 2025 (vesting 2028, subject to cumulative adjusted Cash EBITDA 2025-2027, with a further 2-year holding period); as a result, no LTIP awards will be granted to the CFO in 2026 or 2027; pension contribution maintained at 8% of salary cash allowance.",,207,207,73,78,wag_payment_solutions_ar_2025,https://investors.eurowag.com/application/files/5217/7609/9224/EUROWAG_Annual_Report_and_Accounts_2025.pdf,"=HYPERLINK(""https://investors.eurowag.com/application/files/5217/7609/9224/EUROWAG_Annual_Report_and_Accounts_2025.pdf#page=114"",""p.114 of AR"")",207.0,"=HYPERLINK(""https://investors.eurowag.com/application/files/5217/7609/9224/EUROWAG_Annual_Report_and_Accounts_2025.pdf#page=114"",""p.114 of AR"")","=HYPERLINK(""https://investors.eurowag.com/application/files/5217/7609/9224/EUROWAG_Annual_Report_and_Accounts_2025.pdf#page=114"",""p.114 of AR"")","=HYPERLINK(""https://investors.eurowag.com/application/files/5217/7609/9224/EUROWAG_Annual_Report_and_Accounts_2025.pdf#page=102"",""p.102 of AR"")","=HYPERLINK(""https://investors.eurowag.com/application/files/5217/7609/9224/EUROWAG_Annual_Report_and_Accounts_2025.pdf#page=103"",""p.103 of AR"")",3
Watches of Switzerland Group Plc,WOSG LN Equity,Consumer Discretionary,Consumer Discretionary Distribution & Retail,Specialty Retail,Other Specialty Retail,1493.8,4.0,2026,Brian Duffy,Chief Executive Officer (CEO),CEO,current,500000.0,GBP,,150.0,33.3,3.0,200.0,,,,,200.0,2.0,"No increase to salary, annual bonus or LTIP opportunity levels. Bonus deferral approach amended — Executive Directors who have met their shareholding requirement will now typically receive their annual bonus fully in cash rather than with a one-third deferral into shares; those who have not met the guideline still defer one-third for 3 years. Brian Duffy currently holds shares well in excess of the 200% guideline, so his bonus is expected to be paid fully in cash going forward.",,115,293,27,224,watches_of_switzerland_group_ar_2025,https://www.thewosgroupplc.com/media/ix2hz00d/wosg-annual-report-2026.pdf,"=HYPERLINK(""https://www.thewosgroupplc.com/media/ix2hz00d/wosg-annual-report-2026.pdf#page=209"",""p.209 of AR"")",266.0,"=HYPERLINK(""https://www.thewosgroupplc.com/media/ix2hz00d/wosg-annual-report-2026.pdf#page=199"",""p.199 of AR"")","=HYPERLINK(""https://www.thewosgroupplc.com/media/ix2hz00d/wosg-annual-report-2026.pdf#page=211"",""p.211 of AR"")","=HYPERLINK(""https://www.thewosgroupplc.com/media/ix2hz00d/wosg-annual-report-2026.pdf#page=190"",""p.190 of AR"")","=HYPERLINK(""https://www.thewosgroupplc.com/media/ix2hz00d/wosg-annual-report-2026.pdf#page=206"",""p.206 of AR"")",3
Watches of Switzerland Group Plc,WOSG LN Equity,Consumer Discretionary,Consumer Discretionary Distribution & Retail,Specialty Retail,Other Specialty Retail,1493.8,4.0,2026,Anders Romberg,Chief Financial Officer (CFO),CFO,current,380000.0,GBP,,125.0,33.3,3.0,175.0,,,,,200.0,2.0,"No increase to salary, annual bonus or LTIP opportunity levels. Bonus deferral approach amended — as shareholding guidelines have been met, bonus expected to be paid fully in cash rather than partially deferred; deferral into shares (one-third, 3-year vesting) would only apply if shareholding guideline were not met.",,268,293,27,224,watches_of_switzerland_group_ar_2025,https://www.thewosgroupplc.com/media/ix2hz00d/wosg-annual-report-2026.pdf,"=HYPERLINK(""https://www.thewosgroupplc.com/media/ix2hz00d/wosg-annual-report-2026.pdf#page=209"",""p.209 of AR"")",267.0,"=HYPERLINK(""https://www.thewosgroupplc.com/media/ix2hz00d/wosg-annual-report-2026.pdf#page=209"",""p.209 of AR"")","=HYPERLINK(""https://www.thewosgroupplc.com/media/ix2hz00d/wosg-annual-report-2026.pdf#page=211"",""p.211 of AR"")","=HYPERLINK(""https://www.thewosgroupplc.com/media/ix2hz00d/wosg-annual-report-2026.pdf#page=190"",""p.190 of AR"")","=HYPERLINK(""https://www.thewosgroupplc.com/media/ix2hz00d/wosg-annual-report-2026.pdf#page=206"",""p.206 of AR"")",3
Weir Group Plc,WEIR LN Equity,Industrials,Capital Goods,Machinery,Industrial Machinery & Supplies & Components,6355.3,12.0,2025,Jon Stanton,Chief Executive Officer,CEO,current,858000.0,GBP,1 April 2025,200.0,30.0,3.0,125.0,,,,,400.0,2.0,"Annual bonus maximum increased from 150% to 200% of salary; bonus deferral requirement now waived if shareholding guideline is exceeded by 25% or more (i.e., 500% of salary); restricted share award performance underpins unchanged from 2024.",,100,101,61,116,weir_group_ar_2024,https://www.global.weir/globalassets/investors/reporting-centre/2026/annual-report/weir-2025-annual-report.pdf,"=HYPERLINK(""https://www.global.weir/globalassets/investors/reporting-centre/2026/annual-report/weir-2025-annual-report.pdf#page=134"",""p.134 of AR"")",217.0,"=HYPERLINK(""https://www.global.weir/globalassets/investors/reporting-centre/2026/annual-report/weir-2025-annual-report.pdf#page=121"",""p.121 of AR"")","=HYPERLINK(""https://www.global.weir/globalassets/investors/reporting-centre/2026/annual-report/weir-2025-annual-report.pdf#page=121"",""p.121 of AR"")","=HYPERLINK(""https://www.global.weir/globalassets/investors/reporting-centre/2026/annual-report/weir-2025-annual-report.pdf#page=118"",""p.118 of AR"")","=HYPERLINK(""https://www.global.weir/globalassets/investors/reporting-centre/2026/annual-report/weir-2025-annual-report.pdf#page=123"",""p.123 of AR"")",3
Weir Group Plc,WEIR LN Equity,Industrials,Capital Goods,Machinery,Industrial Machinery & Supplies & Components,6355.3,12.0,2025,Brian Puffer,Chief Financial Officer,CFO,current,518000.0,GBP,1 April 2025,150.0,30.0,3.0,100.0,,,,,300.0,2.0,"Annual bonus maximum increased from 125% to 150% of salary; bonus deferral requirement now waived if shareholding guideline is exceeded by 25% or more (i.e., 375% of salary); restricted share award performance underpins unchanged from 2024.",,100,101,61,116,weir_group_ar_2024,https://www.global.weir/globalassets/investors/reporting-centre/2026/annual-report/weir-2025-annual-report.pdf,"=HYPERLINK(""https://www.global.weir/globalassets/investors/reporting-centre/2026/annual-report/weir-2025-annual-report.pdf#page=134"",""p.134 of AR"")",217.0,"=HYPERLINK(""https://www.global.weir/globalassets/investors/reporting-centre/2026/annual-report/weir-2025-annual-report.pdf#page=121"",""p.121 of AR"")","=HYPERLINK(""https://www.global.weir/globalassets/investors/reporting-centre/2026/annual-report/weir-2025-annual-report.pdf#page=121"",""p.121 of AR"")","=HYPERLINK(""https://www.global.weir/globalassets/investors/reporting-centre/2026/annual-report/weir-2025-annual-report.pdf#page=118"",""p.118 of AR"")","=HYPERLINK(""https://www.global.weir/globalassets/investors/reporting-centre/2026/annual-report/weir-2025-annual-report.pdf#page=123"",""p.123 of AR"")",3
Weir Group Plc,WEIR LN Equity,Industrials,Capital Goods,Machinery,Industrial Machinery & Supplies & Components,6355.3,12.0,2026,Jon Stanton,Chief Executive Officer,CEO,current,1193000.0,USD,1 April 2026,200.0,30.0,3.0,125.0,,,,,400.0,2.0,"Base salary increased by 3% effective 1 April 2026, aligned with US workforce increases (following the CEO's relocation to the US, with salary/car allowance converted to USD from October 2025). No change to annual bonus opportunity, restricted share award opportunity, or shareholding guideline for 2026.",1 April 2026,34,36,44,104,weir_group_ar_2025,https://www.global.weir/globalassets/investors/reporting-centre/2026/annual-report/weir-2025-annual-report.pdf,"=HYPERLINK(""https://www.global.weir/globalassets/investors/reporting-centre/2026/annual-report/weir-2025-annual-report.pdf#page=133"",""p.133 of AR"")",85.0,"=HYPERLINK(""https://www.global.weir/globalassets/investors/reporting-centre/2026/annual-report/weir-2025-annual-report.pdf#page=129"",""p.129 of AR"")","=HYPERLINK(""https://www.global.weir/globalassets/investors/reporting-centre/2026/annual-report/weir-2025-annual-report.pdf#page=129"",""p.129 of AR"")","=HYPERLINK(""https://www.global.weir/globalassets/investors/reporting-centre/2026/annual-report/weir-2025-annual-report.pdf#page=130"",""p.130 of AR"")","=HYPERLINK(""https://www.global.weir/globalassets/investors/reporting-centre/2026/annual-report/weir-2025-annual-report.pdf#page=136"",""p.136 of AR"")",3
Weir Group Plc,WEIR LN Equity,Industrials,Capital Goods,Machinery,Industrial Machinery & Supplies & Components,6355.3,12.0,2026,Brian Puffer,Chief Financial Officer,CFO,current,534000.0,GBP,1 April 2026,150.0,30.0,3.0,100.0,,,,,300.0,2.0,"Base salary increased by 3% effective 1 April 2026, in line with the UK workforce. No change to annual bonus opportunity, restricted share award opportunity, or shareholding guideline for 2026.",1 April 2026,34,36,44,104,weir_group_ar_2025,https://www.global.weir/globalassets/investors/reporting-centre/2026/annual-report/weir-2025-annual-report.pdf,"=HYPERLINK(""https://www.global.weir/globalassets/investors/reporting-centre/2026/annual-report/weir-2025-annual-report.pdf#page=133"",""p.133 of AR"")",85.0,"=HYPERLINK(""https://www.global.weir/globalassets/investors/reporting-centre/2026/annual-report/weir-2025-annual-report.pdf#page=129"",""p.129 of AR"")","=HYPERLINK(""https://www.global.weir/globalassets/investors/reporting-centre/2026/annual-report/weir-2025-annual-report.pdf#page=129"",""p.129 of AR"")","=HYPERLINK(""https://www.global.weir/globalassets/investors/reporting-centre/2026/annual-report/weir-2025-annual-report.pdf#page=130"",""p.130 of AR"")","=HYPERLINK(""https://www.global.weir/globalassets/investors/reporting-centre/2026/annual-report/weir-2025-annual-report.pdf#page=136"",""p.136 of AR"")",3
Wetherspoon Plc,JDW LN Equity,Consumer Discretionary,Consumer Services,Hotels Restaurants & Leisure,Restaurants,625.1,7.0,2026,John Hutson,Chief Executive Officer,CEO,current,694000.0,GBP,,45.0,,,135.0,100.0,35.0,active,additive,200.0,1.0,Proposed 2.5% salary increase for the coming year (vs. 7.1% for general workforce); no bonus was awarded this year despite 10.2% profit growth; DBS award again nil as target (EPS vs FY2019) not met; remuneration policy otherwise operated as intended with no structural changes,,86,23,derived,38,wetherspoon_ar_2025,https://www.investors.jdwetherspoon.com/wp-content/uploads/sites/3/2025/10/Annual-Report-03-October-2025.pdf,"=HYPERLINK(""https://www.investors.jdwetherspoon.com/wp-content/uploads/sites/3/2025/10/Annual-Report-03-October-2025.pdf#page=74"",""p.74 of AR"")",86.0,"=HYPERLINK(""https://www.investors.jdwetherspoon.com/wp-content/uploads/sites/3/2025/10/Annual-Report-03-October-2025.pdf#page=74"",""p.74 of AR"")","=HYPERLINK(""https://www.investors.jdwetherspoon.com/wp-content/uploads/sites/3/2025/10/Annual-Report-03-October-2025.pdf#page=70"",""p.70 of AR"")",derived,"=HYPERLINK(""https://www.investors.jdwetherspoon.com/wp-content/uploads/sites/3/2025/10/Annual-Report-03-October-2025.pdf#page=72"",""p.72 of AR"")",3
Wetherspoon Plc,JDW LN Equity,Consumer Discretionary,Consumer Services,Hotels Restaurants & Leisure,Restaurants,625.1,7.0,2026,Ben Whitley,Finance Director,CFO,current,289000.0,GBP,,45.0,,,130.0,100.0,30.0,active,additive,200.0,1.0,"Proposed 6.9% salary increase for the coming year, noted as still below peer group median; last year's actual increase was 5.0%; no annual bonus or DBS award this year",,86,23,derived,38,wetherspoon_ar_2025,https://www.investors.jdwetherspoon.com/wp-content/uploads/sites/3/2025/10/Annual-Report-03-October-2025.pdf,"=HYPERLINK(""https://www.investors.jdwetherspoon.com/wp-content/uploads/sites/3/2025/10/Annual-Report-03-October-2025.pdf#page=74"",""p.74 of AR"")",86.0,"=HYPERLINK(""https://www.investors.jdwetherspoon.com/wp-content/uploads/sites/3/2025/10/Annual-Report-03-October-2025.pdf#page=74"",""p.74 of AR"")","=HYPERLINK(""https://www.investors.jdwetherspoon.com/wp-content/uploads/sites/3/2025/10/Annual-Report-03-October-2025.pdf#page=70"",""p.70 of AR"")",derived,"=HYPERLINK(""https://www.investors.jdwetherspoon.com/wp-content/uploads/sites/3/2025/10/Annual-Report-03-October-2025.pdf#page=72"",""p.72 of AR"")",3
Wetherspoon Plc,JDW LN Equity,Consumer Discretionary,Consumer Services,Hotels Restaurants & Leisure,Restaurants,625.1,7.0,2026,James Ullman,Personnel and Retail Audit Director,Other Executive,current,220000.0,GBP,,45.0,,,135.0,100.0,35.0,active,additive,200.0,1.0,"Proposed 9.0% salary increase for the coming year, noted as still below peer group median (last year's actual increase was 10.0%); no annual bonus or DBS award this year",,86,23,derived,38,wetherspoon_ar_2025,https://www.investors.jdwetherspoon.com/wp-content/uploads/sites/3/2025/10/Annual-Report-03-October-2025.pdf,"=HYPERLINK(""https://www.investors.jdwetherspoon.com/wp-content/uploads/sites/3/2025/10/Annual-Report-03-October-2025.pdf#page=74"",""p.74 of AR"")",86.0,"=HYPERLINK(""https://www.investors.jdwetherspoon.com/wp-content/uploads/sites/3/2025/10/Annual-Report-03-October-2025.pdf#page=74"",""p.74 of AR"")","=HYPERLINK(""https://www.investors.jdwetherspoon.com/wp-content/uploads/sites/3/2025/10/Annual-Report-03-October-2025.pdf#page=70"",""p.70 of AR"")",derived,"=HYPERLINK(""https://www.investors.jdwetherspoon.com/wp-content/uploads/sites/3/2025/10/Annual-Report-03-October-2025.pdf#page=72"",""p.72 of AR"")",3
WH Smith Plc,SMWH LN Equity,Consumer Discretionary,Consumer Discretionary Distribution & Retail,Specialty Retail,Other Specialty Retail,573.6,8.0,2026,Andrew Harrison,Interim Group Chief Executive,CEO,interim,500000.0,GBP,19 November 2025,150.0,,3.0,300.0,,,,,,,"Andrew Harrison was appointed Interim Group Chief Executive on 19 November 2025 following Carl Cowling's resignation, with salary, bonus opportunity (150% of salary) and 2025 LTIP award (300% of salary) newly set for this role; he will not be eligible for any salary increase from the March 2026 annual review.",19 November 2025,104,104,104,,wh_smith_ar_2025,https://www.whsmithplc.co.uk/~/media/Files/W/WH-Smith/documents/investors/result-report-presentation/annual-report/2025/whsmith_ar25_accessible.pdf,"=HYPERLINK(""https://www.whsmithplc.co.uk/~/media/Files/W/WH-Smith/documents/investors/result-report-presentation/annual-report/2025/whsmith_ar25_accessible.pdf#page=99"",""p.99 of AR"")",30.0,"=HYPERLINK(""https://www.whsmithplc.co.uk/~/media/Files/W/WH-Smith/documents/investors/result-report-presentation/annual-report/2025/whsmith_ar25_accessible.pdf#page=105"",""p.105 of AR"")","=HYPERLINK(""https://www.whsmithplc.co.uk/~/media/Files/W/WH-Smith/documents/investors/result-report-presentation/annual-report/2025/whsmith_ar25_accessible.pdf#page=105"",""p.105 of AR"")","=HYPERLINK(""https://www.whsmithplc.co.uk/~/media/Files/W/WH-Smith/documents/investors/result-report-presentation/annual-report/2025/whsmith_ar25_accessible.pdf#page=105"",""p.105 of AR"")",,3
WH Smith Plc,SMWH LN Equity,Consumer Discretionary,Consumer Discretionary Distribution & Retail,Specialty Retail,Other Specialty Retail,573.6,8.0,2026,Max Izzard,Group Chief Financial Officer,CFO,current,500000.0,GBP,19 November 2025,150.0,,3.0,350.0,,,,,250.0,,"Max Izzard's remuneration was adjusted to reflect his expanded role (North America remediation plan responsibility) — base salary increased to £500,000 and annual LTIP award increased to 350% of salary (up from prior levels); bonus opportunity remains unchanged at 150% of salary; not eligible for salary increase at March 2026 annual review.",19 November 2025,104,104,104,266.0,wh_smith_ar_2025,https://www.whsmithplc.co.uk/~/media/Files/W/WH-Smith/documents/investors/result-report-presentation/annual-report/2025/whsmith_ar25_accessible.pdf,"=HYPERLINK(""https://www.whsmithplc.co.uk/~/media/Files/W/WH-Smith/documents/investors/result-report-presentation/annual-report/2025/whsmith_ar25_accessible.pdf#page=99"",""p.99 of AR"")",30.0,"=HYPERLINK(""https://www.whsmithplc.co.uk/~/media/Files/W/WH-Smith/documents/investors/result-report-presentation/annual-report/2025/whsmith_ar25_accessible.pdf#page=105"",""p.105 of AR"")","=HYPERLINK(""https://www.whsmithplc.co.uk/~/media/Files/W/WH-Smith/documents/investors/result-report-presentation/annual-report/2025/whsmith_ar25_accessible.pdf#page=105"",""p.105 of AR"")","=HYPERLINK(""https://www.whsmithplc.co.uk/~/media/Files/W/WH-Smith/documents/investors/result-report-presentation/annual-report/2025/whsmith_ar25_accessible.pdf#page=105"",""p.105 of AR"")","=HYPERLINK(""https://www.whsmithplc.co.uk/~/media/Files/W/WH-Smith/documents/investors/result-report-presentation/annual-report/2025/whsmith_ar25_accessible.pdf#page=117"",""p.117 of AR"")",3
Whitbread Plc,WTB LN Equity,Consumer Discretionary,Consumer Services,Hotels Restaurants & Leisure,Hotels Resorts & Cruise Lines,3843.0,2.0,2026,Dominic Paul,Chief Executive Officer,CEO,current,964080.0,GBP,1 May 2025,200.0,50.0,3.0,125.0,,,,,300.0,2.0,Bonus deferral reduced to 25% (from 50%) once the minimum shareholding requirement has been met; at most 60% of maximum incentive payable for on-target performance (previously different structure). Base salary and RSP maximum (125%) unchanged. Pension maximum value simplified to remove legacy phased-reduction wording.,,245,84,260,106,whitbread_ar_2024_25,https://www.whitbread.co.uk/wp-content/uploads/2026/05/Whitbread-PLC-Annual-Report-and-Accounts-2025-26.pdf,"=HYPERLINK(""https://www.whitbread.co.uk/wp-content/uploads/2026/05/Whitbread-PLC-Annual-Report-and-Accounts-2025-26.pdf#page=141"",""p.141 of AR"")",244.0,"=HYPERLINK(""https://www.whitbread.co.uk/wp-content/uploads/2026/05/Whitbread-PLC-Annual-Report-and-Accounts-2025-26.pdf#page=141"",""p.141 of AR"")","=HYPERLINK(""https://www.whitbread.co.uk/wp-content/uploads/2026/05/Whitbread-PLC-Annual-Report-and-Accounts-2025-26.pdf#page=125"",""p.125 of AR"")","=HYPERLINK(""https://www.whitbread.co.uk/wp-content/uploads/2026/05/Whitbread-PLC-Annual-Report-and-Accounts-2025-26.pdf#page=142"",""p.142 of AR"")","=HYPERLINK(""https://www.whitbread.co.uk/wp-content/uploads/2026/05/Whitbread-PLC-Annual-Report-and-Accounts-2025-26.pdf#page=128"",""p.128 of AR"")",3
Whitbread Plc,WTB LN Equity,Consumer Discretionary,Consumer Services,Hotels Restaurants & Leisure,Hotels Resorts & Cruise Lines,3843.0,2.0,2026,Hemant Patel,Chief Financial Officer,CFO,current,568218.0,GBP,1 May 2025,200.0,50.0,3.0,110.0,,,,,200.0,2.0,"Bonus deferral reduced to 25% (from 50%) once the minimum shareholding requirement has been met; at most 60% of maximum incentive payable for on-target performance. RSP maximum of 110% of salary unchanged, with any increase above this level for CFO only in exceptional circumstances at Committee discretion.",,245,84,260,106,whitbread_ar_2024_25,https://www.whitbread.co.uk/wp-content/uploads/2026/05/Whitbread-PLC-Annual-Report-and-Accounts-2025-26.pdf,"=HYPERLINK(""https://www.whitbread.co.uk/wp-content/uploads/2026/05/Whitbread-PLC-Annual-Report-and-Accounts-2025-26.pdf#page=141"",""p.141 of AR"")",244.0,"=HYPERLINK(""https://www.whitbread.co.uk/wp-content/uploads/2026/05/Whitbread-PLC-Annual-Report-and-Accounts-2025-26.pdf#page=141"",""p.141 of AR"")","=HYPERLINK(""https://www.whitbread.co.uk/wp-content/uploads/2026/05/Whitbread-PLC-Annual-Report-and-Accounts-2025-26.pdf#page=125"",""p.125 of AR"")","=HYPERLINK(""https://www.whitbread.co.uk/wp-content/uploads/2026/05/Whitbread-PLC-Annual-Report-and-Accounts-2025-26.pdf#page=142"",""p.142 of AR"")","=HYPERLINK(""https://www.whitbread.co.uk/wp-content/uploads/2026/05/Whitbread-PLC-Annual-Report-and-Accounts-2025-26.pdf#page=128"",""p.128 of AR"")",3
Whitbread Plc,WTB LN Equity,Consumer Discretionary,Consumer Services,Hotels Restaurants & Leisure,Hotels Resorts & Cruise Lines,3843.0,2.0,2027,Dominic Paul,Chief Executive Officer,CEO,current,993002.0,GBP,1 May 2026,170.0,50.0,3.0,125.0,,,,,300.0,2.0,"Base salary increased by 3% effective 1 May 2026, in line with wider workforce increases; no structural changes to bonus, LTIP, or shareholding requirements for 2026/27",1 May 2026,60,60,60,60,whitbread_ar_2025_26,https://www.whitbread.co.uk/wp-content/uploads/2026/05/Whitbread-PLC-Annual-Report-and-Accounts-2025-26.pdf,"=HYPERLINK(""https://www.whitbread.co.uk/wp-content/uploads/2026/05/Whitbread-PLC-Annual-Report-and-Accounts-2025-26.pdf#page=123"",""p.123 of AR"")",60.0,"=HYPERLINK(""https://www.whitbread.co.uk/wp-content/uploads/2026/05/Whitbread-PLC-Annual-Report-and-Accounts-2025-26.pdf#page=123"",""p.123 of AR"")","=HYPERLINK(""https://www.whitbread.co.uk/wp-content/uploads/2026/05/Whitbread-PLC-Annual-Report-and-Accounts-2025-26.pdf#page=123"",""p.123 of AR"")","=HYPERLINK(""https://www.whitbread.co.uk/wp-content/uploads/2026/05/Whitbread-PLC-Annual-Report-and-Accounts-2025-26.pdf#page=123"",""p.123 of AR"")","=HYPERLINK(""https://www.whitbread.co.uk/wp-content/uploads/2026/05/Whitbread-PLC-Annual-Report-and-Accounts-2025-26.pdf#page=123"",""p.123 of AR"")",3
Whitbread Plc,WTB LN Equity,Consumer Discretionary,Consumer Services,Hotels Restaurants & Leisure,Hotels Resorts & Cruise Lines,3843.0,2.0,2027,Hemant Patel,Chief Financial Officer,CFO,current,585265.0,GBP,1 May 2026,170.0,50.0,3.0,110.0,,,,,200.0,2.0,"Base salary increased by 3% effective 1 May 2026, in line with wider workforce increases; no structural changes to bonus, LTIP, or shareholding requirements for 2026/27",1 May 2026,60,60,60,60,whitbread_ar_2025_26,https://www.whitbread.co.uk/wp-content/uploads/2026/05/Whitbread-PLC-Annual-Report-and-Accounts-2025-26.pdf,"=HYPERLINK(""https://www.whitbread.co.uk/wp-content/uploads/2026/05/Whitbread-PLC-Annual-Report-and-Accounts-2025-26.pdf#page=123"",""p.123 of AR"")",60.0,"=HYPERLINK(""https://www.whitbread.co.uk/wp-content/uploads/2026/05/Whitbread-PLC-Annual-Report-and-Accounts-2025-26.pdf#page=123"",""p.123 of AR"")","=HYPERLINK(""https://www.whitbread.co.uk/wp-content/uploads/2026/05/Whitbread-PLC-Annual-Report-and-Accounts-2025-26.pdf#page=123"",""p.123 of AR"")","=HYPERLINK(""https://www.whitbread.co.uk/wp-content/uploads/2026/05/Whitbread-PLC-Annual-Report-and-Accounts-2025-26.pdf#page=123"",""p.123 of AR"")","=HYPERLINK(""https://www.whitbread.co.uk/wp-content/uploads/2026/05/Whitbread-PLC-Annual-Report-and-Accounts-2025-26.pdf#page=123"",""p.123 of AR"")",3
Wickes Group Plc,WIX LN Equity,Consumer Discretionary,Consumer Discretionary Distribution & Retail,Specialty Retail,Home Improvement Retail,379.4,12.0,2026,David Wood,Chief Executive Officer,CEO,current,648900.0,GBP,1 April 2026,160.0,33.3,3.0,185.0,,,,,,,"Remuneration Policy is unchanged for 2026; base salary increased 3.0% (below wider workforce average of >3.5%); annual bonus maximum unchanged at 160% of salary with same weightings (70% PBT adjusted, 20% FCF, 10% ESG people); LTIP maximum unchanged at 185% of salary, performance structure unchanged (60% EPS, 30% relative TSR, 10% ESG), though ESG metrics changed to gas intensity reduction and solar installations (targets to be finalised)",,110,111,112,88,wickes_group_ar_2025,https://www.wickesplc.co.uk/media/r1yaznzh/wickes-annual-report-2025.pdf,"=HYPERLINK(""https://www.wickesplc.co.uk/media/r1yaznzh/wickes-annual-report-2025.pdf#page=105"",""p.105 of AR"")",30.0,"=HYPERLINK(""https://www.wickesplc.co.uk/media/r1yaznzh/wickes-annual-report-2025.pdf#page=111"",""p.111 of AR"")","=HYPERLINK(""https://www.wickesplc.co.uk/media/r1yaznzh/wickes-annual-report-2025.pdf#page=111"",""p.111 of AR"")","=HYPERLINK(""https://www.wickesplc.co.uk/media/r1yaznzh/wickes-annual-report-2025.pdf#page=111"",""p.111 of AR"")","=HYPERLINK(""https://www.wickesplc.co.uk/media/r1yaznzh/wickes-annual-report-2025.pdf#page=109"",""p.109 of AR"")",3
Wickes Group Plc,WIX LN Equity,Consumer Discretionary,Consumer Discretionary Distribution & Retail,Specialty Retail,Home Improvement Retail,379.4,12.0,2026,Mark George,Chief Financial Officer,CFO,current,430302.0,GBP,1 April 2026,120.0,33.3,3.0,150.0,,,,,,,"Remuneration Policy is unchanged for 2026; base salary increased 3.0% (below wider workforce average of >3.5%); annual bonus maximum unchanged at 120% of salary with same weightings (70% PBT adjusted, 20% FCF, 10% ESG people); LTIP maximum unchanged at 150% of salary, performance structure unchanged (60% EPS, 30% relative TSR, 10% ESG), though ESG metrics changed to gas intensity reduction and solar installations (targets to be finalised)",,110,111,112,88,wickes_group_ar_2025,https://www.wickesplc.co.uk/media/r1yaznzh/wickes-annual-report-2025.pdf,"=HYPERLINK(""https://www.wickesplc.co.uk/media/r1yaznzh/wickes-annual-report-2025.pdf#page=105"",""p.105 of AR"")",31.0,"=HYPERLINK(""https://www.wickesplc.co.uk/media/r1yaznzh/wickes-annual-report-2025.pdf#page=111"",""p.111 of AR"")","=HYPERLINK(""https://www.wickesplc.co.uk/media/r1yaznzh/wickes-annual-report-2025.pdf#page=111"",""p.111 of AR"")","=HYPERLINK(""https://www.wickesplc.co.uk/media/r1yaznzh/wickes-annual-report-2025.pdf#page=111"",""p.111 of AR"")","=HYPERLINK(""https://www.wickesplc.co.uk/media/r1yaznzh/wickes-annual-report-2025.pdf#page=109"",""p.109 of AR"")",3
Wizz Air Holdings Plc,WIZZ LN Equity,Industrials,Transportation,Passenger Airlines,Passenger Airlines,982.4,3.0,2026,József Váradi,Chief Executive Officer,CEO,current,775000.0,EUR,,200.0,,,500.0,300.0,200.0,active,additive,400.0,2.0,"From F26, the CEO's LTIP moves to an annual award of 500% of base salary, split 60% Restricted Options / 40% Performance Options (subject to Relative TSR against European airline peers), replacing the prior arrangement where the CEO was not eligible for LTIP awards (VCP only). A one-off restricted share award of 300% of salary was granted in October 2024 (F25), which will be offset against any future VCP payout, as will future annual LTIP awards. No base salary increase for F26. A small voluntary pension contribution scheme (1.5% employee/1.5% employer match) is proposed for the CEO, subject to shareholder approval at the 2025 AGM. STIP maximum and structure remain unchanged at 200% of salary.",,207,209,211,54,wizz_air_holdings_ar_2025,https://www.wizzair.com/cms/api/docs/default-source/downloadable-documents/corporate-website-transfer-documents/annual-reports/wizz-air-holdings-plc---annual-report-and-accounts-f26.pdf,"=HYPERLINK(""https://www.wizzair.com/cms/api/docs/default-source/downloadable-documents/corporate-website-transfer-documents/annual-reports/wizz-air-holdings-plc---annual-report-and-accounts-f26.pdf#page=92"",""p.92 of AR"")",206.0,"=HYPERLINK(""https://www.wizzair.com/cms/api/docs/default-source/downloadable-documents/corporate-website-transfer-documents/annual-reports/wizz-air-holdings-plc---annual-report-and-accounts-f26.pdf#page=92"",""p.92 of AR"")","=HYPERLINK(""https://www.wizzair.com/cms/api/docs/default-source/downloadable-documents/corporate-website-transfer-documents/annual-reports/wizz-air-holdings-plc---annual-report-and-accounts-f26.pdf#page=92"",""p.92 of AR"")","=HYPERLINK(""https://www.wizzair.com/cms/api/docs/default-source/downloadable-documents/corporate-website-transfer-documents/annual-reports/wizz-air-holdings-plc---annual-report-and-accounts-f26.pdf#page=92"",""p.92 of AR"")","=HYPERLINK(""https://www.wizzair.com/cms/api/docs/default-source/downloadable-documents/corporate-website-transfer-documents/annual-reports/wizz-air-holdings-plc---annual-report-and-accounts-f26.pdf#page=75"",""p.75 of AR"")",3
Wizz Air Holdings Plc,WIZZ LN Equity,Industrials,Transportation,Passenger Airlines,Passenger Airlines,982.4,3.0,2027,József Váradi,Chief Executive Officer,CEO,current,822275.0,EUR,F27,200.0,,,500.0,300.0,200.0,active,additive,400.0,2.0,"No change to LTIP maximum opportunity or split (500% of salary, 60% restricted/40% performance, continuing from F26 into F27); base salary increased 6.1% for F27 reflecting increased role complexity; STIP structure maintained with reweighting of non-financial metrics (gender diversity replaced with employee engagement); the Company also maintains a legacy one-off Value Creation Plan (VCP) granted in 2021/2022, which continues to run alongside the LTIP with value offset against LTIP vesting — this is a legacy arrangement, not a new annual LTIP vehicle, and is excluded from the standard LTIP split above.",F27,227,228,230,88,wizz_air_holdings_ar_2026,https://www.wizzair.com/cms/api/docs/default-source/downloadable-documents/corporate-website-transfer-documents/annual-reports/wizz-air-holdings-plc---annual-report-and-accounts-f26.pdf,"=HYPERLINK(""https://www.wizzair.com/cms/api/docs/default-source/downloadable-documents/corporate-website-transfer-documents/annual-reports/wizz-air-holdings-plc---annual-report-and-accounts-f26.pdf#page=93"",""p.93 of AR"")",226.0,"=HYPERLINK(""https://www.wizzair.com/cms/api/docs/default-source/downloadable-documents/corporate-website-transfer-documents/annual-reports/wizz-air-holdings-plc---annual-report-and-accounts-f26.pdf#page=93"",""p.93 of AR"")","=HYPERLINK(""https://www.wizzair.com/cms/api/docs/default-source/downloadable-documents/corporate-website-transfer-documents/annual-reports/wizz-air-holdings-plc---annual-report-and-accounts-f26.pdf#page=93"",""p.93 of AR"")","=HYPERLINK(""https://www.wizzair.com/cms/api/docs/default-source/downloadable-documents/corporate-website-transfer-documents/annual-reports/wizz-air-holdings-plc---annual-report-and-accounts-f26.pdf#page=93"",""p.93 of AR"")","=HYPERLINK(""https://www.wizzair.com/cms/api/docs/default-source/downloadable-documents/corporate-website-transfer-documents/annual-reports/wizz-air-holdings-plc---annual-report-and-accounts-f26.pdf#page=77"",""p.77 of AR"")",3
Workspace Group Plc,WKP LN Equity,,,,,614.2,3.0,2026,Lawrence Hutchings,Chief Executive Officer,CEO,current,560000.0,GBP,,150.0,33.0,3.0,200.0,,,,,200.0,2.0,"No base salary increase for 2025/26; annual bonus opportunity unchanged at 150% of salary, but bonus measure weightings revised (operational efficiency increased to 12.5%, sustainability reduced to 7.5%); LTIP performance metrics for the 2025 grant reviewed and updated to align with evolving strategy (financial, share price, ESG and strategic measures); Committee to conduct a broader Policy review during the year ahead of putting a revised Policy to shareholder vote at the 2026 AGM.",,449,451,417,284,workspace_group_ar_2025,https://www.workspace.co.uk/getmedia/be3e84d5-8d24-4dbd-8ef0-2fa88380a2eb/Workspace-Group-Annual-Report-and-Accounts-2026.pdf?ext=.pdf,"=HYPERLINK(""https://www.workspace.co.uk/getmedia/be3e84d5-8d24-4dbd-8ef0-2fa88380a2eb/Workspace-Group-Annual-Report-and-Accounts-2026.pdf?ext=.pdf#page=200"",""p.200 of AR"")",98.0,"=HYPERLINK(""https://www.workspace.co.uk/getmedia/be3e84d5-8d24-4dbd-8ef0-2fa88380a2eb/Workspace-Group-Annual-Report-and-Accounts-2026.pdf?ext=.pdf#page=226"",""p.226 of AR"")","=HYPERLINK(""https://www.workspace.co.uk/getmedia/be3e84d5-8d24-4dbd-8ef0-2fa88380a2eb/Workspace-Group-Annual-Report-and-Accounts-2026.pdf?ext=.pdf#page=226"",""p.226 of AR"")","=HYPERLINK(""https://www.workspace.co.uk/getmedia/be3e84d5-8d24-4dbd-8ef0-2fa88380a2eb/Workspace-Group-Annual-Report-and-Accounts-2026.pdf?ext=.pdf#page=224"",""p.224 of AR"")","=HYPERLINK(""https://www.workspace.co.uk/getmedia/be3e84d5-8d24-4dbd-8ef0-2fa88380a2eb/Workspace-Group-Annual-Report-and-Accounts-2026.pdf?ext=.pdf#page=215"",""p.215 of AR"")",3
Workspace Group Plc,WKP LN Equity,,,,,614.2,3.0,2026,Dave Benson,Chief Financial Officer,CFO,current,400000.0,GBP,,120.0,33.0,3.0,200.0,,,,,200.0,2.0,"No base salary increase for 2025/26; annual bonus opportunity unchanged at 120% of salary, but bonus measure weightings revised (operational efficiency increased to 12.5%, sustainability reduced to 7.5%); LTIP performance metrics for the 2025 grant reviewed and updated to align with evolving strategy (financial, share price, ESG and strategic measures); Committee to conduct a broader Policy review during the year ahead of putting a revised Policy to shareholder vote at the 2026 AGM.",,449,451,417,231,workspace_group_ar_2025,https://www.workspace.co.uk/getmedia/be3e84d5-8d24-4dbd-8ef0-2fa88380a2eb/Workspace-Group-Annual-Report-and-Accounts-2026.pdf?ext=.pdf,"=HYPERLINK(""https://www.workspace.co.uk/getmedia/be3e84d5-8d24-4dbd-8ef0-2fa88380a2eb/Workspace-Group-Annual-Report-and-Accounts-2026.pdf?ext=.pdf#page=208"",""p.208 of AR"")",193.0,"=HYPERLINK(""https://www.workspace.co.uk/getmedia/be3e84d5-8d24-4dbd-8ef0-2fa88380a2eb/Workspace-Group-Annual-Report-and-Accounts-2026.pdf?ext=.pdf#page=226"",""p.226 of AR"")","=HYPERLINK(""https://www.workspace.co.uk/getmedia/be3e84d5-8d24-4dbd-8ef0-2fa88380a2eb/Workspace-Group-Annual-Report-and-Accounts-2026.pdf?ext=.pdf#page=226"",""p.226 of AR"")","=HYPERLINK(""https://www.workspace.co.uk/getmedia/be3e84d5-8d24-4dbd-8ef0-2fa88380a2eb/Workspace-Group-Annual-Report-and-Accounts-2026.pdf?ext=.pdf#page=224"",""p.224 of AR"")","=HYPERLINK(""https://www.workspace.co.uk/getmedia/be3e84d5-8d24-4dbd-8ef0-2fa88380a2eb/Workspace-Group-Annual-Report-and-Accounts-2026.pdf?ext=.pdf#page=211"",""p.211 of AR"")",3
WPP Plc,WPP LN Equity,Communication Services,Media & Entertainment,Media,Advertising,2824.7,12.0,2026,Cindy Rose,Chief Executive Officer,CEO,current,1250000.0,GBP,,250.0,40.0,2.0,500.0,400.0,100.0,active,additive,600.0,2.0,"Introduction of a new RSP award (100% of salary) alongside EPSP for the CEO; STIP mandatory deferral can reduce from 40% to 20% once shareholding guidelines are met; minor STIP change allowing up to 20% vesting at threshold; shareholding requirement methodology changed to 1x EPSP + 2x RSP ongoing opportunity (no change in £ terms for CEO, resulting in 600% of salary)",,141,141,derived,141,wpp_ar_2025,https://www.wpp.com/en/-/media/project/wpp/files/investors/2026/annual-report/wpp_annual_report_2025.pdf,"=HYPERLINK(""https://www.wpp.com/en/-/media/project/wpp/files/investors/2026/annual-report/wpp_annual_report_2025.pdf#page=104"",""p.104 of AR"")",141.0,"=HYPERLINK(""https://www.wpp.com/en/-/media/project/wpp/files/investors/2026/annual-report/wpp_annual_report_2025.pdf#page=104"",""p.104 of AR"")","=HYPERLINK(""https://www.wpp.com/en/-/media/project/wpp/files/investors/2026/annual-report/wpp_annual_report_2025.pdf#page=104"",""p.104 of AR"")",derived,"=HYPERLINK(""https://www.wpp.com/en/-/media/project/wpp/files/investors/2026/annual-report/wpp_annual_report_2025.pdf#page=104"",""p.104 of AR"")",3
WPP Plc,WPP LN Equity,Communication Services,Media & Entertainment,Media,Advertising,2824.7,12.0,2026,Joanne Wilson,Chief Financial Officer,CFO,current,760000.0,GBP,,250.0,40.0,2.0,400.0,300.0,100.0,active,additive,500.0,2.0,"Introduction of a new RSP award (100% of salary) alongside EPSP for the CFO; STIP mandatory deferral can reduce from 40% to 20% once shareholding guidelines are met; minor STIP change allowing up to 20% vesting at threshold; shareholding requirement methodology changed to 1x EPSP + 2x RSP ongoing opportunity, resulting in an increase in CFO's minimum requirement to 500% of base salary (from 300%)",,141,141,derived,141,wpp_ar_2025,https://www.wpp.com/en/-/media/project/wpp/files/investors/2026/annual-report/wpp_annual_report_2025.pdf,"=HYPERLINK(""https://www.wpp.com/en/-/media/project/wpp/files/investors/2026/annual-report/wpp_annual_report_2025.pdf#page=104"",""p.104 of AR"")",141.0,"=HYPERLINK(""https://www.wpp.com/en/-/media/project/wpp/files/investors/2026/annual-report/wpp_annual_report_2025.pdf#page=104"",""p.104 of AR"")","=HYPERLINK(""https://www.wpp.com/en/-/media/project/wpp/files/investors/2026/annual-report/wpp_annual_report_2025.pdf#page=104"",""p.104 of AR"")",derived,"=HYPERLINK(""https://www.wpp.com/en/-/media/project/wpp/files/investors/2026/annual-report/wpp_annual_report_2025.pdf#page=104"",""p.104 of AR"")",3
XPS Pensions Group Plc,XPS LN Equity,Financials,Financial Services,Capital Markets,Asset Management & Custody Banks,609.3,3.0,2026,Ben Bramhall,Co-Chief Executive Officer,CEO,current,435322.0,GBP,1 April 2025,150.0,,2.0,150.0,,,,,200.0,2.0,"Base salary increased 17.0% for FY 2026 (from £372,070 to £435,322); annual bonus maximum (150% of salary) and LTIP maximum (150% of salary) unchanged from FY 2025.",,243,246,15,260,xps_pensions_group_ar_2025,https://xps-13503-s3.s3.eu-west-2.amazonaws.com/files/5417/8358/1204/XPS-Pensions-Group-plc-Annual-Report-and-Accounts-2026.pdf#page=14,"=HYPERLINK(""https://xps-13503-s3.s3.eu-west-2.amazonaws.com/files/5417/8358/1204/XPS-Pensions-Group-plc-Annual-Report-and-Accounts-2026.pdf#page=14#page=83"",""p.83 of AR"")",61.0,"=HYPERLINK(""https://xps-13503-s3.s3.eu-west-2.amazonaws.com/files/5417/8358/1204/XPS-Pensions-Group-plc-Annual-Report-and-Accounts-2026.pdf#page=14#page=100"",""p.100 of AR"")","=HYPERLINK(""https://xps-13503-s3.s3.eu-west-2.amazonaws.com/files/5417/8358/1204/XPS-Pensions-Group-plc-Annual-Report-and-Accounts-2026.pdf#page=14#page=100"",""p.100 of AR"")","=HYPERLINK(""https://xps-13503-s3.s3.eu-west-2.amazonaws.com/files/5417/8358/1204/XPS-Pensions-Group-plc-Annual-Report-and-Accounts-2026.pdf#page=14#page=79"",""p.79 of AR"")","=HYPERLINK(""https://xps-13503-s3.s3.eu-west-2.amazonaws.com/files/5417/8358/1204/XPS-Pensions-Group-plc-Annual-Report-and-Accounts-2026.pdf#page=14#page=101"",""p.101 of AR"")",3
XPS Pensions Group Plc,XPS LN Equity,Financials,Financial Services,Capital Markets,Asset Management & Custody Banks,609.3,3.0,2026,Paul Cuff,Co-Chief Executive Officer,CEO,current,435322.0,GBP,1 April 2025,150.0,,2.0,150.0,,,,,200.0,2.0,"Base salary increased 17.0% for FY 2026 (from £372,070 to £435,322); annual bonus maximum (150% of salary) and LTIP maximum (150% of salary) unchanged from FY 2025.",,243,246,15,260,xps_pensions_group_ar_2025,https://xps-13503-s3.s3.eu-west-2.amazonaws.com/files/5417/8358/1204/XPS-Pensions-Group-plc-Annual-Report-and-Accounts-2026.pdf#page=14,"=HYPERLINK(""https://xps-13503-s3.s3.eu-west-2.amazonaws.com/files/5417/8358/1204/XPS-Pensions-Group-plc-Annual-Report-and-Accounts-2026.pdf#page=14#page=83"",""p.83 of AR"")",61.0,"=HYPERLINK(""https://xps-13503-s3.s3.eu-west-2.amazonaws.com/files/5417/8358/1204/XPS-Pensions-Group-plc-Annual-Report-and-Accounts-2026.pdf#page=14#page=100"",""p.100 of AR"")","=HYPERLINK(""https://xps-13503-s3.s3.eu-west-2.amazonaws.com/files/5417/8358/1204/XPS-Pensions-Group-plc-Annual-Report-and-Accounts-2026.pdf#page=14#page=100"",""p.100 of AR"")","=HYPERLINK(""https://xps-13503-s3.s3.eu-west-2.amazonaws.com/files/5417/8358/1204/XPS-Pensions-Group-plc-Annual-Report-and-Accounts-2026.pdf#page=14#page=79"",""p.79 of AR"")","=HYPERLINK(""https://xps-13503-s3.s3.eu-west-2.amazonaws.com/files/5417/8358/1204/XPS-Pensions-Group-plc-Annual-Report-and-Accounts-2026.pdf#page=14#page=101"",""p.101 of AR"")",3
XPS Pensions Group Plc,XPS LN Equity,Financials,Financial Services,Capital Markets,Asset Management & Custody Banks,609.3,3.0,2026,Snehal Shah,Chief Financial Officer,CFO,current,376501.0,GBP,1 April 2025,125.0,,2.0,125.0,,,,,200.0,2.0,"Base salary increased 17.0% for FY 2026 (from £321,797 to £376,501); annual bonus maximum (125% of salary) and LTIP maximum (125% of salary) unchanged from FY 2025.",,243,246,15,260,xps_pensions_group_ar_2025,https://xps-13503-s3.s3.eu-west-2.amazonaws.com/files/5417/8358/1204/XPS-Pensions-Group-plc-Annual-Report-and-Accounts-2026.pdf#page=14,"=HYPERLINK(""https://xps-13503-s3.s3.eu-west-2.amazonaws.com/files/5417/8358/1204/XPS-Pensions-Group-plc-Annual-Report-and-Accounts-2026.pdf#page=14#page=83"",""p.83 of AR"")",61.0,"=HYPERLINK(""https://xps-13503-s3.s3.eu-west-2.amazonaws.com/files/5417/8358/1204/XPS-Pensions-Group-plc-Annual-Report-and-Accounts-2026.pdf#page=14#page=100"",""p.100 of AR"")","=HYPERLINK(""https://xps-13503-s3.s3.eu-west-2.amazonaws.com/files/5417/8358/1204/XPS-Pensions-Group-plc-Annual-Report-and-Accounts-2026.pdf#page=14#page=100"",""p.100 of AR"")","=HYPERLINK(""https://xps-13503-s3.s3.eu-west-2.amazonaws.com/files/5417/8358/1204/XPS-Pensions-Group-plc-Annual-Report-and-Accounts-2026.pdf#page=14#page=79"",""p.79 of AR"")","=HYPERLINK(""https://xps-13503-s3.s3.eu-west-2.amazonaws.com/files/5417/8358/1204/XPS-Pensions-Group-plc-Annual-Report-and-Accounts-2026.pdf#page=14#page=101"",""p.101 of AR"")",3
XPS Pensions Group Plc,XPS LN Equity,Financials,Financial Services,Capital Markets,Asset Management & Custody Banks,609.3,3.0,2027,Ben Bramhall,Co-Chief Executive Officer,CEO,current,500620.0,GBP,1 April 2027,150.0,30.0,2.0,200.0,,,,,200.0,2.0,"PSP normal maximum increased from 150% to 200% of salary (with removal of the separate 200% ""exceptional circumstances"" limit), though actual FY2027 grant remains at 150%; bonus deferral structure revised from ""only amounts above 100% of salary deferred"" to a flat 30% of total bonus deferred, with ability to waive if shareholding guideline met; base salary increased 15% as part of a two-step market alignment adjustment.",,18,85,65,85,xps_pensions_group_ar_2026,https://xps-13503-s3.s3.eu-west-2.amazonaws.com/files/5417/8358/1204/XPS-Pensions-Group-plc-Annual-Report-and-Accounts-2026.pdf#page=14,"=HYPERLINK(""https://xps-13503-s3.s3.eu-west-2.amazonaws.com/files/5417/8358/1204/XPS-Pensions-Group-plc-Annual-Report-and-Accounts-2026.pdf#page=14#page=77"",""p.77 of AR"")",85.0,"=HYPERLINK(""https://xps-13503-s3.s3.eu-west-2.amazonaws.com/files/5417/8358/1204/XPS-Pensions-Group-plc-Annual-Report-and-Accounts-2026.pdf#page=14#page=73"",""p.73 of AR"")","=HYPERLINK(""https://xps-13503-s3.s3.eu-west-2.amazonaws.com/files/5417/8358/1204/XPS-Pensions-Group-plc-Annual-Report-and-Accounts-2026.pdf#page=14#page=77"",""p.77 of AR"")","=HYPERLINK(""https://xps-13503-s3.s3.eu-west-2.amazonaws.com/files/5417/8358/1204/XPS-Pensions-Group-plc-Annual-Report-and-Accounts-2026.pdf#page=14#page=76"",""p.76 of AR"")","=HYPERLINK(""https://xps-13503-s3.s3.eu-west-2.amazonaws.com/files/5417/8358/1204/XPS-Pensions-Group-plc-Annual-Report-and-Accounts-2026.pdf#page=14#page=77"",""p.77 of AR"")",3
XPS Pensions Group Plc,XPS LN Equity,Financials,Financial Services,Capital Markets,Asset Management & Custody Banks,609.3,3.0,2027,Paul Cuff,Co-Chief Executive Officer,CEO,current,500620.0,GBP,1 April 2027,150.0,30.0,2.0,200.0,,,,,200.0,2.0,"PSP normal maximum increased from 150% to 200% of salary (with removal of the separate 200% ""exceptional circumstances"" limit), though actual FY2027 grant remains at 150%; bonus deferral structure revised from ""only amounts above 100% of salary deferred"" to a flat 30% of total bonus deferred, with ability to waive if shareholding guideline met; base salary increased 15% as part of a two-step market alignment adjustment.",,18,85,65,85,xps_pensions_group_ar_2026,https://xps-13503-s3.s3.eu-west-2.amazonaws.com/files/5417/8358/1204/XPS-Pensions-Group-plc-Annual-Report-and-Accounts-2026.pdf#page=14,"=HYPERLINK(""https://xps-13503-s3.s3.eu-west-2.amazonaws.com/files/5417/8358/1204/XPS-Pensions-Group-plc-Annual-Report-and-Accounts-2026.pdf#page=14#page=77"",""p.77 of AR"")",85.0,"=HYPERLINK(""https://xps-13503-s3.s3.eu-west-2.amazonaws.com/files/5417/8358/1204/XPS-Pensions-Group-plc-Annual-Report-and-Accounts-2026.pdf#page=14#page=73"",""p.73 of AR"")","=HYPERLINK(""https://xps-13503-s3.s3.eu-west-2.amazonaws.com/files/5417/8358/1204/XPS-Pensions-Group-plc-Annual-Report-and-Accounts-2026.pdf#page=14#page=77"",""p.77 of AR"")","=HYPERLINK(""https://xps-13503-s3.s3.eu-west-2.amazonaws.com/files/5417/8358/1204/XPS-Pensions-Group-plc-Annual-Report-and-Accounts-2026.pdf#page=14#page=76"",""p.76 of AR"")","=HYPERLINK(""https://xps-13503-s3.s3.eu-west-2.amazonaws.com/files/5417/8358/1204/XPS-Pensions-Group-plc-Annual-Report-and-Accounts-2026.pdf#page=14#page=77"",""p.77 of AR"")",3
XPS Pensions Group Plc,XPS LN Equity,Financials,Financial Services,Capital Markets,Asset Management & Custody Banks,609.3,3.0,2027,Snehal Shah,Chief Financial Officer,CFO,current,414153.0,GBP,1 April 2027,125.0,30.0,2.0,200.0,,,,,200.0,2.0,"PSP normal maximum increased from 150% to 200% of salary (with removal of the separate 200% ""exceptional circumstances"" limit), though actual FY2027 grant remains at 125%; bonus deferral structure revised from ""only amounts above 100% of salary deferred"" to a flat 30% of total bonus deferred, with ability to waive if shareholding guideline met; base salary increased 10% as part of a two-step market alignment adjustment.",,18,85,65,85,xps_pensions_group_ar_2026,https://xps-13503-s3.s3.eu-west-2.amazonaws.com/files/5417/8358/1204/XPS-Pensions-Group-plc-Annual-Report-and-Accounts-2026.pdf#page=14,"=HYPERLINK(""https://xps-13503-s3.s3.eu-west-2.amazonaws.com/files/5417/8358/1204/XPS-Pensions-Group-plc-Annual-Report-and-Accounts-2026.pdf#page=14#page=77"",""p.77 of AR"")",85.0,"=HYPERLINK(""https://xps-13503-s3.s3.eu-west-2.amazonaws.com/files/5417/8358/1204/XPS-Pensions-Group-plc-Annual-Report-and-Accounts-2026.pdf#page=14#page=73"",""p.73 of AR"")","=HYPERLINK(""https://xps-13503-s3.s3.eu-west-2.amazonaws.com/files/5417/8358/1204/XPS-Pensions-Group-plc-Annual-Report-and-Accounts-2026.pdf#page=14#page=77"",""p.77 of AR"")","=HYPERLINK(""https://xps-13503-s3.s3.eu-west-2.amazonaws.com/files/5417/8358/1204/XPS-Pensions-Group-plc-Annual-Report-and-Accounts-2026.pdf#page=14#page=76"",""p.76 of AR"")","=HYPERLINK(""https://xps-13503-s3.s3.eu-west-2.amazonaws.com/files/5417/8358/1204/XPS-Pensions-Group-plc-Annual-Report-and-Accounts-2026.pdf#page=14#page=77"",""p.77 of AR"")",3
Zigup Plc,ZIG LN Equity,Industrials,Transportation,Ground Transportation,Passenger Ground Transportation,928.4,4.0,2026,Martin Ward,Chief Executive Officer,CEO,current,659386.0,GBP,1 May 2025,125.0,50.0,3.0,,,,,,200.0,2.0,"New Remuneration Policy (effective from 2025 AGM) introduces the Value Creation Plan (VCP) to operate in place of the existing LTIP; annual bonus maximum and deferral terms unchanged; salary increased 2%, below the 4% average increase for the wider workforce; shareholding guideline unchanged at 200% with 2-year post-employment holding.",2025 AGM,26,28,169,65,zigup_ar_2025,https://wp-zigup-2025.s3.eu-west-2.amazonaws.com/media/2026/07/ZIGUP-Annual-Report-2026-1.pdf,"=HYPERLINK(""https://wp-zigup-2025.s3.eu-west-2.amazonaws.com/media/2026/07/ZIGUP-Annual-Report-2026-1.pdf#page=115"",""p.115 of AR"")",169.0,"=HYPERLINK(""https://wp-zigup-2025.s3.eu-west-2.amazonaws.com/media/2026/07/ZIGUP-Annual-Report-2026-1.pdf#page=105"",""p.105 of AR"")","=HYPERLINK(""https://wp-zigup-2025.s3.eu-west-2.amazonaws.com/media/2026/07/ZIGUP-Annual-Report-2026-1.pdf#page=105"",""p.105 of AR"")","=HYPERLINK(""https://wp-zigup-2025.s3.eu-west-2.amazonaws.com/media/2026/07/ZIGUP-Annual-Report-2026-1.pdf#page=115"",""p.115 of AR"")","=HYPERLINK(""https://wp-zigup-2025.s3.eu-west-2.amazonaws.com/media/2026/07/ZIGUP-Annual-Report-2026-1.pdf#page=108"",""p.108 of AR"")",3
Zigup Plc,ZIG LN Equity,Industrials,Transportation,Ground Transportation,Passenger Ground Transportation,928.4,4.0,2026,Rachel Coulson,Chief Financial Officer,CFO,current,400000.0,GBP,August 2025,100.0,50.0,3.0,,,,,,200.0,2.0,"Appointed as new CFO effective August 2025 on a salary of £400,000 (below predecessor's level, reflecting first group CFO role); pension and annual bonus opportunity set in line with standard policy; participates in the new VCP alongside other management; will receive a buy-out award mirroring forfeited prior-employer awards (anticipated maximum value £550,000), with full details to be disclosed in next year's report.",August 2025,25,28,169,65,zigup_ar_2025,https://wp-zigup-2025.s3.eu-west-2.amazonaws.com/media/2026/07/ZIGUP-Annual-Report-2026-1.pdf,"=HYPERLINK(""https://wp-zigup-2025.s3.eu-west-2.amazonaws.com/media/2026/07/ZIGUP-Annual-Report-2026-1.pdf#page=105"",""p.105 of AR"")",25.0,"=HYPERLINK(""https://wp-zigup-2025.s3.eu-west-2.amazonaws.com/media/2026/07/ZIGUP-Annual-Report-2026-1.pdf#page=105"",""p.105 of AR"")","=HYPERLINK(""https://wp-zigup-2025.s3.eu-west-2.amazonaws.com/media/2026/07/ZIGUP-Annual-Report-2026-1.pdf#page=105"",""p.105 of AR"")","=HYPERLINK(""https://wp-zigup-2025.s3.eu-west-2.amazonaws.com/media/2026/07/ZIGUP-Annual-Report-2026-1.pdf#page=115"",""p.115 of AR"")","=HYPERLINK(""https://wp-zigup-2025.s3.eu-west-2.amazonaws.com/media/2026/07/ZIGUP-Annual-Report-2026-1.pdf#page=108"",""p.108 of AR"")",3
