company_name,ticker_bb,gics_sector,gics_industry_group,gics_industry,gics_sub_industry,market_cap_mln_gbp,financial_year,executive_name,position,salary_amount,salary_currency,annual_bonus_amount,ltip_amount,pension_amount,benefits_amount,other_compensation_amount,total_compensation_amount,total_compensation_currency,is_pro_rata,pro_rata_notes,file_name,ar_link,source_link,source_attribution_tier,source_chunk_id
4Imprint Group Plc,FOUR LN Equity,Communication Services,Media & Entertainment,Media,Advertising,1014.1,2024,Kevin Lyons-Tarr,Chief Executive Officer,569631.0,USD,169579.0,0.0,13800.0,18298.0,0.0,771308.0,USD,False,,4imprint_group_ar_2024,https://investors.4imprint.com/media/4pxdv4c3/4imprint_ar25_web.pdf,"=HYPERLINK(""https://investors.4imprint.com/media/4pxdv4c3/4imprint_ar25_web.pdf#page=100"",""p.100 of AR"")",2.0,
4Imprint Group Plc,FOUR LN Equity,Communication Services,Media & Entertainment,Media,Advertising,1014.1,2024,David Seekings,Chief Financial Officer,379754.0,USD,113052.0,0.0,13686.0,23794.0,0.0,530286.0,USD,False,,4imprint_group_ar_2024,https://investors.4imprint.com/media/4pxdv4c3/4imprint_ar25_web.pdf,"=HYPERLINK(""https://investors.4imprint.com/media/4pxdv4c3/4imprint_ar25_web.pdf#page=100"",""p.100 of AR"")",2.0,
4Imprint Group Plc,FOUR LN Equity,Communication Services,Media & Entertainment,Media,Advertising,1014.1,2023,Kevin Lyons-Tarr,Chief Executive Officer,546063.0,USD,540920.0,0.0,13200.0,18268.0,0.0,1118451.0,USD,False,,4imprint_group_ar_2024,https://investors.4imprint.com/media/4pxdv4c3/4imprint_ar25_web.pdf,"=HYPERLINK(""https://investors.4imprint.com/media/4pxdv4c3/4imprint_ar25_web.pdf#page=100"",""p.100 of AR"")",2.0,
4Imprint Group Plc,FOUR LN Equity,Communication Services,Media & Entertainment,Media,Advertising,1014.1,2023,David Seekings,Chief Financial Officer,364042.0,USD,360613.0,0.0,13296.0,22132.0,0.0,760083.0,USD,False,,4imprint_group_ar_2024,https://investors.4imprint.com/media/4pxdv4c3/4imprint_ar25_web.pdf,"=HYPERLINK(""https://investors.4imprint.com/media/4pxdv4c3/4imprint_ar25_web.pdf#page=100"",""p.100 of AR"")",2.0,
4Imprint Group Plc,FOUR LN Equity,Communication Services,Media & Entertainment,Media,Advertising,1014.1,2025,Kevin Lyons-Tarr,Chief Executive Officer,571784.0,USD,169579.0,0.0,14000.0,19682.0,,775045.0,USD,False,Served full year,4imprint_group_ar_2025,https://investors.4imprint.com/media/4pxdv4c3/4imprint_ar25_web.pdf,"=HYPERLINK(""https://investors.4imprint.com/media/4pxdv4c3/4imprint_ar25_web.pdf#page=50"",""p.50 of AR"")",2.0,
4Imprint Group Plc,FOUR LN Equity,Communication Services,Media & Entertainment,Media,Advertising,1014.1,2025,Michelle Brukwicki,Chief Financial Officer,307308.0,USD,94000.0,0.0,7492.0,16658.0,,425458.0,USD,True,"Appointed as Chief Financial Officer and Executive Director on 1 May 2025. Figures reflect remuneration from 1 May 2025 only. Annual base salary was $470,000.",4imprint_group_ar_2025,https://investors.4imprint.com/media/4pxdv4c3/4imprint_ar25_web.pdf,"=HYPERLINK(""https://investors.4imprint.com/media/4pxdv4c3/4imprint_ar25_web.pdf#page=50"",""p.50 of AR"")",2.0,
4Imprint Group Plc,FOUR LN Equity,Communication Services,Media & Entertainment,Media,Advertising,1014.1,2025,David Seekings,Chief Financial Officer (outgoing),134793.0,USD,37684.0,0.0,5392.0,8393.0,,186262.0,USD,True,"Stepped down as Chief Financial Officer and from the Board on 1 May 2025. Figures in the single figure table cover the period as a Director only (to 1 May 2025). Additionally, as a past Director, he received salary of $57,976, benefits of $4,196, pension of $2,319, and DBP share award vesting gain of $366,296 for the period from 1 May 2025 to his retirement from the Company on 30 June 2025. A further bonus of $18,842 was also paid for the post-Director period to 30 June 2025.",4imprint_group_ar_2025,https://investors.4imprint.com/media/4pxdv4c3/4imprint_ar25_web.pdf,"=HYPERLINK(""https://investors.4imprint.com/media/4pxdv4c3/4imprint_ar25_web.pdf#page=50"",""p.50 of AR"")",2.0,
4Imprint Group Plc,FOUR LN Equity,Communication Services,Media & Entertainment,Media,Advertising,1014.1,2024,Kevin Lyons-Tarr,Chief Executive Officer,569631.0,USD,169579.0,0.0,13800.0,18298.0,,771308.0,USD,False,Served full year,4imprint_group_ar_2025,https://investors.4imprint.com/media/4pxdv4c3/4imprint_ar25_web.pdf,"=HYPERLINK(""https://investors.4imprint.com/media/4pxdv4c3/4imprint_ar25_web.pdf#page=50"",""p.50 of AR"")",2.0,
4Imprint Group Plc,FOUR LN Equity,Communication Services,Media & Entertainment,Media,Advertising,1014.1,2024,Michelle Brukwicki,Chief Financial Officer (not yet appointed as Executive Director),0.0,USD,0.0,0.0,0.0,0.0,0.0,0.0,USD,False,Appointed to the Board on 1 May 2025; no remuneration disclosed in the single figure table for 2024.,4imprint_group_ar_2025,https://investors.4imprint.com/media/4pxdv4c3/4imprint_ar25_web.pdf,"=HYPERLINK(""https://investors.4imprint.com/media/4pxdv4c3/4imprint_ar25_web.pdf#page=53"",""p.53 of AR"")",2.0,
4Imprint Group Plc,FOUR LN Equity,Communication Services,Media & Entertainment,Media,Advertising,1014.1,2024,David Seekings,Chief Financial Officer,379754.0,USD,113052.0,0.0,13686.0,23794.0,,530286.0,USD,False,Served full year in 2024,4imprint_group_ar_2025,https://investors.4imprint.com/media/4pxdv4c3/4imprint_ar25_web.pdf,"=HYPERLINK(""https://investors.4imprint.com/media/4pxdv4c3/4imprint_ar25_web.pdf#page=50"",""p.50 of AR"")",2.0,
Aberdeen Group Plc,ABDN LN Equity,Financials,Financial Services,Capital Markets,Asset Management & Custody Banks,4251.0,2024,Jason Windsor,"Chief Executive Officer (appointed CEO on 10 September 2024, previously CFO and Interim CEO)",773000.0,GBP,1249000.0,0.0,128000.0,1000.0,1041000.0,3192000.0,GBP,False,,aberdeen_group_ar_2024,https://www.aberdeeninvestments.com/docs?documentid=AA-110326-205370-24,"=HYPERLINK(""https://www.aberdeeninvestments.com/docs?documentid=AA-110326-205370-24#page=139"",""p.139 of AR"")",2.0,
Aberdeen Group Plc,ABDN LN Equity,Financials,Financial Services,Capital Markets,Asset Management & Custody Banks,4251.0,2024,Stephen Bird,"Former Chief Executive Officer (stepped down 24 May 2024, commenced garden leave 1 July 2024)",347000.0,GBP,843000.0,0.0,63000.0,0.0,0.0,1253000.0,GBP,False,,aberdeen_group_ar_2024,https://www.aberdeeninvestments.com/docs?documentid=AA-110326-205370-24,"=HYPERLINK(""https://www.aberdeeninvestments.com/docs?documentid=AA-110326-205370-24#page=127"",""p.127 of AR"")",2.0,
Aberdeen Group Plc,ABDN LN Equity,Financials,Financial Services,Capital Markets,Asset Management & Custody Banks,4251.0,2023,Jason Windsor,Chief Financial Officer (appointed to Board 23 October 2023),130000.0,GBP,70000.0,3000.0,23000.0,0.0,712000.0,938000.0,GBP,False,,aberdeen_group_ar_2024,https://www.aberdeeninvestments.com/docs?documentid=AA-110326-205370-24,"=HYPERLINK(""https://www.aberdeeninvestments.com/docs?documentid=AA-110326-205370-24#page=135"",""p.135 of AR"")",2.0,
Aberdeen Group Plc,ABDN LN Equity,Financials,Financial Services,Capital Markets,Asset Management & Custody Banks,4251.0,2023,Stephen Bird,Chief Executive Officer,875000.0,GBP,786000.0,275000.0,158000.0,1000.0,0.0,2095000.0,GBP,False,,aberdeen_group_ar_2024,https://www.aberdeeninvestments.com/docs?documentid=AA-110326-205370-24,"=HYPERLINK(""https://www.aberdeeninvestments.com/docs?documentid=AA-110326-205370-24#page=135"",""p.135 of AR"")",2.0,
Aberdeen Group Plc,ABDN LN Equity,Financials,Financial Services,Capital Markets,Asset Management & Custody Banks,4251.0,FY2025,Jason Windsor,Chief Executive Officer,800000.0,GBP,1550000.0,391000.0,144000.0,1000.0,106000.0,2992000.0,GBP,False,Served full year as CEO. Note: 2024 bonus opportunity was pro-rated across CEO and CFO roles; 2025 reflects full year as CEO.,aberdeen_group_ar_2025,https://www.aberdeeninvestments.com/docs?documentid=AA-110326-205370-24,"=HYPERLINK(""https://www.aberdeeninvestments.com/docs?documentid=AA-110326-205370-24#page=112"",""p.112 of AR"")",2.0,
Aberdeen Group Plc,ABDN LN Equity,Financials,Financial Services,Capital Markets,Asset Management & Custody Banks,4251.0,FY2025,Siobhan Boylan,Chief Financial Officer,222000.0,GBP,258000.0,0.0,40000.0,0.0,282000.0,802000.0,GBP,True,"Appointed to the Board effective 21 July 2025. All figures reflect amounts paid/awarded since date of appointment. Annual bonus outcome reflects the proportion of the 2025 performance year for which she served at Aberdeen. Buyout awards (£282,000) are excluded from the maximum opportunity chart figures.",aberdeen_group_ar_2025,https://www.aberdeeninvestments.com/docs?documentid=AA-110326-205370-24,"=HYPERLINK(""https://www.aberdeeninvestments.com/docs?documentid=AA-110326-205370-24#page=115"",""p.115 of AR"")",2.0,
Aberdeen Group Plc,ABDN LN Equity,Financials,Financial Services,Capital Markets,Asset Management & Custody Banks,4251.0,FY2024,Jason Windsor,Chief Executive Officer (promoted from CFO to CEO during 2024),773000.0,GBP,1249000.0,0.0,128000.0,1000.0,1041000.0,3192000.0,GBP,True,"Changed roles mid-year. Annual bonus opportunity for 2024 was based on a pro-rata combination of his CEO and CFO maximum opportunities and salaries, based on the portion of 2024 served in each role. The outcome of the proportion of his 2022 Long-Term Incentive Buyout award subject to Persimmon performance conditions was not known at time of publication of the 2024 Annual Report and has since been restated as £106,000 in the 2025 report.",aberdeen_group_ar_2025,https://www.aberdeeninvestments.com/docs?documentid=AA-110326-205370-24,"=HYPERLINK(""https://www.aberdeeninvestments.com/docs?documentid=AA-110326-205370-24#page=112"",""p.112 of AR"")",2.0,
Admiral Group Plc,ADM LN Equity,Financials,Insurance,Insurance,Property & Casualty Insurance,9821.9,2024,Milena Mondini de Focatiis,Group CEO,774000.0,GBP,1495058.0,1807222.0,38580.0,470.0,3594.0,4118924.0,GBP,False,,admiral_group_ar_2024,https://admiralgroup.co.uk/static-files/1cc7d555-af0c-42c8-b2d9-8bae4036c278,"=HYPERLINK(""https://admiralgroup.co.uk/static-files/1cc7d555-af0c-42c8-b2d9-8bae4036c278#page=165"",""p.165 of AR"")",2.0,
Admiral Group Plc,ADM LN Equity,Financials,Insurance,Insurance,Property & Casualty Insurance,9821.9,2024,Geraint Jones,Group CFO,465000.0,GBP,898194.0,1054206.0,24675.0,470.0,3594.0,2446139.0,GBP,False,,admiral_group_ar_2024,https://admiralgroup.co.uk/static-files/1cc7d555-af0c-42c8-b2d9-8bae4036c278,"=HYPERLINK(""https://admiralgroup.co.uk/static-files/1cc7d555-af0c-42c8-b2d9-8bae4036c278#page=165"",""p.165 of AR"")",2.0,
Admiral Group Plc,ADM LN Equity,Financials,Insurance,Insurance,Property & Casualty Insurance,9821.9,2023,Milena Mondini de Focatiis,Group CEO,737326.0,GBP,296017.0,1106690.0,15000.0,455.0,3605.0,2159093.0,GBP,False,,admiral_group_ar_2024,https://admiralgroup.co.uk/static-files/1cc7d555-af0c-42c8-b2d9-8bae4036c278,"=HYPERLINK(""https://admiralgroup.co.uk/static-files/1cc7d555-af0c-42c8-b2d9-8bae4036c278#page=165"",""p.165 of AR"")",2.0,
Admiral Group Plc,ADM LN Equity,Financials,Insurance,Insurance,Property & Casualty Insurance,9821.9,2023,Geraint Jones,Group CFO,433472.0,GBP,172676.0,645120.0,15000.0,455.0,3605.0,1270328.0,GBP,False,,admiral_group_ar_2024,https://admiralgroup.co.uk/static-files/1cc7d555-af0c-42c8-b2d9-8bae4036c278,"=HYPERLINK(""https://admiralgroup.co.uk/static-files/1cc7d555-af0c-42c8-b2d9-8bae4036c278#page=165"",""p.165 of AR"")",2.0,
Admiral Group Plc,ADM LN Equity,Financials,Insurance,Insurance,Property & Casualty Insurance,9821.9,FY2025,Milena Mondini de Focatiis,Chief Executive Officer (CEO),797220.0,GBP,1367392.0,2732621.0,47833.0,534.0,3601.0,4949201.0,GBP,False,"Served full year. Note: 2026 salary increased to £895,000 (+12.27%) effective 1 January 2026.",admiral_group_ar_2025,https://admiralgroup.co.uk/static-files/1cc7d555-af0c-42c8-b2d9-8bae4036c278,"=HYPERLINK(""https://admiralgroup.co.uk/static-files/1cc7d555-af0c-42c8-b2d9-8bae4036c278#page=177"",""p.177 of AR"")",2.0,
Admiral Group Plc,ADM LN Equity,Financials,Insurance,Insurance,Property & Casualty Insurance,9821.9,FY2025,Geraint Jones,Chief Financial Officer (CFO),495000.0,GBP,849024.0,1594029.0,29700.0,534.0,3601.0,2971888.0,GBP,False,"Served full year. Note: 2026 salary increased to £510,000 (+3.03%) effective 1 January 2026.",admiral_group_ar_2025,https://admiralgroup.co.uk/static-files/1cc7d555-af0c-42c8-b2d9-8bae4036c278,"=HYPERLINK(""https://admiralgroup.co.uk/static-files/1cc7d555-af0c-42c8-b2d9-8bae4036c278#page=177"",""p.177 of AR"")",2.0,
Admiral Group Plc,ADM LN Equity,Financials,Insurance,Insurance,Property & Casualty Insurance,9821.9,FY2024,Milena Mondini de Focatiis,Chief Executive Officer (CEO),774000.0,GBP,1495058.0,1807222.0,38580.0,470.0,3594.0,4118924.0,GBP,False,Served full year.,admiral_group_ar_2025,https://admiralgroup.co.uk/static-files/1cc7d555-af0c-42c8-b2d9-8bae4036c278,"=HYPERLINK(""https://admiralgroup.co.uk/static-files/1cc7d555-af0c-42c8-b2d9-8bae4036c278#page=177"",""p.177 of AR"")",2.0,
Admiral Group Plc,ADM LN Equity,Financials,Insurance,Insurance,Property & Casualty Insurance,9821.9,FY2024,Geraint Jones,Chief Financial Officer (CFO),465000.0,GBP,898194.0,1054206.0,24675.0,470.0,3594.0,2446139.0,GBP,False,Served full year.,admiral_group_ar_2025,https://admiralgroup.co.uk/static-files/1cc7d555-af0c-42c8-b2d9-8bae4036c278,"=HYPERLINK(""https://admiralgroup.co.uk/static-files/1cc7d555-af0c-42c8-b2d9-8bae4036c278#page=177"",""p.177 of AR"")",2.0,
A.G. Barr Plc,BAG LN Equity,Consumer Staples,Food Beverage & Tobacco,Beverages,Soft Drinks & Non-alcoholic Beverages,664.7,2024,Roger White,Chief Executive Officer,515000.0,GBP,610000.0,784000.0,108000.0,40000.0,,2057000.0,GBP,False,,ag_barr_ar_2024,https://www.agbarr.co.uk/media/l0iibclx/50067-ag-barr-annual-report-2026-web2.pdf,"=HYPERLINK(""https://www.agbarr.co.uk/media/l0iibclx/50067-ag-barr-annual-report-2026-web2.pdf#page=80"",""p.80 of AR"")",2.0,
A.G. Barr Plc,BAG LN Equity,Consumer Staples,Food Beverage & Tobacco,Beverages,Soft Drinks & Non-alcoholic Beverages,664.7,2024,Stuart Lorimer,Executive Director,353000.0,GBP,420000.0,539000.0,74000.0,17000.0,,1403000.0,GBP,False,,ag_barr_ar_2024,https://www.agbarr.co.uk/media/l0iibclx/50067-ag-barr-annual-report-2026-web2.pdf,"=HYPERLINK(""https://www.agbarr.co.uk/media/l0iibclx/50067-ag-barr-annual-report-2026-web2.pdf#page=80"",""p.80 of AR"")",2.0,
A.G. Barr Plc,BAG LN Equity,Consumer Staples,Food Beverage & Tobacco,Beverages,Soft Drinks & Non-alcoholic Beverages,664.7,2024,Jonathan Kemp,Executive Director,268000.0,GBP,323000.0,411000.0,57000.0,18000.0,,1077000.0,GBP,False,,ag_barr_ar_2024,https://www.agbarr.co.uk/media/l0iibclx/50067-ag-barr-annual-report-2026-web2.pdf,"=HYPERLINK(""https://www.agbarr.co.uk/media/l0iibclx/50067-ag-barr-annual-report-2026-web2.pdf#page=80"",""p.80 of AR"")",2.0,
A.G. Barr Plc,BAG LN Equity,Consumer Staples,Food Beverage & Tobacco,Beverages,Soft Drinks & Non-alcoholic Beverages,664.7,2023,Roger White,Chief Executive Officer,503000.0,GBP,462000.0,506000.0,269000.0,41000.0,,1781000.0,GBP,False,,ag_barr_ar_2024,https://www.agbarr.co.uk/media/l0iibclx/50067-ag-barr-annual-report-2026-web2.pdf,"=HYPERLINK(""https://www.agbarr.co.uk/media/l0iibclx/50067-ag-barr-annual-report-2026-web2.pdf#page=83"",""p.83 of AR"")",2.0,
A.G. Barr Plc,BAG LN Equity,Consumer Staples,Food Beverage & Tobacco,Beverages,Soft Drinks & Non-alcoholic Beverages,664.7,2023,Stuart Lorimer,Executive Director,340000.0,GBP,318000.0,348000.0,77000.0,18000.0,,1101000.0,GBP,False,,ag_barr_ar_2024,https://www.agbarr.co.uk/media/l0iibclx/50067-ag-barr-annual-report-2026-web2.pdf,"=HYPERLINK(""https://www.agbarr.co.uk/media/l0iibclx/50067-ag-barr-annual-report-2026-web2.pdf#page=83"",""p.83 of AR"")",2.0,
A.G. Barr Plc,BAG LN Equity,Consumer Staples,Food Beverage & Tobacco,Beverages,Soft Drinks & Non-alcoholic Beverages,664.7,2023,Jonathan Kemp,Executive Director,254000.0,GBP,242000.0,265000.0,57000.0,19000.0,,837000.0,GBP,False,,ag_barr_ar_2024,https://www.agbarr.co.uk/media/l0iibclx/50067-ag-barr-annual-report-2026-web2.pdf,"=HYPERLINK(""https://www.agbarr.co.uk/media/l0iibclx/50067-ag-barr-annual-report-2026-web2.pdf#page=83"",""p.83 of AR"")",2.0,
A.G. Barr Plc,BAG LN Equity,Consumer Staples,Food Beverage & Tobacco,Beverages,Soft Drinks & Non-alcoholic Beverages,664.7,FY1/26,Euan Sutherland,Chief Executive Officer,666000.0,GBP,476000.0,0.0,47000.0,32000.0,,1221000.0,GBP,False,"Full year as CEO in FY1/26. Note: Appointed to the Board on 1 May 2024, so FY1/25 figure was part-year only.",ag_barr_ar_2025,https://www.agbarr.co.uk/media/l0iibclx/50067-ag-barr-annual-report-2026-web2.pdf,"=HYPERLINK(""https://www.agbarr.co.uk/media/l0iibclx/50067-ag-barr-annual-report-2026-web2.pdf#page=100"",""p.100 of AR"")",2.0,
A.G. Barr Plc,BAG LN Equity,Consumer Staples,Food Beverage & Tobacco,Beverages,Soft Drinks & Non-alcoholic Beverages,664.7,FY1/26,Stuart Lorimer,Chief Finance and Operating Officer,420000.0,GBP,299000.0,678000.0,38000.0,16000.0,,1451000.0,GBP,False,"Salary increase reflects annual pay award plus exceptional adjustment for expanded role as Chief Finance and Operating Officer, effective 1 April 2025. Pension contribution reduced from 24% to 8% effective 1 April 2025, aligning with wider workforce rate. LTIP vesting relates to 2023 LTIP award: 106,251 shares at 93.1% vesting, 105,804 shares awarded at £6.41 per share = £678,000.",ag_barr_ar_2025,https://www.agbarr.co.uk/media/l0iibclx/50067-ag-barr-annual-report-2026-web2.pdf,"=HYPERLINK(""https://www.agbarr.co.uk/media/l0iibclx/50067-ag-barr-annual-report-2026-web2.pdf#page=100"",""p.100 of AR"")",2.0,
A.G. Barr Plc,BAG LN Equity,Consumer Staples,Food Beverage & Tobacco,Beverages,Soft Drinks & Non-alcoholic Beverages,664.7,FY1/25,Euan Sutherland,Chief Executive Officer,488000.0,GBP,611000.0,0.0,34000.0,163000.0,,1296000.0,GBP,True,"Appointed to the Board on 1 May 2024; remuneration covers approximately 9 months (1 May 2024 to 25 January 2025). Benefits figure of £163,000 is notably elevated due to a one-off lump sum relocation allowance on appointment. Annual bonus paid at 94.0% of maximum opportunity.",ag_barr_ar_2025,https://www.agbarr.co.uk/media/l0iibclx/50067-ag-barr-annual-report-2026-web2.pdf,"=HYPERLINK(""https://www.agbarr.co.uk/media/l0iibclx/50067-ag-barr-annual-report-2026-web2.pdf#page=100"",""p.100 of AR"")",2.0,
A.G. Barr Plc,BAG LN Equity,Consumer Staples,Food Beverage & Tobacco,Beverages,Soft Drinks & Non-alcoholic Beverages,664.7,FY1/25,Stuart Lorimer,Chief Finance Officer (subsequently expanded to Chief Finance and Operating Officer from 1 April 2025),367000.0,GBP,346000.0,662000.0,77000.0,20000.0,,1472000.0,GBP,False,"Pension of £77,000 reflects the higher 24% contribution rate applicable in FY1/25, prior to the reduction to 8% effective 1 April 2025. LTIP vesting relates to 2022 LTIP award: 95,187 shares at 100% vesting, 101,190 shares awarded (including dividend equivalents) at £6.54 per share = £662,000 (restated to reflect actual market value at vesting date of 8 April 2025, versus the estimate used in the prior year's Annual Report).",ag_barr_ar_2025,https://www.agbarr.co.uk/media/l0iibclx/50067-ag-barr-annual-report-2026-web2.pdf,"=HYPERLINK(""https://www.agbarr.co.uk/media/l0iibclx/50067-ag-barr-annual-report-2026-web2.pdf#page=100"",""p.100 of AR"")",2.0,
Airtel Africa Plc,AAF LN Equity,Communication Services,Telecommunication Services,Wireless Telecommunication Services,Wireless Telecommunication Services,11982.5,2024/25,Sunil Taldar,Chief Executive Officer,570000.0,USD,686000.0,0.0,33000.0,133000.0,0.0,1422000.0,USD,True,"Amount represents remuneration for time served as a director during 2024/25 (appointed as CEO during the year). Benefits breakdown: Expatriate housing ($69k), car ($44k), expatriate home leave ($8k), insurance ($12k). Pension represents end of service gratuity under Dubai employment law (does not receive pension contributions).",airtel_africa_ar_2025,https://cdn-webportal.airtelstream.net/website/investor/main/pdf/Airtel_Africa_plc_Annual_Report_and_Accounts_2026.pdf,"=HYPERLINK(""https://cdn-webportal.airtelstream.net/website/investor/main/pdf/Airtel_Africa_plc_Annual_Report_and_Accounts_2026.pdf#page=161"",""p.161 of AR"")",2.0,
Airtel Africa Plc,AAF LN Equity,Communication Services,Telecommunication Services,Wireless Telecommunication Services,Wireless Telecommunication Services,11982.5,2024/25,Jaideep Paul,Chief Financial Officer,670000.0,USD,758000.0,495000.0,43000.0,191000.0,0.0,2157000.0,USD,False,"Outgoing CFO - departure announced. Full year remuneration. Benefits breakdown: Expatriate housing ($93k), car ($58k), expatriate home leave ($22k), insurance ($18k). Pension represents end of service gratuity under Dubai employment law (does not receive pension contributions). LTIP: 152,873 PSU awards and 127,531 RSU awards granted 28 June 2022, vesting in 2025. Valued at average share price of GBP 1.398 ($1.764) between 1 January 2025 and 31 March 2025.",airtel_africa_ar_2025,https://cdn-webportal.airtelstream.net/website/investor/main/pdf/Airtel_Africa_plc_Annual_Report_and_Accounts_2026.pdf,"=HYPERLINK(""https://cdn-webportal.airtelstream.net/website/investor/main/pdf/Airtel_Africa_plc_Annual_Report_and_Accounts_2026.pdf#page=161"",""p.161 of AR"")",2.0,
Airtel Africa Plc,AAF LN Equity,Communication Services,Telecommunication Services,Wireless Telecommunication Services,Wireless Telecommunication Services,11982.5,2024/25,Segun Ogunsanya,Former Chief Executive Officer,252000.0,USD,265000.0,505000.0,40000.0,15000.0,505000.0,1076000.0,USD,True,"Amount represents remuneration for time served as a director during 2024/25 (departed during the year). Benefits breakdown: Car benefit ($5k), insurance ($10k). Pension: Received pension contribution of 10% of salary under legacy arrangements.",airtel_africa_ar_2025,https://cdn-webportal.airtelstream.net/website/investor/main/pdf/Airtel_Africa_plc_Annual_Report_and_Accounts_2026.pdf,"=HYPERLINK(""https://cdn-webportal.airtelstream.net/website/investor/main/pdf/Airtel_Africa_plc_Annual_Report_and_Accounts_2026.pdf#page=161"",""p.161 of AR"")",2.0,
Airtel Africa Plc,AAF LN Equity,Communication Services,Telecommunication Services,Wireless Telecommunication Services,Wireless Telecommunication Services,11982.5,2023/24,Jaideep Paul,Chief Financial Officer,638000.0,USD,776000.0,745000.0,40000.0,192000.0,0.0,2391000.0,USD,False,Full year as Chief Financial Officer,airtel_africa_ar_2025,https://cdn-webportal.airtelstream.net/website/investor/main/pdf/Airtel_Africa_plc_Annual_Report_and_Accounts_2026.pdf,"=HYPERLINK(""https://cdn-webportal.airtelstream.net/website/investor/main/pdf/Airtel_Africa_plc_Annual_Report_and_Accounts_2026.pdf#page=161"",""p.161 of AR"")",2.0,
Airtel Africa Plc,AAF LN Equity,Communication Services,Telecommunication Services,Wireless Telecommunication Services,Wireless Telecommunication Services,11982.5,2023/24,Segun Ogunsanya,Chief Executive Officer,1001000.0,USD,1276000.0,1378000.0,162000.0,435000.0,2083000.0,6335000.0,USD,False,Full year as Chief Executive Officer,airtel_africa_ar_2025,https://cdn-webportal.airtelstream.net/website/investor/main/pdf/Airtel_Africa_plc_Annual_Report_and_Accounts_2026.pdf,"=HYPERLINK(""https://cdn-webportal.airtelstream.net/website/investor/main/pdf/Airtel_Africa_plc_Annual_Report_and_Accounts_2026.pdf#page=161"",""p.161 of AR"")",2.0,
AJ Bell Plc,AJB LN Equity,Financials,Financial Services,Capital Markets,Investment Banking & Brokerage,2040.9,FY2025,Michael Summersgill,Chief Executive Officer,541000.0,GBP,571000.0,1303000.0,38000.0,2000.0,,2455000.0,GBP,False,Served full year in FY2025. Achieved EIP vesting of 80% of maximum opportunity. EIP Deferred Award value based on share price of 505p at initial vesting on 18 November 2025.,aj_bell_ar_2025,https://www.ajbell.co.uk/group/sites/ajbell.co.uk/files/accounts/FY25-annual-report.pdf,"=HYPERLINK(""https://www.ajbell.co.uk/group/sites/ajbell.co.uk/files/accounts/FY25-annual-report.pdf#page=99"",""p.99 of AR"")",2.0,
AJ Bell Plc,AJB LN Equity,Financials,Financial Services,Capital Markets,Investment Banking & Brokerage,2040.9,FY2025,Roger Stott,Executive Director (resigned/retired 31 December 2024),79000.0,GBP,0.0,0.0,6000.0,19000.0,,104000.0,GBP,True,"Stepped down as Executive Director on 31 December 2024 (approximately 3 months of FY2025). Received salary, pension and benefits up to 31 December 2024 only. Did not participate in the FY25 EIP. Additionally received payments totalling £63,458 in respect of base salary during his six-month notice period (post-resignation, not included in the single figure table).",aj_bell_ar_2025,https://www.ajbell.co.uk/group/sites/ajbell.co.uk/files/accounts/FY25-annual-report.pdf,"=HYPERLINK(""https://www.ajbell.co.uk/group/sites/ajbell.co.uk/files/accounts/FY25-annual-report.pdf#page=106"",""p.106 of AR"")",2.0,
AJ Bell Plc,AJB LN Equity,Financials,Financial Services,Capital Markets,Investment Banking & Brokerage,2040.9,FY2025,Peter Birch,Chief Financial Officer,425000.0,GBP,393000.0,896000.0,30000.0,10000.0,,1754000.0,GBP,False,Served full year in FY2025. Achieved EIP vesting of 80% of maximum opportunity. EIP Deferred Award value based on share price of 505p at initial vesting on 18 November 2025.,aj_bell_ar_2025,https://www.ajbell.co.uk/group/sites/ajbell.co.uk/files/accounts/FY25-annual-report.pdf,"=HYPERLINK(""https://www.ajbell.co.uk/group/sites/ajbell.co.uk/files/accounts/FY25-annual-report.pdf#page=99"",""p.99 of AR"")",2.0,
AJ Bell Plc,AJB LN Equity,Financials,Financial Services,Capital Markets,Investment Banking & Brokerage,2040.9,FY2024,Michael Summersgill,Chief Executive Officer,525000.0,GBP,630000.0,945000.0,10000.0,4000.0,,2114000.0,GBP,False,Served full year in FY2024. Achieved EIP vesting of 74% of maximum opportunity. EIP Deferred Award value based on share price of 460p at vesting. Benefits figure is restated.,aj_bell_ar_2025,https://www.ajbell.co.uk/group/sites/ajbell.co.uk/files/accounts/FY25-annual-report.pdf,"=HYPERLINK(""https://www.ajbell.co.uk/group/sites/ajbell.co.uk/files/accounts/FY25-annual-report.pdf#page=113"",""p.113 of AR"")",2.0,
AJ Bell Plc,AJB LN Equity,Financials,Financial Services,Capital Markets,Investment Banking & Brokerage,2040.9,FY2024,Roger Stott,Executive Director (CFO),306000.0,GBP,297000.0,445000.0,10000.0,23000.0,,1081000.0,GBP,False,Served full year in FY2024. Achieved EIP vesting of 74% of maximum opportunity. EIP Deferred Award value based on share price of 460p at vesting. Benefits figure is restated.,aj_bell_ar_2025,https://www.ajbell.co.uk/group/sites/ajbell.co.uk/files/accounts/FY25-annual-report.pdf,"=HYPERLINK(""https://www.ajbell.co.uk/group/sites/ajbell.co.uk/files/accounts/FY25-annual-report.pdf#page=106"",""p.106 of AR"")",2.0,
AJ Bell Plc,AJB LN Equity,Financials,Financial Services,Capital Markets,Investment Banking & Brokerage,2040.9,FY2024,Peter Birch,Chief Financial Officer,385000.0,GBP,428000.0,642000.0,10000.0,4000.0,,1469000.0,GBP,False,Served full year in FY2024. Achieved EIP vesting of 74% of maximum opportunity. EIP Deferred Award value based on share price of 460p at vesting. Benefits figure is restated.,aj_bell_ar_2025,https://www.ajbell.co.uk/group/sites/ajbell.co.uk/files/accounts/FY25-annual-report.pdf,"=HYPERLINK(""https://www.ajbell.co.uk/group/sites/ajbell.co.uk/files/accounts/FY25-annual-report.pdf#page=106"",""p.106 of AR"")",2.0,
Alfa Financial Software Holdings Plc,ALFA LN Equity,Information Technology,Software & Services,Software,Application Software,463.7,2024,Andrew Page,Executive Chairman,27000.0,GBP,0.0,0.0,0.0,1000.0,0.0,28000.0,GBP,False,Chairman voluntarily waived right to receive bonus and LTIP. Salary aligned with London Living Wage.,alfa_financial_software_holdings_ar_2024,https://alfa-website-2022.cdn.prismic.io/alfa-website-2022/acJciZGXnQHGY5CT_2025_Alfa_AR25_FullReport.pdf,"=HYPERLINK(""https://alfa-website-2022.cdn.prismic.io/alfa-website-2022/acJciZGXnQHGY5CT_2025_Alfa_AR25_FullReport.pdf#page=87"",""p.87 of AR"")",2.0,
Alfa Financial Software Holdings Plc,ALFA LN Equity,Information Technology,Software & Services,Software,Application Software,463.7,2024,Andrew Denton,Chief Executive Officer,27000.0,GBP,0.0,0.0,0.0,3000.0,0.0,30000.0,GBP,False,CEO voluntarily waived right to receive bonus and LTIP. Salary aligned with London Living Wage.,alfa_financial_software_holdings_ar_2024,https://alfa-website-2022.cdn.prismic.io/alfa-website-2022/acJciZGXnQHGY5CT_2025_Alfa_AR25_FullReport.pdf,"=HYPERLINK(""https://alfa-website-2022.cdn.prismic.io/alfa-website-2022/acJciZGXnQHGY5CT_2025_Alfa_AR25_FullReport.pdf#page=87"",""p.87 of AR"")",2.0,
Alfa Financial Software Holdings Plc,ALFA LN Equity,Information Technology,Software & Services,Software,Application Software,463.7,2024,Duncan Magrath,Chief Financial Officer,300000.0,GBP,259000.0,466000.0,18000.0,2000.0,0.0,1045000.0,GBP,False,Pension provided as 6% cash allowance in lieu of pension contribution. LTIP relates to 87% vesting of 2022 awards (vesting April 2025). Annual bonus represents 69.0% of maximum opportunity (125% of salary).,alfa_financial_software_holdings_ar_2024,https://alfa-website-2022.cdn.prismic.io/alfa-website-2022/acJciZGXnQHGY5CT_2025_Alfa_AR25_FullReport.pdf,"=HYPERLINK(""https://alfa-website-2022.cdn.prismic.io/alfa-website-2022/acJciZGXnQHGY5CT_2025_Alfa_AR25_FullReport.pdf#page=87"",""p.87 of AR"")",2.0,
Alfa Financial Software Holdings Plc,ALFA LN Equity,Information Technology,Software & Services,Software,Application Software,463.7,2024,Matthew White,Chief Operating Officer,241000.0,GBP,207000.0,248000.0,14000.0,3000.0,0.0,714000.0,GBP,False,Pension provided as 6% cash allowance in lieu of pension contribution. LTIP relates to 87% vesting of 2022 awards (vesting April 2025). Annual bonus represents 68.6% of maximum opportunity (125% of salary).,alfa_financial_software_holdings_ar_2024,https://alfa-website-2022.cdn.prismic.io/alfa-website-2022/acJciZGXnQHGY5CT_2025_Alfa_AR25_FullReport.pdf,"=HYPERLINK(""https://alfa-website-2022.cdn.prismic.io/alfa-website-2022/acJciZGXnQHGY5CT_2025_Alfa_AR25_FullReport.pdf#page=87"",""p.87 of AR"")",2.0,
Alfa Financial Software Holdings Plc,ALFA LN Equity,Information Technology,Software & Services,Software,Application Software,463.7,2023,Andrew Page,Executive Chairman,25000.0,GBP,0.0,0.0,0.0,1000.0,0.0,26000.0,GBP,False,,alfa_financial_software_holdings_ar_2024,https://alfa-website-2022.cdn.prismic.io/alfa-website-2022/acJciZGXnQHGY5CT_2025_Alfa_AR25_FullReport.pdf,"=HYPERLINK(""https://alfa-website-2022.cdn.prismic.io/alfa-website-2022/acJciZGXnQHGY5CT_2025_Alfa_AR25_FullReport.pdf#page=87"",""p.87 of AR"")",2.0,
Alfa Financial Software Holdings Plc,ALFA LN Equity,Information Technology,Software & Services,Software,Application Software,463.7,2023,Andrew Denton,Chief Executive Officer,25000.0,GBP,0.0,0.0,0.0,3000.0,0.0,28000.0,GBP,False,,alfa_financial_software_holdings_ar_2024,https://alfa-website-2022.cdn.prismic.io/alfa-website-2022/acJciZGXnQHGY5CT_2025_Alfa_AR25_FullReport.pdf,"=HYPERLINK(""https://alfa-website-2022.cdn.prismic.io/alfa-website-2022/acJciZGXnQHGY5CT_2025_Alfa_AR25_FullReport.pdf#page=87"",""p.87 of AR"")",2.0,
Alfa Financial Software Holdings Plc,ALFA LN Equity,Information Technology,Software & Services,Software,Application Software,463.7,2023,Duncan Magrath,Chief Financial Officer,289000.0,GBP,147000.0,481000.0,17000.0,13000.0,0.0,947000.0,GBP,False,Benefits in 2023 included car allowance.,alfa_financial_software_holdings_ar_2024,https://alfa-website-2022.cdn.prismic.io/alfa-website-2022/acJciZGXnQHGY5CT_2025_Alfa_AR25_FullReport.pdf,"=HYPERLINK(""https://alfa-website-2022.cdn.prismic.io/alfa-website-2022/acJciZGXnQHGY5CT_2025_Alfa_AR25_FullReport.pdf#page=87"",""p.87 of AR"")",2.0,
Alfa Financial Software Holdings Plc,ALFA LN Equity,Information Technology,Software & Services,Software,Application Software,463.7,2023,Matthew White,Chief Operating Officer,231000.0,GBP,121000.0,257000.0,14000.0,14000.0,0.0,637000.0,GBP,False,Benefits in 2023 included car allowance.,alfa_financial_software_holdings_ar_2024,https://alfa-website-2022.cdn.prismic.io/alfa-website-2022/acJciZGXnQHGY5CT_2025_Alfa_AR25_FullReport.pdf,"=HYPERLINK(""https://alfa-website-2022.cdn.prismic.io/alfa-website-2022/acJciZGXnQHGY5CT_2025_Alfa_AR25_FullReport.pdf#page=87"",""p.87 of AR"")",2.0,
Alfa Financial Software Holdings Plc,ALFA LN Equity,Information Technology,Software & Services,Software,Application Software,463.7,FY2025,Andrew Page,Executive Chairman,29000.0,GBP,0.0,0.0,0.0,1000.0,,30000.0,GBP,False,Salary set at London Living Wage level; voluntarily waived bonus and LTIP entitlement for 2025,alfa_financial_software_holdings_ar_2025,https://alfa-website-2022.cdn.prismic.io/alfa-website-2022/acJciZGXnQHGY5CT_2025_Alfa_AR25_FullReport.pdf,"=HYPERLINK(""https://alfa-website-2022.cdn.prismic.io/alfa-website-2022/acJciZGXnQHGY5CT_2025_Alfa_AR25_FullReport.pdf#page=87"",""p.87 of AR"")",2.0,
Alfa Financial Software Holdings Plc,ALFA LN Equity,Information Technology,Software & Services,Software,Application Software,463.7,FY2025,Andrew Denton,Chief Executive Officer (CEO),29000.0,GBP,0.0,0.0,0.0,3000.0,,32000.0,GBP,False,Salary set at London Living Wage level; opted out of pension scheme; voluntarily waived bonus and LTIP entitlement for 2025,alfa_financial_software_holdings_ar_2025,https://alfa-website-2022.cdn.prismic.io/alfa-website-2022/acJciZGXnQHGY5CT_2025_Alfa_AR25_FullReport.pdf,"=HYPERLINK(""https://alfa-website-2022.cdn.prismic.io/alfa-website-2022/acJciZGXnQHGY5CT_2025_Alfa_AR25_FullReport.pdf#page=87"",""p.87 of AR"")",2.0,
Alfa Financial Software Holdings Plc,ALFA LN Equity,Information Technology,Software & Services,Software,Application Software,463.7,FY2025,Duncan Magrath,Chief Financial Officer (CFO),310000.0,GBP,288000.0,528000.0,18000.0,3000.0,,1147000.0,GBP,False,"Duncan Magrath announced intention to retire at end of 2026; served full year in 2025. Pension is cash payment in lieu of pension contribution at 6% of salary. Annual bonus represents 74.4% of maximum; 50% paid in cash, 50% deferred into shares for 3 years. LTIP represents 73.6% vesting of 2023 LTIP award; valued using 3-month average share price of 223.6p to 31 December 2025; formal vesting 9 April 2026.",alfa_financial_software_holdings_ar_2025,https://alfa-website-2022.cdn.prismic.io/alfa-website-2022/acJciZGXnQHGY5CT_2025_Alfa_AR25_FullReport.pdf,"=HYPERLINK(""https://alfa-website-2022.cdn.prismic.io/alfa-website-2022/acJciZGXnQHGY5CT_2025_Alfa_AR25_FullReport.pdf#page=88"",""p.88 of AR"")",2.0,
Alfa Financial Software Holdings Plc,ALFA LN Equity,Information Technology,Software & Services,Software,Application Software,463.7,FY2025,Matthew White,Chief Operating Officer (COO),250000.0,GBP,228000.0,281000.0,15000.0,3000.0,,777000.0,GBP,False,"Pension is cash payment in lieu of pension contribution at 6% of salary. Annual bonus represents 72.8% of maximum; 50% paid in cash, 50% deferred into shares for 3 years. LTIP represents 73.6% vesting of 2023 LTIP award; valued using 3-month average share price of 223.6p to 31 December 2025; formal vesting 9 April 2026.",alfa_financial_software_holdings_ar_2025,https://alfa-website-2022.cdn.prismic.io/alfa-website-2022/acJciZGXnQHGY5CT_2025_Alfa_AR25_FullReport.pdf,"=HYPERLINK(""https://alfa-website-2022.cdn.prismic.io/alfa-website-2022/acJciZGXnQHGY5CT_2025_Alfa_AR25_FullReport.pdf#page=88"",""p.88 of AR"")",2.0,
Alfa Financial Software Holdings Plc,ALFA LN Equity,Information Technology,Software & Services,Software,Application Software,463.7,FY2024,Andrew Page,Executive Chairman,27000.0,GBP,0.0,0.0,0.0,1000.0,,28000.0,GBP,False,Salary set at London Living Wage level; voluntarily waived bonus and LTIP entitlement,alfa_financial_software_holdings_ar_2025,https://alfa-website-2022.cdn.prismic.io/alfa-website-2022/acJciZGXnQHGY5CT_2025_Alfa_AR25_FullReport.pdf,"=HYPERLINK(""https://alfa-website-2022.cdn.prismic.io/alfa-website-2022/acJciZGXnQHGY5CT_2025_Alfa_AR25_FullReport.pdf#page=87"",""p.87 of AR"")",2.0,
Alfa Financial Software Holdings Plc,ALFA LN Equity,Information Technology,Software & Services,Software,Application Software,463.7,FY2024,Andrew Denton,Chief Executive Officer (CEO),27000.0,GBP,0.0,0.0,0.0,3000.0,,30000.0,GBP,False,Salary set at London Living Wage level; opted out of pension scheme; voluntarily waived bonus and LTIP entitlement,alfa_financial_software_holdings_ar_2025,https://alfa-website-2022.cdn.prismic.io/alfa-website-2022/acJciZGXnQHGY5CT_2025_Alfa_AR25_FullReport.pdf,"=HYPERLINK(""https://alfa-website-2022.cdn.prismic.io/alfa-website-2022/acJciZGXnQHGY5CT_2025_Alfa_AR25_FullReport.pdf#page=87"",""p.87 of AR"")",2.0,
Alfa Financial Software Holdings Plc,ALFA LN Equity,Information Technology,Software & Services,Software,Application Software,463.7,FY2024,Duncan Magrath,Chief Financial Officer (CFO),300000.0,GBP,259000.0,445000.0,18000.0,2000.0,,1024000.0,GBP,False,Pension is cash payment in lieu of pension contribution at 6% of salary. LTIP figure restated using share price at date of vesting; relates to 2022 LTIP award.,alfa_financial_software_holdings_ar_2025,https://alfa-website-2022.cdn.prismic.io/alfa-website-2022/acJciZGXnQHGY5CT_2025_Alfa_AR25_FullReport.pdf,"=HYPERLINK(""https://alfa-website-2022.cdn.prismic.io/alfa-website-2022/acJciZGXnQHGY5CT_2025_Alfa_AR25_FullReport.pdf#page=87"",""p.87 of AR"")",2.0,
Alfa Financial Software Holdings Plc,ALFA LN Equity,Information Technology,Software & Services,Software,Application Software,463.7,FY2024,Matthew White,Chief Operating Officer (COO),241000.0,GBP,207000.0,237000.0,14000.0,3000.0,,703000.0,GBP,False,Pension is cash payment in lieu of pension contribution at 6% of salary. LTIP figure restated using share price at date of vesting; relates to 2022 LTIP award.,alfa_financial_software_holdings_ar_2025,https://alfa-website-2022.cdn.prismic.io/alfa-website-2022/acJciZGXnQHGY5CT_2025_Alfa_AR25_FullReport.pdf,"=HYPERLINK(""https://alfa-website-2022.cdn.prismic.io/alfa-website-2022/acJciZGXnQHGY5CT_2025_Alfa_AR25_FullReport.pdf#page=87"",""p.87 of AR"")",2.0,
Alpha Group International Plc,ALPH LN Equity,,,,,,2024,Morgan Tillbrook,Chief Executive Officer (CEO),500000.0,GBP,620000.0,0.0,4000.0,5000.0,0.0,1129000.0,GBP,False,"N/A (Note: Morgan Tillbrook stepped down as CEO on 31 December 2024, with Clive Kahn taking up the CEO role on 1 January 2025)",alpha_group_international_ar_2024,https://www.alphagroup.com/bitnami/wordpress/wp-content/uploads/2025/04/Alpha-Group-Annual-Report-FY2024.pdf,"=HYPERLINK(""https://www.alphagroup.com/bitnami/wordpress/wp-content/uploads/2025/04/Alpha-Group-Annual-Report-FY2024.pdf#page=70"",""p.70 of AR"")",2.0,
Alpha Group International Plc,ALPH LN Equity,,,,,,2024,Tim Powell,Chief Financial Officer (CFO),325000.0,GBP,515000.0,0.0,4000.0,1000.0,0.0,845000.0,GBP,False,N/A,alpha_group_international_ar_2024,https://www.alphagroup.com/bitnami/wordpress/wp-content/uploads/2025/04/Alpha-Group-Annual-Report-FY2024.pdf,"=HYPERLINK(""https://www.alphagroup.com/bitnami/wordpress/wp-content/uploads/2025/04/Alpha-Group-Annual-Report-FY2024.pdf#page=67"",""p.67 of AR"")",2.0,
Alpha Group International Plc,ALPH LN Equity,,,,,,2024,Tim Butters,Chief Risk Officer (CRO),300000.0,GBP,50000.0,0.0,4000.0,1000.0,0.0,355000.0,GBP,False,N/A,alpha_group_international_ar_2024,https://www.alphagroup.com/bitnami/wordpress/wp-content/uploads/2025/04/Alpha-Group-Annual-Report-FY2024.pdf,"=HYPERLINK(""https://www.alphagroup.com/bitnami/wordpress/wp-content/uploads/2025/04/Alpha-Group-Annual-Report-FY2024.pdf#page=67"",""p.67 of AR"")",2.0,
Alpha Group International Plc,ALPH LN Equity,,,,,,2023,Morgan Tillbrook,Chief Executive Officer (CEO),500000.0,GBP,0.0,0.0,4000.0,6000.0,0.0,510000.0,GBP,False,N/A,alpha_group_international_ar_2024,https://www.alphagroup.com/bitnami/wordpress/wp-content/uploads/2025/04/Alpha-Group-Annual-Report-FY2024.pdf,"=HYPERLINK(""https://www.alphagroup.com/bitnami/wordpress/wp-content/uploads/2025/04/Alpha-Group-Annual-Report-FY2024.pdf#page=67"",""p.67 of AR"")",2.0,
Alpha Group International Plc,ALPH LN Equity,,,,,,2023,Tim Powell,Chief Financial Officer (CFO),225000.0,GBP,0.0,0.0,4000.0,1000.0,0.0,230000.0,GBP,False,N/A,alpha_group_international_ar_2024,https://www.alphagroup.com/bitnami/wordpress/wp-content/uploads/2025/04/Alpha-Group-Annual-Report-FY2024.pdf,"=HYPERLINK(""https://www.alphagroup.com/bitnami/wordpress/wp-content/uploads/2025/04/Alpha-Group-Annual-Report-FY2024.pdf#page=67"",""p.67 of AR"")",2.0,
Alpha Group International Plc,ALPH LN Equity,,,,,,2023,Tim Butters,Chief Risk Officer (CRO),250000.0,GBP,0.0,403000.0,4000.0,1000.0,0.0,658000.0,GBP,False,N/A,alpha_group_international_ar_2024,https://www.alphagroup.com/bitnami/wordpress/wp-content/uploads/2025/04/Alpha-Group-Annual-Report-FY2024.pdf,"=HYPERLINK(""https://www.alphagroup.com/bitnami/wordpress/wp-content/uploads/2025/04/Alpha-Group-Annual-Report-FY2024.pdf#page=67"",""p.67 of AR"")",2.0,
Anglo American Plc,AAL LN Equity,Materials,Materials,Metals & Mining,Diversified Metals & Mining,41070.1,2024,Duncan Wanblad,Chief Executive Officer,1352000.0,GBP,1878000.0,622000.0,328000.0,206000.0,5000.0,4391000.0,GBP,False,Full year service,anglo_american_ar_2024,https://www.angloamerican.com/~/media/Files/A/Anglo-American-Group-v9/PLC/investors/annual-reporting/2025/aa-annual-report-full-2025.pdf,"=HYPERLINK(""https://www.angloamerican.com/~/media/Files/A/Anglo-American-Group-v9/PLC/investors/annual-reporting/2025/aa-annual-report-full-2025.pdf#page=222"",""p.222 of AR"")",2.0,
Anglo American Plc,AAL LN Equity,Materials,Materials,Metals & Mining,Diversified Metals & Mining,41070.1,2024,John Heasley,Finance Director (CFO),810000.0,GBP,1139000.0,0.0,107000.0,88000.0,525000.0,2645000.0,GBP,False,"Appointed as Finance Director on 1 December 2023, so 2024 represents first full year in role",anglo_american_ar_2024,https://www.angloamerican.com/~/media/Files/A/Anglo-American-Group-v9/PLC/investors/annual-reporting/2025/aa-annual-report-full-2025.pdf,"=HYPERLINK(""https://www.angloamerican.com/~/media/Files/A/Anglo-American-Group-v9/PLC/investors/annual-reporting/2025/aa-annual-report-full-2025.pdf#page=214"",""p.214 of AR"")",2.0,
Anglo American Plc,AAL LN Equity,Materials,Materials,Metals & Mining,Diversified Metals & Mining,41070.1,2024,Stephen Pearce,Former Finance Director,0.0,GBP,208224.0,0.0,0.0,0.0,0.0,208224.0,GBP,True,Stepped down from Board on 1 December 2023; remained employee until 29 February 2024. Pro-rata bonus for period up to 29 February 2024,anglo_american_ar_2024,https://www.angloamerican.com/~/media/Files/A/Anglo-American-Group-v9/PLC/investors/annual-reporting/2025/aa-annual-report-full-2025.pdf,"=HYPERLINK(""https://www.angloamerican.com/~/media/Files/A/Anglo-American-Group-v9/PLC/investors/annual-reporting/2025/aa-annual-report-full-2025.pdf#page=214"",""p.214 of AR"")",2.0,
Anglo American Plc,AAL LN Equity,Materials,Materials,Metals & Mining,Diversified Metals & Mining,41070.1,2023,Duncan Wanblad,Chief Executive Officer,1300000.0,GBP,1046000.0,638000.0,304000.0,210000.0,5000.0,3503000.0,GBP,False,Full year service,anglo_american_ar_2024,https://www.angloamerican.com/~/media/Files/A/Anglo-American-Group-v9/PLC/investors/annual-reporting/2025/aa-annual-report-full-2025.pdf,"=HYPERLINK(""https://www.angloamerican.com/~/media/Files/A/Anglo-American-Group-v9/PLC/investors/annual-reporting/2025/aa-annual-report-full-2025.pdf#page=202"",""p.202 of AR"")",2.0,
Anglo American Plc,AAL LN Equity,Materials,Materials,Metals & Mining,Diversified Metals & Mining,41070.1,2023,John Heasley,Finance Director (CFO),68000.0,GBP,0.0,0.0,9000.0,8000.0,2078000.0,2163000.0,GBP,True,"Appointed as Finance Director on 1 December 2023, therefore only served one month in 2023",anglo_american_ar_2024,https://www.angloamerican.com/~/media/Files/A/Anglo-American-Group-v9/PLC/investors/annual-reporting/2025/aa-annual-report-full-2025.pdf,"=HYPERLINK(""https://www.angloamerican.com/~/media/Files/A/Anglo-American-Group-v9/PLC/investors/annual-reporting/2025/aa-annual-report-full-2025.pdf#page=202"",""p.202 of AR"")",2.0,
Anglo American Plc,AAL LN Equity,Materials,Materials,Metals & Mining,Diversified Metals & Mining,41070.1,FY2025,Duncan Wanblad,Chief Executive Officer,1386000.0,GBP,2095000.0,1000000.0,349000.0,216000.0,5000.0,5051000.0,GBP,False,Served full year,anglo_american_ar_2025,https://www.angloamerican.com/~/media/Files/A/Anglo-American-Group-v9/PLC/investors/annual-reporting/2025/aa-annual-report-full-2025.pdf,"=HYPERLINK(""https://www.angloamerican.com/~/media/Files/A/Anglo-American-Group-v9/PLC/investors/annual-reporting/2025/aa-annual-report-full-2025.pdf#page=229"",""p.229 of AR"")",2.0,
Anglo American Plc,AAL LN Equity,Materials,Materials,Metals & Mining,Diversified Metals & Mining,41070.1,FY2025,John Heasley,Chief Financial Officer,830000.0,GBP,1255000.0,0.0,121000.0,47000.0,5000.0,2234000.0,GBP,False,"Served full year. Note: a withholding deduction of (£24,000) is applied and reflected in the reported total compensation figure.",anglo_american_ar_2025,https://www.angloamerican.com/~/media/Files/A/Anglo-American-Group-v9/PLC/investors/annual-reporting/2025/aa-annual-report-full-2025.pdf,"=HYPERLINK(""https://www.angloamerican.com/~/media/Files/A/Anglo-American-Group-v9/PLC/investors/annual-reporting/2025/aa-annual-report-full-2025.pdf#page=229"",""p.229 of AR"")",2.0,
Anglo American Plc,AAL LN Equity,Materials,Materials,Metals & Mining,Diversified Metals & Mining,41070.1,FY2024,Duncan Wanblad,Chief Executive Officer,1352000.0,GBP,1878000.0,622000.0,328000.0,206000.0,5000.0,4391000.0,GBP,False,Served full year,anglo_american_ar_2025,https://www.angloamerican.com/~/media/Files/A/Anglo-American-Group-v9/PLC/investors/annual-reporting/2025/aa-annual-report-full-2025.pdf,"=HYPERLINK(""https://www.angloamerican.com/~/media/Files/A/Anglo-American-Group-v9/PLC/investors/annual-reporting/2025/aa-annual-report-full-2025.pdf#page=240"",""p.240 of AR"")",2.0,
Anglo American Plc,AAL LN Equity,Materials,Materials,Metals & Mining,Diversified Metals & Mining,41070.1,FY2024,John Heasley,Chief Financial Officer,810000.0,GBP,1139000.0,0.0,107000.0,88000.0,525000.0,2645000.0,GBP,False,"Served full year. Note: a withholding deduction of (£24,000) is applied and reflected in the reported total compensation figure.",anglo_american_ar_2025,https://www.angloamerican.com/~/media/Files/A/Anglo-American-Group-v9/PLC/investors/annual-reporting/2025/aa-annual-report-full-2025.pdf,"=HYPERLINK(""https://www.angloamerican.com/~/media/Files/A/Anglo-American-Group-v9/PLC/investors/annual-reporting/2025/aa-annual-report-full-2025.pdf#page=240"",""p.240 of AR"")",2.0,
Anglo-Eastern Plantations Plc,AEP LN Equity,Consumer Staples,Food Beverage & Tobacco,Food Products,Agricultural Products & Services,845.2,2024,Marcus Chan Jau Chwen,Executive Director of Corporate Affairs,74000.0,USD,0.0,0.0,0.0,20000.0,0.0,94000.0,USD,True,Appointed as Executive Director of Corporate Affairs effective 1 October 2024 (previously served as Non-Independent Non-Executive Director from 10 August 2022),anglo_eastern_plantations_ar_2024,https://aepplantations.com/wp-content/uploads/2026/04/AEP-Plantations-PLC-Annual-Report-2025.pdf,"=HYPERLINK(""https://aepplantations.com/wp-content/uploads/2026/04/AEP-Plantations-PLC-Annual-Report-2025.pdf#page=48"",""p.48 of AR"")",2.0,
Anglo-Eastern Plantations Plc,AEP LN Equity,Consumer Staples,Food Beverage & Tobacco,Food Products,Agricultural Products & Services,845.2,2024,Dato' John Lim Ewe Chuan,Executive Director,153000.0,USD,0.0,0.0,0.0,0.0,0.0,153000.0,USD,False,"Resigned on 31 December 2024. Appointed as Senior Independent Non-Executive Director on 26 April 2008, redesignated as Executive Director on 1 September 2010",anglo_eastern_plantations_ar_2024,https://aepplantations.com/wp-content/uploads/2026/04/AEP-Plantations-PLC-Annual-Report-2025.pdf,"=HYPERLINK(""https://aepplantations.com/wp-content/uploads/2026/04/AEP-Plantations-PLC-Annual-Report-2025.pdf#page=45"",""p.45 of AR"")",2.0,
Anglo-Eastern Plantations Plc,AEP LN Equity,Consumer Staples,Food Beverage & Tobacco,Food Products,Agricultural Products & Services,845.2,2024,Kevin Wong Tack Wee,Group CEO,43000.0,USD,17000.0,0.0,2000.0,0.0,0.0,62000.0,USD,True,Appointed as Group CEO on 1 October 2024. Amounts reported are prorated to reflect his compensation for the period from 1 October 2024 to 31 December 2024 (3 months). Continued to be paid on the same basis per his contract prior to his appointment as CEO. The bonus represented 59% of maximum bonus potential (8 months' salary),anglo_eastern_plantations_ar_2024,https://aepplantations.com/wp-content/uploads/2026/04/AEP-Plantations-PLC-Annual-Report-2025.pdf,"=HYPERLINK(""https://aepplantations.com/wp-content/uploads/2026/04/AEP-Plantations-PLC-Annual-Report-2025.pdf#page=44"",""p.44 of AR"")",2.0,
Anglo-Eastern Plantations Plc,AEP LN Equity,Consumer Staples,Food Beverage & Tobacco,Food Products,Agricultural Products & Services,845.2,2023,Marcus Chan Jau Chwen,Non-Independent Non-Executive Director,47000.0,USD,0.0,0.0,0.0,0.0,0.0,47000.0,USD,False,Served as Non-Executive Director throughout 2023,anglo_eastern_plantations_ar_2024,https://aepplantations.com/wp-content/uploads/2026/04/AEP-Plantations-PLC-Annual-Report-2025.pdf,"=HYPERLINK(""https://aepplantations.com/wp-content/uploads/2026/04/AEP-Plantations-PLC-Annual-Report-2025.pdf#page=44"",""p.44 of AR"")",2.0,
Anglo-Eastern Plantations Plc,AEP LN Equity,Consumer Staples,Food Beverage & Tobacco,Food Products,Agricultural Products & Services,845.2,2023,Dato' John Lim Ewe Chuan,Executive Director,148000.0,USD,0.0,0.0,0.0,0.0,0.0,148000.0,USD,False,,anglo_eastern_plantations_ar_2024,https://aepplantations.com/wp-content/uploads/2026/04/AEP-Plantations-PLC-Annual-Report-2025.pdf,"=HYPERLINK(""https://aepplantations.com/wp-content/uploads/2026/04/AEP-Plantations-PLC-Annual-Report-2025.pdf#page=45"",""p.45 of AR"")",2.0,
Antofagasta Plc,ANTO LN Equity,Materials,Materials,Metals & Mining,Copper,37561.1,2024,Iván Arriagada,Chief Executive Officer (CEO),1213000.0,USD,1786000.0,2223000.0,0.0,212000.0,0.0,5434000.0,USD,False,Served full year,antofagasta_ar_2024,https://www.antofagasta.co.uk/media/4905/49913-antofagasta-ar25-web-ready.pdf,"=HYPERLINK(""https://www.antofagasta.co.uk/media/4905/49913-antofagasta-ar25-web-ready.pdf#page=150"",""p.150 of AR"")",2.0,
Antofagasta Plc,ANTO LN Equity,Materials,Materials,Metals & Mining,Copper,37561.1,2023,Iván Arriagada,Chief Executive Officer (CEO),1307000.0,USD,1805000.0,1798000.0,0.0,136000.0,0.0,5046000.0,USD,False,Served full year,antofagasta_ar_2024,https://www.antofagasta.co.uk/media/4905/49913-antofagasta-ar25-web-ready.pdf,"=HYPERLINK(""https://www.antofagasta.co.uk/media/4905/49913-antofagasta-ar25-web-ready.pdf#page=150"",""p.150 of AR"")",2.0,
Antofagasta Plc,ANTO LN Equity,Materials,Materials,Metals & Mining,Copper,37561.1,FY2025,Iván Arriagada,Chief Executive Officer (Group's lead executive; not a statutory Director — Antofagasta plc has no Executive Directors),1324000.0,USD,2374000.0,4863000.0,0.0,136000.0,0.0,8697000.0,USD,False,"N/A — served full year in role, no mid-year appointment, role change, or departure",antofagasta_ar_2025,https://www.antofagasta.co.uk/media/4905/49913-antofagasta-ar25-web-ready.pdf,"=HYPERLINK(""https://www.antofagasta.co.uk/media/4905/49913-antofagasta-ar25-web-ready.pdf#page=153"",""p.153 of AR"")",3.0,176.0
Antofagasta Plc,ANTO LN Equity,Materials,Materials,Metals & Mining,Copper,37561.1,FY2024,Iván Arriagada,Chief Executive Officer (Group's lead executive; not a statutory Director — Antofagasta plc has no Executive Directors),1213000.0,USD,1867000.0,2269000.0,0.0,212000.0,0.0,5561000.0,USD,False,"N/A — served full year in role, no mid-year appointment, role change, or departure",antofagasta_ar_2025,https://www.antofagasta.co.uk/media/4905/49913-antofagasta-ar25-web-ready.pdf,"=HYPERLINK(""https://www.antofagasta.co.uk/media/4905/49913-antofagasta-ar25-web-ready.pdf#page=153"",""p.153 of AR"")",3.0,176.0
AO World Plc,AO/ LN Equity,Consumer Discretionary,Consumer Discretionary Distribution & Retail,Specialty Retail,Computer & Electronics Retail,480.6,FY25,John Roberts,Chief Executive Officer (CEO),546174.0,GBP,422193.0,353827.0,4000.0,65836.0,,1392030.0,GBP,False,Served full year in role,ao_world_ar_2025,https://www.ao-world.com/wp-content/uploads/2026/06/AO-AR26-Print-Version-FINAL.pdf,"=HYPERLINK(""https://www.ao-world.com/wp-content/uploads/2026/06/AO-AR26-Print-Version-FINAL.pdf#page=87"",""p.87 of AR"")",3.0,149.0
AO World Plc,AO/ LN Equity,Consumer Discretionary,Consumer Discretionary Distribution & Retail,Specialty Retail,Computer & Electronics Retail,480.6,FY25,Mark Higgins,"Chief Financial Officer (CFO); promoted to combined CFO and COO role effective at the end of FY25 (change reflected in FY26 remuneration, not FY25 single figure)",400500.0,GBP,309587.0,266895.0,10000.0,49907.0,,1036889.0,GBP,False,"Served full year as CFO during FY25; promotion to CFO/COO occurred at year-end, effective for FY26 salary/remuneration structure only (see Chunk 214)",ao_world_ar_2025,https://www.ao-world.com/wp-content/uploads/2026/06/AO-AR26-Print-Version-FINAL.pdf,"=HYPERLINK(""https://www.ao-world.com/wp-content/uploads/2026/06/AO-AR26-Print-Version-FINAL.pdf#page=87"",""p.87 of AR"")",3.0,149.0
AO World Plc,AO/ LN Equity,Consumer Discretionary,Consumer Discretionary Distribution & Retail,Specialty Retail,Computer & Electronics Retail,480.6,FY24,John Roberts,Chief Executive Officer (CEO),510427.0,GBP,503791.0,460200.0,4000.0,63150.0,,1541568.0,GBP,False,,ao_world_ar_2025,https://www.ao-world.com/wp-content/uploads/2026/06/AO-AR26-Print-Version-FINAL.pdf,"=HYPERLINK(""https://www.ao-world.com/wp-content/uploads/2026/06/AO-AR26-Print-Version-FINAL.pdf#page=87"",""p.87 of AR"")",3.0,149.0
AO World Plc,AO/ LN Equity,Consumer Discretionary,Consumer Discretionary Distribution & Retail,Specialty Retail,Computer & Electronics Retail,480.6,FY24,Mark Higgins,Chief Financial Officer (CFO),385097.0,GBP,380091.0,347134.0,10000.0,47602.0,,1169924.0,GBP,False,,ao_world_ar_2025,https://www.ao-world.com/wp-content/uploads/2026/06/AO-AR26-Print-Version-FINAL.pdf,"=HYPERLINK(""https://www.ao-world.com/wp-content/uploads/2026/06/AO-AR26-Print-Version-FINAL.pdf#page=87"",""p.87 of AR"")",3.0,149.0
AO World Plc,AO/ LN Equity,Consumer Discretionary,Consumer Discretionary Distribution & Retail,Specialty Retail,Computer & Electronics Retail,480.6,FY26,John Roberts,Chief Executive Officer (CEO),557080.0,GBP,461262.0,920971.0,22000.0,49232.0,,2010546.0,GBP,False,Served full year,ao_world_ar_2026,https://www.ao-world.com/wp-content/uploads/2026/06/AO-AR26-Print-Version-FINAL.pdf,"=HYPERLINK(""https://www.ao-world.com/wp-content/uploads/2026/06/AO-AR26-Print-Version-FINAL.pdf#page=62"",""p.62 of AR"")",3.0,112.0
AO World Plc,AO/ LN Equity,Consumer Discretionary,Consumer Discretionary Distribution & Retail,Specialty Retail,Computer & Electronics Retail,480.6,FY26,Mark Higgins,Chief Financial Officer and Chief Operating Officer (CFO/COO),475000.0,GBP,393300.0,694836.0,10000.0,57089.0,,1630224.0,GBP,False,"Served full year, but salary increase year-on-year reflects Mark's promotion to the combined CFO and COO role with additional responsibilities (not a mid-year change; full FY26 salary reflects the new combined role for the entire year)",ao_world_ar_2026,https://www.ao-world.com/wp-content/uploads/2026/06/AO-AR26-Print-Version-FINAL.pdf,"=HYPERLINK(""https://www.ao-world.com/wp-content/uploads/2026/06/AO-AR26-Print-Version-FINAL.pdf#page=62"",""p.62 of AR"")",3.0,112.0
AO World Plc,AO/ LN Equity,Consumer Discretionary,Consumer Discretionary Distribution & Retail,Specialty Retail,Computer & Electronics Retail,480.6,FY25,John Roberts,Chief Executive Officer (CEO),546174.0,GBP,422193.0,346965.0,4000.0,65836.0,,1385168.0,GBP,False,Served full year,ao_world_ar_2026,https://www.ao-world.com/wp-content/uploads/2026/06/AO-AR26-Print-Version-FINAL.pdf,"=HYPERLINK(""https://www.ao-world.com/wp-content/uploads/2026/06/AO-AR26-Print-Version-FINAL.pdf#page=62"",""p.62 of AR"")",3.0,112.0
AO World Plc,AO/ LN Equity,Consumer Discretionary,Consumer Discretionary Distribution & Retail,Specialty Retail,Computer & Electronics Retail,480.6,FY25,Mark Higgins,Chief Financial Officer (CFO) — role expanded to CFO/COO during FY26,400500.0,GBP,309587.0,261719.0,10000.0,49907.0,,1031713.0,GBP,False,Served full year as CFO,ao_world_ar_2026,https://www.ao-world.com/wp-content/uploads/2026/06/AO-AR26-Print-Version-FINAL.pdf,"=HYPERLINK(""https://www.ao-world.com/wp-content/uploads/2026/06/AO-AR26-Print-Version-FINAL.pdf#page=62"",""p.62 of AR"")",3.0,112.0
Ashmore Group Plc,ASHM LN Equity,Financials,Financial Services,Capital Markets,Asset Management & Custody Banks,1414.7,FY2025,Mark Coombs,Chief Executive Officer,100000.0,GBP,0.0,119006.0,9000.0,1149.0,0.0,229155.0,GBP,False,N/A,ashmore_group_ar_2025,https://ir.ashmoregroup.com/sites/ir/files/2025-09/Ashmore-FY2025-ARA-website.pdf,"=HYPERLINK(""https://ir.ashmoregroup.com/sites/ir/files/2025-09/Ashmore-FY2025-ARA-website.pdf#page=83"",""p.83 of AR"")",2.0,
Ashmore Group Plc,ASHM LN Equity,Financials,Financial Services,Capital Markets,Asset Management & Custody Banks,1414.7,FY2025,Tom Shippey,Group Finance Director,140000.0,GBP,1248750.0,39670.0,14000.0,3764.0,0.0,1446184.0,GBP,False,N/A,ashmore_group_ar_2025,https://ir.ashmoregroup.com/sites/ir/files/2025-09/Ashmore-FY2025-ARA-website.pdf,"=HYPERLINK(""https://ir.ashmoregroup.com/sites/ir/files/2025-09/Ashmore-FY2025-ARA-website.pdf#page=83"",""p.83 of AR"")",2.0,
Ashmore Group Plc,ASHM LN Equity,Financials,Financial Services,Capital Markets,Asset Management & Custody Banks,1414.7,FY2024,Mark Coombs,Chief Executive Officer,100000.0,GBP,1875001.0,100524.0,9000.0,2330.0,0.0,2086855.0,GBP,False,N/A,ashmore_group_ar_2025,https://ir.ashmoregroup.com/sites/ir/files/2025-09/Ashmore-FY2025-ARA-website.pdf,"=HYPERLINK(""https://ir.ashmoregroup.com/sites/ir/files/2025-09/Ashmore-FY2025-ARA-website.pdf#page=83"",""p.83 of AR"")",2.0,
Ashmore Group Plc,ASHM LN Equity,Financials,Financial Services,Capital Markets,Asset Management & Custody Banks,1414.7,FY2024,Tom Shippey,Group Finance Director,135000.0,GBP,1478750.0,30545.0,12983.0,5826.0,0.0,1663104.0,GBP,False,N/A,ashmore_group_ar_2025,https://ir.ashmoregroup.com/sites/ir/files/2025-09/Ashmore-FY2025-ARA-website.pdf,"=HYPERLINK(""https://ir.ashmoregroup.com/sites/ir/files/2025-09/Ashmore-FY2025-ARA-website.pdf#page=83"",""p.83 of AR"")",2.0,
Ashtead Group Plc,AHT LN Equity,Industrials,Capital Goods,Trading Companies & Distributors,Trading Companies & Distributors,,2024/25,Brendan Horgan,Chief Executive Officer,1170000.0,USD,1507000.0,2190000.0,31000.0,86000.0,0.0,4984000.0,USD,False,Full year service,ashtead_group_ar_2025,https://ir.sunbeltrentals.com/_assets/_9e286c86847803e1180566458d2f7d1a/sunbeltrentals/db/3746/34974/annual_report/Ashtead_Annual_Report_2025_.pdf,"=HYPERLINK(""https://ir.sunbeltrentals.com/_assets/_9e286c86847803e1180566458d2f7d1a/sunbeltrentals/db/3746/34974/annual_report/Ashtead_Annual_Report_2025_.pdf#page=108"",""p.108 of AR"")",2.0,
Ashtead Group Plc,AHT LN Equity,Industrials,Capital Goods,Trading Companies & Distributors,Trading Companies & Distributors,,2024/25,Michael Pratt,Chief Financial Officer,530000.0,GBP,527000.0,684000.0,32000.0,6000.0,0.0,1779000.0,GBP,True,Stepped down as CFO and Board director on 28 February 2025 (served 10 months of the financial year). Remuneration covers period to 28 February 2025. Remains as employee until 2 September 2025.,ashtead_group_ar_2025,https://ir.sunbeltrentals.com/_assets/_9e286c86847803e1180566458d2f7d1a/sunbeltrentals/db/3746/34974/annual_report/Ashtead_Annual_Report_2025_.pdf,"=HYPERLINK(""https://ir.sunbeltrentals.com/_assets/_9e286c86847803e1180566458d2f7d1a/sunbeltrentals/db/3746/34974/annual_report/Ashtead_Annual_Report_2025_.pdf#page=108"",""p.108 of AR"")",2.0,
Ashtead Group Plc,AHT LN Equity,Industrials,Capital Goods,Trading Companies & Distributors,Trading Companies & Distributors,,2023/24,Brendan Horgan,Chief Executive Officer,1125000.0,USD,549000.0,2184000.0,30000.0,82000.0,3029000.0,6999000.0,USD,False,Full year service,ashtead_group_ar_2025,https://ir.sunbeltrentals.com/_assets/_9e286c86847803e1180566458d2f7d1a/sunbeltrentals/db/3746/34974/annual_report/Ashtead_Annual_Report_2025_.pdf,"=HYPERLINK(""https://ir.sunbeltrentals.com/_assets/_9e286c86847803e1180566458d2f7d1a/sunbeltrentals/db/3746/34974/annual_report/Ashtead_Annual_Report_2025_.pdf#page=115"",""p.115 of AR"")",2.0,
Ashtead Group Plc,AHT LN Equity,Industrials,Capital Goods,Trading Companies & Distributors,Trading Companies & Distributors,,2023/24,Michael Pratt,Chief Financial Officer,612000.0,GBP,224000.0,1025000.0,37000.0,7000.0,1267000.0,3172000.0,GBP,False,Full year service,ashtead_group_ar_2025,https://ir.sunbeltrentals.com/_assets/_9e286c86847803e1180566458d2f7d1a/sunbeltrentals/db/3746/34974/annual_report/Ashtead_Annual_Report_2025_.pdf,"=HYPERLINK(""https://ir.sunbeltrentals.com/_assets/_9e286c86847803e1180566458d2f7d1a/sunbeltrentals/db/3746/34974/annual_report/Ashtead_Annual_Report_2025_.pdf#page=115"",""p.115 of AR"")",2.0,
Associated British Foods Plc,ABF LN Equity,Consumer Staples,Food Beverage & Tobacco,Food Products,Packaged Foods & Meats,12559.0,FY2025,George Weston,Chief Executive Officer,1240000.0,GBP,765000.0,1639000.0,0.0,18000.0,0.0,3662000.0,GBP,False,Served full year,associated_british_foods_ar_2025,https://www.abf.co.uk/content/dam/abf/corporate/Documents/investors/annual-and-interim-reports/2025/abf-annual-report-2025.pdf.downloadasset.pdf,"=HYPERLINK(""https://www.abf.co.uk/content/dam/abf/corporate/Documents/investors/annual-and-interim-reports/2025/abf-annual-report-2025.pdf.downloadasset.pdf#page=129"",""p.129 of AR"")",2.0,
Associated British Foods Plc,ABF LN Equity,Consumer Staples,Food Beverage & Tobacco,Food Products,Packaged Foods & Meats,12559.0,FY2025,Eoin Tonge,Finance Director,849000.0,GBP,513000.0,1283000.0,85000.0,27000.0,888000.0,3645000.0,GBP,False,Served full year,associated_british_foods_ar_2025,https://www.abf.co.uk/content/dam/abf/corporate/Documents/investors/annual-and-interim-reports/2025/abf-annual-report-2025.pdf.downloadasset.pdf,"=HYPERLINK(""https://www.abf.co.uk/content/dam/abf/corporate/Documents/investors/annual-and-interim-reports/2025/abf-annual-report-2025.pdf.downloadasset.pdf#page=135"",""p.135 of AR"")",2.0,
Associated British Foods Plc,ABF LN Equity,Consumer Staples,Food Beverage & Tobacco,Food Products,Packaged Foods & Meats,12559.0,FY2024,George Weston,Chief Executive Officer,1184000.0,GBP,2068000.0,2477000.0,0.0,18000.0,0.0,5747000.0,GBP,False,Served full year,associated_british_foods_ar_2025,https://www.abf.co.uk/content/dam/abf/corporate/Documents/investors/annual-and-interim-reports/2025/abf-annual-report-2025.pdf.downloadasset.pdf,"=HYPERLINK(""https://www.abf.co.uk/content/dam/abf/corporate/Documents/investors/annual-and-interim-reports/2025/abf-annual-report-2025.pdf.downloadasset.pdf#page=129"",""p.129 of AR"")",2.0,
Associated British Foods Plc,ABF LN Equity,Consumer Staples,Food Beverage & Tobacco,Food Products,Packaged Foods & Meats,12559.0,FY2024,Eoin Tonge,Finance Director,747000.0,GBP,1295000.0,0.0,75000.0,27000.0,1583000.0,3727000.0,GBP,False,Served full year,associated_british_foods_ar_2025,https://www.abf.co.uk/content/dam/abf/corporate/Documents/investors/annual-and-interim-reports/2025/abf-annual-report-2025.pdf.downloadasset.pdf,"=HYPERLINK(""https://www.abf.co.uk/content/dam/abf/corporate/Documents/investors/annual-and-interim-reports/2025/abf-annual-report-2025.pdf.downloadasset.pdf#page=129"",""p.129 of AR"")",2.0,
Aston Martin Lagonda Global Holding Plc,AML LN Equity,Consumer Discretionary,Automobiles & Components,Automobiles,Automobile Manufacturers,502.0,FY 2024,Lawrence Stroll,Executive Chairman,0.001,GBP,0.0,0.0,0.0,0.0,0.0,0.001,GBP,False,Served full year but elected to take nominal fee of £1 only,aston_martin_lagonda_global_holding_ar_2024,https://www.astonmartin.com/-/media/corporate/corporatearchive/documents/annual-reports/aston-martin-lagonda-annual-report-2025.pdf?rev=481f11aaed454601b437f2d2730eb377,"=HYPERLINK(""https://www.astonmartin.com/-/media/corporate/corporatearchive/documents/annual-reports/aston-martin-lagonda-annual-report-2025.pdf?rev=481f11aaed454601b437f2d2730eb377#page=129"",""p.129 of AR"")",2.0,
Aston Martin Lagonda Global Holding Plc,AML LN Equity,Consumer Discretionary,Automobiles & Components,Automobiles,Automobile Manufacturers,502.0,FY 2024,Adrian Hallmark,Chief Executive Officer,333000.0,GBP,600000.0,0.0,35000.0,52000.0,0.0,1021000.0,GBP,True,Appointed CEO on 1 September 2024 (served 4 months of the year),aston_martin_lagonda_global_holding_ar_2024,https://www.astonmartin.com/-/media/corporate/corporatearchive/documents/annual-reports/aston-martin-lagonda-annual-report-2025.pdf?rev=481f11aaed454601b437f2d2730eb377,"=HYPERLINK(""https://www.astonmartin.com/-/media/corporate/corporatearchive/documents/annual-reports/aston-martin-lagonda-annual-report-2025.pdf?rev=481f11aaed454601b437f2d2730eb377#page=131"",""p.131 of AR"")",2.0,
Aston Martin Lagonda Global Holding Plc,AML LN Equity,Consumer Discretionary,Automobiles & Components,Automobiles,Automobile Manufacturers,502.0,FY 2024,Doug Lafferty,Chief Financial Officer,572000.0,GBP,43000.0,0.0,60000.0,126000.0,0.0,801000.0,GBP,False,Served full year,aston_martin_lagonda_global_holding_ar_2024,https://www.astonmartin.com/-/media/corporate/corporatearchive/documents/annual-reports/aston-martin-lagonda-annual-report-2025.pdf?rev=481f11aaed454601b437f2d2730eb377,"=HYPERLINK(""https://www.astonmartin.com/-/media/corporate/corporatearchive/documents/annual-reports/aston-martin-lagonda-annual-report-2025.pdf?rev=481f11aaed454601b437f2d2730eb377#page=131"",""p.131 of AR"")",2.0,
Aston Martin Lagonda Global Holding Plc,AML LN Equity,Consumer Discretionary,Automobiles & Components,Automobiles,Automobile Manufacturers,502.0,FY 2024,Amedeo Felisa,Former Chief Executive Officer,610000.0,GBP,61000.0,0.0,64000.0,362000.0,0.0,1098000.0,GBP,True,Stepped down from the Board on 1 September 2024 (served 8 months of the year),aston_martin_lagonda_global_holding_ar_2024,https://www.astonmartin.com/-/media/corporate/corporatearchive/documents/annual-reports/aston-martin-lagonda-annual-report-2025.pdf?rev=481f11aaed454601b437f2d2730eb377,"=HYPERLINK(""https://www.astonmartin.com/-/media/corporate/corporatearchive/documents/annual-reports/aston-martin-lagonda-annual-report-2025.pdf?rev=481f11aaed454601b437f2d2730eb377#page=131"",""p.131 of AR"")",2.0,
Aston Martin Lagonda Global Holding Plc,AML LN Equity,Consumer Discretionary,Automobiles & Components,Automobiles,Automobile Manufacturers,502.0,FY 2023,Lawrence Stroll,Executive Chairman,0.001,GBP,0.0,0.0,0.0,0.0,0.0,0.001,GBP,False,N/A,aston_martin_lagonda_global_holding_ar_2024,https://www.astonmartin.com/-/media/corporate/corporatearchive/documents/annual-reports/aston-martin-lagonda-annual-report-2025.pdf?rev=481f11aaed454601b437f2d2730eb377,"=HYPERLINK(""https://www.astonmartin.com/-/media/corporate/corporatearchive/documents/annual-reports/aston-martin-lagonda-annual-report-2025.pdf?rev=481f11aaed454601b437f2d2730eb377#page=129"",""p.129 of AR"")",2.0,
Aston Martin Lagonda Global Holding Plc,AML LN Equity,Consumer Discretionary,Automobiles & Components,Automobiles,Automobile Manufacturers,502.0,FY 2023,Doug Lafferty,Chief Financial Officer,470000.0,GBP,238000.0,0.0,50000.0,133000.0,0.0,891000.0,GBP,False,Served full year,aston_martin_lagonda_global_holding_ar_2024,https://www.astonmartin.com/-/media/corporate/corporatearchive/documents/annual-reports/aston-martin-lagonda-annual-report-2025.pdf?rev=481f11aaed454601b437f2d2730eb377,"=HYPERLINK(""https://www.astonmartin.com/-/media/corporate/corporatearchive/documents/annual-reports/aston-martin-lagonda-annual-report-2025.pdf?rev=481f11aaed454601b437f2d2730eb377#page=129"",""p.129 of AR"")",2.0,
Aston Martin Lagonda Global Holding Plc,AML LN Equity,Consumer Discretionary,Automobiles & Components,Automobiles,Automobile Manufacturers,502.0,FY 2023,Amedeo Felisa,Chief Executive Officer,900000.0,GBP,608000.0,0.0,95000.0,1288000.0,0.0,2891000.0,GBP,False,Served full year,aston_martin_lagonda_global_holding_ar_2024,https://www.astonmartin.com/-/media/corporate/corporatearchive/documents/annual-reports/aston-martin-lagonda-annual-report-2025.pdf?rev=481f11aaed454601b437f2d2730eb377,"=HYPERLINK(""https://www.astonmartin.com/-/media/corporate/corporatearchive/documents/annual-reports/aston-martin-lagonda-annual-report-2025.pdf?rev=481f11aaed454601b437f2d2730eb377#page=129"",""p.129 of AR"")",2.0,
Aston Martin Lagonda Global Holding Plc,AML LN Equity,Consumer Discretionary,Automobiles & Components,Automobiles,Automobile Manufacturers,502.0,FY2025,Lawrence Stroll,Executive Chairman,1.0,GBP,0.0,0.0,0.0,0.0,,1.0,GBP,False,Served full year but elected to take a nominal fee of £1 only,aston_martin_lagonda_global_holding_ar_2025,https://www.astonmartin.com/-/media/corporate/corporatearchive/documents/annual-reports/aston-martin-lagonda-annual-report-2025.pdf?rev=481f11aaed454601b437f2d2730eb377,"=HYPERLINK(""https://www.astonmartin.com/-/media/corporate/corporatearchive/documents/annual-reports/aston-martin-lagonda-annual-report-2025.pdf?rev=481f11aaed454601b437f2d2730eb377#page=137"",""p.137 of AR"")",2.0,
Aston Martin Lagonda Global Holding Plc,AML LN Equity,Consumer Discretionary,Automobiles & Components,Automobiles,Automobile Manufacturers,502.0,FY2025,Adrian Hallmark,Chief Executive Officer (CEO),1000000.0,GBP,350000.0,0.0,105000.0,162000.0,0.0,1617000.0,GBP,False,Served full year in FY 2025,aston_martin_lagonda_global_holding_ar_2025,https://www.astonmartin.com/-/media/corporate/corporatearchive/documents/annual-reports/aston-martin-lagonda-annual-report-2025.pdf?rev=481f11aaed454601b437f2d2730eb377,"=HYPERLINK(""https://www.astonmartin.com/-/media/corporate/corporatearchive/documents/annual-reports/aston-martin-lagonda-annual-report-2025.pdf?rev=481f11aaed454601b437f2d2730eb377#page=137"",""p.137 of AR"")",2.0,
Aston Martin Lagonda Global Holding Plc,AML LN Equity,Consumer Discretionary,Automobiles & Components,Automobiles,Automobile Manufacturers,502.0,FY2025,Doug Lafferty,Chief Financial Officer (CFO),640000.0,GBP,179000.0,0.0,67000.0,130000.0,0.0,1016000.0,GBP,False,Served full year in FY 2025,aston_martin_lagonda_global_holding_ar_2025,https://www.astonmartin.com/-/media/corporate/corporatearchive/documents/annual-reports/aston-martin-lagonda-annual-report-2025.pdf?rev=481f11aaed454601b437f2d2730eb377,"=HYPERLINK(""https://www.astonmartin.com/-/media/corporate/corporatearchive/documents/annual-reports/aston-martin-lagonda-annual-report-2025.pdf?rev=481f11aaed454601b437f2d2730eb377#page=129"",""p.129 of AR"")",2.0,
Aston Martin Lagonda Global Holding Plc,AML LN Equity,Consumer Discretionary,Automobiles & Components,Automobiles,Automobile Manufacturers,502.0,FY2024,Lawrence Stroll,Executive Chairman,1.0,GBP,0.0,0.0,0.0,0.0,,1.0,GBP,False,"Served full year, nominal fee of £1 only",aston_martin_lagonda_global_holding_ar_2025,https://www.astonmartin.com/-/media/corporate/corporatearchive/documents/annual-reports/aston-martin-lagonda-annual-report-2025.pdf?rev=481f11aaed454601b437f2d2730eb377,"=HYPERLINK(""https://www.astonmartin.com/-/media/corporate/corporatearchive/documents/annual-reports/aston-martin-lagonda-annual-report-2025.pdf?rev=481f11aaed454601b437f2d2730eb377#page=137"",""p.137 of AR"")",2.0,
Aston Martin Lagonda Global Holding Plc,AML LN Equity,Consumer Discretionary,Automobiles & Components,Automobiles,Automobile Manufacturers,502.0,FY2024,Adrian Hallmark,Chief Executive Officer (CEO),333000.0,GBP,600000.0,0.0,35000.0,52000.0,0.0,1021000.0,GBP,True,"Part year of service in FY 2024. Salary of £333,000 vs full-year salary of £1,000,000 indicates appointment partway through 2024, consistent with the CEO historical remuneration table showing 2024 (AH) as a separate entry. Annual bonus of £600,000 represents 90% of maximum for the period served.",aston_martin_lagonda_global_holding_ar_2025,https://www.astonmartin.com/-/media/corporate/corporatearchive/documents/annual-reports/aston-martin-lagonda-annual-report-2025.pdf?rev=481f11aaed454601b437f2d2730eb377,"=HYPERLINK(""https://www.astonmartin.com/-/media/corporate/corporatearchive/documents/annual-reports/aston-martin-lagonda-annual-report-2025.pdf?rev=481f11aaed454601b437f2d2730eb377#page=137"",""p.137 of AR"")",2.0,
Aston Martin Lagonda Global Holding Plc,AML LN Equity,Consumer Discretionary,Automobiles & Components,Automobiles,Automobile Manufacturers,502.0,FY2024,Doug Lafferty,Chief Financial Officer (CFO),572000.0,GBP,43000.0,0.0,60000.0,126000.0,0.0,801000.0,GBP,False,Served full year in FY 2024,aston_martin_lagonda_global_holding_ar_2025,https://www.astonmartin.com/-/media/corporate/corporatearchive/documents/annual-reports/aston-martin-lagonda-annual-report-2025.pdf?rev=481f11aaed454601b437f2d2730eb377,"=HYPERLINK(""https://www.astonmartin.com/-/media/corporate/corporatearchive/documents/annual-reports/aston-martin-lagonda-annual-report-2025.pdf?rev=481f11aaed454601b437f2d2730eb377#page=137"",""p.137 of AR"")",2.0,
AstraZeneca Plc,AZN LN Equity,Health Care,Pharmaceuticals Biotechnology & Life Sciences,Pharmaceuticals,Pharmaceuticals,211411.6,2024,Pascal Soriot,Chief Executive Officer (CEO),1486000.0,GBP,3499000.0,9442000.0,163000.0,138000.0,0.0,14728000.0,GBP,False,N/A - served full year,astrazeneca_ar_2024,https://www.astrazeneca.com/content/dam/az/Investor_Relations/annual-report-2025/pdf/AstraZeneca_AR_2025.pdf,"=HYPERLINK(""https://www.astrazeneca.com/content/dam/az/Investor_Relations/annual-report-2025/pdf/AstraZeneca_AR_2025.pdf#page=121"",""p.121 of AR"")",2.0,
AstraZeneca Plc,AZN LN Equity,Health Care,Pharmaceuticals Biotechnology & Life Sciences,Pharmaceuticals,Pharmaceuticals,211411.6,2024,Aradhana Sarin,Chief Financial Officer (CFO),951000.0,GBP,1494000.0,4187000.0,105000.0,14000.0,0.0,6751000.0,GBP,False,N/A - served full year,astrazeneca_ar_2024,https://www.astrazeneca.com/content/dam/az/Investor_Relations/annual-report-2025/pdf/AstraZeneca_AR_2025.pdf,"=HYPERLINK(""https://www.astrazeneca.com/content/dam/az/Investor_Relations/annual-report-2025/pdf/AstraZeneca_AR_2025.pdf#page=121"",""p.121 of AR"")",2.0,
AstraZeneca Plc,AZN LN Equity,Health Care,Pharmaceuticals Biotechnology & Life Sciences,Pharmaceuticals,Pharmaceuticals,211411.6,2023,Pascal Soriot,Chief Executive Officer (CEO),1429000.0,GBP,2839000.0,12806000.0,157000.0,140000.0,0.0,17371000.0,GBP,False,N/A - served full year,astrazeneca_ar_2024,https://www.astrazeneca.com/content/dam/az/Investor_Relations/annual-report-2025/pdf/AstraZeneca_AR_2025.pdf,"=HYPERLINK(""https://www.astrazeneca.com/content/dam/az/Investor_Relations/annual-report-2025/pdf/AstraZeneca_AR_2025.pdf#page=121"",""p.121 of AR"")",2.0,
AstraZeneca Plc,AZN LN Equity,Health Care,Pharmaceuticals Biotechnology & Life Sciences,Pharmaceuticals,Pharmaceuticals,211411.6,2023,Aradhana Sarin,Chief Financial Officer (CFO),915000.0,GBP,1455000.0,1972000.0,101000.0,46000.0,0.0,4489000.0,GBP,False,N/A - served full year,astrazeneca_ar_2024,https://www.astrazeneca.com/content/dam/az/Investor_Relations/annual-report-2025/pdf/AstraZeneca_AR_2025.pdf,"=HYPERLINK(""https://www.astrazeneca.com/content/dam/az/Investor_Relations/annual-report-2025/pdf/AstraZeneca_AR_2025.pdf#page=121"",""p.121 of AR"")",2.0,
AstraZeneca Plc,AZN LN Equity,Health Care,Pharmaceuticals Biotechnology & Life Sciences,Pharmaceuticals,Pharmaceuticals,211411.6,FY2025,Pascal Soriot,Chief Executive Officer (CEO),1545000.0,GBP,3500000.0,12200000.0,169950.0,143000.0,0.0,17696000.0,GBP,False,"Served full year FY2025 (year ended 31 December 2025). Annual bonus payout was 92% of maximum opportunity (max = 300% of base pay). LTIP figure comprises approximately £9,500k PSP vesting value plus approximately £2,700k share price appreciation on LTI awards; £1,981,570 of 2025 realised pay is attributable to share price increases on equity components. Benefits include £120,231 taken as cash under Flexible Benefits Programme and £17,891 personal tax advice. Pension paid as cash alternative at 11% of base pay. Component-level bonus and LTIP figures are approximations derived from bar chart descriptions; totals confirmed from multiple references in the document. Detailed single figure table on page 97 was not available in provided context.",astrazeneca_ar_2025,https://www.astrazeneca.com/content/dam/az/Investor_Relations/annual-report-2025/pdf/AstraZeneca_AR_2025.pdf,"=HYPERLINK(""https://www.astrazeneca.com/content/dam/az/Investor_Relations/annual-report-2025/pdf/AstraZeneca_AR_2025.pdf#page=100"",""p.100 of AR"")",2.0,
AstraZeneca Plc,AZN LN Equity,Health Care,Pharmaceuticals Biotechnology & Life Sciences,Pharmaceuticals,Pharmaceuticals,211411.6,FY2025,Aradhana Sarin,Chief Financial Officer (CFO),990000.0,GBP,1500000.0,4800000.0,108900.0,10000.0,0.0,7846000.0,GBP,False,"Served full year FY2025 (year ended 31 December 2025). Annual bonus payout was at the same scorecard outcome as CEO (92% of maximum opportunity). LTIP figure comprises approximately £4,000k PSP vesting value plus approximately £800k share price appreciation on LTI awards; £878,592 of Dr Sarin's 2025 realised pay is attributable to share price increases on equity components. Benefits include £8,656 personal tax advice. Pension paid as cash alternative at 11% of base pay. Component-level bonus and LTIP figures are approximations derived from bar chart descriptions; totals confirmed from bar chart in the document. Detailed single figure table on page 97 was not available in provided context.",astrazeneca_ar_2025,https://www.astrazeneca.com/content/dam/az/Investor_Relations/annual-report-2025/pdf/AstraZeneca_AR_2025.pdf,"=HYPERLINK(""https://www.astrazeneca.com/content/dam/az/Investor_Relations/annual-report-2025/pdf/AstraZeneca_AR_2025.pdf#page=100"",""p.100 of AR"")",2.0,
AstraZeneca Plc,AZN LN Equity,Health Care,Pharmaceuticals Biotechnology & Life Sciences,Pharmaceuticals,Pharmaceuticals,211411.6,FY2024,Pascal Soriot,Chief Executive Officer (CEO),1486000.0,GBP,,,163460.0,,,14728000.0,GBP,False,"Served full year FY2024 (year ended 31 December 2024). Salary of £1,486,000 implied from 4% increase to reach £1,545,000 in FY2025. Pension estimated at 11% of base pay (£163,460), paid as cash alternative. Benefits not separately stated in provided extracts for FY2024. Annual bonus payout was 78.5% of maximum opportunity; exact bonus amount not individually broken out in provided extracts. LTI vesting rate was 84% of maximum opportunity; exact LTIP amount not individually broken out in provided extracts. Total of £14,728,000 confirmed in CEO total remuneration table. Detailed single figure table on page 97 was not available in provided context.",astrazeneca_ar_2025,https://www.astrazeneca.com/content/dam/az/Investor_Relations/annual-report-2025/pdf/AstraZeneca_AR_2025.pdf,"=HYPERLINK(""https://www.astrazeneca.com/content/dam/az/Investor_Relations/annual-report-2025/pdf/AstraZeneca_AR_2025.pdf#page=100"",""p.100 of AR"")",2.0,
AstraZeneca Plc,AZN LN Equity,Health Care,Pharmaceuticals Biotechnology & Life Sciences,Pharmaceuticals,Pharmaceuticals,211411.6,FY2024,Aradhana Sarin,Chief Financial Officer (CFO),952000.0,GBP,,,104720.0,,,0.0,GBP,False,"Served full year FY2024 (year ended 31 December 2024). Salary of approximately £952,000 implied from 4% increase to reach £990,000 in FY2025. Pension estimated at 11% of base pay (~£104,720), paid as cash alternative. Benefits not separately stated in provided extracts for FY2024. Annual bonus and LTIP amounts not individually broken out in provided extracts. CFO FY2024 single figure total was not included in the provided context; bar chart only shows FY2025 outcomes. Total compensation amount set to 0 to indicate data was not available in the provided source material. Detailed single figure table on page 97 was not available in provided context.",astrazeneca_ar_2025,https://www.astrazeneca.com/content/dam/az/Investor_Relations/annual-report-2025/pdf/AstraZeneca_AR_2025.pdf,"=HYPERLINK(""https://www.astrazeneca.com/content/dam/az/Investor_Relations/annual-report-2025/pdf/AstraZeneca_AR_2025.pdf#page=100"",""p.100 of AR"")",2.0,
Atalaya Mining Copper SA,ATYM LN Equity,Materials,Materials,Metals & Mining,Copper,1250.1,FY2024,Alberto Lavandeira (A. Lavandeira),Chief Executive Officer (Company's sole Executive Director),498188.0,EUR,293787.0,409000.0,50531.0,5580.0,,1257086.0,EUR,False,"Not applicable for service period. Note: Base salary was increased by 3.5% effective 1 July 2024 (mid-year salary review, not a partial-year appointment), and a new 10% employer pension contribution was introduced at the start of 2024 (explaining the increase from €0 in FY2023 to €50,531 in FY2024).",atalaya_mining_copper_ar_2024,https://wp-atalaya-mining-2022.s3.eu-west-2.amazonaws.com/media/2026/04/ATYM-2025-Annual-Report.pdf,"=HYPERLINK(""https://wp-atalaya-mining-2022.s3.eu-west-2.amazonaws.com/media/2026/04/ATYM-2025-Annual-Report.pdf#page=96"",""p.96 of AR"")",3.0,127.0
Atalaya Mining Copper SA,ATYM LN Equity,Materials,Materials,Metals & Mining,Copper,1250.1,FY2023,Alberto Lavandeira (A. Lavandeira),Chief Executive Officer (Company's sole Executive Director),481000.0,EUR,327000.0,190000.0,0.0,6000.0,,1004000.0,EUR,False,Not applicable; full year of service.,atalaya_mining_copper_ar_2024,https://wp-atalaya-mining-2022.s3.eu-west-2.amazonaws.com/media/2026/04/ATYM-2025-Annual-Report.pdf,"=HYPERLINK(""https://wp-atalaya-mining-2022.s3.eu-west-2.amazonaws.com/media/2026/04/ATYM-2025-Annual-Report.pdf#page=96"",""p.96 of AR"")",3.0,127.0
Atalaya Mining Copper SA,ATYM LN Equity,Materials,Materials,Metals & Mining,Copper,1250.1,FY2025,Alberto Lavandeira,Chief Executive Officer (Company's sole Executive Director),520467.0,EUR,407404.0,851805.0,52047.0,6736.0,,1838459.0,EUR,False,No — served full financial year,atalaya_mining_copper_ar_2025,https://wp-atalaya-mining-2022.s3.eu-west-2.amazonaws.com/media/2026/04/ATYM-2025-Annual-Report.pdf,"=HYPERLINK(""https://wp-atalaya-mining-2022.s3.eu-west-2.amazonaws.com/media/2026/04/ATYM-2025-Annual-Report.pdf#page=94"",""p.94 of AR"")",3.0,74.0
Atalaya Mining Copper SA,ATYM LN Equity,Materials,Materials,Metals & Mining,Copper,1250.1,FY2024,Alberto Lavandeira,Chief Executive Officer (Company's sole Executive Director),498188.0,EUR,293787.0,409000.0,50531.0,5580.0,,1257086.0,EUR,False,No — served full financial year,atalaya_mining_copper_ar_2025,https://wp-atalaya-mining-2022.s3.eu-west-2.amazonaws.com/media/2026/04/ATYM-2025-Annual-Report.pdf,"=HYPERLINK(""https://wp-atalaya-mining-2022.s3.eu-west-2.amazonaws.com/media/2026/04/ATYM-2025-Annual-Report.pdf#page=94"",""p.94 of AR"")",3.0,74.0
Auto Trader Group Plc,AUTO LN Equity,Communication Services,Media & Entertainment,Interactive Media & Services,Interactive Media & Services,3997.9,FY25,Nathan Coe,Chief Executive Officer (CEO),682000.0,GBP,452000.0,1167000.0,47000.0,1000.0,0.0,2349000.0,GBP,False,Full year service,auto_trader_group_ar_2025,https://plc.autotrader.co.uk/media/d4wcf00t/at-ar26-web.pdf,"=HYPERLINK(""https://plc.autotrader.co.uk/media/d4wcf00t/at-ar26-web.pdf#page=107"",""p.107 of AR"")",2.0,
Auto Trader Group Plc,AUTO LN Equity,Communication Services,Media & Entertainment,Interactive Media & Services,Interactive Media & Services,3997.9,FY25,Catherine Faiers,Chief Operating Officer (COO),380000.0,GBP,219000.0,485000.0,25000.0,1000.0,0.0,1110000.0,GBP,True,"Works 4.5 day working week; salary pro-rated accordingly. Full-time equivalent salary is £443,700",auto_trader_group_ar_2025,https://plc.autotrader.co.uk/media/d4wcf00t/at-ar26-web.pdf,"=HYPERLINK(""https://plc.autotrader.co.uk/media/d4wcf00t/at-ar26-web.pdf#page=107"",""p.107 of AR"")",2.0,
Auto Trader Group Plc,AUTO LN Equity,Communication Services,Media & Entertainment,Interactive Media & Services,Interactive Media & Services,3997.9,FY25,Jamie Warner,Chief Financial Officer (CFO),417000.0,GBP,243000.0,508000.0,29000.0,1000.0,2000.0,1200000.0,GBP,False,Full year service,auto_trader_group_ar_2025,https://plc.autotrader.co.uk/media/d4wcf00t/at-ar26-web.pdf,"=HYPERLINK(""https://plc.autotrader.co.uk/media/d4wcf00t/at-ar26-web.pdf#page=107"",""p.107 of AR"")",2.0,
Auto Trader Group Plc,AUTO LN Equity,Communication Services,Media & Entertainment,Interactive Media & Services,Interactive Media & Services,3997.9,FY24,Nathan Coe,Chief Executive Officer (CEO),619000.0,GBP,867000.0,1626000.0,43000.0,1000.0,0.0,3156000.0,GBP,False,Full year service,auto_trader_group_ar_2025,https://plc.autotrader.co.uk/media/d4wcf00t/at-ar26-web.pdf,"=HYPERLINK(""https://plc.autotrader.co.uk/media/d4wcf00t/at-ar26-web.pdf#page=109"",""p.109 of AR"")",2.0,
Auto Trader Group Plc,AUTO LN Equity,Communication Services,Media & Entertainment,Interactive Media & Services,Interactive Media & Services,3997.9,FY24,Catherine Faiers,Chief Operating Officer (COO),343000.0,GBP,416000.0,676000.0,24000.0,1000.0,0.0,1460000.0,GBP,True,Works 4.5 day working week; salary pro-rated accordingly,auto_trader_group_ar_2025,https://plc.autotrader.co.uk/media/d4wcf00t/at-ar26-web.pdf,"=HYPERLINK(""https://plc.autotrader.co.uk/media/d4wcf00t/at-ar26-web.pdf#page=109"",""p.109 of AR"")",2.0,
Auto Trader Group Plc,AUTO LN Equity,Communication Services,Media & Entertainment,Interactive Media & Services,Interactive Media & Services,3997.9,FY24,Jamie Warner,Chief Financial Officer (CFO),360000.0,GBP,436000.0,709000.0,25000.0,1000.0,0.0,1531000.0,GBP,False,Full year service,auto_trader_group_ar_2025,https://plc.autotrader.co.uk/media/d4wcf00t/at-ar26-web.pdf,"=HYPERLINK(""https://plc.autotrader.co.uk/media/d4wcf00t/at-ar26-web.pdf#page=109"",""p.109 of AR"")",2.0,
Aviva Plc,AV/ LN Equity,Financials,Insurance,Insurance,Multi-line Insurance,18620.8,2024,Amanda Blanc,Chief Executive Officer (Group CEO),1110000.0,GBP,2194000.0,3682000.0,137000.0,71000.0,0.0,7193000.0,GBP,False,Full year service,aviva_ar_2024,https://static.aviva.io/content/dam/aviva-corporate/documents/investors/pdfs/reports/2025/annual-report-and-accounts-2025.pdf,"=HYPERLINK(""https://static.aviva.io/content/dam/aviva-corporate/documents/investors/pdfs/reports/2025/annual-report-and-accounts-2025.pdf#page=120"",""p.120 of AR"")",2.0,
Aviva Plc,AV/ LN Equity,Financials,Insurance,Insurance,Multi-line Insurance,18620.8,2024,Charlotte Jones,Chief Financial Officer (Group CFO),728000.0,GBP,1014000.0,1508000.0,90000.0,15000.0,0.0,3355000.0,GBP,False,"Full year service (appointed as Group CFO on 5 September 2022, so 2024 represents a full year in role). 2024 LTIP represents first LTIP vesting relating to 2022 award with 76.6% vesting. Share price used: 472.98 pence (average Q4 2024).",aviva_ar_2024,https://static.aviva.io/content/dam/aviva-corporate/documents/investors/pdfs/reports/2025/annual-report-and-accounts-2025.pdf,"=HYPERLINK(""https://static.aviva.io/content/dam/aviva-corporate/documents/investors/pdfs/reports/2025/annual-report-and-accounts-2025.pdf#page=120"",""p.120 of AR"")",2.0,
Aviva Plc,AV/ LN Equity,Financials,Insurance,Insurance,Multi-line Insurance,18620.8,2023,Amanda Blanc,Chief Executive Officer (Group CEO),1068000.0,GBP,1902000.0,4161000.0,131000.0,48000.0,0.0,7309000.0,GBP,False,Full year service. LTIP figure updated from estimated £3.5 million to actual £4.2 million based on actual vesting share price of 494.50 pence versus assumed 413.49 pence.,aviva_ar_2024,https://static.aviva.io/content/dam/aviva-corporate/documents/investors/pdfs/reports/2025/annual-report-and-accounts-2025.pdf,"=HYPERLINK(""https://static.aviva.io/content/dam/aviva-corporate/documents/investors/pdfs/reports/2025/annual-report-and-accounts-2025.pdf#page=120"",""p.120 of AR"")",2.0,
Aviva Plc,AV/ LN Equity,Financials,Insurance,Insurance,Multi-line Insurance,18620.8,2023,Charlotte Jones,Chief Financial Officer (Group CFO),699000.0,GBP,906000.0,0.0,86000.0,18000.0,0.0,1710000.0,GBP,True,Appointed as Group CFO on 5 September 2022; 2023 was first full calendar year but no LTIP vested as the 2022 award was her first LTIP award (vesting in 2025). Partial year effect from 2022 appointment.,aviva_ar_2024,https://static.aviva.io/content/dam/aviva-corporate/documents/investors/pdfs/reports/2025/annual-report-and-accounts-2025.pdf,"=HYPERLINK(""https://static.aviva.io/content/dam/aviva-corporate/documents/investors/pdfs/reports/2025/annual-report-and-accounts-2025.pdf#page=120"",""p.120 of AR"")",2.0,
Aviva Plc,AV/ LN Equity,Financials,Insurance,Insurance,Multi-line Insurance,18620.8,FY2025,Amanda Blanc,Chief Executive Officer (Group CEO),1204000.0,GBP,2464000.0,5895000.0,147000.0,55000.0,,9764000.0,GBP,False,"Served full year. All figures sourced from Table 5 (audited information) in the Annual Report on Remuneration. Pension represents 14% of basic salary paid as cash in lieu of pension (net of employer's National Insurance contributions where applicable); no defined benefit scheme entitlement. Benefits include private medical benefit, life insurance, accommodation, travel and car benefits, inclusive of any applicable tax charges. Annual Bonus includes both cash element and deferred share element (50% of total bonus deferred into Aviva shares, vesting in equal tranches over three years). FY2025 LTIP value relates to the 2023 LTIP award (three-year performance period ending 31 December 2025), with 81.1% vesting in March 2026, valued using an assumed share price of 664.30p (Q4 2025 average); share price appreciation embedded in the LTIP value amounts to £2,265,344 for Amanda Blanc. Due to rounding, totals may be marginally higher than the sum of individual components.",aviva_ar_2025,https://static.aviva.io/content/dam/aviva-corporate/documents/investors/pdfs/reports/2025/annual-report-and-accounts-2025.pdf,"=HYPERLINK(""https://static.aviva.io/content/dam/aviva-corporate/documents/investors/pdfs/reports/2025/annual-report-and-accounts-2025.pdf#page=118"",""p.118 of AR"")",2.0,
Aviva Plc,AV/ LN Equity,Financials,Insurance,Insurance,Multi-line Insurance,18620.8,FY2025,Charlotte Jones,Chief Financial Officer (Group CFO),746000.0,GBP,1125000.0,2484000.0,91000.0,20000.0,,4466000.0,GBP,False,"Served full year. All figures sourced from Table 5 (audited information) in the Annual Report on Remuneration. Pension represents 14% of basic salary paid as cash in lieu of pension (net of employer's National Insurance contributions where applicable); no defined benefit scheme entitlement. Benefits include private medical benefit, life insurance, accommodation, travel and car benefits, inclusive of any applicable tax charges. Annual Bonus includes both cash element and deferred share element (50% of total bonus deferred into Aviva shares, vesting in equal tranches over three years). FY2025 LTIP value relates to the 2023 LTIP award (three-year performance period ending 31 December 2025), with 81.1% vesting in March 2026, valued using an assumed share price of 664.30p (Q4 2025 average); share price appreciation embedded in the LTIP value amounts to £954,522 for Charlotte Jones. Due to rounding, totals may be marginally higher than the sum of individual components.",aviva_ar_2025,https://static.aviva.io/content/dam/aviva-corporate/documents/investors/pdfs/reports/2025/annual-report-and-accounts-2025.pdf,"=HYPERLINK(""https://static.aviva.io/content/dam/aviva-corporate/documents/investors/pdfs/reports/2025/annual-report-and-accounts-2025.pdf#page=118"",""p.118 of AR"")",2.0,
Aviva Plc,AV/ LN Equity,Financials,Insurance,Insurance,Multi-line Insurance,18620.8,FY2024,Amanda Blanc,Chief Executive Officer (Group CEO),1110000.0,GBP,2194000.0,4320000.0,137000.0,71000.0,,7831000.0,GBP,False,"Served full year. All figures sourced from Table 5 (audited information) in the Annual Report on Remuneration. The FY2024 LTIP figure has been restated from the prior year report: the original estimated vesting share price of 472.98p was updated to the actual vesting price of 555.00p, increasing the LTIP value by £638,421 from an estimated £3.7m to an actual £4.3m. Pension represents 14% of basic salary paid as cash in lieu of pension (net of employer's National Insurance contributions where applicable); no defined benefit scheme entitlement. Benefits include private medical benefit, life insurance, accommodation, travel and car benefits, inclusive of any applicable tax charges. Annual Bonus includes both cash element and deferred share element (50% of total bonus deferred into Aviva shares, vesting in equal tranches over three years). Due to rounding, totals may be marginally higher than the sum of individual components.",aviva_ar_2025,https://static.aviva.io/content/dam/aviva-corporate/documents/investors/pdfs/reports/2025/annual-report-and-accounts-2025.pdf,"=HYPERLINK(""https://static.aviva.io/content/dam/aviva-corporate/documents/investors/pdfs/reports/2025/annual-report-and-accounts-2025.pdf#page=133"",""p.133 of AR"")",2.0,
Aviva Plc,AV/ LN Equity,Financials,Insurance,Insurance,Multi-line Insurance,18620.8,FY2024,Charlotte Jones,Chief Financial Officer (Group CFO),728000.0,GBP,1014000.0,1770000.0,90000.0,15000.0,,3616000.0,GBP,False,"Served full year. All figures sourced from Table 5 (audited information) in the Annual Report on Remuneration. Pension represents 14% of basic salary paid as cash in lieu of pension (net of employer's National Insurance contributions where applicable); no defined benefit scheme entitlement. Benefits include private medical benefit, life insurance, accommodation, travel and car benefits, inclusive of any applicable tax charges. Annual Bonus includes both cash element and deferred share element (50% of total bonus deferred into Aviva shares, vesting in equal tranches over three years). Due to rounding, totals may be marginally higher than the sum of individual components.",aviva_ar_2025,https://static.aviva.io/content/dam/aviva-corporate/documents/investors/pdfs/reports/2025/annual-report-and-accounts-2025.pdf,"=HYPERLINK(""https://static.aviva.io/content/dam/aviva-corporate/documents/investors/pdfs/reports/2025/annual-report-and-accounts-2025.pdf#page=133"",""p.133 of AR"")",2.0,
Avon Technologies Plc,AVON LN Equity,Industrials,Capital Goods,Aerospace & Defense,Aerospace & Defense,475.3,FY24,Jos Sclater,Chief Executive Officer,550000.0,GBP,688000.0,0.0,41000.0,16000.0,,1295000.0,GBP,False,"Full year service (appointed CEO on 16 January 2023, so FY24 represents first full year in role)",avon_technologies_ar_2024,https://www.avon-technologiesplc.com/media/521fnkk5/avon-technologies-plc-2025-annual-report-accounts.pdf,"=HYPERLINK(""https://www.avon-technologiesplc.com/media/521fnkk5/avon-technologies-plc-2025-annual-report-accounts.pdf#page=108"",""p.108 of AR"")",2.0,
Avon Technologies Plc,AVON LN Equity,Industrials,Capital Goods,Aerospace & Defense,Aerospace & Defense,475.3,FY24,Rich Cashin,Chief Financial Officer,375000.0,GBP,469000.0,124000.0,28000.0,16000.0,,1012000.0,GBP,False,Full year service,avon_technologies_ar_2024,https://www.avon-technologiesplc.com/media/521fnkk5/avon-technologies-plc-2025-annual-report-accounts.pdf,"=HYPERLINK(""https://www.avon-technologiesplc.com/media/521fnkk5/avon-technologies-plc-2025-annual-report-accounts.pdf#page=108"",""p.108 of AR"")",2.0,
Avon Technologies Plc,AVON LN Equity,Industrials,Capital Goods,Aerospace & Defense,Aerospace & Defense,475.3,FY23,Jos Sclater,Chief Executive Officer,376000.0,GBP,93000.0,0.0,29000.0,12000.0,,510000.0,GBP,True,Appointed CEO on 16 January 2023 (part-year service - approximately 8.5 months),avon_technologies_ar_2024,https://www.avon-technologiesplc.com/media/521fnkk5/avon-technologies-plc-2025-annual-report-accounts.pdf,"=HYPERLINK(""https://www.avon-technologiesplc.com/media/521fnkk5/avon-technologies-plc-2025-annual-report-accounts.pdf#page=108"",""p.108 of AR"")",2.0,
Avon Technologies Plc,AVON LN Equity,Industrials,Capital Goods,Aerospace & Defense,Aerospace & Defense,475.3,FY23,Rich Cashin,Chief Financial Officer,359000.0,GBP,90000.0,0.0,27000.0,14000.0,,490000.0,GBP,False,Full year service,avon_technologies_ar_2024,https://www.avon-technologiesplc.com/media/521fnkk5/avon-technologies-plc-2025-annual-report-accounts.pdf,"=HYPERLINK(""https://www.avon-technologiesplc.com/media/521fnkk5/avon-technologies-plc-2025-annual-report-accounts.pdf#page=108"",""p.108 of AR"")",2.0,
Avon Technologies Plc,AVON LN Equity,Industrials,Capital Goods,Aerospace & Defense,Aerospace & Defense,475.3,FY2025,Jos Sclater,Chief Executive Officer (CEO),572000.0,GBP,715000.0,869000.0,43000.0,17000.0,,2216000.0,GBP,False,Served full year,avon_technologies_ar_2025,https://www.avon-technologiesplc.com/media/521fnkk5/avon-technologies-plc-2025-annual-report-accounts.pdf,"=HYPERLINK(""https://www.avon-technologiesplc.com/media/521fnkk5/avon-technologies-plc-2025-annual-report-accounts.pdf#page=101"",""p.101 of AR"")",2.0,
Avon Technologies Plc,AVON LN Equity,Industrials,Capital Goods,Aerospace & Defense,Aerospace & Defense,475.3,FY2025,Rich Cashin,Chief Financial Officer (CFO),390000.0,GBP,487000.0,507000.0,29000.0,16000.0,,1429000.0,GBP,False,Served full year,avon_technologies_ar_2025,https://www.avon-technologiesplc.com/media/521fnkk5/avon-technologies-plc-2025-annual-report-accounts.pdf,"=HYPERLINK(""https://www.avon-technologiesplc.com/media/521fnkk5/avon-technologies-plc-2025-annual-report-accounts.pdf#page=101"",""p.101 of AR"")",2.0,
Avon Technologies Plc,AVON LN Equity,Industrials,Capital Goods,Aerospace & Defense,Aerospace & Defense,475.3,FY2024,Jos Sclater,Chief Executive Officer (CEO),550000.0,GBP,688000.0,0.0,41000.0,16000.0,,1295000.0,GBP,False,Served full year,avon_technologies_ar_2025,https://www.avon-technologiesplc.com/media/521fnkk5/avon-technologies-plc-2025-annual-report-accounts.pdf,"=HYPERLINK(""https://www.avon-technologiesplc.com/media/521fnkk5/avon-technologies-plc-2025-annual-report-accounts.pdf#page=101"",""p.101 of AR"")",2.0,
Avon Technologies Plc,AVON LN Equity,Industrials,Capital Goods,Aerospace & Defense,Aerospace & Defense,475.3,FY2024,Rich Cashin,Chief Financial Officer (CFO),375000.0,GBP,469000.0,237000.0,28000.0,16000.0,,1125000.0,GBP,False,Served full year,avon_technologies_ar_2025,https://www.avon-technologiesplc.com/media/521fnkk5/avon-technologies-plc-2025-annual-report-accounts.pdf,"=HYPERLINK(""https://www.avon-technologiesplc.com/media/521fnkk5/avon-technologies-plc-2025-annual-report-accounts.pdf#page=101"",""p.101 of AR"")",2.0,
Babcock International Group Plc,BAB LN Equity,Industrials,Capital Goods,Aerospace & Defense,Aerospace & Defense,4682.1,FY25,David Lockwood,Chief Executive Officer,883000.0,GBP,1325000.0,2918000.0,88000.0,120000.0,33000.0,5367000.0,GBP,False,Full year service,babcock_international_group_ar_2025,https://www.babcockinternational.com/wp-content/uploads/2026/07/Babcock-Annual-Report-and-Financial-Statements-2026.pdf,"=HYPERLINK(""https://www.babcockinternational.com/wp-content/uploads/2026/07/Babcock-Annual-Report-and-Financial-Statements-2026.pdf#page=157"",""p.157 of AR"")",2.0,
Babcock International Group Plc,BAB LN Equity,Industrials,Capital Goods,Aerospace & Defense,Aerospace & Defense,4682.1,FY25,David Mellors,Chief Financial Officer,609000.0,GBP,913000.0,2042000.0,61000.0,15000.0,23000.0,3663000.0,GBP,False,Full year service,babcock_international_group_ar_2025,https://www.babcockinternational.com/wp-content/uploads/2026/07/Babcock-Annual-Report-and-Financial-Statements-2026.pdf,"=HYPERLINK(""https://www.babcockinternational.com/wp-content/uploads/2026/07/Babcock-Annual-Report-and-Financial-Statements-2026.pdf#page=157"",""p.157 of AR"")",2.0,
Babcock International Group Plc,BAB LN Equity,Industrials,Capital Goods,Aerospace & Defense,Aerospace & Defense,4682.1,FY24,David Lockwood,Chief Executive Officer,816000.0,GBP,730000.0,2391000.0,82000.0,120000.0,23000.0,4162000.0,GBP,False,Full year service,babcock_international_group_ar_2025,https://www.babcockinternational.com/wp-content/uploads/2026/07/Babcock-Annual-Report-and-Financial-Statements-2026.pdf,"=HYPERLINK(""https://www.babcockinternational.com/wp-content/uploads/2026/07/Babcock-Annual-Report-and-Financial-Statements-2026.pdf#page=172"",""p.172 of AR"")",2.0,
Babcock International Group Plc,BAB LN Equity,Industrials,Capital Goods,Aerospace & Defense,Aerospace & Defense,4682.1,FY24,David Mellors,Chief Financial Officer,586000.0,GBP,510000.0,1674000.0,59000.0,15000.0,16000.0,2860000.0,GBP,False,Full year service,babcock_international_group_ar_2025,https://www.babcockinternational.com/wp-content/uploads/2026/07/Babcock-Annual-Report-and-Financial-Statements-2026.pdf,"=HYPERLINK(""https://www.babcockinternational.com/wp-content/uploads/2026/07/Babcock-Annual-Report-and-Financial-Statements-2026.pdf#page=166"",""p.166 of AR"")",2.0,
BAE Systems Plc,BA/ LN Equity,Industrials,Capital Goods,Aerospace & Defense,Aerospace & Defense,54328.8,2024,Charles Woodburn,Chief Executive,1233764.0,GBP,,,172727.0,42000.0,,,GBP,False,,bae_systems_ar_2024,https://annualreport.baesystems.com/dam/jcr:105fe9f2-cff7-4960-9d99-956aba996540,"=HYPERLINK(""https://annualreport.baesystems.com/dam/jcr:105fe9f2-cff7-4960-9d99-956aba996540#page=102"",""p.102 of AR"")",2.0,
BAE Systems Plc,BA/ LN Equity,Industrials,Capital Goods,Aerospace & Defense,Aerospace & Defense,54328.8,2024,Brad Greve,Chief Financial Officer,783907.0,GBP,,,62713.0,38000.0,,,GBP,False,,bae_systems_ar_2024,https://annualreport.baesystems.com/dam/jcr:105fe9f2-cff7-4960-9d99-956aba996540,"=HYPERLINK(""https://annualreport.baesystems.com/dam/jcr:105fe9f2-cff7-4960-9d99-956aba996540#page=102"",""p.102 of AR"")",2.0,
BAE Systems Plc,BA/ LN Equity,Industrials,Capital Goods,Aerospace & Defense,Aerospace & Defense,54328.8,2024,Tom Arseneault,"President and Chief Executive Officer of BAE Systems, Inc.",1143314.0,USD,,,,50000.0,,,USD,False,,bae_systems_ar_2024,https://annualreport.baesystems.com/dam/jcr:105fe9f2-cff7-4960-9d99-956aba996540,"=HYPERLINK(""https://annualreport.baesystems.com/dam/jcr:105fe9f2-cff7-4960-9d99-956aba996540#page=102"",""p.102 of AR"")",2.0,
BAE Systems Plc,BA/ LN Equity,Industrials,Capital Goods,Aerospace & Defense,Aerospace & Defense,54328.8,2023,Charles Woodburn,Chief Executive,,GBP,,,,41000.0,,,GBP,False,,bae_systems_ar_2024,https://annualreport.baesystems.com/dam/jcr:105fe9f2-cff7-4960-9d99-956aba996540,"=HYPERLINK(""https://annualreport.baesystems.com/dam/jcr:105fe9f2-cff7-4960-9d99-956aba996540#page=114"",""p.114 of AR"")",2.0,
BAE Systems Plc,BA/ LN Equity,Industrials,Capital Goods,Aerospace & Defense,Aerospace & Defense,54328.8,2023,Brad Greve,Chief Financial Officer,,GBP,,,,36000.0,,,GBP,False,,bae_systems_ar_2024,https://annualreport.baesystems.com/dam/jcr:105fe9f2-cff7-4960-9d99-956aba996540,"=HYPERLINK(""https://annualreport.baesystems.com/dam/jcr:105fe9f2-cff7-4960-9d99-956aba996540#page=114"",""p.114 of AR"")",2.0,
BAE Systems Plc,BA/ LN Equity,Industrials,Capital Goods,Aerospace & Defense,Aerospace & Defense,54328.8,2023,Tom Arseneault,"President and Chief Executive Officer of BAE Systems, Inc.",,USD,,,,60000.0,,,USD,False,,bae_systems_ar_2024,https://annualreport.baesystems.com/dam/jcr:105fe9f2-cff7-4960-9d99-956aba996540,"=HYPERLINK(""https://annualreport.baesystems.com/dam/jcr:105fe9f2-cff7-4960-9d99-956aba996540#page=114"",""p.114 of AR"")",2.0,
BAE Systems Plc,BA/ LN Equity,Industrials,Capital Goods,Aerospace & Defense,Aerospace & Defense,54328.8,FY2025,Charles Woodburn,Chief Executive,1490000.0,GBP,2845000.0,8061000.0,,,,12397000.0,GBP,False,,bae_systems_ar_2025,https://annualreport.baesystems.com/dam/jcr:105fe9f2-cff7-4960-9d99-956aba996540,"=HYPERLINK(""https://annualreport.baesystems.com/dam/jcr:105fe9f2-cff7-4960-9d99-956aba996540#page=110"",""p.110 of AR"")",3.0,90.0
BAE Systems Plc,BA/ LN Equity,Industrials,Capital Goods,Aerospace & Defense,Aerospace & Defense,54328.8,FY2025,Brad Greve,Chief Financial Officer,917000.0,GBP,1607000.0,4637000.0,,,,7162000.0,GBP,False,,bae_systems_ar_2025,https://annualreport.baesystems.com/dam/jcr:105fe9f2-cff7-4960-9d99-956aba996540,"=HYPERLINK(""https://annualreport.baesystems.com/dam/jcr:105fe9f2-cff7-4960-9d99-956aba996540#page=110"",""p.110 of AR"")",3.0,90.0
BAE Systems Plc,BA/ LN Equity,Industrials,Capital Goods,Aerospace & Defense,Aerospace & Defense,54328.8,FY2025,Tom Arseneault,"President and Chief Executive Officer of BAE Systems, Inc.",988000.0,GBP,2018000.0,7211000.0,,,2667000.0,12884000.0,GBP,False,,bae_systems_ar_2025,https://annualreport.baesystems.com/dam/jcr:105fe9f2-cff7-4960-9d99-956aba996540,"=HYPERLINK(""https://annualreport.baesystems.com/dam/jcr:105fe9f2-cff7-4960-9d99-956aba996540#page=110"",""p.110 of AR"")",3.0,90.0
BAE Systems Plc,BA/ LN Equity,Industrials,Capital Goods,Aerospace & Defense,Aerospace & Defense,54328.8,FY2024,Charles Woodburn,Chief Executive,1449000.0,GBP,2734000.0,7497000.0,,,,11681000.0,GBP,False,,bae_systems_ar_2025,https://annualreport.baesystems.com/dam/jcr:105fe9f2-cff7-4960-9d99-956aba996540,"=HYPERLINK(""https://annualreport.baesystems.com/dam/jcr:105fe9f2-cff7-4960-9d99-956aba996540#page=110"",""p.110 of AR"")",3.0,90.0
BAE Systems Plc,BA/ LN Equity,Industrials,Capital Goods,Aerospace & Defense,Aerospace & Defense,54328.8,FY2024,Brad Greve,Chief Financial Officer,885000.0,GBP,1544000.0,3814000.0,,,,6244000.0,GBP,False,,bae_systems_ar_2025,https://annualreport.baesystems.com/dam/jcr:105fe9f2-cff7-4960-9d99-956aba996540,"=HYPERLINK(""https://annualreport.baesystems.com/dam/jcr:105fe9f2-cff7-4960-9d99-956aba996540#page=110"",""p.110 of AR"")",3.0,90.0
BAE Systems Plc,BA/ LN Equity,Industrials,Capital Goods,Aerospace & Defense,Aerospace & Defense,54328.8,FY2024,Tom Arseneault,"President and Chief Executive Officer of BAE Systems, Inc.",960000.0,GBP,1977000.0,4508000.0,,,1339000.0,8784000.0,GBP,False,,bae_systems_ar_2025,https://annualreport.baesystems.com/dam/jcr:105fe9f2-cff7-4960-9d99-956aba996540,"=HYPERLINK(""https://annualreport.baesystems.com/dam/jcr:105fe9f2-cff7-4960-9d99-956aba996540#page=110"",""p.110 of AR"")",3.0,90.0
Bakkavor Group Plc,BAKK LN Equity,Consumer Staples,Food Beverage & Tobacco,Food Products,Packaged Foods & Meats,,FY24,Mike Edwards,Chief Executive Officer,728000.0,GBP,910000.0,817000.0,22000.0,32000.0,,2509000.0,GBP,False,Full year service,bakkavor_group_ar_2024,https://s28.q4cdn.com/357092721/files/doc_financials/2024/ar/2024-Bakkavor-Annual-Report.pdf,"=HYPERLINK(""https://s28.q4cdn.com/357092721/files/doc_financials/2024/ar/2024-Bakkavor-Annual-Report.pdf#page=127"",""p.127 of AR"")",2.0,
Bakkavor Group Plc,BAKK LN Equity,Consumer Staples,Food Beverage & Tobacco,Food Products,Packaged Foods & Meats,,FY24,Ben Waldron,Chief Financial Officer & Asia CEO,390000.0,GBP,488000.0,671000.0,12000.0,19000.0,,1580000.0,GBP,True,Stepped down from the Group Board as CFO & Asia CEO on 31 October 2024. FY24 remuneration is pro-rated (excluding LTIP) to 31 October 2024 (10/12ths). LTIP value shown in full.,bakkavor_group_ar_2024,https://s28.q4cdn.com/357092721/files/doc_financials/2024/ar/2024-Bakkavor-Annual-Report.pdf,"=HYPERLINK(""https://s28.q4cdn.com/357092721/files/doc_financials/2024/ar/2024-Bakkavor-Annual-Report.pdf#page=127"",""p.127 of AR"")",2.0,
Bakkavor Group Plc,BAKK LN Equity,Consumer Staples,Food Beverage & Tobacco,Food Products,Packaged Foods & Meats,,FY24,Lee Miley,Chief Financial Officer,67000.0,GBP,83000.0,120000.0,2000.0,4000.0,,276000.0,GBP,True,"Appointed to CFO and Executive Director on 1 November 2024. FY24 salary, benefits, pension and STIP are pro-rated from appointment date (2/12ths). LTIP value shown in full.",bakkavor_group_ar_2024,https://s28.q4cdn.com/357092721/files/doc_financials/2024/ar/2024-Bakkavor-Annual-Report.pdf,"=HYPERLINK(""https://s28.q4cdn.com/357092721/files/doc_financials/2024/ar/2024-Bakkavor-Annual-Report.pdf#page=136"",""p.136 of AR"")",2.0,
Bakkavor Group Plc,BAKK LN Equity,Consumer Staples,Food Beverage & Tobacco,Food Products,Packaged Foods & Meats,,FY23,Mike Edwards,Chief Executive Officer,700000.0,GBP,875000.0,883000.0,21000.0,31000.0,,2510000.0,GBP,False,Full year service,bakkavor_group_ar_2024,https://s28.q4cdn.com/357092721/files/doc_financials/2024/ar/2024-Bakkavor-Annual-Report.pdf,"=HYPERLINK(""https://s28.q4cdn.com/357092721/files/doc_financials/2024/ar/2024-Bakkavor-Annual-Report.pdf#page=134"",""p.134 of AR"")",2.0,
Bakkavor Group Plc,BAKK LN Equity,Consumer Staples,Food Beverage & Tobacco,Food Products,Packaged Foods & Meats,,FY23,Ben Waldron,Chief Financial Officer & Asia CEO,450000.0,GBP,562000.0,519000.0,14000.0,23000.0,,1568000.0,GBP,False,Full year service,bakkavor_group_ar_2024,https://s28.q4cdn.com/357092721/files/doc_financials/2024/ar/2024-Bakkavor-Annual-Report.pdf,"=HYPERLINK(""https://s28.q4cdn.com/357092721/files/doc_financials/2024/ar/2024-Bakkavor-Annual-Report.pdf#page=134"",""p.134 of AR"")",2.0,
Balfour Beatty Plc,BBY LN Equity,Industrials,Capital Goods,Construction & Engineering,Construction & Engineering,3858.3,FY2025,Philip Hoare,Group Chief Executive,264091.0,GBP,336248.0,0.0,18486.0,6846.0,2313064.0,2938735.0,GBP,True,Appointed as Group Chief Executive on 8 September 2025; all fixed and variable pay figures reflect partial year service only. AIP payout was 84.7% of maximum. Downward discretion was applied to the safety element of strategic objectives following a fatality in 2025. Pension provided as a cash allowance in lieu of pension at 7% of base salary.,balfour_beatty_ar_2025,https://www.balfourbeatty.com/media/0immhyhv/balfour-beatty-plc-annual-report-and-accounts-2025.pdf,"=HYPERLINK(""https://www.balfourbeatty.com/media/0immhyhv/balfour-beatty-plc-annual-report-and-accounts-2025.pdf#page=148"",""p.148 of AR"")",2.0,
Balfour Beatty Plc,BBY LN Equity,Industrials,Capital Goods,Construction & Engineering,Construction & Engineering,3858.3,FY2025,Philip Harrison,Chief Financial Officer,591429.0,GBP,750790.0,1458678.0,41400.0,11982.0,0.0,2854278.0,GBP,True,"Received a base salary increase effective 1 February 2025 (from a lower rate), so the salary figure of £591,429 reflects a blended rate across the year. No mid-year departure or appointment. LTIP relates to the 2023 PSP award which vested at 95.6% of maximum (three-year performance period ended 31 December 2025), driven by above upper-quartile TSR, operating cash flow exceeding maximum, and EPS towards the upper end of the range. Pension provided as a cash allowance in lieu of pension at 7% of base salary. Downward discretion was applied to the safety element of strategic objectives for the AIP following a fatality in 2025.",balfour_beatty_ar_2025,https://www.balfourbeatty.com/media/0immhyhv/balfour-beatty-plc-annual-report-and-accounts-2025.pdf,"=HYPERLINK(""https://www.balfourbeatty.com/media/0immhyhv/balfour-beatty-plc-annual-report-and-accounts-2025.pdf#page=148"",""p.148 of AR"")",2.0,
Balfour Beatty Plc,BBY LN Equity,Industrials,Capital Goods,Construction & Engineering,Construction & Engineering,3858.3,FY2025,Leo Quinn,Group Chief Executive (stepped down 8 September 2025),616900.0,GBP,765265.0,2875691.0,43183.0,14689.0,0.0,4315728.0,GBP,True,"Served as Group Chief Executive until 8 September 2025, then continued as an employee under termination arrangements until 31 December 2025. The figures in the single figure table cover only his period as executive Director. An additional £650,338 was paid from 9 September to 31 December 2025 (base salary, benefits, pension and annual bonus) under termination arrangements, reported separately. He was not granted a 2025 PSP award. The 2023 PSP vested at 95.6% of maximum and is included in the LTIP figure. The 2024 PSP will be pro-rated to reflect time elapsed in the performance period upon cessation. AIP payout percentage was 82.7% of maximum. Downward discretion was applied to the safety element of strategic objectives following a fatality in 2025. Pension provided as a cash allowance in lieu of pension at 7% of base salary.",balfour_beatty_ar_2025,https://www.balfourbeatty.com/media/0immhyhv/balfour-beatty-plc-annual-report-and-accounts-2025.pdf,"=HYPERLINK(""https://www.balfourbeatty.com/media/0immhyhv/balfour-beatty-plc-annual-report-and-accounts-2025.pdf#page=148"",""p.148 of AR"")",2.0,
Balfour Beatty Plc,BBY LN Equity,Industrials,Capital Goods,Construction & Engineering,Construction & Engineering,3858.3,FY2024,Philip Hoare,Not a Director in 2024,0.0,GBP,0.0,0.0,0.0,0.0,0.0,0.0,GBP,False,Philip Hoare was not a Director during FY2024; appointed as Group Chief Executive on 8 September 2025.,balfour_beatty_ar_2025,https://www.balfourbeatty.com/media/0immhyhv/balfour-beatty-plc-annual-report-and-accounts-2025.pdf,"=HYPERLINK(""https://www.balfourbeatty.com/media/0immhyhv/balfour-beatty-plc-annual-report-and-accounts-2025.pdf#page=148"",""p.148 of AR"")",2.0,
Balfour Beatty Plc,BBY LN Equity,Industrials,Capital Goods,Construction & Engineering,Construction & Engineering,3858.3,FY2024,Philip Harrison,Chief Financial Officer,509175.0,GBP,711754.0,1311252.0,35642.0,14980.0,0.0,2582803.0,GBP,False,Served as Chief Financial Officer for the full FY2024 year.,balfour_beatty_ar_2025,https://www.balfourbeatty.com/media/0immhyhv/balfour-beatty-plc-annual-report-and-accounts-2025.pdf,"=HYPERLINK(""https://www.balfourbeatty.com/media/0immhyhv/balfour-beatty-plc-annual-report-and-accounts-2025.pdf#page=148"",""p.148 of AR"")",2.0,
Balfour Beatty Plc,BBY LN Equity,Industrials,Capital Goods,Construction & Engineering,Construction & Engineering,3858.3,FY2024,Leo Quinn,Group Chief Executive,878300.0,GBP,1214298.0,2676030.0,61481.0,20980.0,0.0,4851089.0,GBP,False,Served as Group Chief Executive for the full FY2024 year. Note: The FY2024 total has been adjusted from the figure originally reported in the 2024 Remuneration report to reflect the actual valuation on the 1 April 2025 vesting date of shares vesting under the 2022 PSP.,balfour_beatty_ar_2025,https://www.balfourbeatty.com/media/0immhyhv/balfour-beatty-plc-annual-report-and-accounts-2025.pdf,"=HYPERLINK(""https://www.balfourbeatty.com/media/0immhyhv/balfour-beatty-plc-annual-report-and-accounts-2025.pdf#page=148"",""p.148 of AR"")",2.0,
Baltic Classifieds Group Plc,BCG LN Equity,Communication Services,Media & Entertainment,Interactive Media & Services,Interactive Media & Services,835.3,FY2025,Justinas Šimkus,Chief Executive Officer (CEO),427000.0,EUR,0.0,1650000.0,0.0,0.0,,2077000.0,EUR,False,No pro-rata adjustments indicated for FY2025 — served full financial year.,baltic_classifieds_group_ar_2025,https://balticclassifieds.com/static/results/BCG_annual_report_and_accounts_2026.pdf,"=HYPERLINK(""https://balticclassifieds.com/static/results/BCG_annual_report_and_accounts_2026.pdf#page=37"",""p.37 of AR"")",3.0,171.0
Baltic Classifieds Group Plc,BCG LN Equity,Communication Services,Media & Entertainment,Interactive Media & Services,Interactive Media & Services,835.3,FY2025,Lina Mačienė,Chief Financial Officer (CFO),257000.0,EUR,0.0,707000.0,0.0,0.0,,964000.0,EUR,False,No pro-rata adjustments indicated for FY2025 — served full financial year.,baltic_classifieds_group_ar_2025,https://balticclassifieds.com/static/results/BCG_annual_report_and_accounts_2026.pdf,"=HYPERLINK(""https://balticclassifieds.com/static/results/BCG_annual_report_and_accounts_2026.pdf#page=37"",""p.37 of AR"")",3.0,171.0
Baltic Classifieds Group Plc,BCG LN Equity,Communication Services,Media & Entertainment,Interactive Media & Services,Interactive Media & Services,835.3,FY2025,Simonas Orkinas,Chief Operating Officer (COO),341000.0,EUR,0.0,1178000.0,0.0,0.0,,1519000.0,EUR,False,No pro-rata adjustments indicated for FY2025 — served full financial year.,baltic_classifieds_group_ar_2025,https://balticclassifieds.com/static/results/BCG_annual_report_and_accounts_2026.pdf,"=HYPERLINK(""https://balticclassifieds.com/static/results/BCG_annual_report_and_accounts_2026.pdf#page=37"",""p.37 of AR"")",3.0,171.0
Baltic Classifieds Group Plc,BCG LN Equity,Communication Services,Media & Entertainment,Interactive Media & Services,Interactive Media & Services,835.3,FY2024,Justinas Šimkus,Chief Executive Officer (CEO),361000.0,EUR,0.0,1166000.0,0.0,0.0,,1527000.0,EUR,False,No pro-rata adjustments indicated for FY2024 — served full financial year.,baltic_classifieds_group_ar_2025,https://balticclassifieds.com/static/results/BCG_annual_report_and_accounts_2026.pdf,"=HYPERLINK(""https://balticclassifieds.com/static/results/BCG_annual_report_and_accounts_2026.pdf#page=37"",""p.37 of AR"")",3.0,176.0
Baltic Classifieds Group Plc,BCG LN Equity,Communication Services,Media & Entertainment,Interactive Media & Services,Interactive Media & Services,835.3,FY2024,Lina Mačienė,Chief Financial Officer (CFO),216000.0,EUR,0.0,500000.0,0.0,0.0,,716000.0,EUR,False,No pro-rata adjustments indicated for FY2024 — served full financial year.,baltic_classifieds_group_ar_2025,https://balticclassifieds.com/static/results/BCG_annual_report_and_accounts_2026.pdf,"=HYPERLINK(""https://balticclassifieds.com/static/results/BCG_annual_report_and_accounts_2026.pdf#page=37"",""p.37 of AR"")",3.0,176.0
Baltic Classifieds Group Plc,BCG LN Equity,Communication Services,Media & Entertainment,Interactive Media & Services,Interactive Media & Services,835.3,FY2024,Simonas Orkinas,Chief Operating Officer (COO),291000.0,EUR,0.0,832000.0,0.0,0.0,,1123000.0,EUR,False,No pro-rata adjustments indicated for FY2024 — served full financial year.,baltic_classifieds_group_ar_2025,https://balticclassifieds.com/static/results/BCG_annual_report_and_accounts_2026.pdf,"=HYPERLINK(""https://balticclassifieds.com/static/results/BCG_annual_report_and_accounts_2026.pdf#page=37"",""p.37 of AR"")",3.0,176.0
Baltic Classifieds Group Plc,BCG LN Equity,Communication Services,Media & Entertainment,Interactive Media & Services,Interactive Media & Services,835.3,FY2026 (year ended 30 April 2026),Justinas Šimkus,Chief Executive Officer (CEO),507000.0,EUR,,549000.0,0.0,,,1056000.0,EUR,False,Served full year,baltic_classifieds_group_ar_2026,https://balticclassifieds.com/static/results/BCG_annual_report_and_accounts_2026.pdf,"=HYPERLINK(""https://balticclassifieds.com/static/results/BCG_annual_report_and_accounts_2026.pdf#page=69"",""p.69 of AR"")",3.0,72.0
Baltic Classifieds Group Plc,BCG LN Equity,Communication Services,Media & Entertainment,Interactive Media & Services,Interactive Media & Services,835.3,FY2026 (year ended 30 April 2026),Lina Mačienė,Chief Financial Officer (CFO),307000.0,EUR,,235000.0,0.0,,,542000.0,EUR,False,Served full year,baltic_classifieds_group_ar_2026,https://balticclassifieds.com/static/results/BCG_annual_report_and_accounts_2026.pdf,"=HYPERLINK(""https://balticclassifieds.com/static/results/BCG_annual_report_and_accounts_2026.pdf#page=69"",""p.69 of AR"")",3.0,72.0
Baltic Classifieds Group Plc,BCG LN Equity,Communication Services,Media & Entertainment,Interactive Media & Services,Interactive Media & Services,835.3,FY2026 (year ended 30 April 2026),Simonas Orkinas,Chief Operating Officer (COO),410000.0,EUR,,392000.0,0.0,,,802000.0,EUR,False,"No pro-rata adjustment applied in this financial year's figures; however, on 22 April 2026 (near year-end) it was announced Orkinas will retire as COO and step down from the Board at the 2026 AGM, remaining an employee for up to six months for transition. He will not receive further LTIP awards from July 2026 onward. Departure terms detailed in Chunk 119; retirement announcement in Chunk 45.",baltic_classifieds_group_ar_2026,https://balticclassifieds.com/static/results/BCG_annual_report_and_accounts_2026.pdf,"=HYPERLINK(""https://balticclassifieds.com/static/results/BCG_annual_report_and_accounts_2026.pdf#page=69"",""p.69 of AR"")",3.0,72.0
Baltic Classifieds Group Plc,BCG LN Equity,Communication Services,Media & Entertainment,Interactive Media & Services,Interactive Media & Services,835.3,FY2025 (year ended 30 April 2025),Justinas Šimkus,Chief Executive Officer (CEO),427000.0,EUR,,1801000.0,0.0,,,2228000.0,EUR,False,FY2025 PSP figures restated from original 2025 Annual Report values due to updated actual vesting-date share price (€4.18 vs. original three-month average estimate of €3.83); see Chunk 76 and 103.,baltic_classifieds_group_ar_2026,https://balticclassifieds.com/static/results/BCG_annual_report_and_accounts_2026.pdf,"=HYPERLINK(""https://balticclassifieds.com/static/results/BCG_annual_report_and_accounts_2026.pdf#page=69"",""p.69 of AR"")",3.0,73.0
Baltic Classifieds Group Plc,BCG LN Equity,Communication Services,Media & Entertainment,Interactive Media & Services,Interactive Media & Services,835.3,FY2025 (year ended 30 April 2025),Lina Mačienė,Chief Financial Officer (CFO),257000.0,EUR,,772000.0,0.0,,,1029000.0,EUR,False,FY2025 PSP figures restated; see Chunk 76.,baltic_classifieds_group_ar_2026,https://balticclassifieds.com/static/results/BCG_annual_report_and_accounts_2026.pdf,"=HYPERLINK(""https://balticclassifieds.com/static/results/BCG_annual_report_and_accounts_2026.pdf#page=69"",""p.69 of AR"")",3.0,73.0
Baltic Classifieds Group Plc,BCG LN Equity,Communication Services,Media & Entertainment,Interactive Media & Services,Interactive Media & Services,835.3,FY2025 (year ended 30 April 2025),Simonas Orkinas,Chief Operating Officer (COO),341000.0,EUR,,1286000.0,0.0,,,1627000.0,EUR,False,FY2025 PSP figures restated; see Chunk 76.,baltic_classifieds_group_ar_2026,https://balticclassifieds.com/static/results/BCG_annual_report_and_accounts_2026.pdf,"=HYPERLINK(""https://balticclassifieds.com/static/results/BCG_annual_report_and_accounts_2026.pdf#page=69"",""p.69 of AR"")",3.0,73.0
Barclays Plc,BARC LN Equity,Financials,Banks,Banks,Diversified Banks,57714.2,FY2025,C.S. Venkatakrishnan,Group Chief Executive,2063000.0,GBP,3299000.0,9452000.0,155000.0,76000.0,,15045000.0,GBP,False,"Served full year. Note: Salary/Fixed Pay reduced from 7 May 2025 following shareholder approval of the new Directors' Remuneration Policy (DRP) at the 2025 AGM; prior to that date, Fixed Pay was delivered 50% in cash and 50% in shares under the previous DRP. The blended 2025 salary figure of £2,063,000 reflects both periods.",barclays_ar_2025,https://home.barclays/content/dam/home-barclays/documents/investor-relations/reports-and-events/annual-reports/2025/Barclays-PLC-Annual-Report-2025.pdf,"=HYPERLINK(""https://home.barclays/content/dam/home-barclays/documents/investor-relations/reports-and-events/annual-reports/2025/Barclays-PLC-Annual-Report-2025.pdf#page=174"",""p.174 of AR"")",2.0,
Barclays Plc,BARC LN Equity,Financials,Banks,Banks,Diversified Banks,57714.2,FY2025,Anna Cross,Group Finance Director,1262000.0,GBP,1971000.0,5614000.0,94000.0,29000.0,,8970000.0,GBP,False,"Served full year. Note: Salary/Fixed Pay similarly reduced from 7 May 2025 following DRP approval. The 2025 LTIP vesting (2023–2025 cycle) is Anna Cross's first LTIP vesting, as she was appointed Group Finance Director on 23 April 2022 and did not participate in the 2022–2024 LTIP cycle.",barclays_ar_2025,https://home.barclays/content/dam/home-barclays/documents/investor-relations/reports-and-events/annual-reports/2025/Barclays-PLC-Annual-Report-2025.pdf,"=HYPERLINK(""https://home.barclays/content/dam/home-barclays/documents/investor-relations/reports-and-events/annual-reports/2025/Barclays-PLC-Annual-Report-2025.pdf#page=174"",""p.174 of AR"")",2.0,
Barclays Plc,BARC LN Equity,Financials,Banks,Banks,Diversified Banks,57714.2,FY2024,C.S. Venkatakrishnan,Group Chief Executive,2935000.0,GBP,2219000.0,6226000.0,147000.0,95000.0,,11622000.0,GBP,False,Served full year.,barclays_ar_2025,https://home.barclays/content/dam/home-barclays/documents/investor-relations/reports-and-events/annual-reports/2025/Barclays-PLC-Annual-Report-2025.pdf,"=HYPERLINK(""https://home.barclays/content/dam/home-barclays/documents/investor-relations/reports-and-events/annual-reports/2025/Barclays-PLC-Annual-Report-2025.pdf#page=173"",""p.173 of AR"")",2.0,
Barclays Plc,BARC LN Equity,Financials,Banks,Banks,Diversified Banks,57714.2,FY2024,Anna Cross,Group Finance Director,1837000.0,GBP,1336000.0,0.0,92000.0,15000.0,,3280000.0,GBP,False,Served full year. LTIP is nil as she was not a participant in the 2022–2024 LTIP cycle (appointed as Group Finance Director on 23 April 2022).,barclays_ar_2025,https://home.barclays/content/dam/home-barclays/documents/investor-relations/reports-and-events/annual-reports/2025/Barclays-PLC-Annual-Report-2025.pdf,"=HYPERLINK(""https://home.barclays/content/dam/home-barclays/documents/investor-relations/reports-and-events/annual-reports/2025/Barclays-PLC-Annual-Report-2025.pdf#page=177"",""p.177 of AR"")",2.0,
Barratt Redrow Plc,BTRW LN Equity,,,,,3413.1,FY25,David Thomas,Chief Executive,857000.0,GBP,1006000.0,392000.0,86000.0,29000.0,0.0,2370000.0,GBP,False,,barratt_redrow_ar_2025,https://www.barrattredrow.co.uk/~/media/Files/B/Barratt-Developments-V2/documents/annual-report-2025/barratt-redrow-plc-annual-report-and-accounts-2025.pdf,"=HYPERLINK(""https://www.barrattredrow.co.uk/~/media/Files/B/Barratt-Developments-V2/documents/annual-report-2025/barratt-redrow-plc-annual-report-and-accounts-2025.pdf#page=138"",""p.138 of AR"")",3.0,151.0
Barratt Redrow Plc,BTRW LN Equity,,,,,3413.1,FY25,Steven Boyes,Chief Operating Officer and Deputy Chief Executive,692000.0,GBP,812000.0,316000.0,69000.0,14000.0,0.0,1902000.0,GBP,False,"Served full FY25 as Executive Director, though stepping down was announced; see Chunk 230 noting eligibility for pro-rata bonus up to 6 September 2025 relating to post-year-end departure, not affecting FY25 figures",barratt_redrow_ar_2025,https://www.barrattredrow.co.uk/~/media/Files/B/Barratt-Developments-V2/documents/annual-report-2025/barratt-redrow-plc-annual-report-and-accounts-2025.pdf,"=HYPERLINK(""https://www.barrattredrow.co.uk/~/media/Files/B/Barratt-Developments-V2/documents/annual-report-2025/barratt-redrow-plc-annual-report-and-accounts-2025.pdf#page=138"",""p.138 of AR"")",3.0,151.0
Barratt Redrow Plc,BTRW LN Equity,,,,,3413.1,FY25,Mike Scott,Chief Financial Officer,528000.0,GBP,619000.0,241000.0,53000.0,21000.0,0.0,1461000.0,GBP,False,,barratt_redrow_ar_2025,https://www.barrattredrow.co.uk/~/media/Files/B/Barratt-Developments-V2/documents/annual-report-2025/barratt-redrow-plc-annual-report-and-accounts-2025.pdf,"=HYPERLINK(""https://www.barrattredrow.co.uk/~/media/Files/B/Barratt-Developments-V2/documents/annual-report-2025/barratt-redrow-plc-annual-report-and-accounts-2025.pdf#page=138"",""p.138 of AR"")",3.0,151.0
Barratt Redrow Plc,BTRW LN Equity,,,,,3413.1,FY25,Matthew Pratt,Redrow Chief Executive and Executive Director,521000.0,GBP,981000.0,0.0,52000.0,17000.0,0.0,1571000.0,GBP,True,"Matthew Pratt's remuneration above is from 4 October 2024, being the date he joined the Board (Chunk 152, footnote 6). Bonus paid fully in cash with no deferral per Co-operation Agreement (footnote 2, Chunk 152).",barratt_redrow_ar_2025,https://www.barrattredrow.co.uk/~/media/Files/B/Barratt-Developments-V2/documents/annual-report-2025/barratt-redrow-plc-annual-report-and-accounts-2025.pdf,"=HYPERLINK(""https://www.barrattredrow.co.uk/~/media/Files/B/Barratt-Developments-V2/documents/annual-report-2025/barratt-redrow-plc-annual-report-and-accounts-2025.pdf#page=138"",""p.138 of AR"")",3.0,151.0
Barratt Redrow Plc,BTRW LN Equity,,,,,3413.1,FY24,David Thomas,Chief Executive,836000.0,GBP,1126000.0,189000.0,84000.0,29000.0,0.0,2264000.0,GBP,False,,barratt_redrow_ar_2025,https://www.barrattredrow.co.uk/~/media/Files/B/Barratt-Developments-V2/documents/annual-report-2025/barratt-redrow-plc-annual-report-and-accounts-2025.pdf,"=HYPERLINK(""https://www.barrattredrow.co.uk/~/media/Files/B/Barratt-Developments-V2/documents/annual-report-2025/barratt-redrow-plc-annual-report-and-accounts-2025.pdf#page=138"",""p.138 of AR"")",3.0,151.0
Barratt Redrow Plc,BTRW LN Equity,,,,,3413.1,FY24,Steven Boyes,Chief Operating Officer and Deputy Chief Executive,674000.0,GBP,909000.0,152000.0,67000.0,15000.0,2000.0,1819000.0,GBP,False,,barratt_redrow_ar_2025,https://www.barrattredrow.co.uk/~/media/Files/B/Barratt-Developments-V2/documents/annual-report-2025/barratt-redrow-plc-annual-report-and-accounts-2025.pdf,"=HYPERLINK(""https://www.barrattredrow.co.uk/~/media/Files/B/Barratt-Developments-V2/documents/annual-report-2025/barratt-redrow-plc-annual-report-and-accounts-2025.pdf#page=138"",""p.138 of AR"")",3.0,151.0
Barratt Redrow Plc,BTRW LN Equity,,,,,3413.1,FY24,Mike Scott,Chief Financial Officer,514000.0,GBP,693000.0,99000.0,51000.0,23000.0,0.0,1380000.0,GBP,False,,barratt_redrow_ar_2025,https://www.barrattredrow.co.uk/~/media/Files/B/Barratt-Developments-V2/documents/annual-report-2025/barratt-redrow-plc-annual-report-and-accounts-2025.pdf,"=HYPERLINK(""https://www.barrattredrow.co.uk/~/media/Files/B/Barratt-Developments-V2/documents/annual-report-2025/barratt-redrow-plc-annual-report-and-accounts-2025.pdf#page=138"",""p.138 of AR"")",3.0,151.0
Barratt Redrow Plc,BTRW LN Equity,,,,,3413.1,FY24,Matthew Pratt,Redrow Chief Executive and Executive Director,0.0,GBP,0.0,0.0,0.0,0.0,0.0,0.0,GBP,True,No prior year data as he was appointed to the Board on 4 October 2024 (joined from Redrow plc following acquisition); not yet appointed to Barratt Redrow Board during FY24,barratt_redrow_ar_2025,https://www.barrattredrow.co.uk/~/media/Files/B/Barratt-Developments-V2/documents/annual-report-2025/barratt-redrow-plc-annual-report-and-accounts-2025.pdf,"=HYPERLINK(""https://www.barrattredrow.co.uk/~/media/Files/B/Barratt-Developments-V2/documents/annual-report-2025/barratt-redrow-plc-annual-report-and-accounts-2025.pdf#page=138"",""p.138 of AR"")",3.0,151.0
Beazley Plc,BEZ LN Equity,Financials,Insurance,Insurance,Property & Casualty Insurance,7564.5,2024,Adrian P Cox,Group CEO,650000.0,GBP,1852500.0,1232208.0,81250.0,12275.0,0.0,3828233.0,GBP,False,,beazley_ar_2024,https://www.beazley.com/globalassets/ir-documents/annual-reports/annual-report-2025/annual-report-and-accounts.pdf,"=HYPERLINK(""https://www.beazley.com/globalassets/ir-documents/annual-reports/annual-report-2025/annual-report-and-accounts.pdf#page=140"",""p.140 of AR"")",2.0,
Beazley Plc,BEZ LN Equity,Financials,Insurance,Insurance,Property & Casualty Insurance,7564.5,2024,Barbara Plucnar Jensen,Group CFO,313333.0,GBP,916500.0,0.0,27417.0,98500.0,0.0,1355750.0,GBP,True,Appointed during 2024 (joined part-way through the year). Salary and bonus pro-rated to reflect joining date.,beazley_ar_2024,https://www.beazley.com/globalassets/ir-documents/annual-reports/annual-report-2025/annual-report-and-accounts.pdf,"=HYPERLINK(""https://www.beazley.com/globalassets/ir-documents/annual-reports/annual-report-2025/annual-report-and-accounts.pdf#page=140"",""p.140 of AR"")",2.0,
Beazley Plc,BEZ LN Equity,Financials,Insurance,Insurance,Property & Casualty Insurance,7564.5,2024,Sally M Lake,Group Finance Director (GFD),275897.0,GBP,667241.0,749740.0,31609.0,2756.0,0.0,1727243.0,GBP,True,Departed during 2024 (served part of the year). Annual bonus opportunity time pro-rated following departure.,beazley_ar_2024,https://www.beazley.com/globalassets/ir-documents/annual-reports/annual-report-2025/annual-report-and-accounts.pdf,"=HYPERLINK(""https://www.beazley.com/globalassets/ir-documents/annual-reports/annual-report-2025/annual-report-and-accounts.pdf#page=140"",""p.140 of AR"")",2.0,
Beazley Plc,BEZ LN Equity,Financials,Insurance,Insurance,Property & Casualty Insurance,7564.5,2023,Adrian P Cox,Group CEO,625000.0,GBP,1875000.0,1253462.0,78125.0,12061.0,0.0,3843648.0,GBP,False,,beazley_ar_2024,https://www.beazley.com/globalassets/ir-documents/annual-reports/annual-report-2025/annual-report-and-accounts.pdf,"=HYPERLINK(""https://www.beazley.com/globalassets/ir-documents/annual-reports/annual-report-2025/annual-report-and-accounts.pdf#page=140"",""p.140 of AR"")",2.0,
Beazley Plc,BEZ LN Equity,Financials,Insurance,Insurance,Property & Casualty Insurance,7564.5,2023,Barbara Plucnar Jensen,Group CFO,0.0,GBP,0.0,0.0,0.0,0.0,0.0,0.0,GBP,False,Not an executive director in 2023,beazley_ar_2024,https://www.beazley.com/globalassets/ir-documents/annual-reports/annual-report-2025/annual-report-and-accounts.pdf,"=HYPERLINK(""https://www.beazley.com/globalassets/ir-documents/annual-reports/annual-report-2025/annual-report-and-accounts.pdf#page=154"",""p.154 of AR"")",2.0,
Beazley Plc,BEZ LN Equity,Financials,Insurance,Insurance,Property & Casualty Insurance,7564.5,2023,Sally M Lake,Group Finance Director (GFD),434700.0,GBP,1173690.0,595208.0,48779.0,3161.0,0.0,2255538.0,GBP,False,,beazley_ar_2024,https://www.beazley.com/globalassets/ir-documents/annual-reports/annual-report-2025/annual-report-and-accounts.pdf,"=HYPERLINK(""https://www.beazley.com/globalassets/ir-documents/annual-reports/annual-report-2025/annual-report-and-accounts.pdf#page=140"",""p.140 of AR"")",2.0,
Beazley Plc,BEZ LN Equity,Financials,Insurance,Insurance,Property & Casualty Insurance,7564.5,FY2025,Adrian P Cox,Group Chief Executive Officer,775000.0,GBP,2040000.0,3727688.0,96875.0,18996.0,,6658559.0,GBP,False,"Served full year. Salary reflects a step-change increase in 2025 (from £650,000 to £800,000 base, with £775,000 representing the blended/actual paid amount). Annual bonus represents 85% of maximum opportunity (max = 300% of salary). LTIP includes vesting of the second tranche of the 2021 LTIP award (at 100% of maximum) and the 2023 LTIP award (at 94% of maximum). Pension is 12.5% of salary.",beazley_ar_2025,https://www.beazley.com/globalassets/ir-documents/annual-reports/annual-report-2025/annual-report-and-accounts.pdf,"=HYPERLINK(""https://www.beazley.com/globalassets/ir-documents/annual-reports/annual-report-2025/annual-report-and-accounts.pdf#page=165"",""p.165 of AR"")",2.0,
Beazley Plc,BEZ LN Equity,Financials,Insurance,Insurance,Property & Casualty Insurance,7564.5,FY2025,Barbara Plucnar Jensen,Group Chief Financial Officer,479833.0,GBP,1204500.0,0.0,47983.0,149900.0,,1882216.0,GBP,False,"Served full year in FY2025 (though originally appointed during 2024). Salary of £479,833 reflects full-year 2025 salary of approximately £481,800 with minor rounding/timing difference. Annual bonus represents 83% of maximum opportunity (max = 300% of salary). No LTIP vesting in 2025 as she was appointed during 2024 and had no awards maturing. Benefits are notably higher than Cox's (£149,900 vs £18,996), likely reflecting international relocation-related allowances (housing, school fees, etc.) consistent with remuneration policy provisions for relocating executives. Pension is 12.5% of salary.",beazley_ar_2025,https://www.beazley.com/globalassets/ir-documents/annual-reports/annual-report-2025/annual-report-and-accounts.pdf,"=HYPERLINK(""https://www.beazley.com/globalassets/ir-documents/annual-reports/annual-report-2025/annual-report-and-accounts.pdf#page=165"",""p.165 of AR"")",2.0,
Beazley Plc,BEZ LN Equity,Financials,Insurance,Insurance,Property & Casualty Insurance,7564.5,FY2024,Adrian P Cox,Group Chief Executive Officer,650000.0,GBP,1852500.0,1418904.0,81250.0,12275.0,,4014929.0,GBP,False,Served full year. Annual bonus represents 95% of maximum opportunity. LTIP vested at 100% of maximum.,beazley_ar_2025,https://www.beazley.com/globalassets/ir-documents/annual-reports/annual-report-2025/annual-report-and-accounts.pdf,"=HYPERLINK(""https://www.beazley.com/globalassets/ir-documents/annual-reports/annual-report-2025/annual-report-and-accounts.pdf#page=165"",""p.165 of AR"")",2.0,
Beazley Plc,BEZ LN Equity,Financials,Insurance,Insurance,Property & Casualty Insurance,7564.5,FY2024,Barbara Plucnar Jensen,Group Chief Financial Officer,313333.0,GBP,916500.0,0.0,27417.0,98500.0,,1355750.0,GBP,True,"Appointed part-way through 2024. Salary of £313,333 is pro-rated, reflecting appointment during 2024 (full-year salary was £481,800; the pro-rated amount indicates she joined partway through the year). Benefits also pro-rated accordingly. No LTIP vesting as newly appointed and had no awards reaching the end of their performance/vesting period.",beazley_ar_2025,https://www.beazley.com/globalassets/ir-documents/annual-reports/annual-report-2025/annual-report-and-accounts.pdf,"=HYPERLINK(""https://www.beazley.com/globalassets/ir-documents/annual-reports/annual-report-2025/annual-report-and-accounts.pdf#page=165"",""p.165 of AR"")",2.0,
Bellway Plc,BWY LN Equity,,,,,2124.4,2023/24,Jason Honeyman,Chief Executive Officer,765372.0,GBP,826602.0,0.0,76537.0,46320.0,0.0,1714831.0,GBP,False,Full year service,bellway_ar_2024,https://fr.zone-secure.net/16558/.Bellway_AR_2025/publication/contents/templates/Bellway_Annual_Report_2025.pdf,"=HYPERLINK(""https://fr.zone-secure.net/16558/.Bellway_AR_2025/publication/contents/templates/Bellway_Annual_Report_2025.pdf#page=149"",""p.149 of AR"")",2.0,
Bellway Plc,BWY LN Equity,,,,,2124.4,2023/24,Keith Adey,Group Finance Director,467053.0,GBP,504417.0,0.0,46705.0,35707.0,0.0,1053882.0,GBP,False,Full year service. Note: Keith Adey announced stepping down from Group Finance Director role on 1 December 2024 and will remain on Board until 21 March 2025 (post-year end event),bellway_ar_2024,https://fr.zone-secure.net/16558/.Bellway_AR_2025/publication/contents/templates/Bellway_Annual_Report_2025.pdf,"=HYPERLINK(""https://fr.zone-secure.net/16558/.Bellway_AR_2025/publication/contents/templates/Bellway_Annual_Report_2025.pdf#page=149"",""p.149 of AR"")",2.0,
Bellway Plc,BWY LN Equity,,,,,2124.4,2023/24,Simon Scougall,Chief Commercial Officer,,,,,,,,0.0,GBP,True,"Appointed to the Board in newly created Executive role of Chief Commercial Officer from 1 August 2024 (after the 2023/24 financial year end). Remuneration package comprises salary of £444,000, pension of 10% of salary, annual bonus opportunity and LTIP award at same level as CEO",bellway_ar_2024,https://fr.zone-secure.net/16558/.Bellway_AR_2025/publication/contents/templates/Bellway_Annual_Report_2025.pdf,"=HYPERLINK(""https://fr.zone-secure.net/16558/.Bellway_AR_2025/publication/contents/templates/Bellway_Annual_Report_2025.pdf#page=134"",""p.134 of AR"")",2.0,
Bellway Plc,BWY LN Equity,,,,,2124.4,2022/23,Jason Honeyman,Chief Executive Officer,739490.0,GBP,185316.0,0.0,104761.0,51570.0,7488.0,1088625.0,GBP,False,Full year service,bellway_ar_2024,https://fr.zone-secure.net/16558/.Bellway_AR_2025/publication/contents/templates/Bellway_Annual_Report_2025.pdf,"=HYPERLINK(""https://fr.zone-secure.net/16558/.Bellway_AR_2025/publication/contents/templates/Bellway_Annual_Report_2025.pdf#page=149"",""p.149 of AR"")",2.0,
Bellway Plc,BWY LN Equity,,,,,2124.4,2022/23,Keith Adey,Group Finance Director,451259.0,GBP,113086.0,0.0,63915.0,35143.0,4493.0,667896.0,GBP,False,Full year service,bellway_ar_2024,https://fr.zone-secure.net/16558/.Bellway_AR_2025/publication/contents/templates/Bellway_Annual_Report_2025.pdf,"=HYPERLINK(""https://fr.zone-secure.net/16558/.Bellway_AR_2025/publication/contents/templates/Bellway_Annual_Report_2025.pdf#page=149"",""p.149 of AR"")",2.0,
Bellway Plc,BWY LN Equity,,,,,2124.4,FY2024/25,Jason Honeyman,Chief Executive Officer,799814.0,GBP,1170304.0,1134905.0,79981.0,46832.0,0.0,3231836.0,GBP,False,N/A,bellway_ar_2025,https://fr.zone-secure.net/16558/.Bellway_AR_2025/publication/contents/templates/Bellway_Annual_Report_2025.pdf,"=HYPERLINK(""https://fr.zone-secure.net/16558/.Bellway_AR_2025/publication/contents/templates/Bellway_Annual_Report_2025.pdf#page=133"",""p.133 of AR"")",2.0,
Bellway Plc,BWY LN Equity,,,,,2124.4,FY2024/25,Keith Adey,Group Finance Director (CFO),313759.0,GBP,455884.0,535818.0,31376.0,24692.0,0.0,1361529.0,GBP,True,"Footnote (a) applies — Keith Adey served only part of FY2024/25 (departed during the year as new CFO Simon Scougall was appointed). His salary of £313,759 is significantly lower than his FY2024 full-year salary of £467,053, confirming partial-year service.",bellway_ar_2025,https://fr.zone-secure.net/16558/.Bellway_AR_2025/publication/contents/templates/Bellway_Annual_Report_2025.pdf,"=HYPERLINK(""https://fr.zone-secure.net/16558/.Bellway_AR_2025/publication/contents/templates/Bellway_Annual_Report_2025.pdf#page=133"",""p.133 of AR"")",2.0,
Bellway Plc,BWY LN Equity,,,,,2124.4,FY2024/25,Simon Scougall,Chief Financial Officer (new CFO),444000.0,GBP,649670.0,266165.0,76942.0,39256.0,0.0,1476033.0,GBP,True,Footnote (b) applies — Simon Scougall was a new appointment as CFO during FY2024/25; no prior year comparative is available for him in this role. His LTIP figure likely reflects a partial-year or pro-rated award consistent with his appointment date.,bellway_ar_2025,https://fr.zone-secure.net/16558/.Bellway_AR_2025/publication/contents/templates/Bellway_Annual_Report_2025.pdf,"=HYPERLINK(""https://fr.zone-secure.net/16558/.Bellway_AR_2025/publication/contents/templates/Bellway_Annual_Report_2025.pdf#page=133"",""p.133 of AR"")",2.0,
Bellway Plc,BWY LN Equity,,,,,2124.4,FY2024/25,Shane Doherty,Executive Director,320000.0,GBP,465665.0,0.0,14000.0,72133.0,0.0,871798.0,GBP,True,"Footnote (c) applies — Shane Doherty was a new appointment to the Board during FY2024/25; no prior year comparative is available. The absence of an LTIP figure is consistent with a new appointment where no prior LTIP award had yet reached its vesting date. His pension of £14,000 (flat amount rather than a percentage of salary) may reflect a fixed pension supplement arrangement.",bellway_ar_2025,https://fr.zone-secure.net/16558/.Bellway_AR_2025/publication/contents/templates/Bellway_Annual_Report_2025.pdf,"=HYPERLINK(""https://fr.zone-secure.net/16558/.Bellway_AR_2025/publication/contents/templates/Bellway_Annual_Report_2025.pdf#page=133"",""p.133 of AR"")",2.0,
Bellway Plc,BWY LN Equity,,,,,2124.4,FY2023/24,Jason Honeyman,Chief Executive Officer,765372.0,GBP,826602.0,0.0,76537.0,46320.0,0.0,1714831.0,GBP,False,N/A,bellway_ar_2025,https://fr.zone-secure.net/16558/.Bellway_AR_2025/publication/contents/templates/Bellway_Annual_Report_2025.pdf,"=HYPERLINK(""https://fr.zone-secure.net/16558/.Bellway_AR_2025/publication/contents/templates/Bellway_Annual_Report_2025.pdf#page=133"",""p.133 of AR"")",2.0,
Bellway Plc,BWY LN Equity,,,,,2124.4,FY2023/24,Keith Adey,Group Finance Director (CFO),467053.0,GBP,504417.0,0.0,46705.0,35707.0,0.0,1053882.0,GBP,False,Full-year service in FY2023/24 as Group Finance Director.,bellway_ar_2025,https://fr.zone-secure.net/16558/.Bellway_AR_2025/publication/contents/templates/Bellway_Annual_Report_2025.pdf,"=HYPERLINK(""https://fr.zone-secure.net/16558/.Bellway_AR_2025/publication/contents/templates/Bellway_Annual_Report_2025.pdf#page=133"",""p.133 of AR"")",2.0,
Big Yellow Group Plc,BYG LN Equity,,,,,1634.5,2025,Nicholas Vetch,Executive Chairman,434425.0,GBP,320878.0,325881.0,26066.0,9426.0,0.0,1116676.0,GBP,False,N/A,big_yellow_group_ar_2025,https://corporate.bigyellow.co.uk/media/1599/download/BigYellow_Annual%20Report%20%26%20Accounts%202026%20%28full%29.pdf?v=1,"=HYPERLINK(""https://corporate.bigyellow.co.uk/media/1599/download/BigYellow_Annual%20Report%20%26%20Accounts%202026%20%28full%29.pdf?v=1#page=110"",""p.110 of AR"")",2.0,
Big Yellow Group Plc,BYG LN Equity,,,,,1634.5,2025,Jim Gibson,Chief Executive,509725.0,GBP,376496.0,382367.0,30584.0,13468.0,0.0,1312640.0,GBP,False,N/A,big_yellow_group_ar_2025,https://corporate.bigyellow.co.uk/media/1599/download/BigYellow_Annual%20Report%20%26%20Accounts%202026%20%28full%29.pdf?v=1,"=HYPERLINK(""https://corporate.bigyellow.co.uk/media/1599/download/BigYellow_Annual%20Report%20%26%20Accounts%202026%20%28full%29.pdf?v=1#page=110"",""p.110 of AR"")",2.0,
Big Yellow Group Plc,BYG LN Equity,,,,,1634.5,2025,John Trotman,Chief Financial Officer,376500.0,GBP,278092.0,282433.0,22590.0,2998.0,0.0,962613.0,GBP,False,N/A,big_yellow_group_ar_2025,https://corporate.bigyellow.co.uk/media/1599/download/BigYellow_Annual%20Report%20%26%20Accounts%202026%20%28full%29.pdf?v=1,"=HYPERLINK(""https://corporate.bigyellow.co.uk/media/1599/download/BigYellow_Annual%20Report%20%26%20Accounts%202026%20%28full%29.pdf?v=1#page=110"",""p.110 of AR"")",2.0,
Big Yellow Group Plc,BYG LN Equity,,,,,1634.5,2024,Nicholas Vetch,Executive Chairman,417700.0,GBP,316408.0,370645.0,25062.0,5999.0,0.0,1135814.0,GBP,False,N/A,big_yellow_group_ar_2025,https://corporate.bigyellow.co.uk/media/1599/download/BigYellow_Annual%20Report%20%26%20Accounts%202026%20%28full%29.pdf?v=1,"=HYPERLINK(""https://corporate.bigyellow.co.uk/media/1599/download/BigYellow_Annual%20Report%20%26%20Accounts%202026%20%28full%29.pdf?v=1#page=110"",""p.110 of AR"")",2.0,
Big Yellow Group Plc,BYG LN Equity,,,,,1634.5,2024,Jim Gibson,Chief Executive,490100.0,GBP,371251.0,436494.0,29406.0,8502.0,0.0,1335753.0,GBP,False,N/A,big_yellow_group_ar_2025,https://corporate.bigyellow.co.uk/media/1599/download/BigYellow_Annual%20Report%20%26%20Accounts%202026%20%28full%29.pdf?v=1,"=HYPERLINK(""https://corporate.bigyellow.co.uk/media/1599/download/BigYellow_Annual%20Report%20%26%20Accounts%202026%20%28full%29.pdf?v=1#page=110"",""p.110 of AR"")",2.0,
Big Yellow Group Plc,BYG LN Equity,,,,,1634.5,2024,John Trotman,Chief Financial Officer,362000.0,GBP,274215.0,324428.0,21720.0,2154.0,0.0,984517.0,GBP,False,N/A,big_yellow_group_ar_2025,https://corporate.bigyellow.co.uk/media/1599/download/BigYellow_Annual%20Report%20%26%20Accounts%202026%20%28full%29.pdf?v=1,"=HYPERLINK(""https://corporate.bigyellow.co.uk/media/1599/download/BigYellow_Annual%20Report%20%26%20Accounts%202026%20%28full%29.pdf?v=1#page=110"",""p.110 of AR"")",2.0,
B&M European Value Retail S.A.,BME LN Equity,Consumer Discretionary,Consumer Discretionary Distribution & Retail,Broadline Retail,Broadline Retail,1581.9,2024/25,Alex Russo,Chief Executive Officer,908500.0,GBP,853125.0,0.0,24228.0,64864.0,,1850717.0,GBP,False,"Full year service (retiring 30 April 2025, after year-end)",bm_european_value_retail_ar_2025,https://www.bandmretail.com/~/media/Files/B/Bmstores-Corp/documents/investors/company-meetings/agm/2026/bm-annual-report-and-accounts-2026.pdf,"=HYPERLINK(""https://www.bandmretail.com/~/media/Files/B/Bmstores-Corp/documents/investors/company-meetings/agm/2026/bm-annual-report-and-accounts-2026.pdf#page=82"",""p.82 of AR"")",2.0,
B&M European Value Retail S.A.,BME LN Equity,Consumer Discretionary,Consumer Discretionary Distribution & Retail,Broadline Retail,Broadline Retail,1581.9,2024/25,Mike Schmidt,Chief Financial Officer,481770.0,GBP,316339.0,0.0,12844.0,19252.0,,830205.0,GBP,False,Full year service,bm_european_value_retail_ar_2025,https://www.bandmretail.com/~/media/Files/B/Bmstores-Corp/documents/investors/company-meetings/agm/2026/bm-annual-report-and-accounts-2026.pdf,"=HYPERLINK(""https://www.bandmretail.com/~/media/Files/B/Bmstores-Corp/documents/investors/company-meetings/agm/2026/bm-annual-report-and-accounts-2026.pdf#page=82"",""p.82 of AR"")",2.0,
B&M European Value Retail S.A.,BME LN Equity,Consumer Discretionary,Consumer Discretionary Distribution & Retail,Broadline Retail,Broadline Retail,1581.9,2023/24,Alex Russo,Chief Executive Officer,832000.0,GBP,1643200.0,562206.0,21695.0,43743.0,,3102844.0,GBP,False,Full year service,bm_european_value_retail_ar_2025,https://www.bandmretail.com/~/media/Files/B/Bmstores-Corp/documents/investors/company-meetings/agm/2026/bm-annual-report-and-accounts-2026.pdf,"=HYPERLINK(""https://www.bandmretail.com/~/media/Files/B/Bmstores-Corp/documents/investors/company-meetings/agm/2026/bm-annual-report-and-accounts-2026.pdf#page=82"",""p.82 of AR"")",2.0,
B&M European Value Retail S.A.,BME LN Equity,Consumer Discretionary,Consumer Discretionary Distribution & Retail,Broadline Retail,Broadline Retail,1581.9,2023/24,Mike Schmidt,Chief Financial Officer,468000.0,GBP,675675.0,0.0,12203.0,40209.0,,1196087.0,GBP,False,Full year service,bm_european_value_retail_ar_2025,https://www.bandmretail.com/~/media/Files/B/Bmstores-Corp/documents/investors/company-meetings/agm/2026/bm-annual-report-and-accounts-2026.pdf,"=HYPERLINK(""https://www.bandmretail.com/~/media/Files/B/Bmstores-Corp/documents/investors/company-meetings/agm/2026/bm-annual-report-and-accounts-2026.pdf#page=82"",""p.82 of AR"")",2.0,
BP Plc,BP/ LN Equity,Energy,Energy,Oil Gas & Consumable Fuels,Integrated Oil & Gas,85314.8,2024,Murray Auchincloss,Chief Executive Officer,1450000.0,GBP,734000.0,2750000.0,290000.0,132000.0,,5356000.0,GBP,True,"Appointed as permanent CEO on 17 January 2024 (previously appointed interim CEO on 12 September 2023). Salary was set at £1.45 million upon interim appointment and remained unchanged upon permanent appointment. Total Fixed Remuneration: £1,872,000 (35%), Total Variable Remuneration: £3,484,000 (65%). Performance shares calculated using average share price in Q4 2024 of £3.90. Includes notional dividends accrued up to 14 February 2025. Annual bonus subject to 33% deferral into shares for three years (as minimum shareholding requirement of 5x salary has been met - actual shareholding 6.1x salary as at 14 February 2025). Pension allowance of 20% of salary is cash allowance in lieu of pension. Annual bonus outcome for 2024 was 22.5% of maximum. Performance shares outcome for 2022-24 plan was 66.5% of maximum.",bp_ar_2024,https://www.bp.com/content/dam/bp/business-sites/en/global/corporate/pdfs/investors/bp-annual-report-and-form-20f-2025.pdf,"=HYPERLINK(""https://www.bp.com/content/dam/bp/business-sites/en/global/corporate/pdfs/investors/bp-annual-report-and-form-20f-2025.pdf#page=97"",""p.97 of AR"")",2.0,
BP Plc,BP/ LN Equity,Energy,Energy,Oil Gas & Consumable Fuels,Integrated Oil & Gas,85314.8,2024,Kate Thomson,Chief Financial Officer,731000.0,GBP,370000.0,575000.0,146000.0,67000.0,,1889000.0,GBP,True,"Appointed as permanent CFO and joined the board effective from 2 February 2024. Base pay set at £800,000 upon appointment. Amounts disclosed reflect her service in the year as an executive director. Total Fixed Remuneration: £944,000 (50%), Total Variable Remuneration: £945,000 (50%). Performance shares relate to her previous role prior to board appointment but included for transparency. Performance shares calculated using average share price in Q4 2024 of £3.90. Includes notional dividends up to 14 February 2025. For 2022-24 performance shares, awards below board had different scorecard resulting in 73% of maximum outcome. Annual bonus subject to 50% deferral into shares for three years (as minimum shareholding requirement of 4.5x salary has not yet been met - actual shareholding 2.6x salary as at 14 February 2025). Pension allowance of 20% of salary is cash allowance in lieu of pension.",bp_ar_2024,https://www.bp.com/content/dam/bp/business-sites/en/global/corporate/pdfs/investors/bp-annual-report-and-form-20f-2025.pdf,"=HYPERLINK(""https://www.bp.com/content/dam/bp/business-sites/en/global/corporate/pdfs/investors/bp-annual-report-and-form-20f-2025.pdf#page=97"",""p.97 of AR"")",2.0,
BP Plc,BP/ LN Equity,Energy,Energy,Oil Gas & Consumable Fuels,Integrated Oil & Gas,85314.8,2023,Murray Auchincloss,Chief Financial Officer / Interim Chief Executive Officer,1015000.0,GBP,1839000.0,4362000.0,190000.0,338000.0,,7744000.0,GBP,True,"Appointed interim CEO on 12 September 2023, having previously been CFO. The 2023 figure represents combined remuneration for both roles during the year. Total Fixed Remuneration: £1,543,000, Total Variable Remuneration: £6,201,000. Performance shares restated to reflect share price on date of vesting of £4.52 and actual dividends received. Benefits materially decreased in 2024 due to phasing out of transitional car-related benefits. 2023 annual bonus outcome was 79.5% of maximum. 2023 performance shares outcome was 75% of maximum. Pension is cash allowance in lieu of pension.",bp_ar_2024,https://www.bp.com/content/dam/bp/business-sites/en/global/corporate/pdfs/investors/bp-annual-report-and-form-20f-2025.pdf,"=HYPERLINK(""https://www.bp.com/content/dam/bp/business-sites/en/global/corporate/pdfs/investors/bp-annual-report-and-form-20f-2025.pdf#page=97"",""p.97 of AR"")",2.0,
BP Plc,BP/ LN Equity,Energy,Energy,Oil Gas & Consumable Fuels,Integrated Oil & Gas,85314.8,FY2025,Carol Howle,Interim Chief Executive Officer (appointed 18 December 2025),57000.0,GBP,83000.0,733000.0,11000.0,2000.0,,886000.0,GBP,True,"Appointed Interim CEO on 18 December 2025, succeeding Murray Auchincloss. Served only part of the year as executive director. Her performance share award was granted when she was below board level and is therefore based on a different scorecard to executive directors. Annual bonus outcome represented 79.5% of maximum; performance shares vested at 52.8% of maximum under the 2023–25 Performance Share Plan, valued using an average share price of £4.40 over Q4 2025. Pension is a cash allowance in lieu of pension at 20% of base salary.",bp_ar_2025,https://www.bp.com/content/dam/bp/business-sites/en/global/corporate/pdfs/investors/bp-annual-report-and-form-20f-2025.pdf,"=HYPERLINK(""https://www.bp.com/content/dam/bp/business-sites/en/global/corporate/pdfs/investors/bp-annual-report-and-form-20f-2025.pdf#page=100"",""p.100 of AR"")",2.0,
BP Plc,BP/ LN Equity,Energy,Energy,Oil Gas & Consumable Fuels,Integrated Oil & Gas,85314.8,FY2025,Murray Auchincloss,Chief Executive Officer (stepped down 18 December 2025),1434000.0,GBP,2594000.0,854000.0,287000.0,138000.0,,5307000.0,GBP,True,"Stepped down as CEO on 18 December 2025, serving the majority but not the full year in the role. Annual bonus outcome represented 79.5% of maximum; performance shares vested at 23.3% of maximum under the 2023–25 Performance Share Plan, valued using an average share price of £4.40 over Q4 2025. Pension is a cash allowance in lieu of pension at 20% of base salary.",bp_ar_2025,https://www.bp.com/content/dam/bp/business-sites/en/global/corporate/pdfs/investors/bp-annual-report-and-form-20f-2025.pdf,"=HYPERLINK(""https://www.bp.com/content/dam/bp/business-sites/en/global/corporate/pdfs/investors/bp-annual-report-and-form-20f-2025.pdf#page=100"",""p.100 of AR"")",2.0,
BP Plc,BP/ LN Equity,Energy,Energy,Oil Gas & Consumable Fuels,Integrated Oil & Gas,85314.8,FY2025,Kate Thomson,Chief Financial Officer,845000.0,GBP,1545000.0,387000.0,169000.0,82000.0,,3029000.0,GBP,False,"Served the full year as CFO. LTIP relates to the 2023–25 Performance Share Plan vesting outcome, valued using an average share price of £4.40 over Q4 2025. Pension is a cash allowance in lieu of pension at 20% of base salary.",bp_ar_2025,https://www.bp.com/content/dam/bp/business-sites/en/global/corporate/pdfs/investors/bp-annual-report-and-form-20f-2025.pdf,"=HYPERLINK(""https://www.bp.com/content/dam/bp/business-sites/en/global/corporate/pdfs/investors/bp-annual-report-and-form-20f-2025.pdf#page=100"",""p.100 of AR"")",2.0,
BP Plc,BP/ LN Equity,Energy,Energy,Oil Gas & Consumable Fuels,Integrated Oil & Gas,85314.8,FY2024,Murray Auchincloss,Chief Executive Officer,1450000.0,GBP,734000.0,2573000.0,290000.0,132000.0,,5179000.0,GBP,False,Served the full year as CEO. Annual bonus outcome represented 22.5% of maximum; performance shares vested at 66.5% of maximum under the 2022–24 Performance Share Plan cycle. Pension is a cash allowance in lieu of pension at 20% of base salary.,bp_ar_2025,https://www.bp.com/content/dam/bp/business-sites/en/global/corporate/pdfs/investors/bp-annual-report-and-form-20f-2025.pdf,"=HYPERLINK(""https://www.bp.com/content/dam/bp/business-sites/en/global/corporate/pdfs/investors/bp-annual-report-and-form-20f-2025.pdf#page=100"",""p.100 of AR"")",2.0,
BP Plc,BP/ LN Equity,Energy,Energy,Oil Gas & Consumable Fuels,Integrated Oil & Gas,85314.8,FY2024,Kate Thomson,Chief Financial Officer,731000.0,GBP,370000.0,697000.0,146000.0,67000.0,,2011000.0,GBP,False,Served the full year as CFO. LTIP relates to the 2022–24 Performance Share Plan cycle vesting outcome. Pension is a cash allowance in lieu of pension at 20% of base salary.,bp_ar_2025,https://www.bp.com/content/dam/bp/business-sites/en/global/corporate/pdfs/investors/bp-annual-report-and-form-20f-2025.pdf,"=HYPERLINK(""https://www.bp.com/content/dam/bp/business-sites/en/global/corporate/pdfs/investors/bp-annual-report-and-form-20f-2025.pdf#page=100"",""p.100 of AR"")",2.0,
Breedon Group Plc,BREE LN Equity,Materials,Materials,Construction Materials,Construction Materials,999.1,2024,Rob Wood,Chief Executive Officer (CEO),662000.0,GBP,722000.0,546000.0,29000.0,20000.0,0.0,1979000.0,GBP,False,N/A - served full year,breedon_group_ar_2024,https://www.breedongroup.com/content/dam/breedon/corporate/documents/investors/agm/annual-report-2025.pdf,"=HYPERLINK(""https://www.breedongroup.com/content/dam/breedon/corporate/documents/investors/agm/annual-report-2025.pdf#page=141"",""p.141 of AR"")",2.0,
Breedon Group Plc,BREE LN Equity,Materials,Materials,Construction Materials,Construction Materials,999.1,2024,James Brotherton,Chief Financial Officer (CFO),448000.0,GBP,488000.0,369000.0,20000.0,20000.0,0.0,1345000.0,GBP,False,N/A - served full year,breedon_group_ar_2024,https://www.breedongroup.com/content/dam/breedon/corporate/documents/investors/agm/annual-report-2025.pdf,"=HYPERLINK(""https://www.breedongroup.com/content/dam/breedon/corporate/documents/investors/agm/annual-report-2025.pdf#page=141"",""p.141 of AR"")",2.0,
Breedon Group Plc,BREE LN Equity,Materials,Materials,Construction Materials,Construction Materials,999.1,2023,Rob Wood,Chief Executive Officer (CEO),636000.0,GBP,799000.0,349000.0,28000.0,20000.0,0.0,1832000.0,GBP,False,N/A - served full year,breedon_group_ar_2024,https://www.breedongroup.com/content/dam/breedon/corporate/documents/investors/agm/annual-report-2025.pdf,"=HYPERLINK(""https://www.breedongroup.com/content/dam/breedon/corporate/documents/investors/agm/annual-report-2025.pdf#page=141"",""p.141 of AR"")",2.0,
Breedon Group Plc,BREE LN Equity,Materials,Materials,Construction Materials,Construction Materials,999.1,2023,James Brotherton,Chief Financial Officer (CFO),430000.0,GBP,541000.0,202000.0,19000.0,20000.0,0.0,1212000.0,GBP,False,N/A - served full year,breedon_group_ar_2024,https://www.breedongroup.com/content/dam/breedon/corporate/documents/investors/agm/annual-report-2025.pdf,"=HYPERLINK(""https://www.breedongroup.com/content/dam/breedon/corporate/documents/investors/agm/annual-report-2025.pdf#page=141"",""p.141 of AR"")",2.0,
Breedon Group Plc,BREE LN Equity,Materials,Materials,Construction Materials,Construction Materials,999.1,2025,Rob Wood,Chief Executive Officer (CEO),692000.0,GBP,360000.0,186000.0,30000.0,21000.0,,1289000.0,GBP,False,Served full year,breedon_group_ar_2025,https://www.breedongroup.com/content/dam/breedon/corporate/documents/investors/agm/annual-report-2025.pdf,"=HYPERLINK(""https://www.breedongroup.com/content/dam/breedon/corporate/documents/investors/agm/annual-report-2025.pdf#page=143"",""p.143 of AR"")",3.0,112.0
Breedon Group Plc,BREE LN Equity,Materials,Materials,Construction Materials,Construction Materials,999.1,2025,James Brotherton,Chief Financial Officer (CFO),477000.0,GBP,250000.0,126000.0,20000.0,20000.0,,893000.0,GBP,False,Served full year,breedon_group_ar_2025,https://www.breedongroup.com/content/dam/breedon/corporate/documents/investors/agm/annual-report-2025.pdf,"=HYPERLINK(""https://www.breedongroup.com/content/dam/breedon/corporate/documents/investors/agm/annual-report-2025.pdf#page=143"",""p.143 of AR"")",3.0,112.0
Breedon Group Plc,BREE LN Equity,Materials,Materials,Construction Materials,Construction Materials,999.1,2024,Rob Wood,Chief Executive Officer (CEO),662000.0,GBP,722000.0,590000.0,29000.0,20000.0,,2023000.0,GBP,False,Served full year,breedon_group_ar_2025,https://www.breedongroup.com/content/dam/breedon/corporate/documents/investors/agm/annual-report-2025.pdf,"=HYPERLINK(""https://www.breedongroup.com/content/dam/breedon/corporate/documents/investors/agm/annual-report-2025.pdf#page=143"",""p.143 of AR"")",3.0,112.0
Breedon Group Plc,BREE LN Equity,Materials,Materials,Construction Materials,Construction Materials,999.1,2024,James Brotherton,Chief Financial Officer (CFO),448000.0,GBP,488000.0,399000.0,20000.0,20000.0,,1375000.0,GBP,False,Served full year,breedon_group_ar_2025,https://www.breedongroup.com/content/dam/breedon/corporate/documents/investors/agm/annual-report-2025.pdf,"=HYPERLINK(""https://www.breedongroup.com/content/dam/breedon/corporate/documents/investors/agm/annual-report-2025.pdf#page=143"",""p.143 of AR"")",3.0,112.0
British American Tobacco Plc,BATS LN Equity,Consumer Staples,Food Beverage & Tobacco,Tobacco,Tobacco,105212.1,2024,Not specified,Chief Executive Officer,1374000.0,GBP,0.0,0.0,0.0,0.0,0.0,5964000.0,GBP,False,No indication of pro-rata payment,british_american_tobacco_ar_2024,https://www.bat.com/content/dam/batcom/global/main-nav/investors-and-reporting/reporting/combined-annual-and-sustainability-report/BAT_Annual_Report_2025.pdf,"=HYPERLINK(""https://www.bat.com/content/dam/batcom/global/main-nav/investors-and-reporting/reporting/combined-annual-and-sustainability-report/BAT_Annual_Report_2025.pdf#page=207"",""p.207 of AR"")",1.0,
British American Tobacco Plc,BATS LN Equity,Consumer Staples,Food Beverage & Tobacco,Tobacco,Tobacco,105212.1,2024,Not specified,Chief Financial Officer,533000.0,GBP,0.0,0.0,0.0,0.0,0.0,4781000.0,GBP,False,No indication of pro-rata payment,british_american_tobacco_ar_2024,https://www.bat.com/content/dam/batcom/global/main-nav/investors-and-reporting/reporting/combined-annual-and-sustainability-report/BAT_Annual_Report_2025.pdf,"=HYPERLINK(""https://www.bat.com/content/dam/batcom/global/main-nav/investors-and-reporting/reporting/combined-annual-and-sustainability-report/BAT_Annual_Report_2025.pdf#page=207"",""p.207 of AR"")",1.0,
British American Tobacco Plc,BATS LN Equity,Consumer Staples,Food Beverage & Tobacco,Tobacco,Tobacco,105212.1,FY2025,Tadeu Marroco,Chief Executive Officer,1410000.0,GBP,2743000.0,1954000.0,212000.0,249000.0,8000.0,6576000.0,GBP,False,"Served full year. Salary reflects two rates during the year: £1,384,000 p.a. from 1 January to 31 March 2025, and £1,419,000 p.a. from 1 April to 31 December 2025 (2.5% increase). The 2023 LTIP value is indicative, based on average share price of 4,099p for the three months ended 31 December 2025; actual vesting will occur on 22 March 2028 after a two-year additional holding period.",british_american_tobacco_ar_2025,https://www.bat.com/content/dam/batcom/global/main-nav/investors-and-reporting/reporting/combined-annual-and-sustainability-report/BAT_Annual_Report_2025.pdf,"=HYPERLINK(""https://www.bat.com/content/dam/batcom/global/main-nav/investors-and-reporting/reporting/combined-annual-and-sustainability-report/BAT_Annual_Report_2025.pdf#page=222"",""p.222 of AR"")",2.0,
British American Tobacco Plc,BATS LN Equity,Consumer Staples,Food Beverage & Tobacco,Tobacco,Tobacco,105212.1,FY2025,Soraya Benchikh,Chief Financial Officer,525000.0,GBP,817000.0,0.0,69000.0,357000.0,0.0,1768000.0,GBP,True,"Soraya Benchikh stepped down from the Board on 26 August 2025; figures reflect only the period during which she served as an Executive Director. Salary reflects two rates: £800,000 p.a. from 1 January to 31 March 2025, and £828,000 p.a. from 1 April to 26 August 2025 (3.5% increase). The STI bonus was paid wholly in cash without deferral in accordance with the Remuneration Policy for leavers.",british_american_tobacco_ar_2025,https://www.bat.com/content/dam/batcom/global/main-nav/investors-and-reporting/reporting/combined-annual-and-sustainability-report/BAT_Annual_Report_2025.pdf,"=HYPERLINK(""https://www.bat.com/content/dam/batcom/global/main-nav/investors-and-reporting/reporting/combined-annual-and-sustainability-report/BAT_Annual_Report_2025.pdf#page=222"",""p.222 of AR"")",2.0,
British American Tobacco Plc,BATS LN Equity,Consumer Staples,Food Beverage & Tobacco,Tobacco,Tobacco,105212.1,FY2024,Tadeu Marroco,Chief Executive Officer,1374000.0,GBP,2700000.0,1606000.0,206000.0,206000.0,4000.0,6096000.0,GBP,False,Served full year.,british_american_tobacco_ar_2025,https://www.bat.com/content/dam/batcom/global/main-nav/investors-and-reporting/reporting/combined-annual-and-sustainability-report/BAT_Annual_Report_2025.pdf,"=HYPERLINK(""https://www.bat.com/content/dam/batcom/global/main-nav/investors-and-reporting/reporting/combined-annual-and-sustainability-report/BAT_Annual_Report_2025.pdf#page=222"",""p.222 of AR"")",2.0,
British American Tobacco Plc,BATS LN Equity,Consumer Staples,Food Beverage & Tobacco,Tobacco,Tobacco,105212.1,FY2024,Soraya Benchikh,Chief Financial Officer,533000.0,GBP,796000.0,0.0,70000.0,411000.0,2971000.0,4781000.0,GBP,True,"Soraya Benchikh was appointed and joined BAT on 1 May 2024; her 2024 salary was pro-rated from that start date. The £2,969,000 incentives buyout reflects compensation for forfeited awards from her previous employer, paid as part of her appointment terms.",british_american_tobacco_ar_2025,https://www.bat.com/content/dam/batcom/global/main-nav/investors-and-reporting/reporting/combined-annual-and-sustainability-report/BAT_Annual_Report_2025.pdf,"=HYPERLINK(""https://www.bat.com/content/dam/batcom/global/main-nav/investors-and-reporting/reporting/combined-annual-and-sustainability-report/BAT_Annual_Report_2025.pdf#page=222"",""p.222 of AR"")",2.0,
British Land Co,BLND LN Equity,,,,,3780.0,FY2024/25,Simon Carter,Chief Executive Officer,773000.0,GBP,943000.0,0.0,0.0,0.0,,2746000.0,GBP,False,N/A — served full year as CEO,british_land_co_ar_2025,https://www.britishland.com/media/nq2p0biq/british-land_ara26.pdf,"=HYPERLINK(""https://www.britishland.com/media/nq2p0biq/british-land_ara26.pdf#page=118"",""p.118 of AR"")",2.0,
British Land Co,BLND LN Equity,,,,,3780.0,FY2024/25,David Walker,Chief Financial Officer,490000.0,GBP,0.0,0.0,73500.0,0.0,,0.0,GBP,True,"David Walker was appointed CFO during FY2024/25 (exact appointment date not stated in provided text). His annual bonus was pro-rated for the period served as CFO, with a maximum opportunity of 150% of salary. He was previously COO, and his 2024 LTIP award was granted at COO-level prior to his CFO appointment. He joined the Board as an Executive Director during FY2024/25; he was not a Board-level Executive Director in FY2023/24.",british_land_co_ar_2025,https://www.britishland.com/media/nq2p0biq/british-land_ara26.pdf,"=HYPERLINK(""https://www.britishland.com/media/nq2p0biq/british-land_ara26.pdf#page=118"",""p.118 of AR"")",2.0,
British Land Co,BLND LN Equity,,,,,3780.0,FY2023/24,Simon Carter,Chief Executive Officer,773000.0,GBP,0.0,0.0,0.0,0.0,,2512000.0,GBP,False,N/A — served full year as CEO,british_land_co_ar_2025,https://www.britishland.com/media/nq2p0biq/british-land_ara26.pdf,"=HYPERLINK(""https://www.britishland.com/media/nq2p0biq/british-land_ara26.pdf#page=118"",""p.118 of AR"")",2.0,
BT Group Plc,BT/A LN Equity,Communication Services,Telecommunication Services,Diversified Telecommunication Services,Integrated Telecommunication Services,22062.9,FY25,Allison Kirkby,Chief Executive,1100000.0,GBP,1208000.0,0.0,110000.0,70000.0,0.0,2488000.0,GBP,False,Allison became Chief Executive on 1 February 2024. FY25 represents her first full year in the role.,bt_group_ar_2025,https://www.bt.com/about/annual-reports/2026summary/assets/files/BT-Annual-Report-2026.pdf,"=HYPERLINK(""https://www.bt.com/about/annual-reports/2026summary/assets/files/BT-Annual-Report-2026.pdf#page=112"",""p.112 of AR"")",2.0,
BT Group Plc,BT/A LN Equity,Communication Services,Telecommunication Services,Diversified Telecommunication Services,Integrated Telecommunication Services,22062.9,FY25,Simon Lowth,Chief Financial Officer,805000.0,GBP,886000.0,1600000.0,80000.0,24000.0,0.0,3395000.0,GBP,False,N/A - served full year,bt_group_ar_2025,https://www.bt.com/about/annual-reports/2026summary/assets/files/BT-Annual-Report-2026.pdf,"=HYPERLINK(""https://www.bt.com/about/annual-reports/2026summary/assets/files/BT-Annual-Report-2026.pdf#page=112"",""p.112 of AR"")",2.0,
BT Group Plc,BT/A LN Equity,Communication Services,Telecommunication Services,Diversified Telecommunication Services,Integrated Telecommunication Services,22062.9,FY24,Allison Kirkby,Chief Executive,288000.0,GBP,0.0,0.0,18000.0,35000.0,0.0,341000.0,GBP,True,"Appointed as Chief Executive on 1 February 2024. The FY24 figure represents total remuneration for the year including £105,000 received as an Independent Non-Executive Director and £183,000 received as Chief Executive (approximately 2 months in role).",bt_group_ar_2025,https://www.bt.com/about/annual-reports/2026summary/assets/files/BT-Annual-Report-2026.pdf,"=HYPERLINK(""https://www.bt.com/about/annual-reports/2026summary/assets/files/BT-Annual-Report-2026.pdf#page=112"",""p.112 of AR"")",2.0,
BT Group Plc,BT/A LN Equity,Communication Services,Telecommunication Services,Diversified Telecommunication Services,Integrated Telecommunication Services,22062.9,FY24,Simon Lowth,Chief Financial Officer,774000.0,GBP,1045000.0,961000.0,77000.0,24000.0,0.0,2881000.0,GBP,False,N/A - served full year,bt_group_ar_2025,https://www.bt.com/about/annual-reports/2026summary/assets/files/BT-Annual-Report-2026.pdf,"=HYPERLINK(""https://www.bt.com/about/annual-reports/2026summary/assets/files/BT-Annual-Report-2026.pdf#page=112"",""p.112 of AR"")",2.0,
Bunzl Plc,BNZL LN Equity,Industrials,Capital Goods,Trading Companies & Distributors,Trading Companies & Distributors,7486.1,2024,Frank van Zanten,Chief Executive Officer,1034900.0,GBP,1825500.0,1582400.0,51700.0,250400.0,,4744900.0,GBP,False,Full year service,bunzl_ar_2024,https://www.bunzl.com/media/5msdlthc/bunzl-annual-report-2025.pdf,"=HYPERLINK(""https://www.bunzl.com/media/5msdlthc/bunzl-annual-report-2025.pdf#page=121"",""p.121 of AR"")",2.0,
Bunzl Plc,BNZL LN Equity,Industrials,Capital Goods,Trading Companies & Distributors,Trading Companies & Distributors,7486.1,2024,Richard Howes,Chief Financial Officer,673000.0,GBP,1055300.0,830200.0,33700.0,17200.0,,2609400.0,GBP,False,Full year service,bunzl_ar_2024,https://www.bunzl.com/media/5msdlthc/bunzl-annual-report-2025.pdf,"=HYPERLINK(""https://www.bunzl.com/media/5msdlthc/bunzl-annual-report-2025.pdf#page=122"",""p.122 of AR"")",2.0,
Bunzl Plc,BNZL LN Equity,Industrials,Capital Goods,Trading Companies & Distributors,Trading Companies & Distributors,7486.1,2023,Frank van Zanten,Chief Executive Officer,995000.0,GBP,1609900.0,3390200.0,49800.0,269300.0,,6314200.0,GBP,False,Full year service,bunzl_ar_2024,https://www.bunzl.com/media/5msdlthc/bunzl-annual-report-2025.pdf,"=HYPERLINK(""https://www.bunzl.com/media/5msdlthc/bunzl-annual-report-2025.pdf#page=121"",""p.121 of AR"")",2.0,
Bunzl Plc,BNZL LN Equity,Industrials,Capital Goods,Trading Companies & Distributors,Trading Companies & Distributors,7486.1,2023,Richard Howes,Chief Financial Officer,647000.0,GBP,930500.0,1778700.0,32400.0,16600.0,,3405200.0,GBP,False,Full year service,bunzl_ar_2024,https://www.bunzl.com/media/5msdlthc/bunzl-annual-report-2025.pdf,"=HYPERLINK(""https://www.bunzl.com/media/5msdlthc/bunzl-annual-report-2025.pdf#page=122"",""p.122 of AR"")",2.0,
Bunzl Plc,BNZL LN Equity,Industrials,Capital Goods,Trading Companies & Distributors,Trading Companies & Distributors,7486.1,FY2025,Frank van Zanten,Chief Executive Officer,1055500.0,GBP,738900.0,1010000.0,52800.0,232300.0,,3089500.0,GBP,False,Served full year,bunzl_ar_2025,https://www.bunzl.com/media/5msdlthc/bunzl-annual-report-2025.pdf,"=HYPERLINK(""https://www.bunzl.com/media/5msdlthc/bunzl-annual-report-2025.pdf#page=116"",""p.116 of AR"")",3.0,52.0
Bunzl Plc,BNZL LN Equity,Industrials,Capital Goods,Trading Companies & Distributors,Trading Companies & Distributors,7486.1,FY2025,Richard Howes,Chief Financial Officer,686500.0,GBP,444400.0,525400.0,34300.0,17400.0,,1708000.0,GBP,False,Served full year,bunzl_ar_2025,https://www.bunzl.com/media/5msdlthc/bunzl-annual-report-2025.pdf,"=HYPERLINK(""https://www.bunzl.com/media/5msdlthc/bunzl-annual-report-2025.pdf#page=116"",""p.116 of AR"")",3.0,52.0
Bunzl Plc,BNZL LN Equity,Industrials,Capital Goods,Trading Companies & Distributors,Trading Companies & Distributors,7486.1,FY2024,Frank van Zanten,Chief Executive Officer,1034900.0,GBP,1825500.0,1380500.0,51700.0,250400.0,,4543000.0,GBP,False,Served full year,bunzl_ar_2025,https://www.bunzl.com/media/5msdlthc/bunzl-annual-report-2025.pdf,"=HYPERLINK(""https://www.bunzl.com/media/5msdlthc/bunzl-annual-report-2025.pdf#page=116"",""p.116 of AR"")",3.0,52.0
Bunzl Plc,BNZL LN Equity,Industrials,Capital Goods,Trading Companies & Distributors,Trading Companies & Distributors,7486.1,FY2024,Richard Howes,Chief Financial Officer,673000.0,GBP,1055300.0,724200.0,33700.0,17200.0,,2503400.0,GBP,False,Served full year,bunzl_ar_2025,https://www.bunzl.com/media/5msdlthc/bunzl-annual-report-2025.pdf,"=HYPERLINK(""https://www.bunzl.com/media/5msdlthc/bunzl-annual-report-2025.pdf#page=116"",""p.116 of AR"")",3.0,52.0
Burberry Group,,,,,,,FY 2024/25 (Year to 29 March 2025),Joshua Schulman,Chief Executive Officer (CEO),846000.0,GBP,1200000.0,0.0,85000.0,425000.0,0.0,2556000.0,GBP,True,Appointed as CEO on 17 July 2024; figures relate to his period of employment from that date to 29 March 2025,burberry_group_ar_2024_25,,,,63.0
Burberry Group,,,,,,,FY 2024/25 (Year to 29 March 2025),Kate Ferry,Chief Financial Officer (CFO),672000.0,GBP,135000.0,0.0,67000.0,33000.0,0.0,907000.0,GBP,False,Served full financial year in role,burberry_group_ar_2024_25,,,,63.0
Burberry Group,,,,,,,FY 2024/25 (Year to 29 March 2025),Jonathan Akeroyd,Chief Executive Officer (CEO) — departed,333000.0,GBP,0.0,0.0,33000.0,80000.0,0.0,446000.0,GBP,True,Departed as CEO on 15 July 2024; figures relate to his period of employment from start of year (1 April 2024) to 15 July 2024,burberry_group_ar_2024_25,,,,63.0
Burberry Group,,,,,,,FY 2023/24 (Year to 30 March 2024),Kate Ferry,Chief Financial Officer (CFO),479000.0,GBP,122000.0,0.0,48000.0,36000.0,1278000.0,1963000.0,GBP,True,Appointed as CFO on 17 July 2023; figures relate to her period of employment from that date to 30 March 2024,burberry_group_ar_2024_25,,,,63.0
Burberry Group,,,,,,,FY 2023/24 (Year to 30 March 2024),Jonathan Akeroyd,Chief Executive Officer (CEO),1129000.0,GBP,0.0,0.0,113000.0,105000.0,0.0,1347000.0,GBP,False,"Served full financial year in role (departed subsequently on 15 July 2024, within FY 2024/25)",burberry_group_ar_2024_25,,,,63.0
Burberry Group Plc,BRBY LN Equity,Consumer Discretionary,Consumer Durables & Apparel,Textiles Apparel & Luxury Goods,Apparel Accessories & Luxury Goods,3802.4,FY 2025/26 (Year to 28 March 2026),Joshua Schulman,Chief Executive Officer (CEO),1195000.0,GBP,2340000.0,0.0,120000.0,369000.0,0.0,4024000.0,GBP,False,N/A – served full financial year as CEO,burberry_group_ar_2025_26,https://www.burberryplc.com/content/dam/burberryplc/corporate/oar/oar-2025-2026/annual-report-2025-26.pdf,"=HYPERLINK(""https://www.burberryplc.com/content/dam/burberryplc/corporate/oar/oar-2025-2026/annual-report-2025-26.pdf#page=163"",""p.163 of AR"")",3.0,183.0
Burberry Group Plc,BRBY LN Equity,Consumer Discretionary,Consumer Durables & Apparel,Textiles Apparel & Luxury Goods,Apparel Accessories & Luxury Goods,3802.4,FY 2025/26 (Year to 28 March 2026),Kate Ferry,Chief Financial Officer (CFO),672000.0,GBP,1316000.0,457000.0,67000.0,35000.0,0.0,2547000.0,GBP,False,N/A – served full financial year as CFO,burberry_group_ar_2025_26,https://www.burberryplc.com/content/dam/burberryplc/corporate/oar/oar-2025-2026/annual-report-2025-26.pdf,"=HYPERLINK(""https://www.burberryplc.com/content/dam/burberryplc/corporate/oar/oar-2025-2026/annual-report-2025-26.pdf#page=163"",""p.163 of AR"")",3.0,183.0
Burberry Group Plc,BRBY LN Equity,Consumer Discretionary,Consumer Durables & Apparel,Textiles Apparel & Luxury Goods,Apparel Accessories & Luxury Goods,3802.4,FY 2024/25 (Year to 29 March 2025),Joshua Schulman,Chief Executive Officer (CEO),846000.0,GBP,1200000.0,0.0,85000.0,425000.0,0.0,2556000.0,GBP,True,"Appointed CEO on 17 July 2024 (per footnote 10, Chunk 284); FY 2024/25 figures reflect a partial year of service.",burberry_group_ar_2025_26,https://www.burberryplc.com/content/dam/burberryplc/corporate/oar/oar-2025-2026/annual-report-2025-26.pdf,"=HYPERLINK(""https://www.burberryplc.com/content/dam/burberryplc/corporate/oar/oar-2025-2026/annual-report-2025-26.pdf#page=163"",""p.163 of AR"")",3.0,183.0
Burberry Group Plc,BRBY LN Equity,Consumer Discretionary,Consumer Durables & Apparel,Textiles Apparel & Luxury Goods,Apparel Accessories & Luxury Goods,3802.4,FY 2024/25 (Year to 29 March 2025),Kate Ferry,Chief Financial Officer (CFO),672000.0,GBP,135000.0,0.0,67000.0,30000.0,0.0,904000.0,GBP,False,N/A – served full financial year as CFO,burberry_group_ar_2025_26,https://www.burberryplc.com/content/dam/burberryplc/corporate/oar/oar-2025-2026/annual-report-2025-26.pdf,"=HYPERLINK(""https://www.burberryplc.com/content/dam/burberryplc/corporate/oar/oar-2025-2026/annual-report-2025-26.pdf#page=163"",""p.163 of AR"")",3.0,183.0
Bytes Technology Group,,,,,,,2024/25,Sam Mudd,Chief Executive Officer,416997.0,GBP,347984.0,190537.0,16680.0,5803.0,0.0,978001.0,GBP,True,"Sam Mudd served as Interim CEO from 21 February 2024 and was appointed permanent CEO on 10 May 2024. Her 2024/25 remuneration reflects: (1) Interim CEO period from 1 March 2024 to 9 May 2024 with annualised salary of £400,000 (including £91,725 supplement), and (2) CEO period from 10 May 2024 to 28 February 2025 with annualised salary of £421,000. Base salary amounts are prorated: £76,345 (Interim CEO period) + £340,652 (CEO period). Annual bonus is based on prorated base salary: £63,710 (Interim CEO) + £284,274 (CEO). Pension contributions: £3,054 (Interim CEO) + £13,626 (CEO). Benefits include life insurance and SAYE discount.",bytes_technology_group_ar_2024_25,,,,
Bytes Technology Group,,,,,,,2024/25,Andrew Holden,Chief Financial Officer,348926.0,GBP,291179.0,374215.0,13957.0,5480.0,0.0,1033757.0,GBP,False,Full year service,bytes_technology_group_ar_2024_25,,,,
Bytes Technology Group,,,,,,,2023/24,Sam Mudd,Managing Director Phoenix / Interim CEO,187957.0,GBP,101114.0,0.0,6368.0,530.0,0.0,295969.0,GBP,True,Joined the Board as MD Phoenix on 12 July 2023. All remuneration amounts for 2023/24 are prorated from this date. Promoted to Interim CEO on 21 February 2024. Salary remained unchanged during the brief period as Interim CEO in 2023/24 (9 days from 21 February to 29 February 2024).,bytes_technology_group_ar_2024_25,,,,
Bytes Technology Group,,,,,,,2023/24,Andrew Holden,Chief Financial Officer,333900.0,GBP,184544.0,0.0,13356.0,816.0,0.0,532616.0,GBP,False,Full year service,bytes_technology_group_ar_2024_25,,,,
C&C Group Plc,CCR LN Equity,Consumer Staples,Food Beverage & Tobacco,Beverages,Distillers & Vintners,405.2,FY2025,Ralph Findlay,Executive Chair,518000.0,EUR,222000.0,,26000.0,39000.0,,805000.0,EUR,True,Served as Executive Chair from 6 June 2024 to 28 February 2025 (partial year); previously reported under Non-Executive Directors table for FY2024.,c_and_c_group_ar_2024,https://cdn.prod.website-files.com/6a16b054c34f9e2466fef3c5/6a202df1ec027b1aa334581f_49892%20C%26C%20Group%20AR2026%20Digital.pdf,"=HYPERLINK(""https://cdn.prod.website-files.com/6a16b054c34f9e2466fef3c5/6a202df1ec027b1aa334581f_49892%20C%26C%20Group%20AR2026%20Digital.pdf#page=120"",""p.120 of AR"")",3.0,193.0
C&C Group Plc,CCR LN Equity,Consumer Staples,Food Beverage & Tobacco,Beverages,Distillers & Vintners,405.2,FY2025,Roger White,Chief Executive Officer,92000.0,EUR,,,5000.0,7000.0,,104000.0,EUR,True,Appointed as Executive Director/CEO effective 20 January 2025; figures reflect partial year of service (~5.5 weeks).,c_and_c_group_ar_2024,https://cdn.prod.website-files.com/6a16b054c34f9e2466fef3c5/6a202df1ec027b1aa334581f_49892%20C%26C%20Group%20AR2026%20Digital.pdf,"=HYPERLINK(""https://cdn.prod.website-files.com/6a16b054c34f9e2466fef3c5/6a202df1ec027b1aa334581f_49892%20C%26C%20Group%20AR2026%20Digital.pdf#page=120"",""p.120 of AR"")",3.0,193.0
C&C Group Plc,CCR LN Equity,Consumer Staples,Food Beverage & Tobacco,Beverages,Distillers & Vintners,405.2,FY2025,Andrew Andrea,Chief Financial & Transformation Officer (CF&TO),505000.0,EUR,214000.0,,25000.0,38000.0,,782000.0,EUR,False,"Appointed as Executive Director effective 1 March 2024 (start of FY2025), so figures represent a full financial year of service.",c_and_c_group_ar_2024,https://cdn.prod.website-files.com/6a16b054c34f9e2466fef3c5/6a202df1ec027b1aa334581f_49892%20C%26C%20Group%20AR2026%20Digital.pdf,"=HYPERLINK(""https://cdn.prod.website-files.com/6a16b054c34f9e2466fef3c5/6a202df1ec027b1aa334581f_49892%20C%26C%20Group%20AR2026%20Digital.pdf#page=120"",""p.120 of AR"")",3.0,193.0
C&C Group Plc,CCR LN Equity,Consumer Staples,Food Beverage & Tobacco,Beverages,Distillers & Vintners,405.2,FY2025,Patrick McMahon,Former Chief Executive Officer,187000.0,EUR,79000.0,0.0,9000.0,15000.0,,290000.0,EUR,True,"Stepped down as Executive Director and CEO on 6 June 2024; figures represent remuneration earned only up to that date (partial year). Bonus was pro-rated at 33.75% of maximum, with 50% deferred into shares for three years. Additional termination/settlement payments disclosed separately. FY2023 LTIP award vested at 0% following Committee discretion.",c_and_c_group_ar_2024,https://cdn.prod.website-files.com/6a16b054c34f9e2466fef3c5/6a202df1ec027b1aa334581f_49892%20C%26C%20Group%20AR2026%20Digital.pdf,"=HYPERLINK(""https://cdn.prod.website-files.com/6a16b054c34f9e2466fef3c5/6a202df1ec027b1aa334581f_49892%20C%26C%20Group%20AR2026%20Digital.pdf#page=120"",""p.120 of AR"")",3.0,193.0
C&C Group Plc,CCR LN Equity,Consumer Staples,Food Beverage & Tobacco,Beverages,Distillers & Vintners,405.2,FY2024,Patrick McMahon,Chief Executive Officer,617000.0,EUR,0.0,237000.0,31000.0,48000.0,,933000.0,EUR,False,Served full FY2024 as CEO.,c_and_c_group_ar_2024,https://cdn.prod.website-files.com/6a16b054c34f9e2466fef3c5/6a202df1ec027b1aa334581f_49892%20C%26C%20Group%20AR2026%20Digital.pdf,"=HYPERLINK(""https://cdn.prod.website-files.com/6a16b054c34f9e2466fef3c5/6a202df1ec027b1aa334581f_49892%20C%26C%20Group%20AR2026%20Digital.pdf#page=120"",""p.120 of AR"")",3.0,193.0
C&C Group Plc,CCR LN Equity,Consumer Staples,Food Beverage & Tobacco,Beverages,Distillers & Vintners,405.2,FY2026,Roger White,Chief Executive Officer (CEO),754000.0,EUR,0.0,0.0,38000.0,57000.0,,849000.0,EUR,False,N/A for FY2026,c_and_c_group_ar_2026,https://cdn.prod.website-files.com/6a16b054c34f9e2466fef3c5/6a202df1ec027b1aa334581f_49892%20C%26C%20Group%20AR2026%20Digital.pdf,"=HYPERLINK(""https://cdn.prod.website-files.com/6a16b054c34f9e2466fef3c5/6a202df1ec027b1aa334581f_49892%20C%26C%20Group%20AR2026%20Digital.pdf#page=122"",""p.122 of AR"")",3.0,154.0
C&C Group Plc,CCR LN Equity,Consumer Staples,Food Beverage & Tobacco,Beverages,Distillers & Vintners,405.2,FY2026,Andrew Andrea,"Executive Director (Chief Financial Officer role, outgoing — succeeded by incoming CFO Adam Phillips)",510000.0,EUR,0.0,,26000.0,38000.0,,574000.0,EUR,False,N/A for FY2026,c_and_c_group_ar_2026,https://cdn.prod.website-files.com/6a16b054c34f9e2466fef3c5/6a202df1ec027b1aa334581f_49892%20C%26C%20Group%20AR2026%20Digital.pdf,"=HYPERLINK(""https://cdn.prod.website-files.com/6a16b054c34f9e2466fef3c5/6a202df1ec027b1aa334581f_49892%20C%26C%20Group%20AR2026%20Digital.pdf#page=122"",""p.122 of AR"")",3.0,154.0
C&C Group Plc,CCR LN Equity,Consumer Staples,Food Beverage & Tobacco,Beverages,Distillers & Vintners,405.2,FY2025,Roger White,Chief Executive Officer (CEO),99000.0,EUR,,,5000.0,,,104000.0,EUR,True,"The very low FY2025 figures (versus €849,000 in FY2026) strongly indicate Roger White served only part of FY2025, consistent with a mid-year appointment as CEO (likely in the final weeks of the financial year ending 28 February 2025).",c_and_c_group_ar_2026,https://cdn.prod.website-files.com/6a16b054c34f9e2466fef3c5/6a202df1ec027b1aa334581f_49892%20C%26C%20Group%20AR2026%20Digital.pdf,"=HYPERLINK(""https://cdn.prod.website-files.com/6a16b054c34f9e2466fef3c5/6a202df1ec027b1aa334581f_49892%20C%26C%20Group%20AR2026%20Digital.pdf#page=122"",""p.122 of AR"")",3.0,154.0
C&C Group Plc,CCR LN Equity,Consumer Staples,Food Beverage & Tobacco,Beverages,Distillers & Vintners,405.2,FY2025,Andrew Andrea,Executive Director (CFO role),543000.0,EUR,214000.0,,25000.0,,,782000.0,EUR,False,No indication of part-year service in FY2025 (figures consistent with full-year service),c_and_c_group_ar_2026,https://cdn.prod.website-files.com/6a16b054c34f9e2466fef3c5/6a202df1ec027b1aa334581f_49892%20C%26C%20Group%20AR2026%20Digital.pdf,"=HYPERLINK(""https://cdn.prod.website-files.com/6a16b054c34f9e2466fef3c5/6a202df1ec027b1aa334581f_49892%20C%26C%20Group%20AR2026%20Digital.pdf#page=122"",""p.122 of AR"")",3.0,154.0
Carnival Plc,CCL LN Equity,Consumer Discretionary,Consumer Services,Hotels Restaurants & Leisure,Hotels Resorts & Cruise Lines,26379.6,FY2025,Josh Weinstein,President & CEO,,,,11500000.0,,,,0.0,USD,False,No pro-rata circumstance indicated in provided context.,carnival_ar_2025,https://www.carnivalcorp.com/wp-content/uploads/2025/03/Carnival-plc-2025-Annual-Report-2.pdf,"=HYPERLINK(""https://www.carnivalcorp.com/wp-content/uploads/2025/03/Carnival-plc-2025-Annual-Report-2.pdf#page=258"",""p.258 of AR"")",2.0,
Carnival Plc,CCL LN Equity,Consumer Discretionary,Consumer Services,Hotels Restaurants & Leisure,Hotels Resorts & Cruise Lines,26379.6,FY2025,David Bernstein,Chief Financial Officer (CFO),,,,3235000.0,,,,0.0,USD,False,No pro-rata circumstance indicated in provided context.,carnival_ar_2025,https://www.carnivalcorp.com/wp-content/uploads/2025/03/Carnival-plc-2025-Annual-Report-2.pdf,"=HYPERLINK(""https://www.carnivalcorp.com/wp-content/uploads/2025/03/Carnival-plc-2025-Annual-Report-2.pdf#page=258"",""p.258 of AR"")",2.0,
Carnival Plc,CCL LN Equity,Consumer Discretionary,Consumer Services,Hotels Restaurants & Leisure,Hotels Resorts & Cruise Lines,26379.6,FY2025,Bettina Deynes,Named Executive Officer (specific title not stated in provided context),,,,1302000.0,,,,0.0,USD,False,No pro-rata circumstance indicated in provided context.,carnival_ar_2025,https://www.carnivalcorp.com/wp-content/uploads/2025/03/Carnival-plc-2025-Annual-Report-2.pdf,"=HYPERLINK(""https://www.carnivalcorp.com/wp-content/uploads/2025/03/Carnival-plc-2025-Annual-Report-2.pdf#page=258"",""p.258 of AR"")",2.0,
Carnival Plc,CCL LN Equity,Consumer Discretionary,Consumer Services,Hotels Restaurants & Leisure,Hotels Resorts & Cruise Lines,26379.6,FY2025,Lars Ljoen,Named Executive Officer (specific title not stated in provided context),,,,940005.0,,,,0.0,USD,False,"No pro-rata circumstance indicated in provided context, however salary increase was effective January 1, 2025, earlier than the March 1, 2025 effective date applied to other Named Executive Officers.",carnival_ar_2025,https://www.carnivalcorp.com/wp-content/uploads/2025/03/Carnival-plc-2025-Annual-Report-2.pdf,"=HYPERLINK(""https://www.carnivalcorp.com/wp-content/uploads/2025/03/Carnival-plc-2025-Annual-Report-2.pdf#page=258"",""p.258 of AR"")",2.0,
Carnival Plc,CCL LN Equity,Consumer Discretionary,Consumer Services,Hotels Restaurants & Leisure,Hotels Resorts & Cruise Lines,26379.6,FY2025,Enrique Miguez,Named Executive Officer (specific title not stated in provided context),,,,1484000.0,,,,0.0,USD,False,No pro-rata circumstance indicated in provided context.,carnival_ar_2025,https://www.carnivalcorp.com/wp-content/uploads/2025/03/Carnival-plc-2025-Annual-Report-2.pdf,"=HYPERLINK(""https://www.carnivalcorp.com/wp-content/uploads/2025/03/Carnival-plc-2025-Annual-Report-2.pdf#page=258"",""p.258 of AR"")",2.0,
Centrica Plc,CNA LN Equity,Utilities,Utilities,Multi-Utilities,Multi-Utilities,8571.0,2024,Chris O'Shea,Group Chief Executive (CEO),845000.0,GBP,1390000.0,1986000.0,85000.0,16000.0,0.0,4322000.0,GBP,False,Full year service,centrica_ar_2024,https://www.centrica.com/media/ckfb0qxj/annual-report-and-accounts-2025-untagged.pdf,"=HYPERLINK(""https://www.centrica.com/media/ckfb0qxj/annual-report-and-accounts-2025-untagged.pdf#page=137"",""p.137 of AR"")",2.0,
Centrica Plc,CNA LN Equity,Utilities,Utilities,Multi-Utilities,Multi-Utilities,8571.0,2024,Russell O'Brien,Group Chief Financial Officer (CFO),578000.0,GBP,720000.0,0.0,58000.0,16000.0,0.0,1372000.0,GBP,False,Full year service in 2024,centrica_ar_2024,https://www.centrica.com/media/ckfb0qxj/annual-report-and-accounts-2025-untagged.pdf,"=HYPERLINK(""https://www.centrica.com/media/ckfb0qxj/annual-report-and-accounts-2025-untagged.pdf#page=123"",""p.123 of AR"")",2.0,
Centrica Plc,CNA LN Equity,Utilities,Utilities,Multi-Utilities,Multi-Utilities,8571.0,2023,Chris O'Shea,Group Chief Executive (CEO),810000.0,GBP,1426000.0,5902000.0,77000.0,16000.0,0.0,8231000.0,GBP,False,Full year service,centrica_ar_2024,https://www.centrica.com/media/ckfb0qxj/annual-report-and-accounts-2025-untagged.pdf,"=HYPERLINK(""https://www.centrica.com/media/ckfb0qxj/annual-report-and-accounts-2025-untagged.pdf#page=128"",""p.128 of AR"")",2.0,
Centrica Plc,CNA LN Equity,Utilities,Utilities,Multi-Utilities,Multi-Utilities,8571.0,2023,Russell O'Brien,Group Chief Financial Officer (CFO),498000.0,GBP,640000.0,0.0,45000.0,13000.0,0.0,1196000.0,GBP,True,Appointed to the Board on 1 March 2023 (served 10 months of the financial year),centrica_ar_2024,https://www.centrica.com/media/ckfb0qxj/annual-report-and-accounts-2025-untagged.pdf,"=HYPERLINK(""https://www.centrica.com/media/ckfb0qxj/annual-report-and-accounts-2025-untagged.pdf#page=128"",""p.128 of AR"")",2.0,
Centrica Plc,CNA LN Equity,Utilities,Utilities,Multi-Utilities,Multi-Utilities,8571.0,2023,Kate Ringrose,Former Executive Director,77000.0,GBP,90000.0,1833000.0,0.0,3000.0,0.0,2003000.0,GBP,True,Stepped down from the Board on 28 February 2023 (served 2 months of the financial year),centrica_ar_2024,https://www.centrica.com/media/ckfb0qxj/annual-report-and-accounts-2025-untagged.pdf,"=HYPERLINK(""https://www.centrica.com/media/ckfb0qxj/annual-report-and-accounts-2025-untagged.pdf#page=128"",""p.128 of AR"")",2.0,
Centrica Plc,CNA LN Equity,Utilities,Utilities,Multi-Utilities,Multi-Utilities,8571.0,FY2025,Chris O'Shea,Group Chief Executive,1039000.0,GBP,1362000.0,2210000.0,104000.0,16000.0,,4731000.0,GBP,False,"Served full year FY2025 (year ended 31 December 2025). Total Fixed Remuneration: £1,159,000; Total Variable Remuneration: £3,572,000. Annual Bonus split: £681,000 cash + £681,000 deferred shares vesting after 3 years. Pension paid as cash allowance of 10% of salary. LTIP reflects RSP award for 3-year performance period 1 Jan 2023 – 31 Dec 2025, based on share price of 170.74p; includes £803,000 attributable to share price growth and £184,000 dividend equivalents; vests March 2026 with additional 2-year holding period.",centrica_ar_2025,https://www.centrica.com/media/ckfb0qxj/annual-report-and-accounts-2025-untagged.pdf,"=HYPERLINK(""https://www.centrica.com/media/ckfb0qxj/annual-report-and-accounts-2025-untagged.pdf#page=96"",""p.96 of AR"")",2.0,
Centrica Plc,CNA LN Equity,Utilities,Utilities,Multi-Utilities,Multi-Utilities,8571.0,FY2025,Russell O'Brien,Group Chief Financial Officer,628000.0,GBP,652000.0,1220000.0,63000.0,16000.0,,2579000.0,GBP,False,"Served full year FY2025 (year ended 31 December 2025). Total Fixed Remuneration: £707,000; Total Variable Remuneration: £1,872,000. Annual Bonus split: £326,000 cash + £326,000 deferred shares vesting after 3 years. Pension paid as cash allowance of 10% of salary. LTIP reflects RSP award for 3-year performance period 1 Jan 2023 – 31 Dec 2025, based on share price of 170.74p; includes £444,000 attributable to share price growth and £101,000 dividend equivalents; vests March 2026 with additional 2-year holding period.",centrica_ar_2025,https://www.centrica.com/media/ckfb0qxj/annual-report-and-accounts-2025-untagged.pdf,"=HYPERLINK(""https://www.centrica.com/media/ckfb0qxj/annual-report-and-accounts-2025-untagged.pdf#page=96"",""p.96 of AR"")",2.0,
Centrica Plc,CNA LN Equity,Utilities,Utilities,Multi-Utilities,Multi-Utilities,8571.0,FY2024,Chris O'Shea,Group Chief Executive,845000.0,GBP,1390000.0,2746000.0,85000.0,16000.0,,5082000.0,GBP,False,"Served full year FY2024 (year ended 31 December 2024). Total Fixed Remuneration: £946,000; Total Variable Remuneration: £4,136,000. Annual Bonus split: £695,000 cash + £695,000 deferred shares. Pension paid as cash allowance of 10% of salary. LTIP reflects RSP vesting; 2024 figure restated based on share price of 167.73p at time of vesting.",centrica_ar_2025,https://www.centrica.com/media/ckfb0qxj/annual-report-and-accounts-2025-untagged.pdf,"=HYPERLINK(""https://www.centrica.com/media/ckfb0qxj/annual-report-and-accounts-2025-untagged.pdf#page=96"",""p.96 of AR"")",2.0,
Centrica Plc,CNA LN Equity,Utilities,Utilities,Multi-Utilities,Multi-Utilities,8571.0,FY2024,Russell O'Brien,Group Chief Financial Officer,578000.0,GBP,720000.0,0.0,58000.0,16000.0,,1372000.0,GBP,False,"Served full year FY2024 (year ended 31 December 2024). Total Fixed Remuneration: £652,000; Total Variable Remuneration: £720,000. Annual Bonus split: £360,000 cash + £360,000 deferred shares. Pension paid as cash allowance of 10% of salary. LTIP is £nil as there was no RSP vesting in 2024.",centrica_ar_2025,https://www.centrica.com/media/ckfb0qxj/annual-report-and-accounts-2025-untagged.pdf,"=HYPERLINK(""https://www.centrica.com/media/ckfb0qxj/annual-report-and-accounts-2025-untagged.pdf#page=96"",""p.96 of AR"")",2.0,
Chemring Group Plc,CHG LN Equity,Industrials,Capital Goods,Aerospace & Defense,Aerospace & Defense,1257.0,2024,Michael Ord,Group Chief Executive,574000.0,GBP,663000.0,1001000.0,43000.0,22000.0,0.0,2303000.0,GBP,False,,chemring_group_ar_2024,https://www.chemring.com/~/media/Files/C/Chemring-V3/docs/chemring-annual-report-and-accounts-2025-v1.pdf,"=HYPERLINK(""https://www.chemring.com/~/media/Files/C/Chemring-V3/docs/chemring-annual-report-and-accounts-2025-v1.pdf#page=119"",""p.119 of AR"")",2.0,
Chemring Group Plc,CHG LN Equity,Industrials,Capital Goods,Aerospace & Defense,Aerospace & Defense,1257.0,2024,Andrew Lewis,Chief Financial Officer (retired),104000.0,GBP,0.0,532000.0,7000.0,5000.0,0.0,648000.0,GBP,True,Retired as Chief Financial Officer and stepped down from the Board on 31 December 2023 but remained an employee until 19 January 2024. Salary includes payment for accrued holiday and remuneration for period 1 January to 19 January 2024.,chemring_group_ar_2024,https://www.chemring.com/~/media/Files/C/Chemring-V3/docs/chemring-annual-report-and-accounts-2025-v1.pdf,"=HYPERLINK(""https://www.chemring.com/~/media/Files/C/Chemring-V3/docs/chemring-annual-report-and-accounts-2025-v1.pdf#page=123"",""p.123 of AR"")",2.0,
Chemring Group Plc,CHG LN Equity,Industrials,Capital Goods,Aerospace & Defense,Aerospace & Defense,1257.0,2024,James Mortensen,Chief Financial Officer,370000.0,GBP,354000.0,0.0,28000.0,21000.0,656000.0,1429000.0,GBP,True,Appointed to the Board on 1 January 2024 (joined as CFO designate on 1 November 2023). Other compensation includes buy-out awards for forfeited remuneration from previous employer.,chemring_group_ar_2024,https://www.chemring.com/~/media/Files/C/Chemring-V3/docs/chemring-annual-report-and-accounts-2025-v1.pdf,"=HYPERLINK(""https://www.chemring.com/~/media/Files/C/Chemring-V3/docs/chemring-annual-report-and-accounts-2025-v1.pdf#page=121"",""p.121 of AR"")",2.0,
Chemring Group Plc,CHG LN Equity,Industrials,Capital Goods,Aerospace & Defense,Aerospace & Defense,1257.0,2024,Sarah Ellard,Group Legal Director & Company Secretary,289000.0,GBP,279000.0,537000.0,22000.0,20000.0,0.0,1147000.0,GBP,False,,chemring_group_ar_2024,https://www.chemring.com/~/media/Files/C/Chemring-V3/docs/chemring-annual-report-and-accounts-2025-v1.pdf,"=HYPERLINK(""https://www.chemring.com/~/media/Files/C/Chemring-V3/docs/chemring-annual-report-and-accounts-2025-v1.pdf#page=123"",""p.123 of AR"")",2.0,
Chemring Group Plc,CHG LN Equity,Industrials,Capital Goods,Aerospace & Defense,Aerospace & Defense,1257.0,2023,Michael Ord,Group Chief Executive,549000.0,GBP,781000.0,555000.0,41000.0,21000.0,0.0,1947000.0,GBP,False,,chemring_group_ar_2024,https://www.chemring.com/~/media/Files/C/Chemring-V3/docs/chemring-annual-report-and-accounts-2025-v1.pdf,"=HYPERLINK(""https://www.chemring.com/~/media/Files/C/Chemring-V3/docs/chemring-annual-report-and-accounts-2025-v1.pdf#page=123"",""p.123 of AR"")",2.0,
Chemring Group Plc,CHG LN Equity,Industrials,Capital Goods,Aerospace & Defense,Aerospace & Defense,1257.0,2023,Andrew Lewis,Chief Financial Officer,396000.0,GBP,468000.0,443000.0,30000.0,21000.0,0.0,1358000.0,GBP,False,,chemring_group_ar_2024,https://www.chemring.com/~/media/Files/C/Chemring-V3/docs/chemring-annual-report-and-accounts-2025-v1.pdf,"=HYPERLINK(""https://www.chemring.com/~/media/Files/C/Chemring-V3/docs/chemring-annual-report-and-accounts-2025-v1.pdf#page=123"",""p.123 of AR"")",2.0,
Chemring Group Plc,CHG LN Equity,Industrials,Capital Goods,Aerospace & Defense,Aerospace & Defense,1257.0,2023,James Mortensen,Chief Financial Officer (designate),0.0,GBP,0.0,0.0,0.0,0.0,0.0,0.0,GBP,True,"Joined as CFO designate on 1 November 2023, appointed to Board on 1 January 2024",chemring_group_ar_2024,https://www.chemring.com/~/media/Files/C/Chemring-V3/docs/chemring-annual-report-and-accounts-2025-v1.pdf,"=HYPERLINK(""https://www.chemring.com/~/media/Files/C/Chemring-V3/docs/chemring-annual-report-and-accounts-2025-v1.pdf#page=123"",""p.123 of AR"")",2.0,
Chemring Group Plc,CHG LN Equity,Industrials,Capital Goods,Aerospace & Defense,Aerospace & Defense,1257.0,2023,Sarah Ellard,Group Legal Director & Company Secretary,278000.0,GBP,328000.0,316000.0,21000.0,20000.0,0.0,963000.0,GBP,False,,chemring_group_ar_2024,https://www.chemring.com/~/media/Files/C/Chemring-V3/docs/chemring-annual-report-and-accounts-2025-v1.pdf,"=HYPERLINK(""https://www.chemring.com/~/media/Files/C/Chemring-V3/docs/chemring-annual-report-and-accounts-2025-v1.pdf#page=123"",""p.123 of AR"")",2.0,
Chemring Group Plc,CHG LN Equity,Industrials,Capital Goods,Aerospace & Defense,Aerospace & Defense,1257.0,FY2025,Michael Ord,Group Chief Executive,595000.0,GBP,863000.0,739000.0,45000.0,22000.0,0.0,2264000.0,GBP,False,"Served full year FY2025 (year ended 31 October 2025). Annual bonus of £862,753 precisely represents 144% of salary and 96% of maximum; 80% payable in cash, 20% deferred as shares for 3 years. LTIP relates to December 2022 PSP award vesting at 50% of maximum, valued at 557p average share price over 3 months ended 31 October 2025, includes £319,670 attributable to share price appreciation and accrued dividends. Pension is a cash supplement of 7.5% of salary in lieu of pension.",chemring_group_ar_2025,https://www.chemring.com/~/media/Files/C/Chemring-V3/docs/chemring-annual-report-and-accounts-2025-v1.pdf,"=HYPERLINK(""https://www.chemring.com/~/media/Files/C/Chemring-V3/docs/chemring-annual-report-and-accounts-2025-v1.pdf#page=75"",""p.75 of AR"")",2.0,
Chemring Group Plc,CHG LN Equity,Industrials,Capital Goods,Aerospace & Defense,Aerospace & Defense,1257.0,FY2025,James Mortensen,Chief Financial Officer,407000.0,GBP,498000.0,0.0,31000.0,21000.0,230000.0,1187000.0,GBP,False,"Served full year in FY2025 (year ended 31 October 2025). Appointed CFO designate 1 November 2023; became CFO 1 January 2024; full year served as CFO in FY2025. Salary comprised £370,000 p.a. from 1 November 2024 to 31 December 2024 and £415,000 p.a. from 1 January 2025 to 31 October 2025. Benefits comprise £19,350 car allowance and private medical insurance. Pension is a cash supplement of 7.5% of salary in lieu of pension. Annual bonus of £498,000 represents 120% of salary and 96% of maximum; 60% payable in cash, 40% deferred as shares for 3 years as shareholding requirement not yet met.",chemring_group_ar_2025,https://www.chemring.com/~/media/Files/C/Chemring-V3/docs/chemring-annual-report-and-accounts-2025-v1.pdf,"=HYPERLINK(""https://www.chemring.com/~/media/Files/C/Chemring-V3/docs/chemring-annual-report-and-accounts-2025-v1.pdf#page=75"",""p.75 of AR"")",2.0,
Chemring Group Plc,CHG LN Equity,Industrials,Capital Goods,Aerospace & Defense,Aerospace & Defense,1257.0,FY2025,Sarah Ellard,Group Legal Director & Company Secretary,300000.0,GBP,363000.0,379000.0,23000.0,21000.0,0.0,1086000.0,GBP,False,"Served full year FY2025 (year ended 31 October 2025). Salary comprised £291,177 p.a. from 1 November 2024 to 31 December 2024 and £302,242 p.a. from 1 January 2025 to 31 October 2025. Benefits comprise £19,350 car allowance and private medical insurance. Pension is a cash supplement of 7.5% of salary in lieu of pension; also retains legacy deferred pension of £24,000 p.a. accrued prior to leaving pensionable service on 6 April 2010, with transfer value of £461,000 unchanged year-on-year. Annual bonus of £362,690 precisely represents 120% of salary and 96% of maximum; 80% payable in cash, 20% deferred as shares for 3 years as shareholding requirement has been met. LTIP relates to December 2022 PSP award vesting at 50% of maximum, valued at 557p average share price over 3 months ended 31 October 2025, includes £163,920 attributable to share price appreciation and accrued dividends.",chemring_group_ar_2025,https://www.chemring.com/~/media/Files/C/Chemring-V3/docs/chemring-annual-report-and-accounts-2025-v1.pdf,"=HYPERLINK(""https://www.chemring.com/~/media/Files/C/Chemring-V3/docs/chemring-annual-report-and-accounts-2025-v1.pdf#page=75"",""p.75 of AR"")",2.0,
Chemring Group Plc,CHG LN Equity,Industrials,Capital Goods,Aerospace & Defense,Aerospace & Defense,1257.0,FY2024,Michael Ord,Group Chief Executive,574000.0,GBP,663000.0,831000.0,43000.0,22000.0,0.0,2133000.0,GBP,False,Served full year FY2024 (year ended 31 October 2024). LTIP restated based on share price on date of vesting of 314.5p.,chemring_group_ar_2025,https://www.chemring.com/~/media/Files/C/Chemring-V3/docs/chemring-annual-report-and-accounts-2025-v1.pdf,"=HYPERLINK(""https://www.chemring.com/~/media/Files/C/Chemring-V3/docs/chemring-annual-report-and-accounts-2025-v1.pdf#page=75"",""p.75 of AR"")",2.0,
Chemring Group Plc,CHG LN Equity,Industrials,Capital Goods,Aerospace & Defense,Aerospace & Defense,1257.0,FY2024,James Mortensen,Chief Financial Officer,370000.0,GBP,354000.0,0.0,28000.0,21000.0,602000.0,1375000.0,GBP,True,"Appointed CFO designate 1 November 2023; became CFO 1 January 2024. FY2024 represents first full financial year on the Board but partial year in the CFO role, having served as CFO designate from 1 November 2023 and as CFO from 1 January 2024.",chemring_group_ar_2025,https://www.chemring.com/~/media/Files/C/Chemring-V3/docs/chemring-annual-report-and-accounts-2025-v1.pdf,"=HYPERLINK(""https://www.chemring.com/~/media/Files/C/Chemring-V3/docs/chemring-annual-report-and-accounts-2025-v1.pdf#page=77"",""p.77 of AR"")",2.0,
Chemring Group Plc,CHG LN Equity,Industrials,Capital Goods,Aerospace & Defense,Aerospace & Defense,1257.0,FY2024,Sarah Ellard,Group Legal Director & Company Secretary,289000.0,GBP,279000.0,445000.0,22000.0,20000.0,0.0,1055000.0,GBP,False,Served full year FY2024 (year ended 31 October 2024). LTIP restated based on share price on date of vesting of 314.5p.,chemring_group_ar_2025,https://www.chemring.com/~/media/Files/C/Chemring-V3/docs/chemring-annual-report-and-accounts-2025-v1.pdf,"=HYPERLINK(""https://www.chemring.com/~/media/Files/C/Chemring-V3/docs/chemring-annual-report-and-accounts-2025-v1.pdf#page=76"",""p.76 of AR"")",2.0,
Chesnara Plc,CSN LN Equity,Financials,Insurance,Insurance,Life & Health Insurance,742.6,2024,Steve Murray,Group CEO,525000.0,GBP,501000.0,280000.0,45000.0,26000.0,0.0,1377000.0,GBP,False,,chesnara_ar_2024,https://www.chesnara.co.uk/~/media/Files/C/Chesnara-Plc-V2/documents/reports-and-presentations/financial-reports/2025/chesnara-report-and-accounts-2025.pdf,"=HYPERLINK(""https://www.chesnara.co.uk/~/media/Files/C/Chesnara-Plc-V2/documents/reports-and-presentations/financial-reports/2025/chesnara-report-and-accounts-2025.pdf#page=119"",""p.119 of AR"")",2.0,
Chesnara Plc,CSN LN Equity,Financials,Insurance,Insurance,Life & Health Insurance,742.6,2024,Tom Howard,Group Chief Financial Officer (CFO),253000.0,GBP,238000.0,0.0,19000.0,2000.0,665000.0,1177000.0,GBP,True,Joined as an executive director on 15 April 2024,chesnara_ar_2024,https://www.chesnara.co.uk/~/media/Files/C/Chesnara-Plc-V2/documents/reports-and-presentations/financial-reports/2025/chesnara-report-and-accounts-2025.pdf,"=HYPERLINK(""https://www.chesnara.co.uk/~/media/Files/C/Chesnara-Plc-V2/documents/reports-and-presentations/financial-reports/2025/chesnara-report-and-accounts-2025.pdf#page=113"",""p.113 of AR"")",2.0,
Chesnara Plc,CSN LN Equity,Financials,Insurance,Insurance,Life & Health Insurance,742.6,2024,David Rimmington,Group Finance Director,118000.0,GBP,111000.0,0.0,11000.0,22000.0,0.0,262000.0,GBP,True,Stood down as a director on 14 May 2024,chesnara_ar_2024,https://www.chesnara.co.uk/~/media/Files/C/Chesnara-Plc-V2/documents/reports-and-presentations/financial-reports/2025/chesnara-report-and-accounts-2025.pdf,"=HYPERLINK(""https://www.chesnara.co.uk/~/media/Files/C/Chesnara-Plc-V2/documents/reports-and-presentations/financial-reports/2025/chesnara-report-and-accounts-2025.pdf#page=113"",""p.113 of AR"")",2.0,
Chesnara Plc,CSN LN Equity,Financials,Insurance,Insurance,Life & Health Insurance,742.6,2023,Steve Murray,Group CEO,458000.0,GBP,439000.0,217000.0,39000.0,29000.0,0.0,1182000.0,GBP,False,,chesnara_ar_2024,https://www.chesnara.co.uk/~/media/Files/C/Chesnara-Plc-V2/documents/reports-and-presentations/financial-reports/2025/chesnara-report-and-accounts-2025.pdf,"=HYPERLINK(""https://www.chesnara.co.uk/~/media/Files/C/Chesnara-Plc-V2/documents/reports-and-presentations/financial-reports/2025/chesnara-report-and-accounts-2025.pdf#page=112"",""p.112 of AR"")",2.0,
Chesnara Plc,CSN LN Equity,Financials,Insurance,Insurance,Life & Health Insurance,742.6,2023,Tom Howard,Group Chief Financial Officer (CFO),0.0,GBP,0.0,0.0,0.0,0.0,0.0,0.0,GBP,False,Not yet appointed in 2023,chesnara_ar_2024,https://www.chesnara.co.uk/~/media/Files/C/Chesnara-Plc-V2/documents/reports-and-presentations/financial-reports/2025/chesnara-report-and-accounts-2025.pdf,"=HYPERLINK(""https://www.chesnara.co.uk/~/media/Files/C/Chesnara-Plc-V2/documents/reports-and-presentations/financial-reports/2025/chesnara-report-and-accounts-2025.pdf#page=113"",""p.113 of AR"")",2.0,
Chesnara Plc,CSN LN Equity,Financials,Insurance,Insurance,Life & Health Insurance,742.6,2023,David Rimmington,Group Finance Director,315000.0,GBP,299000.0,102000.0,30000.0,49000.0,0.0,795000.0,GBP,False,,chesnara_ar_2024,https://www.chesnara.co.uk/~/media/Files/C/Chesnara-Plc-V2/documents/reports-and-presentations/financial-reports/2025/chesnara-report-and-accounts-2025.pdf,"=HYPERLINK(""https://www.chesnara.co.uk/~/media/Files/C/Chesnara-Plc-V2/documents/reports-and-presentations/financial-reports/2025/chesnara-report-and-accounts-2025.pdf#page=113"",""p.113 of AR"")",2.0,
Chesnara Plc,CSN LN Equity,Financials,Insurance,Insurance,Life & Health Insurance,742.6,FY2025,Steve Murray,Chief Executive Officer (Group CEO),536000.0,GBP,526000.0,749000.0,46000.0,27000.0,0.0,1882000.0,GBP,False,"N/A – served full year. LTIP relates to 2023 LTIP award scheduled to vest July 2026, assessed at 100% of maximum. Value calculated using average Q4 2025 share price of £2.795. STIS outturn was 98.2% of maximum. Fixed pay total: £607,000; Variable pay total: £1,275,000. Benefits comprise taxable benefits: £22,000 and non-taxable benefits: £5,000.",chesnara_ar_2025,https://www.chesnara.co.uk/~/media/Files/C/Chesnara-Plc-V2/documents/reports-and-presentations/financial-reports/2025/chesnara-report-and-accounts-2025.pdf,"=HYPERLINK(""https://www.chesnara.co.uk/~/media/Files/C/Chesnara-Plc-V2/documents/reports-and-presentations/financial-reports/2025/chesnara-report-and-accounts-2025.pdf#page=114"",""p.114 of AR"")",2.0,
Chesnara Plc,CSN LN Equity,Financials,Insurance,Insurance,Life & Health Insurance,742.6,FY2025,Tom Howard,Chief Financial Officer (Group CFO),357000.0,GBP,348000.0,0.0,49000.0,3000.0,369000.0,1126000.0,GBP,False,"N/A for FY2025 – served full year. Note: Tom Howard had joined as executive director on 15 April 2024, so FY2024 was pro-rata. STIS outturn was 97.6% of maximum. Fixed pay total: £407,000; Variable pay total: £718,000. Benefits comprise taxable benefits: £2,000 and non-taxable benefits: £1,000.",chesnara_ar_2025,https://www.chesnara.co.uk/~/media/Files/C/Chesnara-Plc-V2/documents/reports-and-presentations/financial-reports/2025/chesnara-report-and-accounts-2025.pdf,"=HYPERLINK(""https://www.chesnara.co.uk/~/media/Files/C/Chesnara-Plc-V2/documents/reports-and-presentations/financial-reports/2025/chesnara-report-and-accounts-2025.pdf#page=114"",""p.114 of AR"")",2.0,
Chesnara Plc,CSN LN Equity,Financials,Insurance,Insurance,Life & Health Insurance,742.6,FY2024,Steve Murray,Chief Executive Officer (Group CEO),525000.0,GBP,501000.0,143000.0,45000.0,26000.0,0.0,1240000.0,GBP,False,"N/A – served full year. STIS outturn was approximately 96% of maximum. Fixed pay total: £591,000; Variable pay total: £649,000. Benefits comprise taxable benefits: £21,000 and non-taxable benefits: £5,000.",chesnara_ar_2025,https://www.chesnara.co.uk/~/media/Files/C/Chesnara-Plc-V2/documents/reports-and-presentations/financial-reports/2025/chesnara-report-and-accounts-2025.pdf,"=HYPERLINK(""https://www.chesnara.co.uk/~/media/Files/C/Chesnara-Plc-V2/documents/reports-and-presentations/financial-reports/2025/chesnara-report-and-accounts-2025.pdf#page=114"",""p.114 of AR"")",2.0,
Chesnara Plc,CSN LN Equity,Financials,Insurance,Insurance,Life & Health Insurance,742.6,FY2024,Tom Howard,Chief Financial Officer (Group CFO),253000.0,GBP,238000.0,0.0,19000.0,2000.0,522000.0,1034000.0,GBP,True,"Appointed as executive director on 15 April 2024; salary and other fixed pay components reflect approximately 8.5 months of service. STIS outturn was approximately 96% of maximum. Fixed pay total: £273,000; Variable pay total: £761,000. Benefits comprise taxable benefits: £1,000 and non-taxable benefits: £1,000.",chesnara_ar_2025,https://www.chesnara.co.uk/~/media/Files/C/Chesnara-Plc-V2/documents/reports-and-presentations/financial-reports/2025/chesnara-report-and-accounts-2025.pdf,"=HYPERLINK(""https://www.chesnara.co.uk/~/media/Files/C/Chesnara-Plc-V2/documents/reports-and-presentations/financial-reports/2025/chesnara-report-and-accounts-2025.pdf#page=114"",""p.114 of AR"")",2.0,
Clarkson Plc,CKN LN Equity,Industrials,Transportation,Marine Transportation,Marine Transportation,1437.6,2024,Andi Case,Chief Executive Officer (CEO),550000.0,GBP,11098000.0,827000.0,72000.0,17000.0,0.0,12564000.0,GBP,False,Not applicable - served full year,clarkson_ar_2024,https://www.clarksons.com/media/a3zhn1uv/clarksons-plc-annual-report-2025.pdf,"=HYPERLINK(""https://www.clarksons.com/media/a3zhn1uv/clarksons-plc-annual-report-2025.pdf#page=123"",""p.123 of AR"")",2.0,
Clarkson Plc,CKN LN Equity,Industrials,Transportation,Marine Transportation,Marine Transportation,1437.6,2024,Jeff Woyda,Chief Financial Officer & Chief Operating Officer (CFO & COO),350000.0,GBP,2870000.0,526000.0,46000.0,16000.0,0.0,3808000.0,GBP,False,Not applicable - served full year,clarkson_ar_2024,https://www.clarksons.com/media/a3zhn1uv/clarksons-plc-annual-report-2025.pdf,"=HYPERLINK(""https://www.clarksons.com/media/a3zhn1uv/clarksons-plc-annual-report-2025.pdf#page=123"",""p.123 of AR"")",2.0,
Clarkson Plc,CKN LN Equity,Industrials,Transportation,Marine Transportation,Marine Transportation,1437.6,2023,Andi Case,Chief Executive Officer (CEO),550000.0,GBP,10412000.0,1239000.0,72000.0,17000.0,0.0,12291000.0,GBP,False,Not applicable - served full year,clarkson_ar_2024,https://www.clarksons.com/media/a3zhn1uv/clarksons-plc-annual-report-2025.pdf,"=HYPERLINK(""https://www.clarksons.com/media/a3zhn1uv/clarksons-plc-annual-report-2025.pdf#page=125"",""p.125 of AR"")",2.0,
Clarkson Plc,CKN LN Equity,Industrials,Transportation,Marine Transportation,Marine Transportation,1437.6,2023,Jeff Woyda,Chief Financial Officer & Chief Operating Officer (CFO & COO),350000.0,GBP,2693000.0,788000.0,46000.0,12000.0,0.0,3889000.0,GBP,False,Not applicable - served full year,clarkson_ar_2024,https://www.clarksons.com/media/a3zhn1uv/clarksons-plc-annual-report-2025.pdf,"=HYPERLINK(""https://www.clarksons.com/media/a3zhn1uv/clarksons-plc-annual-report-2025.pdf#page=125"",""p.125 of AR"")",2.0,
Clarkson Plc,CKN LN Equity,Industrials,Transportation,Marine Transportation,Marine Transportation,1437.6,FY2025,Andi Case,Chief Executive Officer (CEO),550000.0,GBP,7774000.0,288000.0,72000.0,17000.0,,8701000.0,GBP,False,N/A — served full year,clarkson_ar_2025,https://www.clarksons.com/media/a3zhn1uv/clarksons-plc-annual-report-2025.pdf,"=HYPERLINK(""https://www.clarksons.com/media/a3zhn1uv/clarksons-plc-annual-report-2025.pdf#page=58"",""p.58 of AR"")",2.0,
Clarkson Plc,CKN LN Equity,Industrials,Transportation,Marine Transportation,Marine Transportation,1437.6,FY2025,Jeff Woyda,Chief Financial Officer & Chief Operating Officer (CFO & COO),350000.0,GBP,2011000.0,184000.0,46000.0,12000.0,,2603000.0,GBP,False,Served full year in FY2025. Note: Jeff Woyda has announced his planned retirement on 14 September 2026; this affects FY2026 remuneration only and does not impact FY2025 figures.,clarkson_ar_2025,https://www.clarksons.com/media/a3zhn1uv/clarksons-plc-annual-report-2025.pdf,"=HYPERLINK(""https://www.clarksons.com/media/a3zhn1uv/clarksons-plc-annual-report-2025.pdf#page=58"",""p.58 of AR"")",2.0,
Clarkson Plc,CKN LN Equity,Industrials,Transportation,Marine Transportation,Marine Transportation,1437.6,FY2024,Andi Case,Chief Executive Officer (CEO),550000.0,GBP,11098000.0,698000.0,72000.0,17000.0,,12435000.0,GBP,False,"N/A — served full year. LTIP figure restated from estimate to actual, based on share price of £31.20 on vesting date of 22 April 2025; originally estimated using average share price over Q4 2024.",clarkson_ar_2025,https://www.clarksons.com/media/a3zhn1uv/clarksons-plc-annual-report-2025.pdf,"=HYPERLINK(""https://www.clarksons.com/media/a3zhn1uv/clarksons-plc-annual-report-2025.pdf#page=58"",""p.58 of AR"")",2.0,
Clarkson Plc,CKN LN Equity,Industrials,Transportation,Marine Transportation,Marine Transportation,1437.6,FY2024,Jeff Woyda,Chief Financial Officer & Chief Operating Officer (CFO & COO),350000.0,GBP,2870000.0,444000.0,46000.0,16000.0,,3726000.0,GBP,False,"Served full year. LTIP figure restated from estimate to actual, based on share price of £31.20 on vesting date of 22 April 2025; originally estimated using average share price over Q4 2024. The slightly higher benefits figure vs FY2025 (£16,000 vs £12,000) reflects inclusion of Jeff Woyda's participation in the 2024 ShareSave Plan invitation, which is included under taxable benefits in FY2024 only.",clarkson_ar_2025,https://www.clarksons.com/media/a3zhn1uv/clarksons-plc-annual-report-2025.pdf,"=HYPERLINK(""https://www.clarksons.com/media/a3zhn1uv/clarksons-plc-annual-report-2025.pdf#page=58"",""p.58 of AR"")",2.0,
Close Brothers Group Plc,CBG LN Equity,Financials,Banks,Banks,Diversified Banks,665.1,2025,Adrian Sainsbury,Group Chief Executive,418000.0,GBP,0.0,0.0,42000.0,12000.0,0.0,472000.0,GBP,True,"Stepped down as Group Chief Executive and Executive Director on 6 January 2025; remuneration including salary, benefits, bonus and pension has been time pro-rated accordingly",close_brothers_group_ar_2025,https://www.closebrothers.com/system/files/rrp/reports/CBGAnnualReport2025.pdf,"=HYPERLINK(""https://www.closebrothers.com/system/files/rrp/reports/CBGAnnualReport2025.pdf#page=154"",""p.154 of AR"")",2.0,
Close Brothers Group Plc,CBG LN Equity,Financials,Banks,Banks,Diversified Banks,665.1,2025,Mike Morgan,"Group Finance Director (until 6 January 2025), then Chief Executive (from 7 January 2025)",807000.0,GBP,0.0,0.0,80000.0,20000.0,137000.0,1044000.0,GBP,True,"Received annual acting up allowance of £423,500 (time pro-rated) whilst in interim Chief Executive role for period 10 September 2024 to 6 January 2025. Received annual salary of £583,000 and £968,000 whilst in roles of Group Finance Director and Chief Executive respectively, both time pro-rated accordingly",close_brothers_group_ar_2025,https://www.closebrothers.com/system/files/rrp/reports/CBGAnnualReport2025.pdf,"=HYPERLINK(""https://www.closebrothers.com/system/files/rrp/reports/CBGAnnualReport2025.pdf#page=154"",""p.154 of AR"")",2.0,
Close Brothers Group Plc,CBG LN Equity,Financials,Banks,Banks,Diversified Banks,665.1,2024,Adrian Sainsbury,Group Chief Executive,949000.0,GBP,0.0,92000.0,95000.0,31000.0,0.0,1167000.0,GBP,False,N/A,close_brothers_group_ar_2025,https://www.closebrothers.com/system/files/rrp/reports/CBGAnnualReport2025.pdf,"=HYPERLINK(""https://www.closebrothers.com/system/files/rrp/reports/CBGAnnualReport2025.pdf#page=154"",""p.154 of AR"")",2.0,
Close Brothers Group Plc,CBG LN Equity,Financials,Banks,Banks,Diversified Banks,665.1,2024,Mike Morgan,Group Finance Director,571000.0,GBP,0.0,56000.0,57000.0,12000.0,0.0,696000.0,GBP,False,N/A,close_brothers_group_ar_2025,https://www.closebrothers.com/system/files/rrp/reports/CBGAnnualReport2025.pdf,"=HYPERLINK(""https://www.closebrothers.com/system/files/rrp/reports/CBGAnnualReport2025.pdf#page=154"",""p.154 of AR"")",2.0,
CMC Markets Plc,CMCX LN Equity,Financials,Financial Services,Capital Markets,Investment Banking & Brokerage,1055.1,2024,Peter Cruddas,Chief Executive Officer,700000.0,GBP,254200.0,0.0,0.0,3000.0,0.0,957200.0,GBP,False,N/A,cmc_markets_ar_2024,https://downloads.ctfassets.net/qjd94rsxb7ou/1BQ8NPMRLmRnQ5WYFmP6l5/489567b4852a29b7452a8917c3e902b1/213800VB75KAZBFH5U07-2025-03-31-T01.xhtml,"=HYPERLINK(""https://downloads.ctfassets.net/qjd94rsxb7ou/1BQ8NPMRLmRnQ5WYFmP6l5/489567b4852a29b7452a8917c3e902b1/213800VB75KAZBFH5U07-2025-03-31-T01.xhtml#page=108"",""p.108 of AR"")",2.0,
CMC Markets Plc,CMCX LN Equity,Financials,Financial Services,Capital Markets,Investment Banking & Brokerage,1055.1,2024,David Fineberg,Deputy Chief Executive Officer,363100.0,GBP,276800.0,143800.0,25400.0,1500.0,1800.0,812400.0,GBP,False,N/A,cmc_markets_ar_2024,https://downloads.ctfassets.net/qjd94rsxb7ou/1BQ8NPMRLmRnQ5WYFmP6l5/489567b4852a29b7452a8917c3e902b1/213800VB75KAZBFH5U07-2025-03-31-T01.xhtml,"=HYPERLINK(""https://downloads.ctfassets.net/qjd94rsxb7ou/1BQ8NPMRLmRnQ5WYFmP6l5/489567b4852a29b7452a8917c3e902b1/213800VB75KAZBFH5U07-2025-03-31-T01.xhtml#page=108"",""p.108 of AR"")",2.0,
CMC Markets Plc,CMCX LN Equity,Financials,Financial Services,Capital Markets,Investment Banking & Brokerage,1055.1,2024,Euan Marshall,Executive Director,216700.0,GBP,0.0,0.0,18400.0,1100.0,600.0,236800.0,GBP,True,Figures reflect the period 1 April 2023 to 31 December 2023 following his resignation from the Board. He received only his contractual six-month notice and no compensation for loss of office. CIP awards from 2020 and 2021 were forfeited upon resignation.,cmc_markets_ar_2024,https://downloads.ctfassets.net/qjd94rsxb7ou/1BQ8NPMRLmRnQ5WYFmP6l5/489567b4852a29b7452a8917c3e902b1/213800VB75KAZBFH5U07-2025-03-31-T01.xhtml,"=HYPERLINK(""https://downloads.ctfassets.net/qjd94rsxb7ou/1BQ8NPMRLmRnQ5WYFmP6l5/489567b4852a29b7452a8917c3e902b1/213800VB75KAZBFH5U07-2025-03-31-T01.xhtml#page=108"",""p.108 of AR"")",2.0,
CMC Markets Plc,CMCX LN Equity,Financials,Financial Services,Capital Markets,Investment Banking & Brokerage,1055.1,2024,Matthew Lewis,Head of Asia Pacific & Canada,288600.0,GBP,243100.0,89400.0,32000.0,400.0,0.0,653400.0,GBP,False,The decrease in salary reflects prevailing exchange rates,cmc_markets_ar_2024,https://downloads.ctfassets.net/qjd94rsxb7ou/1BQ8NPMRLmRnQ5WYFmP6l5/489567b4852a29b7452a8917c3e902b1/213800VB75KAZBFH5U07-2025-03-31-T01.xhtml,"=HYPERLINK(""https://downloads.ctfassets.net/qjd94rsxb7ou/1BQ8NPMRLmRnQ5WYFmP6l5/489567b4852a29b7452a8917c3e902b1/213800VB75KAZBFH5U07-2025-03-31-T01.xhtml#page=108"",""p.108 of AR"")",2.0,
CMC Markets Plc,CMCX LN Equity,Financials,Financial Services,Capital Markets,Investment Banking & Brokerage,1055.1,2024,Albert Soleiman,Chief Financial Officer,175000.0,GBP,141600.0,0.0,0.0,800.0,1100.0,318400.0,GBP,True,Figures reflect the period from 1 September 2023 to 31 March 2024 following his appointment to the Board.,cmc_markets_ar_2024,https://downloads.ctfassets.net/qjd94rsxb7ou/1BQ8NPMRLmRnQ5WYFmP6l5/489567b4852a29b7452a8917c3e902b1/213800VB75KAZBFH5U07-2025-03-31-T01.xhtml,"=HYPERLINK(""https://downloads.ctfassets.net/qjd94rsxb7ou/1BQ8NPMRLmRnQ5WYFmP6l5/489567b4852a29b7452a8917c3e902b1/213800VB75KAZBFH5U07-2025-03-31-T01.xhtml#page=108"",""p.108 of AR"")",2.0,
CMC Markets Plc,CMCX LN Equity,Financials,Financial Services,Capital Markets,Investment Banking & Brokerage,1055.1,2023,Peter Cruddas,Chief Executive Officer,700000.0,GBP,137600.0,0.0,0.0,3000.0,0.0,840600.0,GBP,False,N/A,cmc_markets_ar_2024,https://downloads.ctfassets.net/qjd94rsxb7ou/1BQ8NPMRLmRnQ5WYFmP6l5/489567b4852a29b7452a8917c3e902b1/213800VB75KAZBFH5U07-2025-03-31-T01.xhtml,"=HYPERLINK(""https://downloads.ctfassets.net/qjd94rsxb7ou/1BQ8NPMRLmRnQ5WYFmP6l5/489567b4852a29b7452a8917c3e902b1/213800VB75KAZBFH5U07-2025-03-31-T01.xhtml#page=99"",""p.99 of AR"")",2.0,
CMC Markets Plc,CMCX LN Equity,Financials,Financial Services,Capital Markets,Investment Banking & Brokerage,1055.1,2023,David Fineberg,Deputy Chief Executive Officer,350000.0,GBP,148200.0,110000.0,30800.0,1700.0,1800.0,642500.0,GBP,False,N/A,cmc_markets_ar_2024,https://downloads.ctfassets.net/qjd94rsxb7ou/1BQ8NPMRLmRnQ5WYFmP6l5/489567b4852a29b7452a8917c3e902b1/213800VB75KAZBFH5U07-2025-03-31-T01.xhtml,"=HYPERLINK(""https://downloads.ctfassets.net/qjd94rsxb7ou/1BQ8NPMRLmRnQ5WYFmP6l5/489567b4852a29b7452a8917c3e902b1/213800VB75KAZBFH5U07-2025-03-31-T01.xhtml#page=108"",""p.108 of AR"")",2.0,
CMC Markets Plc,CMCX LN Equity,Financials,Financial Services,Capital Markets,Investment Banking & Brokerage,1055.1,2023,Euan Marshall,Executive Director,250000.0,GBP,72500.0,0.0,23200.0,1700.0,1800.0,349200.0,GBP,False,N/A,cmc_markets_ar_2024,https://downloads.ctfassets.net/qjd94rsxb7ou/1BQ8NPMRLmRnQ5WYFmP6l5/489567b4852a29b7452a8917c3e902b1/213800VB75KAZBFH5U07-2025-03-31-T01.xhtml,"=HYPERLINK(""https://downloads.ctfassets.net/qjd94rsxb7ou/1BQ8NPMRLmRnQ5WYFmP6l5/489567b4852a29b7452a8917c3e902b1/213800VB75KAZBFH5U07-2025-03-31-T01.xhtml#page=108"",""p.108 of AR"")",2.0,
CMC Markets Plc,CMCX LN Equity,Financials,Financial Services,Capital Markets,Investment Banking & Brokerage,1055.1,2023,Matthew Lewis,Head of Asia Pacific & Canada,288200.0,GBP,131400.0,34600.0,13300.0,400.0,0.0,467900.0,GBP,False,N/A,cmc_markets_ar_2024,https://downloads.ctfassets.net/qjd94rsxb7ou/1BQ8NPMRLmRnQ5WYFmP6l5/489567b4852a29b7452a8917c3e902b1/213800VB75KAZBFH5U07-2025-03-31-T01.xhtml,"=HYPERLINK(""https://downloads.ctfassets.net/qjd94rsxb7ou/1BQ8NPMRLmRnQ5WYFmP6l5/489567b4852a29b7452a8917c3e902b1/213800VB75KAZBFH5U07-2025-03-31-T01.xhtml#page=108"",""p.108 of AR"")",2.0,
CMC Markets Plc,CMCX LN Equity,Financials,Financial Services,Capital Markets,Investment Banking & Brokerage,1055.1,FY2025,Peter Cruddas,Chief Executive Officer,700000.0,GBP,365900.0,0.0,0.0,3000.0,0.0,1068900.0,GBP,False,Served full year,cmc_markets_ar_2025,https://downloads.ctfassets.net/qjd94rsxb7ou/1BQ8NPMRLmRnQ5WYFmP6l5/489567b4852a29b7452a8917c3e902b1/213800VB75KAZBFH5U07-2025-03-31-T01.xhtml,"=HYPERLINK(""https://downloads.ctfassets.net/qjd94rsxb7ou/1BQ8NPMRLmRnQ5WYFmP6l5/489567b4852a29b7452a8917c3e902b1/213800VB75KAZBFH5U07-2025-03-31-T01.xhtml#page=64"",""p.64 of AR"")",2.0,
CMC Markets Plc,CMCX LN Equity,Financials,Financial Services,Capital Markets,Investment Banking & Brokerage,1055.1,FY2025,David Fineberg,Deputy Chief Executive Officer,365800.0,GBP,213700.0,342700.0,20600.0,2100.0,1800.0,946600.0,GBP,False,Served full year,cmc_markets_ar_2025,https://downloads.ctfassets.net/qjd94rsxb7ou/1BQ8NPMRLmRnQ5WYFmP6l5/489567b4852a29b7452a8917c3e902b1/213800VB75KAZBFH5U07-2025-03-31-T01.xhtml,"=HYPERLINK(""https://downloads.ctfassets.net/qjd94rsxb7ou/1BQ8NPMRLmRnQ5WYFmP6l5/489567b4852a29b7452a8917c3e902b1/213800VB75KAZBFH5U07-2025-03-31-T01.xhtml#page=76"",""p.76 of AR"")",2.0,
CMC Markets Plc,CMCX LN Equity,Financials,Financial Services,Capital Markets,Investment Banking & Brokerage,1055.1,FY2025,Matthew Lewis,Head of ANZ,273500.0,GBP,250700.0,178800.0,38700.0,300.0,0.0,742900.0,GBP,False,Served full year,cmc_markets_ar_2025,https://downloads.ctfassets.net/qjd94rsxb7ou/1BQ8NPMRLmRnQ5WYFmP6l5/489567b4852a29b7452a8917c3e902b1/213800VB75KAZBFH5U07-2025-03-31-T01.xhtml,"=HYPERLINK(""https://downloads.ctfassets.net/qjd94rsxb7ou/1BQ8NPMRLmRnQ5WYFmP6l5/489567b4852a29b7452a8917c3e902b1/213800VB75KAZBFH5U07-2025-03-31-T01.xhtml#page=76"",""p.76 of AR"")",2.0,
CMC Markets Plc,CMCX LN Equity,Financials,Financial Services,Capital Markets,Investment Banking & Brokerage,1055.1,FY2025,Albert Soleiman,Chief Financial Officer,269600.0,GBP,0.0,0.0,18400.0,1500.0,1700.0,291200.0,GBP,True,Resigned from the role of Chief Financial Officer with effect from 25 February 2025; figures are pro-rated to reflect partial year of service,cmc_markets_ar_2025,https://downloads.ctfassets.net/qjd94rsxb7ou/1BQ8NPMRLmRnQ5WYFmP6l5/489567b4852a29b7452a8917c3e902b1/213800VB75KAZBFH5U07-2025-03-31-T01.xhtml,"=HYPERLINK(""https://downloads.ctfassets.net/qjd94rsxb7ou/1BQ8NPMRLmRnQ5WYFmP6l5/489567b4852a29b7452a8917c3e902b1/213800VB75KAZBFH5U07-2025-03-31-T01.xhtml#page=76"",""p.76 of AR"")",2.0,
CMC Markets Plc,CMCX LN Equity,Financials,Financial Services,Capital Markets,Investment Banking & Brokerage,1055.1,FY2024,Peter Cruddas,Chief Executive Officer,700000.0,GBP,254200.0,0.0,0.0,3000.0,0.0,957200.0,GBP,False,Served full year,cmc_markets_ar_2025,https://downloads.ctfassets.net/qjd94rsxb7ou/1BQ8NPMRLmRnQ5WYFmP6l5/489567b4852a29b7452a8917c3e902b1/213800VB75KAZBFH5U07-2025-03-31-T01.xhtml,"=HYPERLINK(""https://downloads.ctfassets.net/qjd94rsxb7ou/1BQ8NPMRLmRnQ5WYFmP6l5/489567b4852a29b7452a8917c3e902b1/213800VB75KAZBFH5U07-2025-03-31-T01.xhtml#page=64"",""p.64 of AR"")",2.0,
CMC Markets Plc,CMCX LN Equity,Financials,Financial Services,Capital Markets,Investment Banking & Brokerage,1055.1,FY2024,David Fineberg,Deputy Chief Executive Officer,363100.0,GBP,276800.0,143800.0,25400.0,1500.0,1800.0,812400.0,GBP,False,Served full year,cmc_markets_ar_2025,https://downloads.ctfassets.net/qjd94rsxb7ou/1BQ8NPMRLmRnQ5WYFmP6l5/489567b4852a29b7452a8917c3e902b1/213800VB75KAZBFH5U07-2025-03-31-T01.xhtml,"=HYPERLINK(""https://downloads.ctfassets.net/qjd94rsxb7ou/1BQ8NPMRLmRnQ5WYFmP6l5/489567b4852a29b7452a8917c3e902b1/213800VB75KAZBFH5U07-2025-03-31-T01.xhtml#page=77"",""p.77 of AR"")",2.0,
CMC Markets Plc,CMCX LN Equity,Financials,Financial Services,Capital Markets,Investment Banking & Brokerage,1055.1,FY2024,Matthew Lewis,Head of ANZ,288600.0,GBP,243100.0,89400.0,32000.0,400.0,0.0,653500.0,GBP,False,Served full year,cmc_markets_ar_2025,https://downloads.ctfassets.net/qjd94rsxb7ou/1BQ8NPMRLmRnQ5WYFmP6l5/489567b4852a29b7452a8917c3e902b1/213800VB75KAZBFH5U07-2025-03-31-T01.xhtml,"=HYPERLINK(""https://downloads.ctfassets.net/qjd94rsxb7ou/1BQ8NPMRLmRnQ5WYFmP6l5/489567b4852a29b7452a8917c3e902b1/213800VB75KAZBFH5U07-2025-03-31-T01.xhtml#page=77"",""p.77 of AR"")",2.0,
CMC Markets Plc,CMCX LN Equity,Financials,Financial Services,Capital Markets,Investment Banking & Brokerage,1055.1,FY2024,Albert Soleiman,Chief Financial Officer,175000.0,GBP,141600.0,0.0,0.0,800.0,1100.0,318400.0,GBP,True,"Appointed to the role of Chief Financial Officer during FY2024; salary of £175,000 reflects partial year in the Executive Director role (salary was subsequently £269,600 on a full-year basis in FY2025)",cmc_markets_ar_2025,https://downloads.ctfassets.net/qjd94rsxb7ou/1BQ8NPMRLmRnQ5WYFmP6l5/489567b4852a29b7452a8917c3e902b1/213800VB75KAZBFH5U07-2025-03-31-T01.xhtml,"=HYPERLINK(""https://downloads.ctfassets.net/qjd94rsxb7ou/1BQ8NPMRLmRnQ5WYFmP6l5/489567b4852a29b7452a8917c3e902b1/213800VB75KAZBFH5U07-2025-03-31-T01.xhtml#page=77"",""p.77 of AR"")",2.0,
Coats Group Plc,COA LN Equity,Consumer Discretionary,Consumer Durables & Apparel,Textiles Apparel & Luxury Goods,Textiles,1566.9,2024,David Paja,Group CEO,240000.0,GBP,360000.0,1007700.0,28800.0,15700.0,0.0,1652200.0,GBP,True,"Appointed 1 September 2024. Salary and bonus pro-rated for time served from commencement of employment. The LTIP figure represents a buy-out award granted on 6 September 2024 to compensate for awards forfeited from previous employer, not subject to performance conditions.",coats_group_ar_2024,https://cdn.coats.com/wp-content/uploads/Coats-Group-plc-2025-Annual-Report.pdf,"=HYPERLINK(""https://cdn.coats.com/wp-content/uploads/Coats-Group-plc-2025-Annual-Report.pdf#page=93"",""p.93 of AR"")",2.0,
Coats Group Plc,COA LN Equity,Consumer Discretionary,Consumer Durables & Apparel,Textiles Apparel & Luxury Goods,Textiles,1566.9,2024,Rajiv Sharma,Group CEO (Former),527200.0,GBP,807000.0,1085000.0,63300.0,90700.0,0.0,2573100.0,GBP,True,"Departed 30 September 2024. Remuneration disclosed up to cessation date. Salary increased by 3.4% from 1 July 2024. Bonus pro-rated for period of employment and paid in cash (not deferred). LTIP includes £347,547 attributable to share price growth. Benefits include payment in lieu of untaken holidays.",coats_group_ar_2024,https://cdn.coats.com/wp-content/uploads/Coats-Group-plc-2025-Annual-Report.pdf,"=HYPERLINK(""https://cdn.coats.com/wp-content/uploads/Coats-Group-plc-2025-Annual-Report.pdf#page=90"",""p.90 of AR"")",2.0,
Coats Group Plc,COA LN Equity,Consumer Discretionary,Consumer Durables & Apparel,Textiles Apparel & Luxury Goods,Textiles,1566.9,2024,Jackie Callaway,Group CFO,453100.0,GBP,593400.0,692900.0,54400.0,28100.0,0.0,1821900.0,GBP,False,"Full year service. Salary increased by 10% from 1 July 2024 (exceptional increase to align with market rate, reflecting growth in role and exceptional performance). LTIP includes £221,970 attributable to share price growth.",coats_group_ar_2024,https://cdn.coats.com/wp-content/uploads/Coats-Group-plc-2025-Annual-Report.pdf,"=HYPERLINK(""https://cdn.coats.com/wp-content/uploads/Coats-Group-plc-2025-Annual-Report.pdf#page=90"",""p.90 of AR"")",2.0,
Coats Group Plc,COA LN Equity,Consumer Discretionary,Consumer Durables & Apparel,Textiles Apparel & Luxury Goods,Textiles,1566.9,2023,David Paja,Group CEO,0.0,GBP,0.0,0.0,0.0,0.0,0.0,0.0,GBP,False,Not employed by the company in 2023,coats_group_ar_2024,https://cdn.coats.com/wp-content/uploads/Coats-Group-plc-2025-Annual-Report.pdf,"=HYPERLINK(""https://cdn.coats.com/wp-content/uploads/Coats-Group-plc-2025-Annual-Report.pdf#page=91"",""p.91 of AR"")",2.0,
Coats Group Plc,COA LN Equity,Consumer Discretionary,Consumer Durables & Apparel,Textiles Apparel & Luxury Goods,Textiles,1566.9,2023,Rajiv Sharma,Group CEO,678500.0,GBP,693300.0,1401200.0,81400.0,46400.0,0.0,2900800.0,GBP,False,"Full year service. LTIP figure restated to reflect value on vesting date (7 March 2024) including dividend equivalents, using share price of £0.764. Includes £270,971 attributable to share price growth.",coats_group_ar_2024,https://cdn.coats.com/wp-content/uploads/Coats-Group-plc-2025-Annual-Report.pdf,"=HYPERLINK(""https://cdn.coats.com/wp-content/uploads/Coats-Group-plc-2025-Annual-Report.pdf#page=91"",""p.91 of AR"")",2.0,
Coats Group Plc,COA LN Equity,Consumer Discretionary,Consumer Durables & Apparel,Textiles Apparel & Luxury Goods,Textiles,1566.9,2023,Jackie Callaway,Group CFO,421300.0,GBP,358800.0,745700.0,50600.0,21800.0,0.0,1598100.0,GBP,False,"Full year service. LTIP figure restated to reflect value on vesting date (7 March 2024) including dividend equivalents. Includes £144,214 attributable to share price growth.",coats_group_ar_2024,https://cdn.coats.com/wp-content/uploads/Coats-Group-plc-2025-Annual-Report.pdf,"=HYPERLINK(""https://cdn.coats.com/wp-content/uploads/Coats-Group-plc-2025-Annual-Report.pdf#page=91"",""p.91 of AR"")",2.0,
Coats Group Plc,COA LN Equity,Consumer Discretionary,Consumer Durables & Apparel,Textiles Apparel & Luxury Goods,Textiles,1566.9,2025,David Paja,Group Chief Executive Officer,729000.0,GBP,830300.0,0.0,87500.0,52600.0,,1699300.0,GBP,False,Full year 2025,coats_group_ar_2025,https://cdn.coats.com/wp-content/uploads/Coats-Group-plc-2025-Annual-Report.pdf,"=HYPERLINK(""https://cdn.coats.com/wp-content/uploads/Coats-Group-plc-2025-Annual-Report.pdf#page=88"",""p.88 of AR"")",3.0,205.0
Coats Group Plc,COA LN Equity,Consumer Discretionary,Consumer Durables & Apparel,Textiles Apparel & Luxury Goods,Textiles,1566.9,2025,Hannah Nichols,Group Chief Financial Officer,318900.0,GBP,301000.0,0.0,38300.0,13500.0,,671700.0,GBP,True,"Joined the Group as Group CFO on 24 April 2025; base salary of £465,000 per annum, pro-rated for time served; annual bonus (max 125% of salary) also pro-rated",coats_group_ar_2025,https://cdn.coats.com/wp-content/uploads/Coats-Group-plc-2025-Annual-Report.pdf,"=HYPERLINK(""https://cdn.coats.com/wp-content/uploads/Coats-Group-plc-2025-Annual-Report.pdf#page=88"",""p.88 of AR"")",3.0,205.0
Coats Group Plc,COA LN Equity,Consumer Discretionary,Consumer Durables & Apparel,Textiles Apparel & Luxury Goods,Textiles,1566.9,2025,Jackie Callaway,Former Group CFO (departing Executive Director),197800.0,GBP,159600.0,311700.0,23700.0,11600.0,,704400.0,GBP,True,Departed as a mutually agreed leaver; bonus pro-rated to 31 May 2025; no new LTIP grant made to her in 2025 (LTIP figure relates to vesting of prior award); post-employment shareholding requirement fixed at cessation,coats_group_ar_2025,https://cdn.coats.com/wp-content/uploads/Coats-Group-plc-2025-Annual-Report.pdf,"=HYPERLINK(""https://cdn.coats.com/wp-content/uploads/Coats-Group-plc-2025-Annual-Report.pdf#page=88"",""p.88 of AR"")",3.0,205.0
Coats Group Plc,COA LN Equity,Consumer Discretionary,Consumer Durables & Apparel,Textiles Apparel & Luxury Goods,Textiles,1566.9,2024,David Paja,Group Chief Executive Officer,240000.0,GBP,360000.0,1007700.0,28800.0,15700.0,,1652200.0,GBP,True,Commenced employment as Group CEO on 1 September 2024; 2024 figures pro-rated for part-year service,coats_group_ar_2025,https://cdn.coats.com/wp-content/uploads/Coats-Group-plc-2025-Annual-Report.pdf,"=HYPERLINK(""https://cdn.coats.com/wp-content/uploads/Coats-Group-plc-2025-Annual-Report.pdf#page=88"",""p.88 of AR"")",3.0,205.0
Coats Group Plc,COA LN Equity,Consumer Discretionary,Consumer Durables & Apparel,Textiles Apparel & Luxury Goods,Textiles,1566.9,2024,Hannah Nichols,Group Chief Financial Officer,,,,,,,,0.0,GBP,True,N/A — Not employed by the Group in 2024,coats_group_ar_2025,https://cdn.coats.com/wp-content/uploads/Coats-Group-plc-2025-Annual-Report.pdf,"=HYPERLINK(""https://cdn.coats.com/wp-content/uploads/Coats-Group-plc-2025-Annual-Report.pdf#page=88"",""p.88 of AR"")",3.0,205.0
Coats Group Plc,COA LN Equity,Consumer Discretionary,Consumer Durables & Apparel,Textiles Apparel & Luxury Goods,Textiles,1566.9,2024,Jackie Callaway,"Group Chief Financial Officer (during 2024, full year)",453100.0,GBP,593400.0,623300.0,54400.0,28100.0,,1752200.0,GBP,False,Full year 2024,coats_group_ar_2025,https://cdn.coats.com/wp-content/uploads/Coats-Group-plc-2025-Annual-Report.pdf,"=HYPERLINK(""https://cdn.coats.com/wp-content/uploads/Coats-Group-plc-2025-Annual-Report.pdf#page=88"",""p.88 of AR"")",3.0,205.0
Coca-Cola Europacific Partners Plc,CCEP LN Equity,Consumer Staples,Food Beverage & Tobacco,Beverages,Soft Drinks & Non-alcoholic Beverages,29776.8,FY2024,Damian Gammell,Chief Executive Officer (CEO),1260000.0,GBP,2343000.0,10196000.0,28000.0,75000.0,0.0,13902000.0,GBP,False,"Served full year. Note: a 2.0% salary increase was effective 1 April 2024 (from £1,241,440 to £1,266,269), resulting in a blended full-year salary figure of £1,260,000. Benefits of £75,000 comprise: car allowance £14,000, financial planning allowance £10,000, schooling allowance £25,000 net, family private medical coverage £4,000, plus additional items to reach reported total. Pension of £28,000 is aligned to wider GB workforce; total CCEP payment was £30,000 inclusive of employer National Insurance contributions, so actual benefit received is less than £30,000. Fixed Pay Sub-total: £1,363,000. Annual Bonus of £2,343,000 represents 52% of maximum, based on BPF of 108% of target and IPF of 1.15x. LTIP of £10,196,000 relates to 2022 LTIP award vesting at 1.85x target after downward discretion applied; value based on share price of US$80.95/£62.81 on vest date of 10 March 2025, including £682,000 cash dividend equivalents; approximately £4,176,000 attributable to share price appreciation. Variable Remuneration Sub-total: £12,539,000.",coca_cola_europacific_partners_ar_2025,https://www.cocacolaep.com/assets/Global/Investors/2025-Annual-Report/CCEP-Annual-Report-and-Form-20-F-2025.pdf,"=HYPERLINK(""https://www.cocacolaep.com/assets/Global/Investors/2025-Annual-Report/CCEP-Annual-Report-and-Form-20-F-2025.pdf#page=143"",""p.143 of AR"")",2.0,
Coca-Cola Europacific Partners Plc,CCEP LN Equity,Consumer Staples,Food Beverage & Tobacco,Beverages,Soft Drinks & Non-alcoholic Beverages,29776.8,FY2023,Damian Gammell,Chief Executive Officer (CEO),1235000.0,GBP,3525000.0,8273000.0,27000.0,99000.0,0.0,13159000.0,GBP,False,"Served full year. Fixed Pay Sub-total: £1,361,000. Annual Bonus of £3,525,000 represents 79.3% of maximum. LTIP of £8,273,000 is restated from £7,396,000 originally reported, to reflect actual share price on vesting date of US$70.92/£55.70 on 15 March 2024, applied to 138,201 vested shares plus £574,000 cash dividend equivalents. Variable Remuneration Sub-total: £11,798,000. Only one executive director (Damian Gammell, CEO) is listed in the single figure remuneration table; no CFO or other executive directors appear in the audited single figure table. All figures are in GBP and expressed in £'000s in the source table.",coca_cola_europacific_partners_ar_2025,https://www.cocacolaep.com/assets/Global/Investors/2025-Annual-Report/CCEP-Annual-Report-and-Form-20-F-2025.pdf,"=HYPERLINK(""https://www.cocacolaep.com/assets/Global/Investors/2025-Annual-Report/CCEP-Annual-Report-and-Form-20-F-2025.pdf#page=143"",""p.143 of AR"")",2.0,
Coca-Cola HBC,CCH LN Equity,Consumer Staples,Food Beverage & Tobacco,Beverages,Soft Drinks & Non-alcoholic Beverages,14994.1,2024,Zoran Bogdanovic,Chief Executive Officer,926000.0,EUR,983000.0,3936000.0,141000.0,767000.0,28000.0,6781000.0,EUR,False,Not applicable - served full year,coca_cola_hbc_ar_2024,https://www.coca-colahellenic.com/content/dam/cch/us/documents/oar2025/Coca-Cola-HBC-Integrated-Annual-Report-2025.pdf.downloadasset.pdf,"=HYPERLINK(""https://www.coca-colahellenic.com/content/dam/cch/us/documents/oar2025/Coca-Cola-HBC-Integrated-Annual-Report-2025.pdf.downloadasset.pdf#page=242"",""p.242 of AR"")",2.0,
Coca-Cola HBC,CCH LN Equity,Consumer Staples,Food Beverage & Tobacco,Beverages,Soft Drinks & Non-alcoholic Beverages,14994.1,2023,Zoran Bogdanovic,Chief Executive Officer,875000.0,EUR,950000.0,2817000.0,148000.0,678000.0,26000.0,5494000.0,EUR,False,Not applicable - served full year,coca_cola_hbc_ar_2024,https://www.coca-colahellenic.com/content/dam/cch/us/documents/oar2025/Coca-Cola-HBC-Integrated-Annual-Report-2025.pdf.downloadasset.pdf,"=HYPERLINK(""https://www.coca-colahellenic.com/content/dam/cch/us/documents/oar2025/Coca-Cola-HBC-Integrated-Annual-Report-2025.pdf.downloadasset.pdf#page=242"",""p.242 of AR"")",2.0,
Coca-Cola HBC,CCH LN Equity,Consumer Staples,Food Beverage & Tobacco,Beverages,Soft Drinks & Non-alcoholic Beverages,14994.1,FY2025,Zoran Bogdanovic,Chief Executive Officer,1036000.0,EUR,1181000.0,6522000.0,163000.0,871000.0,61000.0,9834000.0,EUR,False,"Served the full year (year ended 31 December 2025). Total Fixed Remuneration: €2,070,000; Total Variable Remuneration: €7,764,000. Benefits include housing allowance, company car/car allowance, cost-of-living adjustment, trip allowance, partner allowance, exchange rate protection, tax equalisation and tax filing support, including gross-ups for tax on benefits. Pension is a defined benefit pension plan under Swiss law; employer contributions at 15% of base salary, including risk and administration costs of €7,120. Annual Bonus (MIP) payout receivable in 2026 for 2025 performance year; equivalent to 109% of salary / 55% of maximum; no discretionary adjustment applied. LTIP (PSP) reflects 2023 PSP award vesting in early 2026: 146,116 shares plus 11,724 dividend equivalent shares; valued at average market price over last three months of FY2025; 2023 award increased by €2,723,936 since grant date due to share price appreciation; figure will be restated at actual vesting price in next year's report.",coca_cola_hbc_ar_2025,https://www.coca-colahellenic.com/content/dam/cch/us/documents/oar2025/Coca-Cola-HBC-Integrated-Annual-Report-2025.pdf.downloadasset.pdf,"=HYPERLINK(""https://www.coca-colahellenic.com/content/dam/cch/us/documents/oar2025/Coca-Cola-HBC-Integrated-Annual-Report-2025.pdf.downloadasset.pdf#page=258"",""p.258 of AR"")",2.0,
Coca-Cola HBC,CCH LN Equity,Consumer Staples,Food Beverage & Tobacco,Beverages,Soft Drinks & Non-alcoholic Beverages,14994.1,FY2024,Zoran Bogdanovic,Chief Executive Officer,926000.0,EUR,983000.0,4886000.0,141000.0,767000.0,28000.0,7731000.0,EUR,False,"Served the full year (year ended 31 December 2024). Total Fixed Remuneration: €1,834,000; Total Variable Remuneration: €5,897,000. Benefits include cash and non-cash benefits: housing allowance, company car/car allowance, cost-of-living adjustment, trip allowance, partner allowance, exchange rate protection, tax equalisation and tax filing support. Pension is a defined benefit pension plan under Swiss law at 15% of base salary. Annual Bonus (MIP) payout for 2024 performance year. LTIP (PSP) reflects 2022 PSP award; restated at actual vesting share price as noted in the 2025 report.",coca_cola_hbc_ar_2025,https://www.coca-colahellenic.com/content/dam/cch/us/documents/oar2025/Coca-Cola-HBC-Integrated-Annual-Report-2025.pdf.downloadasset.pdf,"=HYPERLINK(""https://www.coca-colahellenic.com/content/dam/cch/us/documents/oar2025/Coca-Cola-HBC-Integrated-Annual-Report-2025.pdf.downloadasset.pdf#page=258"",""p.258 of AR"")",2.0,
Compass Group Plc,CPG LN Equity,Consumer Discretionary,Consumer Services,Hotels Restaurants & Leisure,Restaurants,54342.0,2024,Dominic Blakemore,Group CEO,1144000.0,GBP,2320000.0,5943000.0,69000.0,23000.0,,9499000.0,GBP,False,Full year service,compass_group_ar_2024,https://www.compass-group.com/content/dam/compass-group/corporate/oar-2025/oar-page/annual-report-2025.pdf,"=HYPERLINK(""https://www.compass-group.com/content/dam/compass-group/corporate/oar-2025/oar-page/annual-report-2025.pdf#page=92"",""p.92 of AR"")",2.0,
Compass Group Plc,CPG LN Equity,Consumer Discretionary,Consumer Services,Hotels Restaurants & Leisure,Restaurants,54342.0,2024,Petros Parras,Group CFO,617000.0,GBP,925000.0,0.0,37000.0,66000.0,,1645000.0,GBP,True,"Appointed to the Board as Group CFO on 1 December 2023. Base salary of £740,000 effective from appointment date. Bonus earned for period 1 October to 30 November 2023 (prior to appointment as director) is not included in the bonus figure.",compass_group_ar_2024,https://www.compass-group.com/content/dam/compass-group/corporate/oar-2025/oar-page/annual-report-2025.pdf,"=HYPERLINK(""https://www.compass-group.com/content/dam/compass-group/corporate/oar-2025/oar-page/annual-report-2025.pdf#page=92"",""p.92 of AR"")",2.0,
Compass Group Plc,CPG LN Equity,Consumer Discretionary,Consumer Services,Hotels Restaurants & Leisure,Restaurants,54342.0,2024,Palmer Brown,"Group COO, North America",1043000.0,GBP,1654000.0,3571000.0,63000.0,110000.0,,6441000.0,GBP,True,"Appointed as Group COO, North America on 1 December 2023 (previously Group CFO). Benefits include expatriate assignment costs relating to relocation from US to UK and return to US.",compass_group_ar_2024,https://www.compass-group.com/content/dam/compass-group/corporate/oar-2025/oar-page/annual-report-2025.pdf,"=HYPERLINK(""https://www.compass-group.com/content/dam/compass-group/corporate/oar-2025/oar-page/annual-report-2025.pdf#page=92"",""p.92 of AR"")",2.0,
Compass Group Plc,CPG LN Equity,Consumer Discretionary,Consumer Services,Hotels Restaurants & Leisure,Restaurants,54342.0,2024,Gary Green,Former executive director,214000.0,GBP,320000.0,4764000.0,13000.0,6000.0,,5317000.0,GBP,True,"Figures pro-rated for time in office during the year (departed 30 November 2023). For the period between serving as a director and retiring as an employee, Gary received additional salary (£461k), pension (£28k), benefits (£68k) and bonus (£641k).",compass_group_ar_2024,https://www.compass-group.com/content/dam/compass-group/corporate/oar-2025/oar-page/annual-report-2025.pdf,"=HYPERLINK(""https://www.compass-group.com/content/dam/compass-group/corporate/oar-2025/oar-page/annual-report-2025.pdf#page=109"",""p.109 of AR"")",2.0,
Compass Group Plc,CPG LN Equity,Consumer Discretionary,Consumer Services,Hotels Restaurants & Leisure,Restaurants,54342.0,2023,Dominic Blakemore,Group CEO,1083000.0,GBP,2190000.0,4122000.0,75000.0,28000.0,,7498000.0,GBP,False,Full year service,compass_group_ar_2024,https://www.compass-group.com/content/dam/compass-group/corporate/oar-2025/oar-page/annual-report-2025.pdf,"=HYPERLINK(""https://www.compass-group.com/content/dam/compass-group/corporate/oar-2025/oar-page/annual-report-2025.pdf#page=109"",""p.109 of AR"")",2.0,
Compass Group Plc,CPG LN Equity,Consumer Discretionary,Consumer Services,Hotels Restaurants & Leisure,Restaurants,54342.0,2023,Palmer Brown,Group CFO,821000.0,GBP,1248000.0,0.0,49000.0,153000.0,,2271000.0,GBP,False,Benefits include expatriate assignment costs. LTIP awards predating appointment as executive director are excluded.,compass_group_ar_2024,https://www.compass-group.com/content/dam/compass-group/corporate/oar-2025/oar-page/annual-report-2025.pdf,"=HYPERLINK(""https://www.compass-group.com/content/dam/compass-group/corporate/oar-2025/oar-page/annual-report-2025.pdf#page=109"",""p.109 of AR"")",2.0,
Compass Group Plc,CPG LN Equity,Consumer Discretionary,Consumer Services,Hotels Restaurants & Leisure,Restaurants,54342.0,2023,Gary Green,Executive director,1315000.0,GBP,1997000.0,3828000.0,121000.0,75000.0,,7336000.0,GBP,False,Full year service in FY2023,compass_group_ar_2024,https://www.compass-group.com/content/dam/compass-group/corporate/oar-2025/oar-page/annual-report-2025.pdf,"=HYPERLINK(""https://www.compass-group.com/content/dam/compass-group/corporate/oar-2025/oar-page/annual-report-2025.pdf#page=109"",""p.109 of AR"")",2.0,
Compass Group Plc,CPG LN Equity,Consumer Discretionary,Consumer Services,Hotels Restaurants & Leisure,Restaurants,54342.0,FY2025,Dominic Blakemore,Group Chief Executive Officer (Group CEO),1340000.0,GBP,3325000.0,5735000.0,80000.0,28000.0,,10508000.0,GBP,False,"Served full year as Group CEO. Annual bonus represents 95% of maximum opportunity based on Group performance; two-thirds paid in cash, one-third deferred into shares for 3 years. LTIP relates to 2022-2023 LTIP award vesting, includes accrued dividend-equivalent shares; share price growth component of £1,551,000 included. Pension is 6% of base salary as cash allowance.",compass_group_ar_2025,https://www.compass-group.com/content/dam/compass-group/corporate/oar-2025/oar-page/annual-report-2025.pdf,"=HYPERLINK(""https://www.compass-group.com/content/dam/compass-group/corporate/oar-2025/oar-page/annual-report-2025.pdf#page=69"",""p.69 of AR"")",2.0,
Compass Group Plc,CPG LN Equity,Consumer Discretionary,Consumer Services,Hotels Restaurants & Leisure,Restaurants,54342.0,FY2025,Petros Parras,Group Chief Financial Officer (Group CFO),751000.0,GBP,1435000.0,0.0,45000.0,38000.0,,2269000.0,GBP,True,"Base salary reflects a blended figure for the year; salary was £755,000 effective 1 January 2025, with a lower rate applying for the first quarter of the financial year. Base salary, taxable benefits and pension figures for FY2024 reflect his change in role during that year (appointed Group CFO during FY2024). The FY2025 figures reflect a full year as Group CFO. LTIP is £0 as he had no 2022-2023 LTIP award as an executive director; however, a pre-appointment award of 22,975 shares under the 2022-2023 LTIP will vest shortly after the full-year results announcement at a value of approximately £0.6m — this is noted separately and not included in the single figure total. Annual bonus represents 95% of maximum opportunity based on Group performance; two-thirds paid in cash, one-third deferred into shares for 3 years. Pension is 6% of base salary as cash allowance. Benefits comprise healthcare insurance, limited financial advice, life assurance and travel and car benefits.",compass_group_ar_2025,https://www.compass-group.com/content/dam/compass-group/corporate/oar-2025/oar-page/annual-report-2025.pdf,"=HYPERLINK(""https://www.compass-group.com/content/dam/compass-group/corporate/oar-2025/oar-page/annual-report-2025.pdf#page=69"",""p.69 of AR"")",2.0,
Compass Group Plc,CPG LN Equity,Consumer Discretionary,Consumer Services,Hotels Restaurants & Leisure,Restaurants,54342.0,FY2025,Palmer Brown,"Group Chief Operating Officer, North America (Group COO, North America)",1086000.0,GBP,2074000.0,3882000.0,65000.0,106000.0,,7213000.0,GBP,True,"Base salary, taxable benefits and pension figures for FY2024 reflect his change in role during that year. Salary of £1,086,000 is equivalent to approximately $1,421,000 at exchange rate of $1.3091/£1; base salary of $1,429,000 effective 1 January 2025. All figures converted to sterling at exchange rate of $1.3091/£1 (FY2024: $1.2697/£1). Annual bonus represents 95% of maximum opportunity based on North America regional performance; two-thirds paid in cash, one-third deferred into shares for 3 years. LTIP relates to 2022-2023 LTIP award vesting, includes accrued dividend-equivalent shares; share price growth component of £1,050,000 included. Pension is 6% of base salary as cash allowance. Benefits comprise healthcare insurance, limited financial advice, life assurance and travel and car benefits.",compass_group_ar_2025,https://www.compass-group.com/content/dam/compass-group/corporate/oar-2025/oar-page/annual-report-2025.pdf,"=HYPERLINK(""https://www.compass-group.com/content/dam/compass-group/corporate/oar-2025/oar-page/annual-report-2025.pdf#page=69"",""p.69 of AR"")",2.0,
Compass Group Plc,CPG LN Equity,Consumer Discretionary,Consumer Services,Hotels Restaurants & Leisure,Restaurants,54342.0,FY2024,Dominic Blakemore,Group Chief Executive Officer (Group CEO),1144000.0,GBP,2320000.0,6814000.0,69000.0,23000.0,,10370000.0,GBP,False,Served full year as Group CEO. Annual bonus represents 100% of maximum opportunity. LTIP value updated from provisional to actual value reflecting vesting on 26 November 2024.,compass_group_ar_2025,https://www.compass-group.com/content/dam/compass-group/corporate/oar-2025/oar-page/annual-report-2025.pdf,"=HYPERLINK(""https://www.compass-group.com/content/dam/compass-group/corporate/oar-2025/oar-page/annual-report-2025.pdf#page=71"",""p.71 of AR"")",2.0,
Compass Group Plc,CPG LN Equity,Consumer Discretionary,Consumer Services,Hotels Restaurants & Leisure,Restaurants,54342.0,FY2024,Petros Parras,Group Chief Financial Officer (Group CFO),617000.0,GBP,925000.0,0.0,37000.0,66000.0,,1645000.0,GBP,True,"Appointed as Group CFO (executive director) during FY2024; base salary, taxable benefits and pension figures reflect his change in role during the year.",compass_group_ar_2025,https://www.compass-group.com/content/dam/compass-group/corporate/oar-2025/oar-page/annual-report-2025.pdf,"=HYPERLINK(""https://www.compass-group.com/content/dam/compass-group/corporate/oar-2025/oar-page/annual-report-2025.pdf#page=71"",""p.71 of AR"")",2.0,
Compass Group Plc,CPG LN Equity,Consumer Discretionary,Consumer Services,Hotels Restaurants & Leisure,Restaurants,54342.0,FY2024,Palmer Brown,"Group Chief Operating Officer, North America (Group COO, North America)",1043000.0,GBP,1654000.0,4094000.0,63000.0,110000.0,,6964000.0,GBP,True,"Base salary, taxable benefits and pension figures reflect his change in role during FY2024. Salary of £1,043,000 converted to sterling at exchange rate of $1.2697/£1. All figures converted to sterling at exchange rate of $1.2697/£1. LTIP value updated from provisional to actual value reflecting vesting on 26 November 2024.",compass_group_ar_2025,https://www.compass-group.com/content/dam/compass-group/corporate/oar-2025/oar-page/annual-report-2025.pdf,"=HYPERLINK(""https://www.compass-group.com/content/dam/compass-group/corporate/oar-2025/oar-page/annual-report-2025.pdf#page=71"",""p.71 of AR"")",2.0,
Computacenter Plc,CCC LN Equity,Information Technology,Software & Services,IT Services,IT Consulting & Other Services,4271.4,2024,Mike Norris,Chief Executive Officer (CEO),707000.0,GBP,210500.0,0.0,31100.0,15300.0,0.0,963900.0,GBP,False,Full year service,computacenter_ar_2024,https://investors.computacenter.com/static-files/cef18bb9-9750-4d16-adbe-39bbeb650da4,"=HYPERLINK(""https://investors.computacenter.com/static-files/cef18bb9-9750-4d16-adbe-39bbeb650da4#page=119"",""p.119 of AR"")",2.0,
Computacenter Plc,CCC LN Equity,Information Technology,Software & Services,IT Services,IT Consulting & Other Services,4271.4,2024,Chris Jehle,Chief Financial Officer (CFO) - Former,467000.0,GBP,139100.0,0.0,20500.0,15100.0,0.0,641700.0,GBP,True,Former CFO - left the company during 2024. The remuneration shown represents the period he was employed by the Company.,computacenter_ar_2024,https://investors.computacenter.com/static-files/cef18bb9-9750-4d16-adbe-39bbeb650da4,"=HYPERLINK(""https://investors.computacenter.com/static-files/cef18bb9-9750-4d16-adbe-39bbeb650da4#page=119"",""p.119 of AR"")",2.0,
Computacenter Plc,CCC LN Equity,Information Technology,Software & Services,IT Services,IT Consulting & Other Services,4271.4,2023,Mike Norris,Chief Executive Officer (CEO),681200.0,GBP,782300.0,1265900.0,29900.0,16300.0,0.0,2775600.0,GBP,False,Full year service,computacenter_ar_2024,https://investors.computacenter.com/static-files/cef18bb9-9750-4d16-adbe-39bbeb650da4,"=HYPERLINK(""https://investors.computacenter.com/static-files/cef18bb9-9750-4d16-adbe-39bbeb650da4#page=131"",""p.131 of AR"")",2.0,
Computacenter Plc,CCC LN Equity,Information Technology,Software & Services,IT Services,IT Consulting & Other Services,4271.4,2023,Chris Jehle,Chief Financial Officer (CFO),262500.0,GBP,297500.0,0.0,11500.0,7000.0,533400.0,1111900.0,GBP,True,Appointed as CFO during 2023 - remuneration reflects part-year service,computacenter_ar_2024,https://investors.computacenter.com/static-files/cef18bb9-9750-4d16-adbe-39bbeb650da4,"=HYPERLINK(""https://investors.computacenter.com/static-files/cef18bb9-9750-4d16-adbe-39bbeb650da4#page=119"",""p.119 of AR"")",2.0,
Computacenter Plc,CCC LN Equity,Information Technology,Software & Services,IT Services,IT Consulting & Other Services,4271.4,2023,Tony Conophy,Chief Financial Officer (CFO) - Former,233000.0,GBP,222500.0,717400.0,10200.0,9500.0,0.0,1192600.0,GBP,True,"Former CFO - left during 2023, remuneration reflects part-year service",computacenter_ar_2024,https://investors.computacenter.com/static-files/cef18bb9-9750-4d16-adbe-39bbeb650da4,"=HYPERLINK(""https://investors.computacenter.com/static-files/cef18bb9-9750-4d16-adbe-39bbeb650da4#page=131"",""p.131 of AR"")",2.0,
Computacenter Plc,CCC LN Equity,Information Technology,Software & Services,IT Services,IT Consulting & Other Services,4271.4,FY2025,Mike Norris,Chief Executive Officer,726000.0,GBP,972800.0,0.0,31600.0,15010.0,,1745400.0,GBP,False,Served full year,computacenter_ar_2025,https://investors.computacenter.com/static-files/cef18bb9-9750-4d16-adbe-39bbeb650da4,"=HYPERLINK(""https://investors.computacenter.com/static-files/cef18bb9-9750-4d16-adbe-39bbeb650da4#page=116"",""p.116 of AR"")",2.0,
Computacenter Plc,CCC LN Equity,Information Technology,Software & Services,IT Services,IT Consulting & Other Services,4271.4,FY2025,Keith Mortimer,Chief Financial Officer,130000.0,GBP,126700.0,0.0,5800.0,4000.0,,266500.0,GBP,True,"Appointed as Executive Director and Chief Financial Officer with effect from 1 September 2025; all remuneration components (salary, benefits, pension and annual bonus) are pro-rated to reflect the period 1 September 2025 to 31 December 2025 (approximately 4 months on the Board). Salary represents 4 months of £390,000 annual salary; pension is 5% of salary, pro-rated; annual bonus is 65.00% of maximum opportunity at 150% of salary maximum with 50% to be deferred into shares.",computacenter_ar_2025,https://investors.computacenter.com/static-files/cef18bb9-9750-4d16-adbe-39bbeb650da4,"=HYPERLINK(""https://investors.computacenter.com/static-files/cef18bb9-9750-4d16-adbe-39bbeb650da4#page=116"",""p.116 of AR"")",2.0,
Computacenter Plc,CCC LN Equity,Information Technology,Software & Services,IT Services,IT Consulting & Other Services,4271.4,FY2024,Mike Norris,Chief Executive Officer,707000.0,GBP,210500.0,0.0,31100.0,15300.0,,963900.0,GBP,False,Served full year,computacenter_ar_2025,https://investors.computacenter.com/static-files/cef18bb9-9750-4d16-adbe-39bbeb650da4,"=HYPERLINK(""https://investors.computacenter.com/static-files/cef18bb9-9750-4d16-adbe-39bbeb650da4#page=124"",""p.124 of AR"")",2.0,
Computacenter Plc,CCC LN Equity,Information Technology,Software & Services,IT Services,IT Consulting & Other Services,4271.4,FY2024,Chris Jehle,Chief Financial Officer,467000.0,GBP,139100.0,0.0,20500.0,15100.0,,641700.0,GBP,True,Stepped down from the Board and as Chief Financial Officer with effect from 16 December 2024; employment with the Group ended on 31 December 2024; figures cover the period up to 31 December 2024.,computacenter_ar_2025,https://investors.computacenter.com/static-files/cef18bb9-9750-4d16-adbe-39bbeb650da4,"=HYPERLINK(""https://investors.computacenter.com/static-files/cef18bb9-9750-4d16-adbe-39bbeb650da4#page=124"",""p.124 of AR"")",2.0,
Convatec Group Plc,CTEC LN Equity,Health Care,Health Care Equipment & Services,Health Care Equipment & Supplies,Health Care Supplies,4065.3,FY2025,Karim Bitar,Former Chief Executive Officer,835000.0,GBP,1648000.0,5012000.0,71000.0,82000.0,,7648000.0,GBP,True,"Served until 26 October 2025 (date of death in service). Salary, pension and benefits reflect time served to that date. Annual bonus of 81.6% of maximum (163.2% of salary = £1,647,815) paid entirely in cash to his estate. LTIP reflects early vesting of all outstanding awards (PSP, PSA and RSA granted in March and June 2023, March 2024, and March and June 2025) due to death-in-service rules, vesting on 26 October 2025 at 85.2% of maximum.",convatec_group_ar_2025,https://marketingworld.convatec.com/MarketingZone/MZDirect/Download/598d2fde-24d3-465a-9ab0-38f0296d9ff0,"=HYPERLINK(""https://marketingworld.convatec.com/MarketingZone/MZDirect/Download/598d2fde-24d3-465a-9ab0-38f0296d9ff0#page=113"",""p.113 of AR"")",2.0,
Convatec Group Plc,CTEC LN Equity,Health Care,Health Care Equipment & Services,Health Care Equipment & Supplies,Health Care Supplies,4065.3,FY2025,Jonny Mason,Chief Executive Officer,735000.0,GBP,1199000.0,1546000.0,63000.0,32000.0,,3575000.0,GBP,True,"Served as CFO, then interim CEO, then permanent CEO during 2025. Salary, annual bonus and pension reflect blended remuneration across all three roles. Annual bonus of 81.6% of maximum (163.2% of salary = £1,199,292) calculated using pro-rated salary to reflect time in each role. LTIP vested at 85.1% of maximum for the 2023 PSP award (£1,145,669 per figure on page 109). Restricted Share Award (RSA) of £399,748 granted June 2025 (75% of salary) also included. Pension equivalent to 8.5% of base salary, aligned to wider UK workforce.",convatec_group_ar_2025,https://marketingworld.convatec.com/MarketingZone/MZDirect/Download/598d2fde-24d3-465a-9ab0-38f0296d9ff0,"=HYPERLINK(""https://marketingworld.convatec.com/MarketingZone/MZDirect/Download/598d2fde-24d3-465a-9ab0-38f0296d9ff0#page=110"",""p.110 of AR"")",2.0,
Convatec Group Plc,CTEC LN Equity,Health Care,Health Care Equipment & Services,Health Care Equipment & Supplies,Health Care Supplies,4065.3,FY2025,Fiona Ryder,Chief Financial Officer,84000.0,GBP,138000.0,513000.0,7000.0,12000.0,,754000.0,GBP,True,"Appointed as Executive Director on 6 November 2025. All figures (salary, benefits, pension, annual bonus) reflect her tenure from that date only. Annual bonus of 81.6% of maximum (163.2% of salary = £137,960) based on her tenure as Executive Director. The 2023 PSP and RSP awards were granted prior to her appointment as Executive Director (in March 2023 at 60% of January 2023 salary, split equally between PSP and RSP); the Committee has voluntarily disclosed these figures. An additional RSP of £380,945 (130% of salary) was granted on 11 March 2025 (also prior to her ED appointment) to recognise performance and succession potential. Pension equivalent to 8.5% of base salary.",convatec_group_ar_2025,https://marketingworld.convatec.com/MarketingZone/MZDirect/Download/598d2fde-24d3-465a-9ab0-38f0296d9ff0,"=HYPERLINK(""https://marketingworld.convatec.com/MarketingZone/MZDirect/Download/598d2fde-24d3-465a-9ab0-38f0296d9ff0#page=110"",""p.110 of AR"")",2.0,
Convatec Group Plc,CTEC LN Equity,Health Care,Health Care Equipment & Services,Health Care Equipment & Supplies,Health Care Supplies,4065.3,FY2024,Karim Bitar,Chief Executive Officer,972000.0,GBP,1937000.0,2230000.0,83000.0,76000.0,,5298000.0,GBP,False,Served as CEO for the full 2024 financial year. Note: The 2024 LTIP figure has been updated from the prior Annual Report to reflect the actual value of the 2022 LTIP when it vested in March 2025 at a share price of £2.56.,convatec_group_ar_2025,https://marketingworld.convatec.com/MarketingZone/MZDirect/Download/598d2fde-24d3-465a-9ab0-38f0296d9ff0,"=HYPERLINK(""https://marketingworld.convatec.com/MarketingZone/MZDirect/Download/598d2fde-24d3-465a-9ab0-38f0296d9ff0#page=113"",""p.113 of AR"")",2.0,
Convatec Group Plc,CTEC LN Equity,Health Care,Health Care Equipment & Services,Health Care Equipment & Supplies,Health Care Supplies,4065.3,FY2024,Jonny Mason,Chief Financial Officer,528000.0,GBP,1052000.0,1243000.0,45000.0,16000.0,,2884000.0,GBP,False,Served as CFO for the full 2024 financial year. Note: The 2024 LTIP figure has been updated from the prior Annual Report to reflect the actual value of the 2022 LTIP when it vested in March 2025 at a share price of £2.56.,convatec_group_ar_2025,https://marketingworld.convatec.com/MarketingZone/MZDirect/Download/598d2fde-24d3-465a-9ab0-38f0296d9ff0,"=HYPERLINK(""https://marketingworld.convatec.com/MarketingZone/MZDirect/Download/598d2fde-24d3-465a-9ab0-38f0296d9ff0#page=113"",""p.113 of AR"")",2.0,
Convatec Group Plc,CTEC LN Equity,Health Care,Health Care Equipment & Services,Health Care Equipment & Supplies,Health Care Supplies,4065.3,FY2024,Fiona Ryder,Chief Financial Officer,,,,,,,,0.0,GBP,False,Fiona Ryder was not an Executive Director during FY2024; she was appointed to the Board on 6 November 2025. No FY2024 single figure data is disclosed for her.,convatec_group_ar_2025,https://marketingworld.convatec.com/MarketingZone/MZDirect/Download/598d2fde-24d3-465a-9ab0-38f0296d9ff0,"=HYPERLINK(""https://marketingworld.convatec.com/MarketingZone/MZDirect/Download/598d2fde-24d3-465a-9ab0-38f0296d9ff0#page=113"",""p.113 of AR"")",2.0,
Cranswick Plc,CWR LN Equity,Consumer Staples,Food Beverage & Tobacco,Food Products,Packaged Foods & Meats,1432.5,2025,Adam Couch,Chief Executive Officer,847000.0,GBP,1695000.0,1927000.0,85000.0,36000.0,14000.0,4604000.0,GBP,False,,cranswick_ar_2025,https://s3.eu-west-1.amazonaws.com/cranswick-2021/Cranswick_AR26_Spreads.pdf,"=HYPERLINK(""https://s3.eu-west-1.amazonaws.com/cranswick-2021/Cranswick_AR26_Spreads.pdf#page=63"",""p.63 of AR"")",2.0,
Cranswick Plc,CWR LN Equity,Consumer Staples,Food Beverage & Tobacco,Food Products,Packaged Foods & Meats,1432.5,2025,Chris Aldersley,Executive Director,560000.0,GBP,1008000.0,1274000.0,56000.0,35000.0,0.0,2933000.0,GBP,False,,cranswick_ar_2025,https://s3.eu-west-1.amazonaws.com/cranswick-2021/Cranswick_AR26_Spreads.pdf,"=HYPERLINK(""https://s3.eu-west-1.amazonaws.com/cranswick-2021/Cranswick_AR26_Spreads.pdf#page=63"",""p.63 of AR"")",2.0,
Cranswick Plc,CWR LN Equity,Consumer Staples,Food Beverage & Tobacco,Food Products,Packaged Foods & Meats,1432.5,2025,Mark Bottomley,Executive Director,560000.0,GBP,1008000.0,1274000.0,56000.0,32000.0,0.0,2930000.0,GBP,False,,cranswick_ar_2025,https://s3.eu-west-1.amazonaws.com/cranswick-2021/Cranswick_AR26_Spreads.pdf,"=HYPERLINK(""https://s3.eu-west-1.amazonaws.com/cranswick-2021/Cranswick_AR26_Spreads.pdf#page=63"",""p.63 of AR"")",2.0,
Cranswick Plc,CWR LN Equity,Consumer Staples,Food Beverage & Tobacco,Food Products,Packaged Foods & Meats,1432.5,2025,Jim Brisby,Executive Director,560000.0,GBP,1008000.0,1274000.0,56000.0,34000.0,0.0,2932000.0,GBP,False,,cranswick_ar_2025,https://s3.eu-west-1.amazonaws.com/cranswick-2021/Cranswick_AR26_Spreads.pdf,"=HYPERLINK(""https://s3.eu-west-1.amazonaws.com/cranswick-2021/Cranswick_AR26_Spreads.pdf#page=63"",""p.63 of AR"")",2.0,
Cranswick Plc,CWR LN Equity,Consumer Staples,Food Beverage & Tobacco,Food Products,Packaged Foods & Meats,1432.5,2024,Adam Couch,Chief Executive Officer,802000.0,GBP,1323000.0,1186000.0,85000.0,41000.0,2000.0,3439000.0,GBP,False,,cranswick_ar_2025,https://s3.eu-west-1.amazonaws.com/cranswick-2021/Cranswick_AR26_Spreads.pdf,"=HYPERLINK(""https://s3.eu-west-1.amazonaws.com/cranswick-2021/Cranswick_AR26_Spreads.pdf#page=63"",""p.63 of AR"")",2.0,
Cranswick Plc,CWR LN Equity,Consumer Staples,Food Beverage & Tobacco,Food Products,Packaged Foods & Meats,1432.5,2024,Chris Aldersley,Executive Director,530000.0,GBP,875000.0,784000.0,56000.0,37000.0,4000.0,2286000.0,GBP,False,,cranswick_ar_2025,https://s3.eu-west-1.amazonaws.com/cranswick-2021/Cranswick_AR26_Spreads.pdf,"=HYPERLINK(""https://s3.eu-west-1.amazonaws.com/cranswick-2021/Cranswick_AR26_Spreads.pdf#page=63"",""p.63 of AR"")",2.0,
Cranswick Plc,CWR LN Equity,Consumer Staples,Food Beverage & Tobacco,Food Products,Packaged Foods & Meats,1432.5,2024,Mark Bottomley,Executive Director,530000.0,GBP,875000.0,784000.0,56000.0,35000.0,4000.0,2284000.0,GBP,False,,cranswick_ar_2025,https://s3.eu-west-1.amazonaws.com/cranswick-2021/Cranswick_AR26_Spreads.pdf,"=HYPERLINK(""https://s3.eu-west-1.amazonaws.com/cranswick-2021/Cranswick_AR26_Spreads.pdf#page=63"",""p.63 of AR"")",2.0,
Cranswick Plc,CWR LN Equity,Consumer Staples,Food Beverage & Tobacco,Food Products,Packaged Foods & Meats,1432.5,2024,Jim Brisby,Executive Director,530000.0,GBP,875000.0,784000.0,56000.0,34000.0,11000.0,2290000.0,GBP,False,,cranswick_ar_2025,https://s3.eu-west-1.amazonaws.com/cranswick-2021/Cranswick_AR26_Spreads.pdf,"=HYPERLINK(""https://s3.eu-west-1.amazonaws.com/cranswick-2021/Cranswick_AR26_Spreads.pdf#page=63"",""p.63 of AR"")",2.0,
Croda International Plc,CRDA LN Equity,Materials,Materials,Chemicals,Specialty Chemicals,3842.0,FY2025,Steve Foots,Group Chief Executive (CEO),786656.0,GBP,754403.0,45934.0,157331.0,26972.0,4572.0,1775868.0,GBP,False,Served full year. Note: Steve Foots voluntarily forewent his 2024 annual bonus (out-turn was 43.75% of maximum); 2025 annual bonus paid at 54.8% of maximum; PSP vested at 5.625% of maximum (2023 PSP award),croda_international_ar_2025,https://www.croda.com/mediaassets/files/corporate/annual-report-2025-new/croda-2025-annual-report.pdf?la=en-GB&hash=162E93B185FB5C9A5CDE50B82D8473A6,"=HYPERLINK(""https://www.croda.com/mediaassets/files/corporate/annual-report-2025-new/croda-2025-annual-report.pdf?la=en-GB&hash=162E93B185FB5C9A5CDE50B82D8473A6#page=89"",""p.89 of AR"")",2.0,
Croda International Plc,CRDA LN Equity,Materials,Materials,Chemicals,Specialty Chemicals,3842.0,FY2025,Stephen Oxley,Chief Financial Officer (CFO),435000.0,GBP,359203.0,0.0,87000.0,37453.0,827321.0,1745977.0,GBP,True,"Appointed 1 April 2025; salary, benefits, pension and bonus figures are therefore pro-rated to reflect approximately 9 months of service in FY2025. No PSP vesting as newly appointed. A buy-out award of £822,734 was made to compensate for remuneration forfeited from previous employer.",croda_international_ar_2025,https://www.croda.com/mediaassets/files/corporate/annual-report-2025-new/croda-2025-annual-report.pdf?la=en-GB&hash=162E93B185FB5C9A5CDE50B82D8473A6,"=HYPERLINK(""https://www.croda.com/mediaassets/files/corporate/annual-report-2025-new/croda-2025-annual-report.pdf?la=en-GB&hash=162E93B185FB5C9A5CDE50B82D8473A6#page=89"",""p.89 of AR"")",2.0,
Croda International Plc,CRDA LN Equity,Materials,Materials,Chemicals,Specialty Chemicals,3842.0,FY2024,Steve Foots,Group Chief Executive (CEO),767469.0,GBP,0.0,58775.0,153494.0,26634.0,3618.0,1009990.0,GBP,False,Served full year. Annual bonus of £0 reflects Steve Foots voluntarily foregoing his 2024 annual bonus; the out-turn was 43.75% of maximum.,croda_international_ar_2025,https://www.croda.com/mediaassets/files/corporate/annual-report-2025-new/croda-2025-annual-report.pdf?la=en-GB&hash=162E93B185FB5C9A5CDE50B82D8473A6,"=HYPERLINK(""https://www.croda.com/mediaassets/files/corporate/annual-report-2025-new/croda-2025-annual-report.pdf?la=en-GB&hash=162E93B185FB5C9A5CDE50B82D8473A6#page=89"",""p.89 of AR"")",2.0,
Croda International Plc,CRDA LN Equity,Materials,Materials,Chemicals,Specialty Chemicals,3842.0,FY2024,Stephen Oxley,Chief Financial Officer (CFO),,,,,,,,0.0,GBP,False,Stephen Oxley was not a Director in FY2024; he was appointed on 1 April 2025. No comparative remuneration figures are available for 2024.,croda_international_ar_2025,https://www.croda.com/mediaassets/files/corporate/annual-report-2025-new/croda-2025-annual-report.pdf?la=en-GB&hash=162E93B185FB5C9A5CDE50B82D8473A6,"=HYPERLINK(""https://www.croda.com/mediaassets/files/corporate/annual-report-2025-new/croda-2025-annual-report.pdf?la=en-GB&hash=162E93B185FB5C9A5CDE50B82D8473A6#page=89"",""p.89 of AR"")",2.0,
Currys Plc,CURY LN Equity,Consumer Discretionary,Consumer Discretionary Distribution & Retail,Specialty Retail,Computer & Electronics Retail,1298.7,2024/25,Alex Baldock,Chief Executive Officer,990000.0,GBP,1312000.0,1354000.0,30000.0,132000.0,,3818000.0,GBP,False,"2024/25 was a 53-week year, and salary/fees reported on this basis. Annual bonus includes £875,000 cash portion and £437,000 deferred into shares for 2 years (one-third of bonus mandatorily deferred). Benefits include £125,021 for provision of car and driver (including grossed-up tax element), private medical insurance and Sharesave scheme participation. Pension is 3% of base salary as pension contribution or cash allowance in lieu. LTIP valuation based on share price of £0.9512 (three-month average to 3 May 2025) with estimated dividend equivalents; 34% of LTIP value attributable to share price appreciation.",currys_ar_2024_25,https://www.currysplc.com/media/ap4dtkwn/currys-annual-report-2024-25-web.pdf,"=HYPERLINK(""https://www.currysplc.com/media/ap4dtkwn/currys-annual-report-2024-25-web.pdf#page=111"",""p.111 of AR"")",2.0,
Currys Plc,CURY LN Equity,Consumer Discretionary,Consumer Discretionary Distribution & Retail,Specialty Retail,Computer & Electronics Retail,1298.7,2024/25,Bruce Marsh,Chief Financial Officer,512000.0,GBP,678000.0,638000.0,15000.0,14000.0,,1857000.0,GBP,False,"2024/25 was a 53-week year, and salary/fees reported on this basis. Annual bonus includes £452,000 cash portion and £226,000 deferred into shares for 2 years (one-third of bonus mandatorily deferred). Benefits include private medical insurance and Sharesave scheme participation. Pension is 3% of base salary as pension contribution or cash allowance in lieu. LTIP valuation based on share price of £0.9512 (three-month average to 3 May 2025) with estimated dividend equivalents; 34% of LTIP value attributable to share price appreciation.",currys_ar_2024_25,https://www.currysplc.com/media/ap4dtkwn/currys-annual-report-2024-25-web.pdf,"=HYPERLINK(""https://www.currysplc.com/media/ap4dtkwn/currys-annual-report-2024-25-web.pdf#page=111"",""p.111 of AR"")",2.0,
Currys Plc,CURY LN Equity,Consumer Discretionary,Consumer Discretionary Distribution & Retail,Specialty Retail,Computer & Electronics Retail,1298.7,2023/24,Alex Baldock,Chief Executive Officer,934000.0,GBP,1320000.0,0.0,28000.0,135000.0,,2417000.0,GBP,False,"Annual bonus includes £880,000 cash portion and £440,000 deferred into shares for 2 years (one-third of bonus mandatorily deferred). Pension is 3% of base salary as pension contribution or cash allowance in lieu.",currys_ar_2024_25,https://www.currysplc.com/media/ap4dtkwn/currys-annual-report-2024-25-web.pdf,"=HYPERLINK(""https://www.currysplc.com/media/ap4dtkwn/currys-annual-report-2024-25-web.pdf#page=130"",""p.130 of AR"")",2.0,
Currys Plc,CURY LN Equity,Consumer Discretionary,Consumer Discretionary Distribution & Retail,Specialty Retail,Computer & Electronics Retail,1298.7,2023/24,Bruce Marsh,Chief Financial Officer,487000.0,GBP,689000.0,0.0,15000.0,17000.0,,1208000.0,GBP,False,"Annual bonus includes £459,000 cash portion and £230,000 deferred into shares for 2 years (one-third of bonus mandatorily deferred). Pension is 3% of base salary as pension contribution or cash allowance in lieu.",currys_ar_2024_25,https://www.currysplc.com/media/ap4dtkwn/currys-annual-report-2024-25-web.pdf,"=HYPERLINK(""https://www.currysplc.com/media/ap4dtkwn/currys-annual-report-2024-25-web.pdf#page=125"",""p.125 of AR"")",2.0,
DCC Plc,DCC LN Equity,Industrials,Capital Goods,Industrial Conglomerates,Industrial Conglomerates,5027.2,2025,Donal Murphy,Chief Executive Officer,984000.0,EUR,1928000.0,1202000.0,148000.0,87000.0,,4349000.0,EUR,False,Full year service,dcc_ar_2025,https://www.dcc.ie/~/media/Files/D/Dcc-Corp-v3/documents/investors/annual-and-sustainability-reports/2026/annual-report-2026.pdf,"=HYPERLINK(""https://www.dcc.ie/~/media/Files/D/Dcc-Corp-v3/documents/investors/annual-and-sustainability-reports/2026/annual-report-2026.pdf#page=133"",""p.133 of AR"")",2.0,
DCC Plc,DCC LN Equity,Industrials,Capital Goods,Industrial Conglomerates,Industrial Conglomerates,5027.2,2025,Kevin Lucey,Chief Financial Officer,578000.0,EUR,1134000.0,675000.0,81000.0,40000.0,,2508000.0,EUR,False,Full year service. Note: Kevin Lucey will transition to Chief Operating Officer role on 10 July 2025,dcc_ar_2025,https://www.dcc.ie/~/media/Files/D/Dcc-Corp-v3/documents/investors/annual-and-sustainability-reports/2026/annual-report-2026.pdf,"=HYPERLINK(""https://www.dcc.ie/~/media/Files/D/Dcc-Corp-v3/documents/investors/annual-and-sustainability-reports/2026/annual-report-2026.pdf#page=133"",""p.133 of AR"")",2.0,
DCC Plc,DCC LN Equity,Industrials,Capital Goods,Industrial Conglomerates,Industrial Conglomerates,5027.2,2024,Donal Murphy,Chief Executive Officer,946000.0,EUR,1260000.0,891000.0,142000.0,80000.0,,3319000.0,EUR,False,Full year service,dcc_ar_2025,https://www.dcc.ie/~/media/Files/D/Dcc-Corp-v3/documents/investors/annual-and-sustainability-reports/2026/annual-report-2026.pdf,"=HYPERLINK(""https://www.dcc.ie/~/media/Files/D/Dcc-Corp-v3/documents/investors/annual-and-sustainability-reports/2026/annual-report-2026.pdf#page=133"",""p.133 of AR"")",2.0,
DCC Plc,DCC LN Equity,Industrials,Capital Goods,Industrial Conglomerates,Industrial Conglomerates,5027.2,2024,Kevin Lucey,Chief Financial Officer,556000.0,EUR,593000.0,477000.0,78000.0,37000.0,,1741000.0,EUR,False,Full year service,dcc_ar_2025,https://www.dcc.ie/~/media/Files/D/Dcc-Corp-v3/documents/investors/annual-and-sustainability-reports/2026/annual-report-2026.pdf,"=HYPERLINK(""https://www.dcc.ie/~/media/Files/D/Dcc-Corp-v3/documents/investors/annual-and-sustainability-reports/2026/annual-report-2026.pdf#page=133"",""p.133 of AR"")",2.0,
Derwent London Plc,DLN LN Equity,,,,,1877.6,2024,Paul Williams,Chief Executive Officer,707000.0,GBP,651000.0,0.0,115000.0,23000.0,0.0,1496000.0,GBP,False,,derwent_london_ar_2024,https://www.derwentlondon.com/uploads/downloads/Annual-Report-Accounts-2025-single-page.pdf,"=HYPERLINK(""https://www.derwentlondon.com/uploads/downloads/Annual-Report-Accounts-2025-single-page.pdf#page=182"",""p.182 of AR"")",2.0,
Derwent London Plc,DLN LN Equity,,,,,1877.6,2024,Damian Wisniewski,Executive Director,546000.0,GBP,502000.0,0.0,89000.0,24000.0,1000.0,1162000.0,GBP,False,,derwent_london_ar_2024,https://www.derwentlondon.com/uploads/downloads/Annual-Report-Accounts-2025-single-page.pdf,"=HYPERLINK(""https://www.derwentlondon.com/uploads/downloads/Annual-Report-Accounts-2025-single-page.pdf#page=182"",""p.182 of AR"")",2.0,
Derwent London Plc,DLN LN Equity,,,,,1877.6,2024,Nigel George,Executive Director,546000.0,GBP,502000.0,0.0,90000.0,24000.0,0.0,1162000.0,GBP,False,,derwent_london_ar_2024,https://www.derwentlondon.com/uploads/downloads/Annual-Report-Accounts-2025-single-page.pdf,"=HYPERLINK(""https://www.derwentlondon.com/uploads/downloads/Annual-Report-Accounts-2025-single-page.pdf#page=182"",""p.182 of AR"")",2.0,
Derwent London Plc,DLN LN Equity,,,,,1877.6,2024,Emily Prideaux,Executive Director,546000.0,GBP,502000.0,0.0,89000.0,20000.0,0.0,1157000.0,GBP,False,Appointed as Executive Director from 1 March 2021. Working towards achieving the within-employment shareholding guideline of 200% of salary (currently at 24% as at 31 December 2024),derwent_london_ar_2024,https://www.derwentlondon.com/uploads/downloads/Annual-Report-Accounts-2025-single-page.pdf,"=HYPERLINK(""https://www.derwentlondon.com/uploads/downloads/Annual-Report-Accounts-2025-single-page.pdf#page=182"",""p.182 of AR"")",2.0,
Derwent London Plc,DLN LN Equity,,,,,1877.6,2023,Paul Williams,Chief Executive Officer,680000.0,GBP,316000.0,0.0,111000.0,23000.0,3000.0,1133000.0,GBP,False,,derwent_london_ar_2024,https://www.derwentlondon.com/uploads/downloads/Annual-Report-Accounts-2025-single-page.pdf,"=HYPERLINK(""https://www.derwentlondon.com/uploads/downloads/Annual-Report-Accounts-2025-single-page.pdf#page=193"",""p.193 of AR"")",2.0,
Derwent London Plc,DLN LN Equity,,,,,1877.6,2023,Damian Wisniewski,Executive Director,525000.0,GBP,244000.0,0.0,85000.0,24000.0,1000.0,879000.0,GBP,False,,derwent_london_ar_2024,https://www.derwentlondon.com/uploads/downloads/Annual-Report-Accounts-2025-single-page.pdf,"=HYPERLINK(""https://www.derwentlondon.com/uploads/downloads/Annual-Report-Accounts-2025-single-page.pdf#page=193"",""p.193 of AR"")",2.0,
Derwent London Plc,DLN LN Equity,,,,,1877.6,2023,Nigel George,Executive Director,525000.0,GBP,244000.0,0.0,87000.0,23000.0,3000.0,882000.0,GBP,False,,derwent_london_ar_2024,https://www.derwentlondon.com/uploads/downloads/Annual-Report-Accounts-2025-single-page.pdf,"=HYPERLINK(""https://www.derwentlondon.com/uploads/downloads/Annual-Report-Accounts-2025-single-page.pdf#page=193"",""p.193 of AR"")",2.0,
Derwent London Plc,DLN LN Equity,,,,,1877.6,2023,Emily Prideaux,Executive Director,493000.0,GBP,229000.0,0.0,80000.0,19000.0,3000.0,824000.0,GBP,False,,derwent_london_ar_2024,https://www.derwentlondon.com/uploads/downloads/Annual-Report-Accounts-2025-single-page.pdf,"=HYPERLINK(""https://www.derwentlondon.com/uploads/downloads/Annual-Report-Accounts-2025-single-page.pdf#page=193"",""p.193 of AR"")",2.0,
Derwent London Plc,DLN LN Equity,,,,,1877.6,FY2025,Paul Williams,Chief Executive Officer,732000.0,GBP,610000.0,38000.0,120000.0,20000.0,0.0,1520000.0,GBP,False,Served full year to 31 December 2025,derwent_london_ar_2025,https://www.derwentlondon.com/uploads/downloads/Annual-Report-Accounts-2025-single-page.pdf,"=HYPERLINK(""https://www.derwentlondon.com/uploads/downloads/Annual-Report-Accounts-2025-single-page.pdf#page=200"",""p.200 of AR"")",2.0,
Derwent London Plc,DLN LN Equity,,,,,1877.6,FY2025,Damian Wisniewski,Executive Director (Finance Director/CFO),565000.0,GBP,470000.0,30000.0,92000.0,21000.0,0.0,1178000.0,GBP,False,Served full year to 31 December 2025,derwent_london_ar_2025,https://www.derwentlondon.com/uploads/downloads/Annual-Report-Accounts-2025-single-page.pdf,"=HYPERLINK(""https://www.derwentlondon.com/uploads/downloads/Annual-Report-Accounts-2025-single-page.pdf#page=202"",""p.202 of AR"")",2.0,
Derwent London Plc,DLN LN Equity,,,,,1877.6,FY2025,Nigel George,Executive Director,565000.0,GBP,470000.0,30000.0,93000.0,19000.0,0.0,1177000.0,GBP,False,"Served full year to 31 December 2025. Note: Nigel George is resigning and standing down on 31 March 2026, which will affect FY2026 figures only and has no impact on FY2025 remuneration.",derwent_london_ar_2025,https://www.derwentlondon.com/uploads/downloads/Annual-Report-Accounts-2025-single-page.pdf,"=HYPERLINK(""https://www.derwentlondon.com/uploads/downloads/Annual-Report-Accounts-2025-single-page.pdf#page=200"",""p.200 of AR"")",2.0,
Derwent London Plc,DLN LN Equity,,,,,1877.6,FY2025,Emily Prideaux,Executive Director,565000.0,GBP,470000.0,0.0,93000.0,21000.0,0.0,0.0,GBP,False,"Served full year to 31 December 2025. Note: LTIP and Total figures were not visible in the source due to table truncation. Based on the bar chart on page 178, Emily Prideaux's total is estimated at approximately £1,177,000–£1,178,000, consistent with peer executive directors of equivalent seniority.",derwent_london_ar_2025,https://www.derwentlondon.com/uploads/downloads/Annual-Report-Accounts-2025-single-page.pdf,"=HYPERLINK(""https://www.derwentlondon.com/uploads/downloads/Annual-Report-Accounts-2025-single-page.pdf#page=200"",""p.200 of AR"")",2.0,
Derwent London Plc,DLN LN Equity,,,,,1877.6,FY2024,Paul Williams,Chief Executive Officer,707000.0,GBP,0.0,0.0,0.0,0.0,0.0,1517000.0,GBP,False,Assumed full year. Full 2024 single-figure breakdown figures are not available in the provided extract due to table truncation. The 2024 comparison data would normally appear in the same audited single-figure table on page 200 of the Annual Report. All 2024 figures are directional estimates inferred from the percentage change table on page 198.,derwent_london_ar_2025,https://www.derwentlondon.com/uploads/downloads/Annual-Report-Accounts-2025-single-page.pdf,"=HYPERLINK(""https://www.derwentlondon.com/uploads/downloads/Annual-Report-Accounts-2025-single-page.pdf#page=200"",""p.200 of AR"")",2.0,
Derwent London Plc,DLN LN Equity,,,,,1877.6,FY2024,Damian Wisniewski,Executive Director (Finance Director/CFO),546000.0,GBP,0.0,0.0,0.0,0.0,0.0,0.0,GBP,False,Assumed full year. Full 2024 single-figure breakdown figures are not available in the provided extract due to table truncation. The 2024 comparison data would normally appear in the same audited single-figure table on page 200 of the Annual Report. All 2024 figures are directional estimates inferred from the percentage change table on page 198.,derwent_london_ar_2025,https://www.derwentlondon.com/uploads/downloads/Annual-Report-Accounts-2025-single-page.pdf,"=HYPERLINK(""https://www.derwentlondon.com/uploads/downloads/Annual-Report-Accounts-2025-single-page.pdf#page=202"",""p.202 of AR"")",2.0,
Derwent London Plc,DLN LN Equity,,,,,1877.6,FY2024,Nigel George,Executive Director,546000.0,GBP,0.0,0.0,0.0,0.0,0.0,0.0,GBP,False,Assumed full year. Full 2024 single-figure breakdown figures are not available in the provided extract due to table truncation. The 2024 comparison data would normally appear in the same audited single-figure table on page 200 of the Annual Report. All 2024 figures are directional estimates inferred from the percentage change table on page 198.,derwent_london_ar_2025,https://www.derwentlondon.com/uploads/downloads/Annual-Report-Accounts-2025-single-page.pdf,"=HYPERLINK(""https://www.derwentlondon.com/uploads/downloads/Annual-Report-Accounts-2025-single-page.pdf#page=200"",""p.200 of AR"")",2.0,
Diageo Plc,DGE LN Equity,Consumer Staples,Food Beverage & Tobacco,Beverages,Distillers & Vintners,34009.7,FY2025,Debra Crew,Chief Executive Officer,1806000.0,USD,1532000.0,931000.0,269000.0,317000.0,4000.0,4859000.0,USD,False,"Served full year as CEO; however, LTIP value reflects a pro-rata performance-share vesting proportionate to her appointment date as CEO (5 June 2023) within the relevant 3-year performance cycle.",diageo_ar_2025,https://www.diageo.com/~/media/Files/D/Diageo-V2/Diageo-Corp/investors/results-reports-and-events/annual-reports/2026/annual-report-2026.pdf,"=HYPERLINK(""https://www.diageo.com/~/media/Files/D/Diageo-V2/Diageo-Corp/investors/results-reports-and-events/annual-reports/2026/annual-report-2026.pdf#page=62"",""p.62 of AR"")",3.0,161.0
Diageo Plc,DGE LN Equity,Consumer Staples,Food Beverage & Tobacco,Beverages,Distillers & Vintners,34009.7,FY2025,Nik Jhangiani,Chief Financial Officer,972000.0,USD,863000.0,0.0,136000.0,90000.0,10224000.0,12285000.0,USD,True,Appointed as Chief Financial Officer on 1 September 2024; FY25 figures reflect partial-year service (approx. 10 months).,diageo_ar_2025,https://www.diageo.com/~/media/Files/D/Diageo-V2/Diageo-Corp/investors/results-reports-and-events/annual-reports/2026/annual-report-2026.pdf,"=HYPERLINK(""https://www.diageo.com/~/media/Files/D/Diageo-V2/Diageo-Corp/investors/results-reports-and-events/annual-reports/2026/annual-report-2026.pdf#page=62"",""p.62 of AR"")",3.0,161.0
Diageo Plc,DGE LN Equity,Consumer Staples,Food Beverage & Tobacco,Beverages,Distillers & Vintners,34009.7,FY2025,Lavanya Chandrashekar,Chief Financial Officer (former),174000.0,USD,146000.0,198000.0,20000.0,8000.0,,546000.0,USD,True,Resigned from the Board on 1 September 2024; FY25 figures reflect partial-year service (approx. 2 months) prior to departure.,diageo_ar_2025,https://www.diageo.com/~/media/Files/D/Diageo-V2/Diageo-Corp/investors/results-reports-and-events/annual-reports/2026/annual-report-2026.pdf,"=HYPERLINK(""https://www.diageo.com/~/media/Files/D/Diageo-V2/Diageo-Corp/investors/results-reports-and-events/annual-reports/2026/annual-report-2026.pdf#page=62"",""p.62 of AR"")",3.0,161.0
Diageo Plc,DGE LN Equity,Consumer Staples,Food Beverage & Tobacco,Beverages,Distillers & Vintners,34009.7,FY2024,Debra Crew,Chief Executive Officer,1750000.0,USD,868000.0,800000.0,242000.0,140000.0,4000.0,3804000.0,USD,False,Served full year as CEO,diageo_ar_2025,https://www.diageo.com/~/media/Files/D/Diageo-V2/Diageo-Corp/investors/results-reports-and-events/annual-reports/2026/annual-report-2026.pdf,"=HYPERLINK(""https://www.diageo.com/~/media/Files/D/Diageo-V2/Diageo-Corp/investors/results-reports-and-events/annual-reports/2026/annual-report-2026.pdf#page=62"",""p.62 of AR"")",3.0,161.0
Diageo Plc,DGE LN Equity,Consumer Staples,Food Beverage & Tobacco,Beverages,Distillers & Vintners,34009.7,FY2024,Nik Jhangiani,Chief Financial Officer,,,,,,,,0.0,USD,False,N/A — Not in role during FY2024; appointed 1 September 2024 (FY25).,diageo_ar_2025,https://www.diageo.com/~/media/Files/D/Diageo-V2/Diageo-Corp/investors/results-reports-and-events/annual-reports/2026/annual-report-2026.pdf,"=HYPERLINK(""https://www.diageo.com/~/media/Files/D/Diageo-V2/Diageo-Corp/investors/results-reports-and-events/annual-reports/2026/annual-report-2026.pdf#page=62"",""p.62 of AR"")",3.0,161.0
Diageo Plc,DGE LN Equity,Consumer Staples,Food Beverage & Tobacco,Beverages,Distillers & Vintners,34009.7,FY2024,Lavanya Chandrashekar,Chief Financial Officer,1034000.0,USD,476000.0,1593000.0,140000.0,47000.0,5000.0,3296000.0,USD,False,Full year as CFO in FY2024,diageo_ar_2025,https://www.diageo.com/~/media/Files/D/Diageo-V2/Diageo-Corp/investors/results-reports-and-events/annual-reports/2026/annual-report-2026.pdf,"=HYPERLINK(""https://www.diageo.com/~/media/Files/D/Diageo-V2/Diageo-Corp/investors/results-reports-and-events/annual-reports/2026/annual-report-2026.pdf#page=62"",""p.62 of AR"")",3.0,161.0
Diageo Plc,DGE LN Equity,Consumer Staples,Food Beverage & Tobacco,Beverages,Distillers & Vintners,34009.7,FY26,Sir Dave Lewis,Chief Executive Officer,750000.0,GBP,528000.0,0.0,105000.0,46000.0,0.0,1429000.0,GBP,True,Appointed as CEO on 1 January 2026; figures reflect part-year service (H2 FY26 only),diageo_ar_2026,https://www.diageo.com/~/media/Files/D/Diageo-V2/Diageo-Corp/investors/results-reports-and-events/annual-reports/2026/annual-report-2026.pdf,"=HYPERLINK(""https://www.diageo.com/~/media/Files/D/Diageo-V2/Diageo-Corp/investors/results-reports-and-events/annual-reports/2026/annual-report-2026.pdf#page=120"",""p.120 of AR"")",3.0,251.0
Diageo Plc,DGE LN Equity,Consumer Staples,Food Beverage & Tobacco,Beverages,Distillers & Vintners,34009.7,FY26,Nik Jhangiani,"Chief Financial Officer (and Interim Chief Executive Officer, July–December 2025)",1079000.0,GBP,649000.0,636000.0,151000.0,97000.0,3000.0,2615000.0,GBP,True,"Served as Interim CEO from 16 July 2025 to 31 December 2025, then reverted to CFO role from January to June 2026; AIP outcome split accordingly",diageo_ar_2026,https://www.diageo.com/~/media/Files/D/Diageo-V2/Diageo-Corp/investors/results-reports-and-events/annual-reports/2026/annual-report-2026.pdf,"=HYPERLINK(""https://www.diageo.com/~/media/Files/D/Diageo-V2/Diageo-Corp/investors/results-reports-and-events/annual-reports/2026/annual-report-2026.pdf#page=120"",""p.120 of AR"")",3.0,251.0
Diageo Plc,DGE LN Equity,Consumer Staples,Food Beverage & Tobacco,Beverages,Distillers & Vintners,34009.7,FY26,Debra Crew,Chief Executive Officer (departed),59000.0,GBP,0.0,0.0,0.0,20000.0,0.0,79000.0,GBP,True,Stepped down as CEO on 16 July 2025; figures reflect only ~16 days of service in FY26,diageo_ar_2026,https://www.diageo.com/~/media/Files/D/Diageo-V2/Diageo-Corp/investors/results-reports-and-events/annual-reports/2026/annual-report-2026.pdf,"=HYPERLINK(""https://www.diageo.com/~/media/Files/D/Diageo-V2/Diageo-Corp/investors/results-reports-and-events/annual-reports/2026/annual-report-2026.pdf#page=120"",""p.120 of AR"")",3.0,251.0
Diageo Plc,DGE LN Equity,Consumer Staples,Food Beverage & Tobacco,Beverages,Distillers & Vintners,34009.7,FY25,Sir Dave Lewis,Chief Executive Officer,0.0,GBP,0.0,0.0,0.0,0.0,0.0,0.0,GBP,False,Not employed as Executive Director during FY25,diageo_ar_2026,https://www.diageo.com/~/media/Files/D/Diageo-V2/Diageo-Corp/investors/results-reports-and-events/annual-reports/2026/annual-report-2026.pdf,"=HYPERLINK(""https://www.diageo.com/~/media/Files/D/Diageo-V2/Diageo-Corp/investors/results-reports-and-events/annual-reports/2026/annual-report-2026.pdf#page=120"",""p.120 of AR"")",3.0,251.0
Diageo Plc,DGE LN Equity,Consumer Staples,Food Beverage & Tobacco,Beverages,Distillers & Vintners,34009.7,FY25,Nik Jhangiani,Chief Financial Officer,750000.0,GBP,667000.0,0.0,105000.0,70000.0,7893000.0,9484000.0,GBP,True,Appointed CFO on 1 September 2024; FY25 figures reflect part-year service,diageo_ar_2026,https://www.diageo.com/~/media/Files/D/Diageo-V2/Diageo-Corp/investors/results-reports-and-events/annual-reports/2026/annual-report-2026.pdf,"=HYPERLINK(""https://www.diageo.com/~/media/Files/D/Diageo-V2/Diageo-Corp/investors/results-reports-and-events/annual-reports/2026/annual-report-2026.pdf#page=120"",""p.120 of AR"")",3.0,251.0
Diageo Plc,DGE LN Equity,Consumer Staples,Food Beverage & Tobacco,Beverages,Distillers & Vintners,34009.7,FY25,Debra Crew,Chief Executive Officer,1347000.0,GBP,1143000.0,708000.0,201000.0,236000.0,0.0,3635000.0,GBP,False,Served full FY25 as CEO,diageo_ar_2026,https://www.diageo.com/~/media/Files/D/Diageo-V2/Diageo-Corp/investors/results-reports-and-events/annual-reports/2026/annual-report-2026.pdf,"=HYPERLINK(""https://www.diageo.com/~/media/Files/D/Diageo-V2/Diageo-Corp/investors/results-reports-and-events/annual-reports/2026/annual-report-2026.pdf#page=120"",""p.120 of AR"")",3.0,251.0
Diploma Plc,DPLM LN Equity,Industrials,Capital Goods,Trading Companies & Distributors,Trading Companies & Distributors,9011.2,2024,Johnny Thomson,Group Chief Executive Officer,820000.0,GBP,1025000.0,2551000.0,33000.0,30000.0,0.0,4459000.0,GBP,False,Served full year,diploma_ar_2024,https://www.diplomaplc.com/media/5s3fi0yk/diploma-plc-annual-report-and-accounts-2025.pdf,"=HYPERLINK(""https://www.diplomaplc.com/media/5s3fi0yk/diploma-plc-annual-report-and-accounts-2025.pdf#page=103"",""p.103 of AR"")",2.0,
Diploma Plc,DPLM LN Equity,Industrials,Capital Goods,Trading Companies & Distributors,Trading Companies & Distributors,9011.2,2024,Chris Davies,Chief Financial Officer,510000.0,GBP,638000.0,344000.0,20000.0,20000.0,0.0,1532000.0,GBP,False,Served full year,diploma_ar_2024,https://www.diplomaplc.com/media/5s3fi0yk/diploma-plc-annual-report-and-accounts-2025.pdf,"=HYPERLINK(""https://www.diplomaplc.com/media/5s3fi0yk/diploma-plc-annual-report-and-accounts-2025.pdf#page=103"",""p.103 of AR"")",2.0,
Diploma Plc,DPLM LN Equity,Industrials,Capital Goods,Trading Companies & Distributors,Trading Companies & Distributors,9011.2,2023,Johnny Thomson,Group Chief Executive Officer,754000.0,GBP,943000.0,2366000.0,41000.0,26000.0,0.0,4130000.0,GBP,False,Served full year,diploma_ar_2024,https://www.diplomaplc.com/media/5s3fi0yk/diploma-plc-annual-report-and-accounts-2025.pdf,"=HYPERLINK(""https://www.diplomaplc.com/media/5s3fi0yk/diploma-plc-annual-report-and-accounts-2025.pdf#page=113"",""p.113 of AR"")",2.0,
Diploma Plc,DPLM LN Equity,Industrials,Capital Goods,Trading Companies & Distributors,Trading Companies & Distributors,9011.2,2023,Chris Davies,Chief Financial Officer,413000.0,GBP,516000.0,0.0,17000.0,18000.0,395000.0,1359000.0,GBP,True,"Joined during FY2023, salary and other components were pro-rated",diploma_ar_2024,https://www.diplomaplc.com/media/5s3fi0yk/diploma-plc-annual-report-and-accounts-2025.pdf,"=HYPERLINK(""https://www.diplomaplc.com/media/5s3fi0yk/diploma-plc-annual-report-and-accounts-2025.pdf#page=107"",""p.107 of AR"")",2.0,
Diploma Plc,DPLM LN Equity,Industrials,Capital Goods,Trading Companies & Distributors,Trading Companies & Distributors,9011.2,FY2025,Johnny Thomson,Group Chief Executive Officer,918000.0,GBP,1837000.0,4326000.0,37000.0,32000.0,,7150000.0,GBP,False,Served full year,diploma_ar_2025,https://www.diplomaplc.com/media/5s3fi0yk/diploma-plc-annual-report-and-accounts-2025.pdf,"=HYPERLINK(""https://www.diplomaplc.com/media/5s3fi0yk/diploma-plc-annual-report-and-accounts-2025.pdf#page=83"",""p.83 of AR"")",2.0,
Diploma Plc,DPLM LN Equity,Industrials,Capital Goods,Trading Companies & Distributors,Trading Companies & Distributors,9011.2,FY2025,Chris Davies,Chief Financial Officer (departed),460000.0,GBP,0.0,0.0,19000.0,19000.0,,498000.0,GBP,True,Employment ceased on 13 August 2025 following resignation. Received salary and contractual benefits only up to date of resignation. No payment in lieu of notice was made. No bonus for FY2025. All outstanding LTIP awards lapsed.,diploma_ar_2025,https://www.diplomaplc.com/media/5s3fi0yk/diploma-plc-annual-report-and-accounts-2025.pdf,"=HYPERLINK(""https://www.diplomaplc.com/media/5s3fi0yk/diploma-plc-annual-report-and-accounts-2025.pdf#page=91"",""p.91 of AR"")",2.0,
Diploma Plc,DPLM LN Equity,Industrials,Capital Goods,Trading Companies & Distributors,Trading Companies & Distributors,9011.2,FY2025,Wilson Ng,Acting Chief Financial Officer,56000.0,GBP,84000.0,514000.0,2000.0,1000.0,,657000.0,GBP,True,"Appointed as Executive Director on 14 August 2025. All remuneration figures reflect the period from 14 August 2025 to 30 September 2025 only. Annual salary from appointment is £425,000. Salary of £56,000 is pro-rated from appointment date. Benefits of £1,000 and pension of £2,000 are pro-rated. Annual bonus of £84,000 represents 100% of maximum for the period served as Executive Director; 50% paid in cash, 50% net of tax deferred into shares until minimum shareholding requirement of 250% of base salary is met. LTIP of £514,000 comprises: dividend equivalent cash £16,000; performance element £270,000; share appreciation element £228,000.",diploma_ar_2025,https://www.diplomaplc.com/media/5s3fi0yk/diploma-plc-annual-report-and-accounts-2025.pdf,"=HYPERLINK(""https://www.diplomaplc.com/media/5s3fi0yk/diploma-plc-annual-report-and-accounts-2025.pdf#page=83"",""p.83 of AR"")",2.0,
Diploma Plc,DPLM LN Equity,Industrials,Capital Goods,Trading Companies & Distributors,Trading Companies & Distributors,9011.2,FY2024,Johnny Thomson,Group Chief Executive Officer,820000.0,GBP,1025000.0,2675000.0,33000.0,30000.0,,4583000.0,GBP,False,Served full year,diploma_ar_2025,https://www.diplomaplc.com/media/5s3fi0yk/diploma-plc-annual-report-and-accounts-2025.pdf,"=HYPERLINK(""https://www.diplomaplc.com/media/5s3fi0yk/diploma-plc-annual-report-and-accounts-2025.pdf#page=91"",""p.91 of AR"")",2.0,
Diploma Plc,DPLM LN Equity,Industrials,Capital Goods,Trading Companies & Distributors,Trading Companies & Distributors,9011.2,FY2024,Chris Davies,Chief Financial Officer,510000.0,GBP,638000.0,361000.0,20000.0,20000.0,,1549000.0,GBP,False,Served full year in FY2024,diploma_ar_2025,https://www.diplomaplc.com/media/5s3fi0yk/diploma-plc-annual-report-and-accounts-2025.pdf,"=HYPERLINK(""https://www.diplomaplc.com/media/5s3fi0yk/diploma-plc-annual-report-and-accounts-2025.pdf#page=91"",""p.91 of AR"")",2.0,
Discoverie Group Plc,DSCV LN Equity,Industrials,Capital Goods,Electrical Equipment,Electrical Components & Equipment,651.7,FY 2025,Nick Jefferies,Group Chief Executive,530000.0,GBP,441000.0,285000.0,42000.0,14000.0,,1313000.0,GBP,False,,discoverie_group_ar_2025,https://online.flippingbook.com/view/679280771/?utm_source=FlipBook&utm_medium=pdf&utm_campaign=discoverIEAR26&utm_id=AnnualReport2026,"=HYPERLINK(""https://online.flippingbook.com/view/679280771/?utm_source=FlipBook&utm_medium=pdf&utm_campaign=discoverIEAR26&utm_id=AnnualReport2026#page=125"",""p.125 of AR"")",2.0,
Discoverie Group Plc,DSCV LN Equity,Industrials,Capital Goods,Electrical Equipment,Electrical Components & Equipment,651.7,FY 2025,Simon Gibbins,Group Finance Director,340000.0,GBP,240000.0,171000.0,28000.0,15000.0,,794000.0,GBP,False,"Salary was c. £7,000 lower than FY24 due to purchasing one week of unpaid leave",discoverie_group_ar_2025,https://online.flippingbook.com/view/679280771/?utm_source=FlipBook&utm_medium=pdf&utm_campaign=discoverIEAR26&utm_id=AnnualReport2026,"=HYPERLINK(""https://online.flippingbook.com/view/679280771/?utm_source=FlipBook&utm_medium=pdf&utm_campaign=discoverIEAR26&utm_id=AnnualReport2026#page=125"",""p.125 of AR"")",2.0,
Discoverie Group Plc,DSCV LN Equity,Industrials,Capital Goods,Electrical Equipment,Electrical Components & Equipment,651.7,FY 2024,Nick Jefferies,Group Chief Executive,530000.0,GBP,500000.0,448000.0,42000.0,12000.0,,1533000.0,GBP,False,,discoverie_group_ar_2025,https://online.flippingbook.com/view/679280771/?utm_source=FlipBook&utm_medium=pdf&utm_campaign=discoverIEAR26&utm_id=AnnualReport2026,"=HYPERLINK(""https://online.flippingbook.com/view/679280771/?utm_source=FlipBook&utm_medium=pdf&utm_campaign=discoverIEAR26&utm_id=AnnualReport2026#page=125"",""p.125 of AR"")",2.0,
Discoverie Group Plc,DSCV LN Equity,Industrials,Capital Goods,Electrical Equipment,Electrical Components & Equipment,651.7,FY 2024,Simon Gibbins,Group Finance Director,347000.0,GBP,273000.0,268000.0,28000.0,13000.0,,929000.0,GBP,False,,discoverie_group_ar_2025,https://online.flippingbook.com/view/679280771/?utm_source=FlipBook&utm_medium=pdf&utm_campaign=discoverIEAR26&utm_id=AnnualReport2026,"=HYPERLINK(""https://online.flippingbook.com/view/679280771/?utm_source=FlipBook&utm_medium=pdf&utm_campaign=discoverIEAR26&utm_id=AnnualReport2026#page=125"",""p.125 of AR"")",2.0,
Diversified Energy Company Plc,DEC LN Equity,,,,,872.2,2024,"Rusty Hutson, Jr.",Chief Executive Officer (CEO),780000.0,USD,1160000.0,1008000.0,0.0,17000.0,42000.0,3007000.0,USD,False,Not applicable - served full year,diversified_energy_company_ar_2024,https://d1io3yog0oux5.cloudfront.net/_b5c93b1c1817b79e51cee4dd66feefe7/dgoc/db/556/6017/file/2024+Annual+Report+-+Diversified+Energy.pdf,"=HYPERLINK(""https://d1io3yog0oux5.cloudfront.net/_b5c93b1c1817b79e51cee4dd66feefe7/dgoc/db/556/6017/file/2024+Annual+Report+-+Diversified+Energy.pdf#page=62"",""p.62 of AR"")",2.0,
Diversified Energy Company Plc,DEC LN Equity,,,,,872.2,2023,"Rusty Hutson, Jr.",Chief Executive Officer (CEO),750000.0,USD,825000.0,303000.0,0.0,12000.0,31000.0,1921000.0,USD,False,Not applicable - served full year,diversified_energy_company_ar_2024,https://d1io3yog0oux5.cloudfront.net/_b5c93b1c1817b79e51cee4dd66feefe7/dgoc/db/556/6017/file/2024+Annual+Report+-+Diversified+Energy.pdf,"=HYPERLINK(""https://d1io3yog0oux5.cloudfront.net/_b5c93b1c1817b79e51cee4dd66feefe7/dgoc/db/556/6017/file/2024+Annual+Report+-+Diversified+Energy.pdf#page=71"",""p.71 of AR"")",2.0,
Dominos Pizza Group Plc,DOM LN Equity,Consumer Discretionary,Consumer Services,Hotels Restaurants & Leisure,Restaurants,723.1,2024,Andrew Rennie,Chief Executive Officer,775000.0,GBP,529000.0,0.0,23000.0,12000.0,0.0,1339000.0,GBP,False,,dominos_pizza_group_ar_2024,https://investors.dominos.co.uk/system/files/uploads/financialdocs/2025-annual-report.pdf,"=HYPERLINK(""https://investors.dominos.co.uk/system/files/uploads/financialdocs/2025-annual-report.pdf#page=91"",""p.91 of AR"")",2.0,
Dominos Pizza Group Plc,DOM LN Equity,Consumer Discretionary,Consumer Services,Hotels Restaurants & Leisure,Restaurants,723.1,2024,Edward Jamieson,Chief Financial Officer,380000.0,GBP,212000.0,174000.0,11000.0,14000.0,0.0,791000.0,GBP,False,,dominos_pizza_group_ar_2024,https://investors.dominos.co.uk/system/files/uploads/financialdocs/2025-annual-report.pdf,"=HYPERLINK(""https://investors.dominos.co.uk/system/files/uploads/financialdocs/2025-annual-report.pdf#page=91"",""p.91 of AR"")",2.0,
Dominos Pizza Group Plc,DOM LN Equity,Consumer Discretionary,Consumer Services,Hotels Restaurants & Leisure,Restaurants,723.1,2024,Elias Diaz Sese,Former Interim Chief Executive Officer,0.0,GBP,0.0,193000.0,0.0,0.0,0.0,193000.0,GBP,True,"Ceased as Executive Director on 7 August 2023; no longer an Executive Director in 2024; LTIP vesting of £193,000 relates to estimated vesting from October 2022 award granted while in executive role",dominos_pizza_group_ar_2024,https://investors.dominos.co.uk/system/files/uploads/financialdocs/2025-annual-report.pdf,"=HYPERLINK(""https://investors.dominos.co.uk/system/files/uploads/financialdocs/2025-annual-report.pdf#page=91"",""p.91 of AR"")",2.0,
Dominos Pizza Group Plc,DOM LN Equity,Consumer Discretionary,Consumer Services,Hotels Restaurants & Leisure,Restaurants,723.1,2023,Andrew Rennie,Chief Executive Officer,325000.0,GBP,243000.0,0.0,10000.0,5000.0,195000.0,778000.0,GBP,True,Joined the Company and Board on 1 August 2023; appointed CEO on 7 August 2023. Figures reflect remuneration from 1 August 2023 to 31 December 2023,dominos_pizza_group_ar_2024,https://investors.dominos.co.uk/system/files/uploads/financialdocs/2025-annual-report.pdf,"=HYPERLINK(""https://investors.dominos.co.uk/system/files/uploads/financialdocs/2025-annual-report.pdf#page=91"",""p.91 of AR"")",2.0,
Dominos Pizza Group Plc,DOM LN Equity,Consumer Discretionary,Consumer Services,Hotels Restaurants & Leisure,Restaurants,723.1,2023,Edward Jamieson,Chief Financial Officer,372000.0,GBP,211000.0,0.0,13000.0,13000.0,0.0,609000.0,GBP,False,,dominos_pizza_group_ar_2024,https://investors.dominos.co.uk/system/files/uploads/financialdocs/2025-annual-report.pdf,"=HYPERLINK(""https://investors.dominos.co.uk/system/files/uploads/financialdocs/2025-annual-report.pdf#page=91"",""p.91 of AR"")",2.0,
Dominos Pizza Group Plc,DOM LN Equity,Consumer Discretionary,Consumer Services,Hotels Restaurants & Leisure,Restaurants,723.1,2023,Elias Diaz Sese,Interim Chief Executive Officer,484000.0,GBP,524000.0,0.0,16000.0,8000.0,0.0,1032000.0,GBP,True,Served as Interim CEO until 7 August 2023; transitioned to Non-executive Director role thereafter. Figures reflect remuneration as Interim CEO only,dominos_pizza_group_ar_2024,https://investors.dominos.co.uk/system/files/uploads/financialdocs/2025-annual-report.pdf,"=HYPERLINK(""https://investors.dominos.co.uk/system/files/uploads/financialdocs/2025-annual-report.pdf#page=91"",""p.91 of AR"")",2.0,
Dominos Pizza Group Plc,DOM LN Equity,Consumer Discretionary,Consumer Services,Hotels Restaurants & Leisure,Restaurants,723.1,FY2025,Andrew Rennie,Executive Director (departed during FY2025),,GBP,,,0.0,,,,GBP,True,Departed during FY2025 (52 weeks ended 28 December 2025); exact departure date not disclosed in provided pages. Compensation for loss of office of £0.7m relates to both Andrew Rennie and Edward Jamieson combined.,dominos_pizza_group_ar_2025,https://investors.dominos.co.uk/system/files/uploads/financialdocs/2025-annual-report.pdf,"=HYPERLINK(""https://investors.dominos.co.uk/system/files/uploads/financialdocs/2025-annual-report.pdf#page=100"",""p.100 of AR"")",2.0,
Dominos Pizza Group Plc,DOM LN Equity,Consumer Discretionary,Consumer Services,Hotels Restaurants & Leisure,Restaurants,723.1,FY2025,Edward Jamieson,Executive Director (departed during FY2025),,GBP,,,0.0,,,,GBP,True,Departed during FY2025 (52 weeks ended 28 December 2025); exact departure date not disclosed in provided pages. Compensation for loss of office of £0.7m relates to both Edward Jamieson and Andrew Rennie combined.,dominos_pizza_group_ar_2025,https://investors.dominos.co.uk/system/files/uploads/financialdocs/2025-annual-report.pdf,"=HYPERLINK(""https://investors.dominos.co.uk/system/files/uploads/financialdocs/2025-annual-report.pdf#page=100"",""p.100 of AR"")",2.0,
Dominos Pizza Group Plc,DOM LN Equity,Consumer Discretionary,Consumer Services,Hotels Restaurants & Leisure,Restaurants,723.1,FY2024,Andrew Rennie,Executive Director,,GBP,,,,,,,GBP,False,"Served full year FY2024 (52 weeks ended 29 December 2024); aggregate director remuneration total was £2,300,000. Detailed individual breakdown available on pages 94 to 121 of the Annual Report but not included in provided pages.",dominos_pizza_group_ar_2025,https://investors.dominos.co.uk/system/files/uploads/financialdocs/2025-annual-report.pdf,"=HYPERLINK(""https://investors.dominos.co.uk/system/files/uploads/financialdocs/2025-annual-report.pdf#page=100"",""p.100 of AR"")",2.0,
Dominos Pizza Group Plc,DOM LN Equity,Consumer Discretionary,Consumer Services,Hotels Restaurants & Leisure,Restaurants,723.1,FY2024,Edward Jamieson,Executive Director,,GBP,,,,,,,GBP,False,"Served full year FY2024 (52 weeks ended 29 December 2024); aggregate director remuneration total was £2,300,000. Two directors exercised share options during FY2024. Detailed individual breakdown available on pages 94 to 121 of the Annual Report but not included in provided pages.",dominos_pizza_group_ar_2025,https://investors.dominos.co.uk/system/files/uploads/financialdocs/2025-annual-report.pdf,"=HYPERLINK(""https://investors.dominos.co.uk/system/files/uploads/financialdocs/2025-annual-report.pdf#page=100"",""p.100 of AR"")",2.0,
Dowlais Group Plc,DWL LN Equity,Consumer Discretionary,Automobiles & Components,Automobile Components,Automotive Parts & Equipment,,2024,Liam Butterworth,Chief Executive Officer (CEO),921000.0,GBP,368000.0,0.0,111000.0,31000.0,0.0,1431000.0,GBP,False,Full year service,dowlais_group_ar_2024,https://www.dowlais.com/files/investors/reports/2025/Dowlais-2024-ARA-interactive.pdf,"=HYPERLINK(""https://www.dowlais.com/files/investors/reports/2025/Dowlais-2024-ARA-interactive.pdf#page=106"",""p.106 of AR"")",2.0,
Dowlais Group Plc,DWL LN Equity,Consumer Discretionary,Automobiles & Components,Automobile Components,Automotive Parts & Equipment,,2024,Roberto Fioroni,Chief Financial Officer (CFO),652000.0,GBP,196000.0,0.0,78000.0,32000.0,0.0,958000.0,GBP,False,Full year service,dowlais_group_ar_2024,https://www.dowlais.com/files/investors/reports/2025/Dowlais-2024-ARA-interactive.pdf,"=HYPERLINK(""https://www.dowlais.com/files/investors/reports/2025/Dowlais-2024-ARA-interactive.pdf#page=106"",""p.106 of AR"")",2.0,
Dowlais Group Plc,DWL LN Equity,Consumer Discretionary,Automobiles & Components,Automobile Components,Automotive Parts & Equipment,,2024,Geoffrey Martin,Executive Director,0.0,GBP,0.0,0.0,0.0,0.0,0.0,0.0,GBP,True,Did not receive any remuneration from the Company. Retired from office with effect from 21 May 2024 (did not stand for election at the 2024 AGM),dowlais_group_ar_2024,https://www.dowlais.com/files/investors/reports/2025/Dowlais-2024-ARA-interactive.pdf,"=HYPERLINK(""https://www.dowlais.com/files/investors/reports/2025/Dowlais-2024-ARA-interactive.pdf#page=106"",""p.106 of AR"")",2.0,
Dowlais Group Plc,DWL LN Equity,Consumer Discretionary,Automobiles & Components,Automobile Components,Automotive Parts & Equipment,,2023,Liam Butterworth,Chief Executive Officer (CEO),619000.0,GBP,1127000.0,0.0,74000.0,21000.0,0.0,1841000.0,GBP,True,"Period from demerger date (20 April 2023) to end of financial year (31 December 2023). Note: 2023 total includes £12,000,000 gross payment from GKN Automotive long-term participation cash bonus scheme triggered by demerger (relating to performance prior to listing over multiple years)",dowlais_group_ar_2024,https://www.dowlais.com/files/investors/reports/2025/Dowlais-2024-ARA-interactive.pdf,"=HYPERLINK(""https://www.dowlais.com/files/investors/reports/2025/Dowlais-2024-ARA-interactive.pdf#page=106"",""p.106 of AR"")",2.0,
Dowlais Group Plc,DWL LN Equity,Consumer Discretionary,Automobiles & Components,Automobile Components,Automotive Parts & Equipment,,2023,Roberto Fioroni,Chief Financial Officer (CFO),438000.0,GBP,598000.0,0.0,53000.0,21000.0,0.0,1110000.0,GBP,True,"Period from demerger date (20 April 2023) to end of financial year (31 December 2023). Note: 2023 total includes £4,200,000 gross payment from GKN Automotive long-term participation cash bonus scheme triggered by demerger (relating to performance prior to listing over multiple years)",dowlais_group_ar_2024,https://www.dowlais.com/files/investors/reports/2025/Dowlais-2024-ARA-interactive.pdf,"=HYPERLINK(""https://www.dowlais.com/files/investors/reports/2025/Dowlais-2024-ARA-interactive.pdf#page=106"",""p.106 of AR"")",2.0,
Dr Martens Plc,DOCS LN Equity,Consumer Discretionary,Consumer Durables & Apparel,Textiles Apparel & Luxury Goods,Footwear,602.6,FY25,Kenny Wilson,Chief Executive Officer,564000.0,GBP,534000.0,0.0,28000.0,12000.0,1000.0,1139000.0,GBP,True,"Stepped down as CEO and from the Board on 5 January 2025. Became an Executive Adviser and continued to receive salary, benefits and pension until he left the Company on 31 March 2025. Total bonus earned was £695,707 (£533,693 as CEO and £162,014 in role after stepping down).",dr_martens_ar_2025,https://www.drmartensplc.com/application/files/5417/8038/8372/DOCs-AR26-web2.pdf,"=HYPERLINK(""https://www.drmartensplc.com/application/files/5417/8038/8372/DOCs-AR26-web2.pdf#page=139"",""p.139 of AR"")",2.0,
Dr Martens Plc,DOCS LN Equity,Consumer Discretionary,Consumer Durables & Apparel,Textiles Apparel & Luxury Goods,Footwear,602.6,FY25,Ije Nwokorie,Chief Executive Officer,151000.0,GBP,143000.0,0.0,8000.0,1000.0,0.0,303000.0,GBP,True,Was a Non-Executive Director and stepped down from the Board on 1 February 2024 to take up position of Chief Brand Officer. Appointed Chief Executive Officer and re-appointed to the Board on 6 January 2025. FY25 remuneration reflects time spent as CEO on the Board.,dr_martens_ar_2025,https://www.drmartensplc.com/application/files/5417/8038/8372/DOCs-AR26-web2.pdf,"=HYPERLINK(""https://www.drmartensplc.com/application/files/5417/8038/8372/DOCs-AR26-web2.pdf#page=139"",""p.139 of AR"")",2.0,
Dr Martens Plc,DOCS LN Equity,Consumer Discretionary,Consumer Durables & Apparel,Textiles Apparel & Luxury Goods,Footwear,602.6,FY25,Giles Wilson,Chief Financial Officer,432000.0,GBP,307000.0,0.0,22000.0,73000.0,863000.0,1697000.0,GBP,True,"Joined during FY25. Benefits included family private health cover, car allowance, relocation allowance of £18,000 net (£34,551 gross) paid for six months to cover interim accommodation, and £23,000 removal expenses. Other includes cash compensation for loss of LTIP and bonus from previous employer (£863,000) plus Share Incentive Plan value.",dr_martens_ar_2025,https://www.drmartensplc.com/application/files/5417/8038/8372/DOCs-AR26-web2.pdf,"=HYPERLINK(""https://www.drmartensplc.com/application/files/5417/8038/8372/DOCs-AR26-web2.pdf#page=139"",""p.139 of AR"")",2.0,
Dr Martens Plc,DOCS LN Equity,Consumer Discretionary,Consumer Durables & Apparel,Textiles Apparel & Luxury Goods,Footwear,602.6,FY24,Kenny Wilson,Chief Executive Officer,735000.0,GBP,0.0,0.0,37000.0,15000.0,1000.0,788000.0,GBP,False,,dr_martens_ar_2025,https://www.drmartensplc.com/application/files/5417/8038/8372/DOCs-AR26-web2.pdf,"=HYPERLINK(""https://www.drmartensplc.com/application/files/5417/8038/8372/DOCs-AR26-web2.pdf#page=139"",""p.139 of AR"")",2.0,
Dr Martens Plc,DOCS LN Equity,Consumer Discretionary,Consumer Durables & Apparel,Textiles Apparel & Luxury Goods,Footwear,602.6,FY24,Ije Nwokorie,Non-Executive Director,57000.0,GBP,0.0,0.0,0.0,0.0,0.0,57000.0,GBP,True,Stepped down from Board on 1 February 2024 to take up position of Chief Brand Officer (not on Board).,dr_martens_ar_2025,https://www.drmartensplc.com/application/files/5417/8038/8372/DOCs-AR26-web2.pdf,"=HYPERLINK(""https://www.drmartensplc.com/application/files/5417/8038/8372/DOCs-AR26-web2.pdf#page=139"",""p.139 of AR"")",2.0,
Drax Group Plc,DRX LN Equity,Utilities,Utilities,Independent Power and Renewable Electricity Producers,Renewable Electricity,2688.0,2024,Will Gardiner,Chief Executive Officer (CEO),690000.0,GBP,839000.0,1243000.0,69000.0,23000.0,0.0,2864000.0,GBP,False,Full year service,drax_group_ar_2024,https://www.drax.com/wp-content/uploads/2026/03/Drax_AR25_Interactive.pdf,"=HYPERLINK(""https://www.drax.com/wp-content/uploads/2026/03/Drax_AR25_Interactive.pdf#page=132"",""p.132 of AR"")",2.0,
Drax Group Plc,DRX LN Equity,Utilities,Utilities,Independent Power and Renewable Electricity Producers,Renewable Electricity,2688.0,2024,Andy Skelton,Chief Financial Officer (CFO),439000.0,GBP,457000.0,692000.0,44000.0,16000.0,0.0,1648000.0,GBP,False,Full year service (Note: Announced retirement during year but served full 2024),drax_group_ar_2024,https://www.drax.com/wp-content/uploads/2026/03/Drax_AR25_Interactive.pdf,"=HYPERLINK(""https://www.drax.com/wp-content/uploads/2026/03/Drax_AR25_Interactive.pdf#page=132"",""p.132 of AR"")",2.0,
Drax Group Plc,DRX LN Equity,Utilities,Utilities,Independent Power and Renewable Electricity Producers,Renewable Electricity,2688.0,2023,Will Gardiner,Chief Executive Officer (CEO),663000.0,GBP,812000.0,1442000.0,66000.0,19000.0,0.0,3002000.0,GBP,False,Full year service,drax_group_ar_2024,https://www.drax.com/wp-content/uploads/2026/03/Drax_AR25_Interactive.pdf,"=HYPERLINK(""https://www.drax.com/wp-content/uploads/2026/03/Drax_AR25_Interactive.pdf#page=132"",""p.132 of AR"")",2.0,
Drax Group Plc,DRX LN Equity,Utilities,Utilities,Independent Power and Renewable Electricity Producers,Renewable Electricity,2688.0,2023,Andy Skelton,Chief Financial Officer (CFO),422000.0,GBP,443000.0,822000.0,42000.0,16000.0,0.0,1745000.0,GBP,False,Full year service,drax_group_ar_2024,https://www.drax.com/wp-content/uploads/2026/03/Drax_AR25_Interactive.pdf,"=HYPERLINK(""https://www.drax.com/wp-content/uploads/2026/03/Drax_AR25_Interactive.pdf#page=132"",""p.132 of AR"")",2.0,
Drax Group Plc,DRX LN Equity,Utilities,Utilities,Independent Power and Renewable Electricity Producers,Renewable Electricity,2688.0,FY2025,Will Gardiner,Chief Executive Officer,724000.0,GBP,862000.0,853000.0,224000.0,0.0,,2663000.0,GBP,False,Served full year as CEO,drax_group_ar_2025,https://www.drax.com/wp-content/uploads/2026/03/Drax_AR25_Interactive.pdf,"=HYPERLINK(""https://www.drax.com/wp-content/uploads/2026/03/Drax_AR25_Interactive.pdf#page=95"",""p.95 of AR"")",2.0,
Drax Group Plc,DRX LN Equity,Utilities,Utilities,Independent Power and Renewable Electricity Producers,Renewable Electricity,2688.0,FY2025,Frank Lemmink,Chief Financial Officer,165000.0,GBP,168000.0,0.0,77000.0,0.0,0.0,410000.0,GBP,True,"Appointed as CFO on 1 September 2025; salary, bonus and benefits are pro-rated for the period 1 September 2025 to 31 December 2025 (approximately 4 months). LTIP value excludes replacement buyout awards for forfeited awards from previous employer.",drax_group_ar_2025,https://www.drax.com/wp-content/uploads/2026/03/Drax_AR25_Interactive.pdf,"=HYPERLINK(""https://www.drax.com/wp-content/uploads/2026/03/Drax_AR25_Interactive.pdf#page=95"",""p.95 of AR"")",2.0,
Drax Group Plc,DRX LN Equity,Utilities,Utilities,Independent Power and Renewable Electricity Producers,Renewable Electricity,2688.0,FY2025,Andy Skelton,Chief Financial Officer,303000.0,GBP,309000.0,422000.0,44000.0,0.0,,1078000.0,GBP,True,"Served as CFO until 1 September 2025 (approximately 8 months); salary, bonus and benefits are pro-rated accordingly for the period 1 January 2025 to 1 September 2025.",drax_group_ar_2025,https://www.drax.com/wp-content/uploads/2026/03/Drax_AR25_Interactive.pdf,"=HYPERLINK(""https://www.drax.com/wp-content/uploads/2026/03/Drax_AR25_Interactive.pdf#page=95"",""p.95 of AR"")",2.0,
Dunelm Group Plc,DNLM LN Equity,,,,,1459.3,FY24,Nick Wilkinson,Chief Executive Officer,609000.0,GBP,331000.0,632000.0,18000.0,53000.0,,1643000.0,GBP,False,Full year service,dunelm_group_ar_2024,https://corporate.dunelm.com/media/0oskygbo/annual_report-2025.pdf,"=HYPERLINK(""https://corporate.dunelm.com/media/0oskygbo/annual_report-2025.pdf#page=104"",""p.104 of AR"")",2.0,
Dunelm Group Plc,DNLM LN Equity,,,,,1459.3,FY24,Karen Witts,Chief Financial Officer,471000.0,GBP,218000.0,525000.0,14000.0,40000.0,,1268000.0,GBP,False,Full year service,dunelm_group_ar_2024,https://corporate.dunelm.com/media/0oskygbo/annual_report-2025.pdf,"=HYPERLINK(""https://corporate.dunelm.com/media/0oskygbo/annual_report-2025.pdf#page=104"",""p.104 of AR"")",2.0,
Dunelm Group Plc,DNLM LN Equity,,,,,1459.3,FY24,Sir Will Adderley,Executive Director,0.0,GBP,0.0,0.0,0.0,21000.0,,21000.0,GBP,False,Full year service,dunelm_group_ar_2024,https://corporate.dunelm.com/media/0oskygbo/annual_report-2025.pdf,"=HYPERLINK(""https://corporate.dunelm.com/media/0oskygbo/annual_report-2025.pdf#page=104"",""p.104 of AR"")",2.0,
Dunelm Group Plc,DNLM LN Equity,,,,,1459.3,FY23,Nick Wilkinson,Chief Executive Officer,582000.0,GBP,335000.0,964000.0,17000.0,48000.0,,1946000.0,GBP,False,Full year service,dunelm_group_ar_2024,https://corporate.dunelm.com/media/0oskygbo/annual_report-2025.pdf,"=HYPERLINK(""https://corporate.dunelm.com/media/0oskygbo/annual_report-2025.pdf#page=104"",""p.104 of AR"")",2.0,
Dunelm Group Plc,DNLM LN Equity,,,,,1459.3,FY23,Karen Witts,Chief Financial Officer,450000.0,GBP,252000.0,0.0,14000.0,38000.0,,754000.0,GBP,False,Full year service (no LTIP vesting in FY23 as first award granted June 2022),dunelm_group_ar_2024,https://corporate.dunelm.com/media/0oskygbo/annual_report-2025.pdf,"=HYPERLINK(""https://corporate.dunelm.com/media/0oskygbo/annual_report-2025.pdf#page=104"",""p.104 of AR"")",2.0,
Dunelm Group Plc,DNLM LN Equity,,,,,1459.3,FY23,Sir Will Adderley,Executive Director,0.0,GBP,0.0,0.0,0.0,20000.0,,20000.0,GBP,False,Full year service,dunelm_group_ar_2024,https://corporate.dunelm.com/media/0oskygbo/annual_report-2025.pdf,"=HYPERLINK(""https://corporate.dunelm.com/media/0oskygbo/annual_report-2025.pdf#page=114"",""p.114 of AR"")",2.0,
Dunelm Group Plc,DNLM LN Equity,,,,,1459.3,FY25,Nick Wilkinson,Chief Executive Officer,627000.0,GBP,529000.0,256000.0,19000.0,54000.0,,1485000.0,GBP,False,"Full year served. Departing CEO — leaving arrangements confirmed during FY25. Nick Wilkinson will not receive an FY26 LTIP grant, and his FY26 bonus will be pro-rated to reflect his period of service in FY26. LTIP value relates to the FY23–25 LTIP award, vesting at 15% of maximum opportunity following the three-year performance period ending 28 June 2025. Benefits include a car allowance, private health insurance (individual and family), and an allowance of 5% of annual salary towards travel costs from home to Leicester. Pension is 3% of contractual salary, paid to a defined contribution plan or as a cash allowance in lieu.",dunelm_group_ar_2025,https://corporate.dunelm.com/media/0oskygbo/annual_report-2025.pdf,"=HYPERLINK(""https://corporate.dunelm.com/media/0oskygbo/annual_report-2025.pdf#page=94"",""p.94 of AR"")",2.0,
Dunelm Group Plc,DNLM LN Equity,,,,,1459.3,FY25,Karen Witts,Chief Financial Officer,484000.0,GBP,334000.0,198000.0,15000.0,40000.0,,1071000.0,GBP,False,"Full year served. LTIP value relates to the FY23–25 LTIP award, vesting at 15% of maximum opportunity following the three-year performance period ending 28 June 2025. Benefits include a car allowance, private health insurance (individual and family), and an allowance of £1,500 per month to cover rent on a property near the Leicester office and travel costs. Pension is 3% of contractual salary, paid to a defined contribution plan or as a cash allowance in lieu.",dunelm_group_ar_2025,https://corporate.dunelm.com/media/0oskygbo/annual_report-2025.pdf,"=HYPERLINK(""https://corporate.dunelm.com/media/0oskygbo/annual_report-2025.pdf#page=94"",""p.94 of AR"")",2.0,
Dunelm Group Plc,DNLM LN Equity,,,,,1459.3,FY25,Sir Will Adderley,Executive Director (Deputy Chairman),0.0,GBP,0.0,0.0,0.0,21000.0,,21000.0,GBP,False,Full year served. Base salary is held at £1 per annum. Pension entitlement waived from 1 July 2015. Not considered for annual bonus or LTIP at his own request.,dunelm_group_ar_2025,https://corporate.dunelm.com/media/0oskygbo/annual_report-2025.pdf,"=HYPERLINK(""https://corporate.dunelm.com/media/0oskygbo/annual_report-2025.pdf#page=94"",""p.94 of AR"")",2.0,
Dunelm Group Plc,DNLM LN Equity,,,,,1459.3,FY24,Nick Wilkinson,Chief Executive Officer,609000.0,GBP,331000.0,727000.0,18000.0,53000.0,,1738000.0,GBP,False,"Full year served. The FY24 LTIP figure has been restated in the FY25 report to reflect the actual closing share price on the day before the vesting date of 1,213p, compared to the prior year's report which used the average closing share price over the last three months of FY24. Benefits include a car allowance, private health insurance (individual and family), and an allowance of 5% of annual salary towards travel costs from home to Leicester. Pension is 3% of contractual salary, paid to a defined contribution plan or as a cash allowance in lieu.",dunelm_group_ar_2025,https://corporate.dunelm.com/media/0oskygbo/annual_report-2025.pdf,"=HYPERLINK(""https://corporate.dunelm.com/media/0oskygbo/annual_report-2025.pdf#page=94"",""p.94 of AR"")",2.0,
Dunelm Group Plc,DNLM LN Equity,,,,,1459.3,FY24,Karen Witts,Chief Financial Officer,471000.0,GBP,218000.0,614000.0,14000.0,40000.0,,1357000.0,GBP,False,"Full year served. The FY24 LTIP figure has been restated in the FY25 report to reflect the actual closing share price on the day before the vesting date of 1,193p, compared to the prior year's report which used the average closing share price over the last three months of FY24. Benefits include a car allowance, private health insurance (individual and family), and an allowance of £1,500 per month to cover rent on a property near the Leicester office and travel costs. Pension is 3% of contractual salary, paid to a defined contribution plan or as a cash allowance in lieu.",dunelm_group_ar_2025,https://corporate.dunelm.com/media/0oskygbo/annual_report-2025.pdf,"=HYPERLINK(""https://corporate.dunelm.com/media/0oskygbo/annual_report-2025.pdf#page=94"",""p.94 of AR"")",2.0,
Dunelm Group Plc,DNLM LN Equity,,,,,1459.3,FY24,Sir Will Adderley,Executive Director (Deputy Chairman),0.0,GBP,0.0,0.0,0.0,21000.0,,21000.0,GBP,False,Full year served. Base salary is held at £1 per annum. Pension entitlement waived from 1 July 2015. Not considered for annual bonus or LTIP at his own request.,dunelm_group_ar_2025,https://corporate.dunelm.com/media/0oskygbo/annual_report-2025.pdf,"=HYPERLINK(""https://corporate.dunelm.com/media/0oskygbo/annual_report-2025.pdf#page=94"",""p.94 of AR"")",2.0,
easyJet Plc,EZJ LN Equity,Industrials,Transportation,Passenger Airlines,Passenger Airlines,2573.0,2024,Johan Lundgren,Chief Executive Officer (CEO),803000.0,GBP,1362000.0,607000.0,49000.0,57000.0,3000.0,2881000.0,GBP,False,Full year service (Note: Stepping down on 31 December 2024),easyjet_ar_2024,https://s203.q4cdn.com/522538739/files/doc_financials/2025/q4/easyJetARA25_DIGITAL_sm.pdf,"=HYPERLINK(""https://s203.q4cdn.com/522538739/files/doc_financials/2025/q4/easyJetARA25_DIGITAL_sm.pdf#page=134"",""p.134 of AR"")",2.0,
easyJet Plc,EZJ LN Equity,Industrials,Transportation,Passenger Airlines,Passenger Airlines,2573.0,2024,Kenton Jarvis,Chief Financial Officer (CFO),567000.0,GBP,841000.0,341000.0,35000.0,10000.0,3000.0,1797000.0,GBP,False,Full year service (Note: Promoted to CEO effective 1 January 2025),easyjet_ar_2024,https://s203.q4cdn.com/522538739/files/doc_financials/2025/q4/easyJetARA25_DIGITAL_sm.pdf,"=HYPERLINK(""https://s203.q4cdn.com/522538739/files/doc_financials/2025/q4/easyJetARA25_DIGITAL_sm.pdf#page=134"",""p.134 of AR"")",2.0,
easyJet Plc,EZJ LN Equity,Industrials,Transportation,Passenger Airlines,Passenger Airlines,2573.0,2023,Johan Lundgren,Chief Executive Officer (CEO),770000.0,GBP,1326000.0,0.0,48000.0,50000.0,0.0,2194000.0,GBP,False,,easyjet_ar_2024,https://s203.q4cdn.com/522538739/files/doc_financials/2025/q4/easyJetARA25_DIGITAL_sm.pdf,"=HYPERLINK(""https://s203.q4cdn.com/522538739/files/doc_financials/2025/q4/easyJetARA25_DIGITAL_sm.pdf#page=134"",""p.134 of AR"")",2.0,
easyJet Plc,EZJ LN Equity,Industrials,Transportation,Passenger Airlines,Passenger Airlines,2573.0,2023,Kenton Jarvis,Chief Financial Officer (CFO),542000.0,GBP,818000.0,0.0,34000.0,8000.0,0.0,1402000.0,GBP,False,,easyjet_ar_2024,https://s203.q4cdn.com/522538739/files/doc_financials/2025/q4/easyJetARA25_DIGITAL_sm.pdf,"=HYPERLINK(""https://s203.q4cdn.com/522538739/files/doc_financials/2025/q4/easyJetARA25_DIGITAL_sm.pdf#page=134"",""p.134 of AR"")",2.0,
easyJet Plc,EZJ LN Equity,Industrials,Transportation,Passenger Airlines,Passenger Airlines,2573.0,FY2025,Kenton Jarvis,Chief Executive Officer,743000.0,GBP,968000.0,668000.0,46000.0,33000.0,1000.0,2459000.0,GBP,True,Appointed CEO on 1 January 2025 (previously CFO); served as CFO for Q1 FY25 and CEO from Q2 FY25 onwards. Bonus calculated using CEO opportunity on actual full-year earnings; no pro-rating applied to bonus per Committee decision.,easyjet_ar_2025,https://s203.q4cdn.com/522538739/files/doc_financials/2025/q4/easyJetARA25_DIGITAL_sm.pdf,"=HYPERLINK(""https://s203.q4cdn.com/522538739/files/doc_financials/2025/q4/easyJetARA25_DIGITAL_sm.pdf#page=122"",""p.122 of AR"")",2.0,
easyJet Plc,EZJ LN Equity,Industrials,Transportation,Passenger Airlines,Passenger Airlines,2573.0,FY2025,Jan De Raeymaeker,Chief Financial Officer,388000.0,GBP,405000.0,0.0,23000.0,3000.0,126000.0,945000.0,GBP,True,"Appointed Executive Director and CFO on 20 January 2025; salary and all remuneration components reflect period from date of appointment only. An RSP award of 100% of salary (550,000 shares) was made in January 2025 upon appointment, but no RSP vesting is included in the FY25 single figure.",easyjet_ar_2025,https://s203.q4cdn.com/522538739/files/doc_financials/2025/q4/easyJetARA25_DIGITAL_sm.pdf,"=HYPERLINK(""https://s203.q4cdn.com/522538739/files/doc_financials/2025/q4/easyJetARA25_DIGITAL_sm.pdf#page=122"",""p.122 of AR"")",2.0,
easyJet Plc,EZJ LN Equity,Industrials,Transportation,Passenger Airlines,Passenger Airlines,2573.0,FY2025,Johan Lundgren,Chief Executive Officer (former),203000.0,GBP,247000.0,962000.0,12000.0,13000.0,0.0,1437000.0,GBP,True,"Stepped down as Executive Director and CEO on 31 December 2024; remained with the business until conclusion of notice period on 16 May 2025. Figures in the single figure table represent remuneration for services as Executive Director during FY25 only (i.e., up to 31 December 2024). Additional loss of office payments of £326,772 and benefits of £12,147 were paid during the notice period but are excluded from the single figure table. A further £25,000 was paid for legal fees. Bonus of £247,405 paid fully in cash (pro-rated, 60.5% of maximum, reflecting period to 31 December 2024).",easyjet_ar_2025,https://s203.q4cdn.com/522538739/files/doc_financials/2025/q4/easyJetARA25_DIGITAL_sm.pdf,"=HYPERLINK(""https://s203.q4cdn.com/522538739/files/doc_financials/2025/q4/easyJetARA25_DIGITAL_sm.pdf#page=122"",""p.122 of AR"")",2.0,
easyJet Plc,EZJ LN Equity,Industrials,Transportation,Passenger Airlines,Passenger Airlines,2573.0,FY2024,Kenton Jarvis,Chief Financial Officer,567000.0,GBP,841000.0,420000.0,35000.0,10000.0,0.0,1873000.0,GBP,False,,easyjet_ar_2025,https://s203.q4cdn.com/522538739/files/doc_financials/2025/q4/easyJetARA25_DIGITAL_sm.pdf,"=HYPERLINK(""https://s203.q4cdn.com/522538739/files/doc_financials/2025/q4/easyJetARA25_DIGITAL_sm.pdf#page=122"",""p.122 of AR"")",2.0,
easyJet Plc,EZJ LN Equity,Industrials,Transportation,Passenger Airlines,Passenger Airlines,2573.0,FY2024,Jan De Raeymaeker,Chief Financial Officer,0.0,GBP,0.0,0.0,0.0,0.0,0.0,0.0,GBP,True,Not a Director in FY2024; appointed 20 January 2025. No remuneration applicable for FY2024.,easyjet_ar_2025,https://s203.q4cdn.com/522538739/files/doc_financials/2025/q4/easyJetARA25_DIGITAL_sm.pdf,"=HYPERLINK(""https://s203.q4cdn.com/522538739/files/doc_financials/2025/q4/easyJetARA25_DIGITAL_sm.pdf#page=122"",""p.122 of AR"")",2.0,
easyJet Plc,EZJ LN Equity,Industrials,Transportation,Passenger Airlines,Passenger Airlines,2573.0,FY2024,Johan Lundgren,Chief Executive Officer,803000.0,GBP,1362000.0,747000.0,49000.0,57000.0,0.0,3018000.0,GBP,False,Served full year as CEO in FY2024.,easyjet_ar_2025,https://s203.q4cdn.com/522538739/files/doc_financials/2025/q4/easyJetARA25_DIGITAL_sm.pdf,"=HYPERLINK(""https://s203.q4cdn.com/522538739/files/doc_financials/2025/q4/easyJetARA25_DIGITAL_sm.pdf#page=122"",""p.122 of AR"")",2.0,
Elementis Plc,ELM LN Equity,Materials,Materials,Chemicals,Specialty Chemicals,830.2,2024,Paul Waterman,Chief Executive Officer (CEO),808000.0,GBP,978000.0,966000.0,167000.0,120000.0,0.0,3039000.0,GBP,False,Full year service,elementis_ar_2024,https://www.elementis.com/fileadmin/user_upload/2025_Annual_Report_and_Accounts_Elementis.pdf,"=HYPERLINK(""https://www.elementis.com/fileadmin/user_upload/2025_Annual_Report_and_Accounts_Elementis.pdf#page=120"",""p.120 of AR"")",2.0,
Elementis Plc,ELM LN Equity,Materials,Materials,Chemicals,Specialty Chemicals,830.2,2024,Ralph Hewins,Chief Financial Officer (CFO),414000.0,GBP,418000.0,436000.0,87000.0,29000.0,18000.0,1418000.0,GBP,False,Full year service,elementis_ar_2024,https://www.elementis.com/fileadmin/user_upload/2025_Annual_Report_and_Accounts_Elementis.pdf,"=HYPERLINK(""https://www.elementis.com/fileadmin/user_upload/2025_Annual_Report_and_Accounts_Elementis.pdf#page=120"",""p.120 of AR"")",2.0,
Elementis Plc,ELM LN Equity,Materials,Materials,Chemicals,Specialty Chemicals,830.2,2023,Paul Waterman,Chief Executive Officer (CEO),804000.0,GBP,928000.0,710000.0,162000.0,106000.0,42000.0,2752000.0,GBP,False,Full year service,elementis_ar_2024,https://www.elementis.com/fileadmin/user_upload/2025_Annual_Report_and_Accounts_Elementis.pdf,"=HYPERLINK(""https://www.elementis.com/fileadmin/user_upload/2025_Annual_Report_and_Accounts_Elementis.pdf#page=120"",""p.120 of AR"")",2.0,
Elementis Plc,ELM LN Equity,Materials,Materials,Chemicals,Specialty Chemicals,830.2,2023,Ralph Hewins,Chief Financial Officer (CFO),398000.0,GBP,383000.0,339000.0,84000.0,28000.0,18000.0,1250000.0,GBP,False,Full year service,elementis_ar_2024,https://www.elementis.com/fileadmin/user_upload/2025_Annual_Report_and_Accounts_Elementis.pdf,"=HYPERLINK(""https://www.elementis.com/fileadmin/user_upload/2025_Annual_Report_and_Accounts_Elementis.pdf#page=120"",""p.120 of AR"")",2.0,
Elementis Plc,ELM LN Equity,Materials,Materials,Chemicals,Specialty Chemicals,830.2,FY2025,Luc van Ravenstein,Chief Executive Officer (current CEO),369000.0,GBP,399000.0,264000.0,30000.0,55000.0,6000.0,1123000.0,GBP,True,"Appointed as CEO and joined the Board on 29 April 2025. Base salary from appointment was US$720,000. Figures reflect partial year from 29 April 2025 to 31 December 2025. FX rate applied: $1.3162:£1.00 (2025 average). Annual bonus payout was at 71.9% of maximum with pro-rating applied to reflect time served. LTIP amount relates to 2023 LTIP awards vesting based on performance to 31 December 2025, which vested at 76.8% of maximum.",elementis_ar_2025,https://www.elementis.com/fileadmin/user_upload/2025_Annual_Report_and_Accounts_Elementis.pdf,"=HYPERLINK(""https://www.elementis.com/fileadmin/user_upload/2025_Annual_Report_and_Accounts_Elementis.pdf#page=137"",""p.137 of AR"")",2.0,
Elementis Plc,ELM LN Equity,Materials,Materials,Chemicals,Specialty Chemicals,830.2,FY2025,Paul Waterman,Former Chief Executive Officer,475000.0,GBP,510000.0,1371000.0,97000.0,64000.0,0.0,2517000.0,GBP,True,"Stepped down as CEO and retired from the Board on 29 April 2025, but remained in employment until 31 July 2025 to ensure an orderly handover. Remuneration shown covers employment during the year (i.e., until 31 July 2025). Base salary during the year was US$1,071,055. FX rate applied: $1.3162:£1.00 (2025 average). Annual bonus payout was at 71.9% of maximum with pro-rating applied to reflect time served. LTIP amount relates to 2023 LTIP awards vesting based on performance to 31 December 2025, which vested at 76.8% of maximum.",elementis_ar_2025,https://www.elementis.com/fileadmin/user_upload/2025_Annual_Report_and_Accounts_Elementis.pdf,"=HYPERLINK(""https://www.elementis.com/fileadmin/user_upload/2025_Annual_Report_and_Accounts_Elementis.pdf#page=137"",""p.137 of AR"")",2.0,
Elementis Plc,ELM LN Equity,Materials,Materials,Chemicals,Specialty Chemicals,830.2,FY2025,Ralph Hewins,Former Chief Financial Officer,429000.0,GBP,386000.0,761000.0,90000.0,30000.0,0.0,1696000.0,GBP,True,"Stepped down as CFO and retired from the Board on 31 December 2025 (served the full year but departed at year-end). Annual bonus payout was at 71.9% of maximum. LTIP amount relates to 2023 LTIP awards vesting based on performance to 31 December 2025, which vested at 76.8% of maximum. Kath Kearney-Croft was appointed CFO designate on 3 November 2025 and became CFO and Board member on 1 January 2026; she does not appear in the FY2025 single figure table as she was not a Board member during FY2025.",elementis_ar_2025,https://www.elementis.com/fileadmin/user_upload/2025_Annual_Report_and_Accounts_Elementis.pdf,"=HYPERLINK(""https://www.elementis.com/fileadmin/user_upload/2025_Annual_Report_and_Accounts_Elementis.pdf#page=137"",""p.137 of AR"")",2.0,
Elementis Plc,ELM LN Equity,Materials,Materials,Chemicals,Specialty Chemicals,830.2,FY2024,Luc van Ravenstein,Not yet an Executive Director in FY2024,0.0,GBP,0.0,0.0,0.0,0.0,0.0,0.0,GBP,True,Not a Board member during FY2024. Appointed as CEO and joined the Board on 29 April 2025.,elementis_ar_2025,https://www.elementis.com/fileadmin/user_upload/2025_Annual_Report_and_Accounts_Elementis.pdf,"=HYPERLINK(""https://www.elementis.com/fileadmin/user_upload/2025_Annual_Report_and_Accounts_Elementis.pdf#page=137"",""p.137 of AR"")",2.0,
Elementis Plc,ELM LN Equity,Materials,Materials,Chemicals,Specialty Chemicals,830.2,FY2024,Paul Waterman,Chief Executive Officer,808000.0,GBP,978000.0,949000.0,167000.0,120000.0,0.0,3022000.0,GBP,False,,elementis_ar_2025,https://www.elementis.com/fileadmin/user_upload/2025_Annual_Report_and_Accounts_Elementis.pdf,"=HYPERLINK(""https://www.elementis.com/fileadmin/user_upload/2025_Annual_Report_and_Accounts_Elementis.pdf#page=137"",""p.137 of AR"")",2.0,
Elementis Plc,ELM LN Equity,Materials,Materials,Chemicals,Specialty Chemicals,830.2,FY2024,Ralph Hewins,Chief Financial Officer,414000.0,GBP,418000.0,430000.0,87000.0,29000.0,18000.0,1396000.0,GBP,False,,elementis_ar_2025,https://www.elementis.com/fileadmin/user_upload/2025_Annual_Report_and_Accounts_Elementis.pdf,"=HYPERLINK(""https://www.elementis.com/fileadmin/user_upload/2025_Annual_Report_and_Accounts_Elementis.pdf#page=137"",""p.137 of AR"")",2.0,
Empiric Student Property Plc,ESP LN Equity,,,,,,2024,Duncan Garrood,Chief Executive Officer (CEO),439192.0,GBP,67070.0,427506.0,32939.0,18601.0,,985308.0,GBP,False,Full year service,empiric_student_property_ar_2024,,"=HYPERLINK(""nan#page=133"",""p.133 of AR"")",2.0,
Empiric Student Property Plc,ESP LN Equity,,,,,,2024,Donald Grant,Chief Financial and Strategy Officer (CFSO),310648.0,GBP,43500.0,0.0,23299.0,14418.0,,391865.0,GBP,False,Full year service,empiric_student_property_ar_2024,,"=HYPERLINK(""nan#page=133"",""p.133 of AR"")",2.0,
Empiric Student Property Plc,ESP LN Equity,,,,,,2023,Duncan Garrood,Chief Executive Officer (CEO),426400.0,GBP,308628.0,730503.0,31980.0,18138.0,,1515649.0,GBP,False,Full year service,empiric_student_property_ar_2024,,"=HYPERLINK(""nan#page=134"",""p.134 of AR"")",2.0,
Empiric Student Property Plc,ESP LN Equity,,,,,,2023,Donald Grant,Chief Financial and Strategy Officer (CFSO),301600.0,GBP,218298.0,0.0,22620.0,13490.0,,556008.0,GBP,False,Full year service,empiric_student_property_ar_2024,,"=HYPERLINK(""nan#page=134"",""p.134 of AR"")",2.0,
Endeavour Mining Plc,EDV LN Equity,Materials,Materials,Metals & Mining,Gold,10950.4,2024,Ian Cockerill,Chief Executive Officer,1192000.0,USD,960000.0,0.0,119000.0,356000.0,0.0,2627000.0,USD,False,Full year service as CEO in 2024,endeavour_mining_ar_2024,https://edv-14806-s3.s3.eu-west-2.amazonaws.com/files/7017/7306/8914/EDV_-_2025_Annual_Report.pdf,"=HYPERLINK(""https://edv-14806-s3.s3.eu-west-2.amazonaws.com/files/7017/7306/8914/EDV_-_2025_Annual_Report.pdf#page=134"",""p.134 of AR"")",2.0,
Endeavour Mining Plc,EDV LN Equity,Materials,Materials,Metals & Mining,Gold,10950.4,2024,Sébastien de Montessus,Former Chief Executive Officer,0.0,USD,0.0,0.0,0.0,0.0,-10954000.0,-10954000.0,USD,True,"Departed January 2024. The negative figure represents clawback of previously awarded remuneration including: $8.8 million recovery of 2021 and 2020 LTIP awards; $1.4 million settlement payment; and $817,227 forfeiture of 2022 deferred bonus shares. Additionally forfeited unvested awards worth $16.8 million (not included in single figure as performance periods were in flight).",endeavour_mining_ar_2024,https://edv-14806-s3.s3.eu-west-2.amazonaws.com/files/7017/7306/8914/EDV_-_2025_Annual_Report.pdf,"=HYPERLINK(""https://edv-14806-s3.s3.eu-west-2.amazonaws.com/files/7017/7306/8914/EDV_-_2025_Annual_Report.pdf#page=150"",""p.150 of AR"")",2.0,
Endeavour Mining Plc,EDV LN Equity,Materials,Materials,Metals & Mining,Gold,10950.4,2023,Sébastien de Montessus,Chief Executive Officer,1600000.0,USD,0.0,9005000.0,160000.0,10000.0,0.0,10776000.0,USD,False,Full year service as CEO in 2023,endeavour_mining_ar_2024,https://edv-14806-s3.s3.eu-west-2.amazonaws.com/files/7017/7306/8914/EDV_-_2025_Annual_Report.pdf,"=HYPERLINK(""https://edv-14806-s3.s3.eu-west-2.amazonaws.com/files/7017/7306/8914/EDV_-_2025_Annual_Report.pdf#page=150"",""p.150 of AR"")",2.0,
Endeavour Mining Plc,EDV LN Equity,Materials,Materials,Metals & Mining,Gold,10950.4,FY2025,Ian Cockerill,Chief Executive Officer,1200000.0,USD,1998000.0,0.0,120000.0,239000.0,0.0,3557000.0,USD,False,"Served full year as CEO. Annual bonus represents 166% of base salary; 83% of maximum; 50% deferred into shares per Remuneration Policy. Benefits include tax assistance, housing, financial advice, private medical, flights for spouse, travel and life insurance, including a living allowance of $200,000 per annum. Pension represents employer contributions equivalent to 10% of base salary, in line with UK workforce. LTIP relates to 2023 LTIP award with no value shown for FY2025; Performance Awards at Face Value = $nil.",endeavour_mining_ar_2025,https://edv-14806-s3.s3.eu-west-2.amazonaws.com/files/7017/7306/8914/EDV_-_2025_Annual_Report.pdf,"=HYPERLINK(""https://edv-14806-s3.s3.eu-west-2.amazonaws.com/files/7017/7306/8914/EDV_-_2025_Annual_Report.pdf#page=99"",""p.99 of AR"")",2.0,
Endeavour Mining Plc,EDV LN Equity,Materials,Materials,Metals & Mining,Gold,10950.4,FY2024,Ian Cockerill,Chief Executive Officer,1192000.0,USD,960000.0,0.0,119000.0,356000.0,0.0,2627000.0,USD,True,"Ian Cockerill transitioned from Non-Executive Director to CEO in January 2024. The percentage change table notes a one-off award was made upon his appointment as CEO. The historical remuneration table shows $2,565,000 for 2024; the slight discrepancy with the single-figure table's $2,627,000 may reflect rounding or inclusion/exclusion of certain items in different tables. Pension represents 10% of base salary. Annual bonus represents 40% of maximum.",endeavour_mining_ar_2025,https://edv-14806-s3.s3.eu-west-2.amazonaws.com/files/7017/7306/8914/EDV_-_2025_Annual_Report.pdf,"=HYPERLINK(""https://edv-14806-s3.s3.eu-west-2.amazonaws.com/files/7017/7306/8914/EDV_-_2025_Annual_Report.pdf#page=99"",""p.99 of AR"")",2.0,
Endeavour Mining Plc,EDV LN Equity,Materials,Materials,Metals & Mining,Gold,10950.4,FY2024,Sébastien de Montessus,Former Chief Executive Officer,0.0,USD,0.0,0.0,0.0,0.0,-10954000.0,-10954000.0,USD,True,"Sébastien de Montessus was terminated as CEO prior to/during FY2024. He received no salary, benefits, pension or bonus for FY2024. All remaining unvested share awards (679,812 shares total, valued at approximately $16,800,000) lapsed completely. The total clawback associated with his termination was approximately $27,800,000 in aggregate. The $16,800,000 relating to awards not previously reported in the single-figure table is excluded from the clawback column per regulatory reporting requirements. The reported total of ($10,954,000) reflects only the clawback of previously reported variable remuneration.",endeavour_mining_ar_2025,https://edv-14806-s3.s3.eu-west-2.amazonaws.com/files/7017/7306/8914/EDV_-_2025_Annual_Report.pdf,"=HYPERLINK(""https://edv-14806-s3.s3.eu-west-2.amazonaws.com/files/7017/7306/8914/EDV_-_2025_Annual_Report.pdf#page=103"",""p.103 of AR"")",2.0,
Energean Plc,ENOG LN Equity,,,,,1624.6,FY2025,Matthaios Rigas,Chief Executive Officer (CEO),850000.0,GBP,1581000.0,272000.0,34000.0,48000.0,,2785000.0,GBP,False,Served full year,energean_ar_2025,https://www.energean.com/media/6306/annual-report-2025.pdf,"=HYPERLINK(""https://www.energean.com/media/6306/annual-report-2025.pdf#page=135"",""p.135 of AR"")",2.0,
Energean Plc,ENOG LN Equity,,,,,1624.6,FY2025,Panagiotis Benos,Chief Financial Officer (CFO),700000.0,GBP,1302000.0,218000.0,28000.0,25000.0,,2273000.0,GBP,False,Served full year,energean_ar_2025,https://www.energean.com/media/6306/annual-report-2025.pdf,"=HYPERLINK(""https://www.energean.com/media/6306/annual-report-2025.pdf#page=135"",""p.135 of AR"")",2.0,
Energean Plc,ENOG LN Equity,,,,,1624.6,FY2024,Matthaios Rigas,Chief Executive Officer (CEO),750000.0,GBP,1080000.0,946000.0,30000.0,48000.0,,2854000.0,GBP,False,Served full year,energean_ar_2025,https://www.energean.com/media/6306/annual-report-2025.pdf,"=HYPERLINK(""https://www.energean.com/media/6306/annual-report-2025.pdf#page=135"",""p.135 of AR"")",2.0,
Energean Plc,ENOG LN Equity,,,,,1624.6,FY2024,Panagiotis Benos,Chief Financial Officer (CFO),600000.0,GBP,864000.0,765000.0,24000.0,25000.0,,2278000.0,GBP,False,Served full year,energean_ar_2025,https://www.energean.com/media/6306/annual-report-2025.pdf,"=HYPERLINK(""https://www.energean.com/media/6306/annual-report-2025.pdf#page=135"",""p.135 of AR"")",2.0,
Entain Plc,ENT LN Equity,Consumer Discretionary,Consumer Services,Hotels Restaurants & Leisure,Casinos & Gaming,3406.9,FY2025,Stella David,Chief Executive Officer (CEO),807000.0,GBP,2262500.0,0.0,54100.0,25000.0,,3148600.0,GBP,True,"Served as Non-Executive Chair from 1 January 2025 to 10 February 2025, then transitioned to CEO from 11 February 2025 for the remainder of the year. Figures reflect remuneration for her time as CEO only. Total Fixed Remuneration: £886,100; Total Variable Remuneration: £2,262,500.",entain_ar_2025,https://www.entaingroup.com/media/by4fdoyj/entain-annual-report-2025.pdf,"=HYPERLINK(""https://www.entaingroup.com/media/by4fdoyj/entain-annual-report-2025.pdf#page=140"",""p.140 of AR"")",2.0,
Entain Plc,ENT LN Equity,Consumer Discretionary,Consumer Services,Hotels Restaurants & Leisure,Casinos & Gaming,3406.9,FY2025,Rob Wood,CFO & Deputy CEO,593800.0,GBP,1187600.0,0.0,35600.0,17200.0,,1834200.0,GBP,False,"Served throughout the full year 2025 — no pro-rata applies. Benefits include car allowance of £10,700 and private medical insurance. Total Fixed Remuneration: £646,600; Total Variable Remuneration: £1,187,600.",entain_ar_2025,https://www.entaingroup.com/media/by4fdoyj/entain-annual-report-2025.pdf,"=HYPERLINK(""https://www.entaingroup.com/media/by4fdoyj/entain-annual-report-2025.pdf#page=142"",""p.142 of AR"")",2.0,
Entain Plc,ENT LN Equity,Consumer Discretionary,Consumer Services,Hotels Restaurants & Leisure,Casinos & Gaming,3406.9,FY2025,Gavin Isaacs,Chief Executive Officer (CEO),86800.0,GBP,0.0,0.0,5800.0,120700.0,,213300.0,GBP,True,"Served as CEO until 11 February 2025 only, then stepped down by mutual agreement. Figures reflect remuneration for his partial year as CEO. Benefits of £120,700 include relocation/accommodation assistance of £117,397, pro-rated car allowance and private medical insurance. Annual bonus shown as nil (—) in the single figure table; narrative notes eligibility for a pro-rated 2025 bonus, which may reflect timing of disclosure or that the amount was immaterial/not yet determined at time of reporting. Total Fixed Remuneration: £213,300; Total Variable Remuneration: £nil.",entain_ar_2025,https://www.entaingroup.com/media/by4fdoyj/entain-annual-report-2025.pdf,"=HYPERLINK(""https://www.entaingroup.com/media/by4fdoyj/entain-annual-report-2025.pdf#page=142"",""p.142 of AR"")",2.0,
Entain Plc,ENT LN Equity,Consumer Discretionary,Consumer Services,Hotels Restaurants & Leisure,Casinos & Gaming,3406.9,FY2024,Stella David,Chief Executive Officer (CEO),874200.0,GBP,1456000.0,0.0,52500.0,25000.0,,2407700.0,GBP,True,"Per the CEO pay history table, Stella David served as CEO during part of 2024 (role noted in prior year context). Total Fixed Remuneration: £951,700; Total Variable Remuneration: £1,456,000.",entain_ar_2025,https://www.entaingroup.com/media/by4fdoyj/entain-annual-report-2025.pdf,"=HYPERLINK(""https://www.entaingroup.com/media/by4fdoyj/entain-annual-report-2025.pdf#page=140"",""p.140 of AR"")",2.0,
Entain Plc,ENT LN Equity,Consumer Discretionary,Consumer Services,Hotels Restaurants & Leisure,Casinos & Gaming,3406.9,FY2024,Rob Wood,CFO & Deputy CEO,573700.0,GBP,1019000.0,0.0,34400.0,16500.0,,1643600.0,GBP,False,"No pro-rata applies for FY2024. Total Fixed Remuneration: £624,600; Total Variable Remuneration: £1,019,000.",entain_ar_2025,https://www.entaingroup.com/media/by4fdoyj/entain-annual-report-2025.pdf,"=HYPERLINK(""https://www.entaingroup.com/media/by4fdoyj/entain-annual-report-2025.pdf#page=142"",""p.142 of AR"")",2.0,
Entain Plc,ENT LN Equity,Consumer Discretionary,Consumer Services,Hotels Restaurants & Leisure,Casinos & Gaming,3406.9,FY2024,Gavin Isaacs,Chief Executive Officer (CEO),291700.0,GBP,633000.0,0.0,17500.0,58100.0,,1000300.0,GBP,True,"Per the CEO pay history table, Gavin Isaacs served as CEO during part of 2024. Total Fixed Remuneration: £367,300; Total Variable Remuneration: £633,000.",entain_ar_2025,https://www.entaingroup.com/media/by4fdoyj/entain-annual-report-2025.pdf,"=HYPERLINK(""https://www.entaingroup.com/media/by4fdoyj/entain-annual-report-2025.pdf#page=142"",""p.142 of AR"")",2.0,
Experian Plc,EXPN LN Equity,Industrials,Commercial & Professional Services,Professional Services,Research & Consulting Services,23291.0,FY25,Brian Cassin,Chief Executive Officer,1066000.0,GBP,2132000.0,7254000.0,106000.0,22000.0,,10580000.0,GBP,False,,experian_ar_2025,https://www.experianplc.com/content/dam/marketing/global/plc/en/assets/documents/reports/2026/experian-annual-report-2026.pdf,"=HYPERLINK(""https://www.experianplc.com/content/dam/marketing/global/plc/en/assets/documents/reports/2026/experian-annual-report-2026.pdf#page=142"",""p.142 of AR"")",2.0,
Experian Plc,EXPN LN Equity,Industrials,Commercial & Professional Services,Professional Services,Research & Consulting Services,23291.0,FY25,Lloyd Pitchford,Chief Financial Officer,750000.0,GBP,1500000.0,4481000.0,75000.0,26000.0,,6832000.0,GBP,False,,experian_ar_2025,https://www.experianplc.com/content/dam/marketing/global/plc/en/assets/documents/reports/2026/experian-annual-report-2026.pdf,"=HYPERLINK(""https://www.experianplc.com/content/dam/marketing/global/plc/en/assets/documents/reports/2026/experian-annual-report-2026.pdf#page=132"",""p.132 of AR"")",2.0,
Experian Plc,EXPN LN Equity,Industrials,Commercial & Professional Services,Professional Services,Research & Consulting Services,23291.0,FY25,Craig Boundy,Former Executive Director,407000.0,USD,0.0,0.0,0.0,20000.0,,427000.0,USD,True,"Craig Boundy resigned from the Group in July 2024 and left in August 2024. His FY25 single figure reflects remuneration received during the financial year only, including contractual entitlements paid after cessation of employment (accrued leave and company car benefits). He was not entitled to a 2025 annual bonus and his unvested shares lapsed immediately upon departure.",experian_ar_2025,https://www.experianplc.com/content/dam/marketing/global/plc/en/assets/documents/reports/2026/experian-annual-report-2026.pdf,"=HYPERLINK(""https://www.experianplc.com/content/dam/marketing/global/plc/en/assets/documents/reports/2026/experian-annual-report-2026.pdf#page=132"",""p.132 of AR"")",2.0,
Experian Plc,EXPN LN Equity,Industrials,Commercial & Professional Services,Professional Services,Research & Consulting Services,23291.0,FY24,Brian Cassin,Chief Executive Officer,1041000.0,GBP,2030000.0,7385000.0,104000.0,24000.0,,10584000.0,GBP,False,,experian_ar_2025,https://www.experianplc.com/content/dam/marketing/global/plc/en/assets/documents/reports/2026/experian-annual-report-2026.pdf,"=HYPERLINK(""https://www.experianplc.com/content/dam/marketing/global/plc/en/assets/documents/reports/2026/experian-annual-report-2026.pdf#page=132"",""p.132 of AR"")",2.0,
Experian Plc,EXPN LN Equity,Industrials,Commercial & Professional Services,Professional Services,Research & Consulting Services,23291.0,FY24,Lloyd Pitchford,Chief Financial Officer,687000.0,GBP,1339000.0,4559000.0,69000.0,16000.0,,6670000.0,GBP,False,,experian_ar_2025,https://www.experianplc.com/content/dam/marketing/global/plc/en/assets/documents/reports/2026/experian-annual-report-2026.pdf,"=HYPERLINK(""https://www.experianplc.com/content/dam/marketing/global/plc/en/assets/documents/reports/2026/experian-annual-report-2026.pdf#page=132"",""p.132 of AR"")",2.0,
Experian Plc,EXPN LN Equity,Industrials,Commercial & Professional Services,Professional Services,Research & Consulting Services,23291.0,FY24,Craig Boundy,Executive Director,1025000.0,GBP,1991000.0,0.0,0.0,30000.0,,3046000.0,GBP,False,,experian_ar_2025,https://www.experianplc.com/content/dam/marketing/global/plc/en/assets/documents/reports/2026/experian-annual-report-2026.pdf,"=HYPERLINK(""https://www.experianplc.com/content/dam/marketing/global/plc/en/assets/documents/reports/2026/experian-annual-report-2026.pdf#page=132"",""p.132 of AR"")",2.0,
First Group Plc,FGP LN Equity,Industrials,Transportation,Ground Transportation,Rail Transportation,894.0,FY 2025,Graham Sutherland,Chief Executive Officer (CEO),589000.0,GBP,726000.0,1709000.0,29000.0,1000.0,1000.0,3055000.0,GBP,False,Full year service,first_group_ar_2025,https://www.firstgroupplc.com/~/media/Files/F/Firstgroup-Plc/reports-and-presentations/reports/annual-report-2026.pdf,"=HYPERLINK(""https://www.firstgroupplc.com/~/media/Files/F/Firstgroup-Plc/reports-and-presentations/reports/annual-report-2026.pdf#page=98"",""p.98 of AR"")",2.0,
First Group Plc,FGP LN Equity,Industrials,Transportation,Ground Transportation,Rail Transportation,894.0,FY 2025,Ryan Mangold,Chief Financial Officer (CFO),494000.0,GBP,608000.0,1254000.0,74000.0,14000.0,1000.0,2445000.0,GBP,False,Full year service,first_group_ar_2025,https://www.firstgroupplc.com/~/media/Files/F/Firstgroup-Plc/reports-and-presentations/reports/annual-report-2026.pdf,"=HYPERLINK(""https://www.firstgroupplc.com/~/media/Files/F/Firstgroup-Plc/reports-and-presentations/reports/annual-report-2026.pdf#page=98"",""p.98 of AR"")",2.0,
First Group Plc,FGP LN Equity,Industrials,Transportation,Ground Transportation,Rail Transportation,894.0,FY 2024,Graham Sutherland,Chief Executive Officer (CEO),567000.0,GBP,798000.0,0.0,28000.0,1000.0,4000.0,1398000.0,GBP,False,Full year service,first_group_ar_2025,https://www.firstgroupplc.com/~/media/Files/F/Firstgroup-Plc/reports-and-presentations/reports/annual-report-2026.pdf,"=HYPERLINK(""https://www.firstgroupplc.com/~/media/Files/F/Firstgroup-Plc/reports-and-presentations/reports/annual-report-2026.pdf#page=98"",""p.98 of AR"")",2.0,
First Group Plc,FGP LN Equity,Industrials,Transportation,Ground Transportation,Rail Transportation,894.0,FY 2024,Ryan Mangold,Chief Financial Officer (CFO),475000.0,GBP,670000.0,1650000.0,71000.0,14000.0,4000.0,2884000.0,GBP,False,Full year service,first_group_ar_2025,https://www.firstgroupplc.com/~/media/Files/F/Firstgroup-Plc/reports-and-presentations/reports/annual-report-2026.pdf,"=HYPERLINK(""https://www.firstgroupplc.com/~/media/Files/F/Firstgroup-Plc/reports-and-presentations/reports/annual-report-2026.pdf#page=98"",""p.98 of AR"")",2.0,
Frasers Group Plc,FRAS LN Equity,Consumer Discretionary,Consumer Discretionary Distribution & Retail,Specialty Retail,Other Specialty Retail,2920.7,FY25,Michael Murray,Chief Executive Officer,0.0,GBP,0.0,0.0,0.0,0.0,0.0,0.0,GBP,False,"CEO waived his entire salary for FY25 to focus on achieving ESS award targets and align with shareholders' interests. Normal salary would be £1,000,000 per annum.",frasers_group_ar_2025,https://frasers-cms.netlify.app/assets/FG-Annual-Report-2025.pdf,"=HYPERLINK(""https://frasers-cms.netlify.app/assets/FG-Annual-Report-2025.pdf#page=88"",""p.88 of AR"")",2.0,
Frasers Group Plc,FRAS LN Equity,Consumer Discretionary,Consumer Discretionary Distribution & Retail,Specialty Retail,Other Specialty Retail,2920.7,FY25,Chris Wootton,Chief Financial Officer,250000.0,GBP,0.0,0.0,1000.0,0.0,0.0,251000.0,GBP,False,N/A,frasers_group_ar_2025,https://frasers-cms.netlify.app/assets/FG-Annual-Report-2025.pdf,"=HYPERLINK(""https://frasers-cms.netlify.app/assets/FG-Annual-Report-2025.pdf#page=86"",""p.86 of AR"")",2.0,
Frasers Group Plc,FRAS LN Equity,Consumer Discretionary,Consumer Discretionary Distribution & Retail,Specialty Retail,Other Specialty Retail,2920.7,FY25,David Al-Mudallal,Chief Operating Officer,250000.0,GBP,0.0,0.0,1000.0,0.0,0.0,251000.0,GBP,False,"Full year in FY25. Joined the Board on 26 February 2024 (previous year, was pro-rated in FY24).",frasers_group_ar_2025,https://frasers-cms.netlify.app/assets/FG-Annual-Report-2025.pdf,"=HYPERLINK(""https://frasers-cms.netlify.app/assets/FG-Annual-Report-2025.pdf#page=86"",""p.86 of AR"")",2.0,
Frasers Group Plc,FRAS LN Equity,Consumer Discretionary,Consumer Discretionary Distribution & Retail,Specialty Retail,Other Specialty Retail,2920.7,FY25,Ger Wright,Managing Director - Sports (transitioned to Non-Executive Director on 30 November 2024),304000.0,GBP,0.0,0.0,9000.0,0.0,0.0,313000.0,GBP,True,"Transitioned from Managing Director - Sports (Executive Director) to Non-Executive Director on 30 November 2024. Salary includes payment during notice period. Transition payment of €264,500 not included in single figure table.",frasers_group_ar_2025,https://frasers-cms.netlify.app/assets/FG-Annual-Report-2025.pdf,"=HYPERLINK(""https://frasers-cms.netlify.app/assets/FG-Annual-Report-2025.pdf#page=86"",""p.86 of AR"")",2.0,
Frasers Group Plc,FRAS LN Equity,Consumer Discretionary,Consumer Discretionary Distribution & Retail,Specialty Retail,Other Specialty Retail,2920.7,FY24,Michael Murray,Chief Executive Officer,0.0,GBP,0.0,0.0,0.0,0.0,0.0,0.0,GBP,False,"CEO waived his entire salary for FY24. Normal salary would be £1,000,000 per annum.",frasers_group_ar_2025,https://frasers-cms.netlify.app/assets/FG-Annual-Report-2025.pdf,"=HYPERLINK(""https://frasers-cms.netlify.app/assets/FG-Annual-Report-2025.pdf#page=88"",""p.88 of AR"")",2.0,
Frasers Group Plc,FRAS LN Equity,Consumer Discretionary,Consumer Discretionary Distribution & Retail,Specialty Retail,Other Specialty Retail,2920.7,FY24,Chris Wootton,Chief Financial Officer,250000.0,GBP,0.0,0.0,1000.0,0.0,0.0,251000.0,GBP,False,N/A,frasers_group_ar_2025,https://frasers-cms.netlify.app/assets/FG-Annual-Report-2025.pdf,"=HYPERLINK(""https://frasers-cms.netlify.app/assets/FG-Annual-Report-2025.pdf#page=86"",""p.86 of AR"")",2.0,
Frasers Group Plc,FRAS LN Equity,Consumer Discretionary,Consumer Discretionary Distribution & Retail,Specialty Retail,Other Specialty Retail,2920.7,FY24,David Al-Mudallal,Chief Operating Officer,42000.0,GBP,0.0,0.0,0.0,0.0,0.0,42000.0,GBP,True,Joined the Board on 26 February 2024 (part-year service),frasers_group_ar_2025,https://frasers-cms.netlify.app/assets/FG-Annual-Report-2025.pdf,"=HYPERLINK(""https://frasers-cms.netlify.app/assets/FG-Annual-Report-2025.pdf#page=88"",""p.88 of AR"")",2.0,
Frasers Group Plc,FRAS LN Equity,Consumer Discretionary,Consumer Discretionary Distribution & Retail,Specialty Retail,Other Specialty Retail,2920.7,FY24,Ger Wright,Managing Director - Sports,0.0,GBP,11969.0,0.0,0.0,0.0,0.0,11969.0,GBP,False,"Bonus was pro-rated for FY24 performance (€13,879/£11,969)",frasers_group_ar_2025,https://frasers-cms.netlify.app/assets/FG-Annual-Report-2025.pdf,"=HYPERLINK(""https://frasers-cms.netlify.app/assets/FG-Annual-Report-2025.pdf#page=88"",""p.88 of AR"")",2.0,
Fresnillo Plc,FRES LN Equity,Materials,Materials,Metals & Mining,Silver,24575.4,2024,Octavio Alvídrez,Chief Executive Officer,1111000.0,USD,396000.0,0.0,102000.0,157000.0,277000.0,2043000.0,USD,False,Full year service,fresnillo_ar_2024,https://www.fresnilloplc.com/media/jwggz1pk/fresnillo-annual-report-2025-web.pdf,"=HYPERLINK(""https://www.fresnilloplc.com/media/jwggz1pk/fresnillo-annual-report-2025-web.pdf#page=189"",""p.189 of AR"")",2.0,
Fresnillo Plc,FRES LN Equity,Materials,Materials,Metals & Mining,Silver,24575.4,2023,Octavio Alvídrez,Chief Executive Officer,966000.0,USD,0.0,0.0,96000.0,108000.0,200000.0,1370000.0,USD,False,Full year service,fresnillo_ar_2024,https://www.fresnilloplc.com/media/jwggz1pk/fresnillo-annual-report-2025-web.pdf,"=HYPERLINK(""https://www.fresnilloplc.com/media/jwggz1pk/fresnillo-annual-report-2025-web.pdf#page=189"",""p.189 of AR"")",2.0,
Fresnillo Plc,FRES LN Equity,Materials,Materials,Metals & Mining,Silver,24575.4,FY2025,Octavio Alvídrez,Chief Executive Officer,937176.0,USD,468588.0,0.0,,,,2059000.0,USD,False,Served the full year. Note: Fresnillo plc has no formal Executive Directors; the CEO is treated as if he were an Executive Director for remuneration reporting purposes. Full single-figure remuneration table with itemised components (referenced on page 184/187 of the Annual Report) was not reproduced in the available text extract; component-level USD figures above are derived from narrative disclosures. Precise component-level figures should be verified against the full table on page 184/187 of the Annual Report.,fresnillo_ar_2025,https://www.fresnilloplc.com/media/jwggz1pk/fresnillo-annual-report-2025-web.pdf,"=HYPERLINK(""https://www.fresnilloplc.com/media/jwggz1pk/fresnillo-annual-report-2025-web.pdf#page=192"",""p.192 of AR"")",2.0,
Fresnillo Plc,FRES LN Equity,Materials,Materials,Metals & Mining,Silver,24575.4,FY2024,Octavio Alvídrez,Chief Executive Officer,,USD,,0.0,,,,2043000.0,USD,False,Served the full year. Note: Fresnillo plc has no formal Executive Directors; the CEO is treated as if he were an Executive Director for remuneration reporting purposes. Full single-figure remuneration table with itemised components (referenced on page 184/187 of the Annual Report) was not reproduced in the available text extract; component-level USD figures above are derived from narrative disclosures. Precise component-level figures should be verified against the full table on page 184/187 of the Annual Report.,fresnillo_ar_2025,https://www.fresnilloplc.com/media/jwggz1pk/fresnillo-annual-report-2025-web.pdf,"=HYPERLINK(""https://www.fresnilloplc.com/media/jwggz1pk/fresnillo-annual-report-2025-web.pdf#page=192"",""p.192 of AR"")",2.0,
Future Plc,FUTR LN Equity,Communication Services,Media & Entertainment,Media,Publishing,292.3,FY 2024,Jon Steinberg,Chief Executive Officer,725000.0,GBP,475000.0,0.0,36000.0,97000.0,0.0,1333000.0,GBP,False,"Full year service. Salary increased from £700,000 to £730,000 from 1 December 2023 (+4.3%). Benefits include the final balance of relocation allowance (£78,248). Annual bonus based 90% on Adjusted Operating Profit and 10% on Employee Engagement, with outcome of 32.5% of maximum.",future_ar_2024,https://futureplc.com/wp-content/uploads/2025/12/Annual-Report-and-Accounts-FY-2025-incl-Notice-of-AGM.pdf,"=HYPERLINK(""https://futureplc.com/wp-content/uploads/2025/12/Annual-Report-and-Accounts-FY-2025-incl-Notice-of-AGM.pdf#page=98"",""p.98 of AR"")",2.0,
Future Plc,FUTR LN Equity,Communication Services,Media & Entertainment,Media,Publishing,292.3,FY 2024,Sharjeel Suleman,Chief Financial Officer,18000.0,GBP,182000.0,0.0,1000.0,1000.0,385000.0,587000.0,GBP,True,"Appointed as Executive Director on 16 September 2024. Base salary is £420,000 (pro-rated to £18,000 for the period from 16 September 2024).",future_ar_2024,https://futureplc.com/wp-content/uploads/2025/12/Annual-Report-and-Accounts-FY-2025-incl-Notice-of-AGM.pdf,"=HYPERLINK(""https://futureplc.com/wp-content/uploads/2025/12/Annual-Report-and-Accounts-FY-2025-incl-Notice-of-AGM.pdf#page=98"",""p.98 of AR"")",2.0,
Future Plc,FUTR LN Equity,Communication Services,Media & Entertainment,Media,Publishing,292.3,FY 2024,Penny Ladkin-Brand,Former Chief Financial and Strategy Officer,370000.0,GBP,0.0,0.0,19000.0,13000.0,0.0,402000.0,GBP,True,Stepped down from the Board on 28 July 2024. Figures relate to the period 1 October 2023 to 28 July 2024.,future_ar_2024,https://futureplc.com/wp-content/uploads/2025/12/Annual-Report-and-Accounts-FY-2025-incl-Notice-of-AGM.pdf,"=HYPERLINK(""https://futureplc.com/wp-content/uploads/2025/12/Annual-Report-and-Accounts-FY-2025-incl-Notice-of-AGM.pdf#page=98"",""p.98 of AR"")",2.0,
Future Plc,FUTR LN Equity,Communication Services,Media & Entertainment,Media,Publishing,292.3,FY 2023,Jon Steinberg,Chief Executive Officer,350000.0,GBP,0.0,0.0,18000.0,191000.0,0.0,559000.0,GBP,True,Jon Steinberg waived any FY 2023 bonus entitlement. The benefits figure includes relocation allowance.,future_ar_2024,https://futureplc.com/wp-content/uploads/2025/12/Annual-Report-and-Accounts-FY-2025-incl-Notice-of-AGM.pdf,"=HYPERLINK(""https://futureplc.com/wp-content/uploads/2025/12/Annual-Report-and-Accounts-FY-2025-incl-Notice-of-AGM.pdf#page=98"",""p.98 of AR"")",2.0,
Future Plc,FUTR LN Equity,Communication Services,Media & Entertainment,Media,Publishing,292.3,FY 2023,Penny Ladkin-Brand,Chief Financial and Strategy Officer,406000.0,GBP,0.0,0.0,21000.0,15000.0,0.0,442000.0,GBP,False,Full year service,future_ar_2024,https://futureplc.com/wp-content/uploads/2025/12/Annual-Report-and-Accounts-FY-2025-incl-Notice-of-AGM.pdf,"=HYPERLINK(""https://futureplc.com/wp-content/uploads/2025/12/Annual-Report-and-Accounts-FY-2025-incl-Notice-of-AGM.pdf#page=98"",""p.98 of AR"")",2.0,
Future Plc,FUTR LN Equity,Communication Services,Media & Entertainment,Media,Publishing,292.3,FY 2025,Kevin Li Ying,Chief Executive Officer (CEO),290000.0,GBP,0.0,0.0,14000.0,10000.0,0.0,314000.0,GBP,True,"Appointed as CEO on 31 March 2025; figure relates only to his remuneration for the period he served as a Board director (roughly H2 of FY 2025). He also had a separate bonus for his prior below-Board role as EVP of B2C, but both Executive Directors ultimately waived their FY 2025 annual bonus entitlement due to a zero payout under the all-employee profit pool scheme.",future_ar_2025,https://futureplc.com/wp-content/uploads/2025/12/Annual-Report-and-Accounts-FY-2025-incl-Notice-of-AGM.pdf,"=HYPERLINK(""https://futureplc.com/wp-content/uploads/2025/12/Annual-Report-and-Accounts-FY-2025-incl-Notice-of-AGM.pdf#page=103"",""p.103 of AR"")",3.0,109.0
Future Plc,FUTR LN Equity,Communication Services,Media & Entertainment,Media,Publishing,292.3,FY 2025,Sharjeel Suleman,Chief Financial Officer (CFO),420000.0,GBP,0.0,0.0,22000.0,18000.0,0.0,460000.0,GBP,False,N/A — full year served in FY 2025.,future_ar_2025,https://futureplc.com/wp-content/uploads/2025/12/Annual-Report-and-Accounts-FY-2025-incl-Notice-of-AGM.pdf,"=HYPERLINK(""https://futureplc.com/wp-content/uploads/2025/12/Annual-Report-and-Accounts-FY-2025-incl-Notice-of-AGM.pdf#page=103"",""p.103 of AR"")",3.0,109.0
Future Plc,FUTR LN Equity,Communication Services,Media & Entertainment,Media,Publishing,292.3,FY 2025,Jon Steinberg,Former Chief Executive Officer (CEO) — stepped down 30 March 2025,365000.0,GBP,0.0,0.0,18000.0,11000.0,0.0,394000.0,GBP,True,Stepped down from the Board on 30 March 2025; FY 2025 figures relate only to the period 1 October 2024 to 30 March 2025.,future_ar_2025,https://futureplc.com/wp-content/uploads/2025/12/Annual-Report-and-Accounts-FY-2025-incl-Notice-of-AGM.pdf,"=HYPERLINK(""https://futureplc.com/wp-content/uploads/2025/12/Annual-Report-and-Accounts-FY-2025-incl-Notice-of-AGM.pdf#page=103"",""p.103 of AR"")",3.0,109.0
Future Plc,FUTR LN Equity,Communication Services,Media & Entertainment,Media,Publishing,292.3,FY 2024,Kevin Li Ying,N/A (not a Board director in FY 2024),,,,,,,,0.0,GBP,False,"N/A — not a Board director in FY 2024, no remuneration disclosed.",future_ar_2025,https://futureplc.com/wp-content/uploads/2025/12/Annual-Report-and-Accounts-FY-2025-incl-Notice-of-AGM.pdf,"=HYPERLINK(""https://futureplc.com/wp-content/uploads/2025/12/Annual-Report-and-Accounts-FY-2025-incl-Notice-of-AGM.pdf#page=103"",""p.103 of AR"")",3.0,109.0
Future Plc,FUTR LN Equity,Communication Services,Media & Entertainment,Media,Publishing,292.3,FY 2024,Sharjeel Suleman,Chief Financial Officer (CFO),18000.0,GBP,182000.0,0.0,1000.0,1000.0,385000.0,587000.0,GBP,True,"Low salary/benefits/pension figures for FY 2024 indicate he was appointed CFO only shortly before the FY 2024 year-end (30 September 2024), meaning the FY 2024 figures reflect a very short period of service; the annual bonus of £182k appears to relate to his prior role/period, and the £385k 'Other' figure relates to a one-off ITV stock buyout award granted on recruitment.",future_ar_2025,https://futureplc.com/wp-content/uploads/2025/12/Annual-Report-and-Accounts-FY-2025-incl-Notice-of-AGM.pdf,"=HYPERLINK(""https://futureplc.com/wp-content/uploads/2025/12/Annual-Report-and-Accounts-FY-2025-incl-Notice-of-AGM.pdf#page=103"",""p.103 of AR"")",3.0,109.0
Future Plc,FUTR LN Equity,Communication Services,Media & Entertainment,Media,Publishing,292.3,FY 2024,Jon Steinberg,Chief Executive Officer (CEO),725000.0,GBP,475000.0,0.0,36000.0,97000.0,0.0,1333000.0,GBP,False,Full financial year served as CEO in FY 2024.,future_ar_2025,https://futureplc.com/wp-content/uploads/2025/12/Annual-Report-and-Accounts-FY-2025-incl-Notice-of-AGM.pdf,"=HYPERLINK(""https://futureplc.com/wp-content/uploads/2025/12/Annual-Report-and-Accounts-FY-2025-incl-Notice-of-AGM.pdf#page=103"",""p.103 of AR"")",3.0,109.0
Galliford Try Holdings Plc,GFRD LN Equity,Industrials,Capital Goods,Construction & Engineering,Construction & Engineering,531.3,FY2024/25,Bill Hocking,Chief Executive,524000.0,GBP,605000.0,1666000.0,42000.0,7000.0,0.0,2844000.0,GBP,False,Served the full year,galliford_try_holdings_ar_2025,https://www.gallifordtry.co.uk/media/10bmhayx/gallifordtry_ar2025.pdf,"=HYPERLINK(""https://www.gallifordtry.co.uk/media/10bmhayx/gallifordtry_ar2025.pdf#page=117"",""p.117 of AR"")",2.0,
Galliford Try Holdings Plc,GFRD LN Equity,Industrials,Capital Goods,Construction & Engineering,Construction & Engineering,531.3,FY2024/25,Kris Hampson,Chief Financial Officer,320000.0,GBP,305000.0,0.0,21000.0,0.0,36000.0,682000.0,GBP,True,"Appointed 2 September 2024; salary, benefits, pension and bonus are all pro-rated to reflect the period from 2 September 2024 to 30 June 2025",galliford_try_holdings_ar_2025,https://www.gallifordtry.co.uk/media/10bmhayx/gallifordtry_ar2025.pdf,"=HYPERLINK(""https://www.gallifordtry.co.uk/media/10bmhayx/gallifordtry_ar2025.pdf#page=117"",""p.117 of AR"")",2.0,
Galliford Try Holdings Plc,GFRD LN Equity,Industrials,Capital Goods,Construction & Engineering,Construction & Engineering,531.3,FY2023/24,Bill Hocking,Chief Executive,502000.0,GBP,558000.0,845000.0,40000.0,6000.0,0.0,1951000.0,GBP,False,Served the full year,galliford_try_holdings_ar_2025,https://www.gallifordtry.co.uk/media/10bmhayx/gallifordtry_ar2025.pdf,"=HYPERLINK(""https://www.gallifordtry.co.uk/media/10bmhayx/gallifordtry_ar2025.pdf#page=117"",""p.117 of AR"")",2.0,
Galliford Try Holdings Plc,GFRD LN Equity,Industrials,Capital Goods,Construction & Engineering,Construction & Engineering,531.3,FY2023/24,Kris Hampson,Chief Financial Officer,0.0,GBP,0.0,0.0,0.0,0.0,0.0,0.0,GBP,True,Kris Hampson was not a director during FY2023/24; no comparative data available. Joined 2 September 2024.,galliford_try_holdings_ar_2025,https://www.gallifordtry.co.uk/media/10bmhayx/gallifordtry_ar2025.pdf,"=HYPERLINK(""https://www.gallifordtry.co.uk/media/10bmhayx/gallifordtry_ar2025.pdf#page=117"",""p.117 of AR"")",2.0,
Galliford Try Holdings Plc,GFRD LN Equity,Industrials,Capital Goods,Construction & Engineering,Construction & Engineering,531.3,FY2023/24,Andrew Duxbury,Finance Director,370000.0,GBP,0.0,0.0,21000.0,3000.0,0.0,394000.0,GBP,True,Served as Finance Director until resignation on 31 May 2024; remuneration reflects partial year service only,galliford_try_holdings_ar_2025,https://www.gallifordtry.co.uk/media/10bmhayx/gallifordtry_ar2025.pdf,"=HYPERLINK(""https://www.gallifordtry.co.uk/media/10bmhayx/gallifordtry_ar2025.pdf#page=117"",""p.117 of AR"")",2.0,
Games Workshop Group Plc,GAW LN Equity,Consumer Discretionary,Consumer Durables & Apparel,Leisure Products,Leisure Products,6407.3,FY2024/25,Kevin Rountree,Chief Executive Officer,725000.0,GBP,1450000.0,2175000.0,55000.0,0.0,0.0,4405000.0,GBP,False,"Served full year (52 weeks ended 1 June 2025). LTIP represents face value of one-off Restricted Share Award (RSA) granted 23 May 2025 (14,178 shares at £153.40, face value £2,174,905 ≈ £2,175,000), equivalent to 300% of salary. RSA does not vest until 31 December 2027 and is subject to continued employment only with no performance conditions. Annual Bonus Award at 200% of base salary.",games_workshop_group_ar_2024_25,https://assets.ctfassets.net/ost7hseic9hc/3kXsoA4jSOmOj6BLZ7bV7F/c34a5f56769e8be055c19b8e1ccc5526/Accounts_2024-25_FINAL.pdf,"=HYPERLINK(""https://assets.ctfassets.net/ost7hseic9hc/3kXsoA4jSOmOj6BLZ7bV7F/c34a5f56769e8be055c19b8e1ccc5526/Accounts_2024-25_FINAL.pdf#page=53"",""p.53 of AR"")",2.0,
Games Workshop Group Plc,GAW LN Equity,Consumer Discretionary,Consumer Durables & Apparel,Leisure Products,Leisure Products,6407.3,FY2024/25,Rachel Tongue,Group Finance Director (outgoing CFO),145000.0,GBP,216000.0,0.0,12000.0,0.0,0.0,373000.0,GBP,True,"Departed 8 January 2025; served part of the year only. Salary and pension pro-rated to 8 January 2025. Annual Bonus Award at 150% of base salary, pro-rated to 18 September 2024 (reflecting her role as executive director up to the transition point when Liz Harrison joined the board on 18 September 2024, with Rachel Tongue's bonus pro-rated accordingly to that date per footnote clarification).",games_workshop_group_ar_2024_25,https://assets.ctfassets.net/ost7hseic9hc/3kXsoA4jSOmOj6BLZ7bV7F/c34a5f56769e8be055c19b8e1ccc5526/Accounts_2024-25_FINAL.pdf,"=HYPERLINK(""https://assets.ctfassets.net/ost7hseic9hc/3kXsoA4jSOmOj6BLZ7bV7F/c34a5f56769e8be055c19b8e1ccc5526/Accounts_2024-25_FINAL.pdf#page=54"",""p.54 of AR"")",2.0,
Games Workshop Group Plc,GAW LN Equity,Consumer Discretionary,Consumer Durables & Apparel,Leisure Products,Leisure Products,6407.3,FY2024/25,Liz Harrison,Group Finance Director (incoming),275000.0,GBP,278000.0,0.0,21000.0,0.0,0.0,574000.0,GBP,True,"Appointed to the board on 18 September 2024; served part of the year only. Salary, pension and Annual Bonus Award all pro-rated from 18 September 2024. Promoted from within the Group. Full-year salary rate is £390,000. Annual Bonus Award at 100% of base salary, pro-rated from date of appointment.",games_workshop_group_ar_2024_25,https://assets.ctfassets.net/ost7hseic9hc/3kXsoA4jSOmOj6BLZ7bV7F/c34a5f56769e8be055c19b8e1ccc5526/Accounts_2024-25_FINAL.pdf,"=HYPERLINK(""https://assets.ctfassets.net/ost7hseic9hc/3kXsoA4jSOmOj6BLZ7bV7F/c34a5f56769e8be055c19b8e1ccc5526/Accounts_2024-25_FINAL.pdf#page=54"",""p.54 of AR"")",2.0,
Games Workshop Group Plc,GAW LN Equity,Consumer Discretionary,Consumer Durables & Apparel,Leisure Products,Leisure Products,6407.3,FY2023/24,Kevin Rountree,Chief Executive Officer,696000.0,GBP,1044000.0,0.0,53000.0,0.0,7000.0,1800000.0,GBP,False,Served full year (53 weeks ended 2 June 2024). Exceptional Bonus Award at 150% of base salary. No LTIP or share award in prior year.,games_workshop_group_ar_2024_25,https://assets.ctfassets.net/ost7hseic9hc/3kXsoA4jSOmOj6BLZ7bV7F/c34a5f56769e8be055c19b8e1ccc5526/Accounts_2024-25_FINAL.pdf,"=HYPERLINK(""https://assets.ctfassets.net/ost7hseic9hc/3kXsoA4jSOmOj6BLZ7bV7F/c34a5f56769e8be055c19b8e1ccc5526/Accounts_2024-25_FINAL.pdf#page=53"",""p.53 of AR"")",2.0,
Games Workshop Group Plc,GAW LN Equity,Consumer Discretionary,Consumer Durables & Apparel,Leisure Products,Leisure Products,6407.3,FY2023/24,Rachel Tongue,Group Finance Director / CFO,461000.0,GBP,696000.0,0.0,39000.0,0.0,7000.0,1203000.0,GBP,False,Served full year in FY2023/24 (53 weeks ended 2 June 2024). Exceptional Bonus Award at 150% of base salary. No LTIP or share award in prior year.,games_workshop_group_ar_2024_25,https://assets.ctfassets.net/ost7hseic9hc/3kXsoA4jSOmOj6BLZ7bV7F/c34a5f56769e8be055c19b8e1ccc5526/Accounts_2024-25_FINAL.pdf,"=HYPERLINK(""https://assets.ctfassets.net/ost7hseic9hc/3kXsoA4jSOmOj6BLZ7bV7F/c34a5f56769e8be055c19b8e1ccc5526/Accounts_2024-25_FINAL.pdf#page=54"",""p.54 of AR"")",2.0,
Gamma Communications Plc,GAMA LN Equity,Communication Services,Telecommunication Services,Diversified Telecommunication Services,Alternative Carriers,913.1,FY2025,Andrew Belshaw,Chief Executive Officer (CEO),575000.0,GBP,568000.0,202000.0,27000.0,2000.0,,1374000.0,GBP,False,"Served full year. Annual bonus outcome was 65.8% of maximum opportunity; 75% (£426,000) paid in cash and 25% (£142,000) deferred into shares. Pension represents employer contributions of up to 5.1% of salary, in line with the wider UK workforce rate.",gamma_communications_ar_2025,https://gammagroup.co/wp-json/gamma/v1/pdf-reader?pdf=https://gammagroup.co/wp-content/uploads/2026/04/Gamma-Annual-Report-2025-Final-7-April-2026.pdf,"=HYPERLINK(""https://gammagroup.co/wp-json/gamma/v1/pdf-reader?pdf=https://gammagroup.co/wp-content/uploads/2026/04/Gamma-Annual-Report-2025-Final-7-April-2026.pdf#page=105"",""p.105 of AR"")",2.0,
Gamma Communications Plc,GAMA LN Equity,Communication Services,Telecommunication Services,Diversified Telecommunication Services,Alternative Carriers,913.1,FY2025,Bill Castell,Chief Financial Officer (CFO),403000.0,GBP,249000.0,0.0,19000.0,0.0,,671000.0,GBP,False,"Served full year in FY2025. Departure effective 31 March 2026 (impacts 2026 only, not 2025 figures). The nil LTIP value for 2025 reflects that no 2022 LTIP awards vested for Bill Castell in the 2025 single figure (the 2022 LTIP vesting value was included in the restated 2024 figure). A 2025 LTIP award of 175% of salary (54,436 nil-cost options, face value £705,490) was granted during 2025 but is not yet vested and therefore not included in the 2025 single figure. Bill Castell will not be entitled to a bonus or LTIP award for the 2026 financial year. The full bonus of £249,000 was paid in cash with no deferral into shares, consistent with his forthcoming departure. Pension represents employer contributions of up to 5.1% of salary, in line with the wider UK workforce rate.",gamma_communications_ar_2025,https://gammagroup.co/wp-json/gamma/v1/pdf-reader?pdf=https://gammagroup.co/wp-content/uploads/2026/04/Gamma-Annual-Report-2025-Final-7-April-2026.pdf,"=HYPERLINK(""https://gammagroup.co/wp-json/gamma/v1/pdf-reader?pdf=https://gammagroup.co/wp-content/uploads/2026/04/Gamma-Annual-Report-2025-Final-7-April-2026.pdf#page=105"",""p.105 of AR"")",2.0,
Gamma Communications Plc,GAMA LN Equity,Communication Services,Telecommunication Services,Diversified Telecommunication Services,Alternative Carriers,913.1,FY2024,Andrew Belshaw,Chief Executive Officer (CEO),474000.0,GBP,547000.0,262000.0,22000.0,2000.0,,1307000.0,GBP,False,"Served full year. FY2024 figures are restated. The 2024 LTIP value has been restated (reduced by £28,662) to reflect the final vesting level of the 2022 LTIP awards after the TSR performance period completed on 25 April 2025, using the share price at that date of £13.34, compared to the previously estimated average share price of £16.05 over the three months ended 31 December 2024.",gamma_communications_ar_2025,https://gammagroup.co/wp-json/gamma/v1/pdf-reader?pdf=https://gammagroup.co/wp-content/uploads/2026/04/Gamma-Annual-Report-2025-Final-7-April-2026.pdf,"=HYPERLINK(""https://gammagroup.co/wp-json/gamma/v1/pdf-reader?pdf=https://gammagroup.co/wp-content/uploads/2026/04/Gamma-Annual-Report-2025-Final-7-April-2026.pdf#page=105"",""p.105 of AR"")",2.0,
Gamma Communications Plc,GAMA LN Equity,Communication Services,Telecommunication Services,Diversified Telecommunication Services,Alternative Carriers,913.1,FY2024,Bill Castell,Chief Financial Officer (CFO),391000.0,GBP,362000.0,167000.0,19000.0,0.0,,939000.0,GBP,False,"Served full year. FY2024 figures are restated. The 2024 LTIP value has been restated (reduced by £33,275) to reflect the final vesting of the 2022 LTIP awards at the share price of £13.34 on 25 April 2025, after the TSR performance period completed, compared to the previously estimated average share price of £16.05 over the three months ended 31 December 2024.",gamma_communications_ar_2025,https://gammagroup.co/wp-json/gamma/v1/pdf-reader?pdf=https://gammagroup.co/wp-content/uploads/2026/04/Gamma-Annual-Report-2025-Final-7-April-2026.pdf,"=HYPERLINK(""https://gammagroup.co/wp-json/gamma/v1/pdf-reader?pdf=https://gammagroup.co/wp-content/uploads/2026/04/Gamma-Annual-Report-2025-Final-7-April-2026.pdf#page=105"",""p.105 of AR"")",2.0,
Genuit Group Plc,GEN LN Equity,Industrials,Capital Goods,Building Products,Building Products,630.3,2025,Joe Vorih,Chief Executive Officer,614898.0,GBP,358045.0,90000.0,31000.0,67000.0,26000.0,1187220.0,GBP,False,Served full year; CEO since February 2022,genuit_group_ar_2025,https://www.genuitgroup.com/wp-content/uploads/2026/04/Genuit_AR25_Hyperlinked_260413.pdf,"=HYPERLINK(""https://www.genuitgroup.com/wp-content/uploads/2026/04/Genuit_AR25_Hyperlinked_260413.pdf#page=163"",""p.163 of AR"")",3.0,173.0
Genuit Group Plc,GEN LN Equity,Industrials,Capital Goods,Building Products,Building Products,630.3,2025,Tim Pullen,Chief Financial Officer,394000.0,GBP,191396.0,0.0,20000.0,28000.0,0.0,633000.0,GBP,False,Served full year; CFO since November 2023,genuit_group_ar_2025,https://www.genuitgroup.com/wp-content/uploads/2026/04/Genuit_AR25_Hyperlinked_260413.pdf,"=HYPERLINK(""https://www.genuitgroup.com/wp-content/uploads/2026/04/Genuit_AR25_Hyperlinked_260413.pdf#page=163"",""p.163 of AR"")",3.0,173.0
Genuit Group Plc,GEN LN Equity,Industrials,Capital Goods,Building Products,Building Products,630.3,2024,Joe Vorih,Chief Executive Officer,597000.0,GBP,513000.0,26000.0,30000.0,65000.0,125000.0,1356000.0,GBP,False,Served full year; CEO since February 2022,genuit_group_ar_2025,https://www.genuitgroup.com/wp-content/uploads/2026/04/Genuit_AR25_Hyperlinked_260413.pdf,"=HYPERLINK(""https://www.genuitgroup.com/wp-content/uploads/2026/04/Genuit_AR25_Hyperlinked_260413.pdf#page=163"",""p.163 of AR"")",3.0,174.0
Genuit Group Plc,GEN LN Equity,Industrials,Capital Goods,Building Products,Building Products,630.3,2024,Tim Pullen,Chief Financial Officer,383000.0,GBP,274000.0,0.0,21000.0,34000.0,0.0,712000.0,GBP,False,"Served full year — joined Board in November 2023, so FY2024 was his first full year",genuit_group_ar_2025,https://www.genuitgroup.com/wp-content/uploads/2026/04/Genuit_AR25_Hyperlinked_260413.pdf,"=HYPERLINK(""https://www.genuitgroup.com/wp-content/uploads/2026/04/Genuit_AR25_Hyperlinked_260413.pdf#page=163"",""p.163 of AR"")",3.0,174.0
Genus Plc,GNS LN Equity,Health Care,Pharmaceuticals Biotechnology & Life Sciences,Biotechnology,Biotechnology,1595.2,FY25,Jorgen Kokke,Chief Executive Officer,856000.0,USD,1686000.0,0.0,51000.0,39000.0,0.0,2632000.0,USD,False,Served full year in role,genus_ar_2025,https://www.genusplc.com/media/glah32tg/genus-annual-report-2025.pdf,"=HYPERLINK(""https://www.genusplc.com/media/glah32tg/genus-annual-report-2025.pdf#page=105"",""p.105 of AR"")",3.0,209.0
Genus Plc,GNS LN Equity,Health Care,Pharmaceuticals Biotechnology & Life Sciences,Biotechnology,Biotechnology,1595.2,FY25,Alison Henriksen,Former Chief Financial Officer,481000.0,GBP,827000.0,112000.0,29000.0,16000.0,0.0,1465000.0,GBP,True,"Designated 'Former Chief Financial Officer' in the report, indicating she left the role at or shortly after year end; however, no specific departure date or pro-rata adjustment is stated within the provided context for FY25 figures, which appear to represent a full year of service. Title suggests departure post-FY25; no explicit 'appointed/departed' date found in the provided chunks. New CFO (Andy Russell) is referenced for FY26 salary setting (Chunk 244), implying Henriksen's tenure ended around this transition, but this is not confirmed by a single-figure pro-rata note in the audited table.",genus_ar_2025,https://www.genusplc.com/media/glah32tg/genus-annual-report-2025.pdf,"=HYPERLINK(""https://www.genusplc.com/media/glah32tg/genus-annual-report-2025.pdf#page=105"",""p.105 of AR"")",3.0,210.0
Genus Plc,GNS LN Equity,Health Care,Pharmaceuticals Biotechnology & Life Sciences,Biotechnology,Biotechnology,1595.2,FY24,Jorgen Kokke,Chief Executive Officer,825000.0,USD,833000.0,0.0,50000.0,49000.0,0.0,1757000.0,USD,False,Full year in role,genus_ar_2025,https://www.genusplc.com/media/glah32tg/genus-annual-report-2025.pdf,"=HYPERLINK(""https://www.genusplc.com/media/glah32tg/genus-annual-report-2025.pdf#page=105"",""p.105 of AR"")",3.0,209.0
Genus Plc,GNS LN Equity,Health Care,Pharmaceuticals Biotechnology & Life Sciences,Biotechnology,Biotechnology,1595.2,FY24,Alison Henriksen,Chief Financial Officer,481000.0,GBP,425000.0,0.0,29000.0,14000.0,0.0,949000.0,GBP,False,Full year in role,genus_ar_2025,https://www.genusplc.com/media/glah32tg/genus-annual-report-2025.pdf,"=HYPERLINK(""https://www.genusplc.com/media/glah32tg/genus-annual-report-2025.pdf#page=105"",""p.105 of AR"")",3.0,210.0
Glencore Plc,GLEN LN Equity,Materials,Materials,Metals & Mining,Diversified Metals & Mining,67281.5,FY2025,Gary Nagle,Chief Executive Officer,2000000.0,USD,0.0,5324000.0,135000.0,16000.0,0.0,7475000.0,USD,False,Served the full year (year ended 31 December 2025),glencore_ar_2025,https://www.glencore.com/.rest/api/v1/documents/static/9b103e11-72e7-40bf-ae7c-eabe57361522/GLEN-2025-Annual-Report.pdf,"=HYPERLINK(""https://www.glencore.com/.rest/api/v1/documents/static/9b103e11-72e7-40bf-ae7c-eabe57361522/GLEN-2025-Annual-Report.pdf#page=110"",""p.110 of AR"")",2.0,
Glencore Plc,GLEN LN Equity,Materials,Materials,Metals & Mining,Diversified Metals & Mining,67281.5,FY2024,Gary Nagle,Chief Executive Officer,2000000.0,USD,0.0,3116000.0,134000.0,15000.0,0.0,5265000.0,USD,False,Served the full year (year ended 31 December 2024),glencore_ar_2025,https://www.glencore.com/.rest/api/v1/documents/static/9b103e11-72e7-40bf-ae7c-eabe57361522/GLEN-2025-Annual-Report.pdf,"=HYPERLINK(""https://www.glencore.com/.rest/api/v1/documents/static/9b103e11-72e7-40bf-ae7c-eabe57361522/GLEN-2025-Annual-Report.pdf#page=110"",""p.110 of AR"")",2.0,
Grafton Group Plc,GFTU LN Equity,,,,,1601.6,FY2025,E. Born,Chief Executive Officer,797000.0,GBP,784000.0,467000.0,72000.0,21000.0,,2141000.0,GBP,False,Served full year,grafton_group_ar_2025,https://www.graftonplc.com/~/media/Files/G/Grafton-Group/2025%20FULL%20YEAR%20RESULTS%20march%202026/Grafton-Annual-Report-2025.pdf,"=HYPERLINK(""https://www.graftonplc.com/~/media/Files/G/Grafton-Group/2025%20FULL%20YEAR%20RESULTS%20march%202026/Grafton-Annual-Report-2025.pdf#page=102"",""p.102 of AR"")",2.0,
Grafton Group Plc,GFTU LN Equity,,,,,1601.6,FY2025,D. Arnold,Chief Financial Officer,485000.0,GBP,477000.0,249000.0,44000.0,24000.0,,1279000.0,GBP,False,Served full year,grafton_group_ar_2025,https://www.graftonplc.com/~/media/Files/G/Grafton-Group/2025%20FULL%20YEAR%20RESULTS%20march%202026/Grafton-Annual-Report-2025.pdf,"=HYPERLINK(""https://www.graftonplc.com/~/media/Files/G/Grafton-Group/2025%20FULL%20YEAR%20RESULTS%20march%202026/Grafton-Annual-Report-2025.pdf#page=102"",""p.102 of AR"")",2.0,
Grafton Group Plc,GFTU LN Equity,,,,,1601.6,FY2024,E. Born,Chief Executive Officer,770000.0,GBP,741000.0,44000.0,69000.0,25000.0,,1649000.0,GBP,False,"Served full year. LTIP value updated from originally disclosed £46,000 to reflect actual vesting share price of £8.622.",grafton_group_ar_2025,https://www.graftonplc.com/~/media/Files/G/Grafton-Group/2025%20FULL%20YEAR%20RESULTS%20march%202026/Grafton-Annual-Report-2025.pdf,"=HYPERLINK(""https://www.graftonplc.com/~/media/Files/G/Grafton-Group/2025%20FULL%20YEAR%20RESULTS%20march%202026/Grafton-Annual-Report-2025.pdf#page=102"",""p.102 of AR"")",2.0,
Grafton Group Plc,GFTU LN Equity,,,,,1601.6,FY2024,D. Arnold,Chief Financial Officer,468000.0,GBP,376000.0,82000.0,42000.0,22000.0,,990000.0,GBP,False,"Served full year. LTIP value updated from originally disclosed £94,000 to reflect actual vesting share price of £9.3455.",grafton_group_ar_2025,https://www.graftonplc.com/~/media/Files/G/Grafton-Group/2025%20FULL%20YEAR%20RESULTS%20march%202026/Grafton-Annual-Report-2025.pdf,"=HYPERLINK(""https://www.graftonplc.com/~/media/Files/G/Grafton-Group/2025%20FULL%20YEAR%20RESULTS%20march%202026/Grafton-Annual-Report-2025.pdf#page=102"",""p.102 of AR"")",2.0,
Grainger Plc,GROW LN Equity,Financials,Financial Services,Capital Markets,Asset Management & Custody Banks,1011.8,FY25,Helen Gordon,Chief Executive Officer (CEO),607000.0,GBP,691000.0,582000.0,61000.0,20000.0,2000.0,1963000.0,GBP,False,"Served full year. Note: From 1 January 2025, salary increased by 3% to £611,685; single figure reflects blended salary of £607,000 paid across the full financial year. LTIP value is estimated; award granted 12 December 2022 due to vest 11 December 2025 at 66.7% based on relative TSR, TPIR, and Secured PRS Investment targets over three years ended 30 September 2025. Annual bonus: 25% deferred into shares for three years. Total Fixed Remuneration: £690,000; Total Variable Remuneration: £1,273,000.",grainger_ar_2025,https://corporate.graingerplc.co.uk/sites/graingerplc-corp/files/2025-11/Grainger_AR25.pdf,"=HYPERLINK(""https://corporate.graingerplc.co.uk/sites/graingerplc-corp/files/2025-11/Grainger_AR25.pdf#page=112"",""p.112 of AR"")",2.0,
Grainger Plc,GROW LN Equity,Financials,Financial Services,Capital Markets,Asset Management & Custody Banks,1011.8,FY25,Rob Hudson,Chief Financial Officer (CFO),473000.0,GBP,539000.0,416000.0,47000.0,17000.0,2000.0,1494000.0,GBP,False,"Served full year. Note: From 1 January 2025, salary increased by 3% to £477,203; single figure reflects blended salary of £473,000 paid across the full financial year. LTIP value is estimated; award granted 12 December 2022 due to vest 11 December 2025 at 66.7% based on relative TSR, TPIR, and Secured PRS Investment targets over three years ended 30 September 2025. Annual bonus: 25% deferred into shares for three years. Total Fixed Remuneration: £539,000; Total Variable Remuneration: £955,000.",grainger_ar_2025,https://corporate.graingerplc.co.uk/sites/graingerplc-corp/files/2025-11/Grainger_AR25.pdf,"=HYPERLINK(""https://corporate.graingerplc.co.uk/sites/graingerplc-corp/files/2025-11/Grainger_AR25.pdf#page=112"",""p.112 of AR"")",2.0,
Grainger Plc,GROW LN Equity,Financials,Financial Services,Capital Markets,Asset Management & Custody Banks,1011.8,FY24,Helen Gordon,Chief Executive Officer (CEO),583000.0,GBP,808000.0,359000.0,58000.0,16000.0,2000.0,1826000.0,GBP,False,"Served full year. Note: From 1 January 2024, salary increased by 6% to £591,000; single figure reflects blended salary of £583,000 paid across the full financial year. LTIP value restated to reflect actual share price at vesting date of 226.5p on 15 December 2024, including dividend equivalents; 44.7% of December 2021 award vested (consistent with prior estimate but updated for actual share price and accrued dividend equivalents). Annual bonus: 25% deferred into shares for three years. Total Fixed Remuneration: £659,000; Total Variable Remuneration: £1,167,000.",grainger_ar_2025,https://corporate.graingerplc.co.uk/sites/graingerplc-corp/files/2025-11/Grainger_AR25.pdf,"=HYPERLINK(""https://corporate.graingerplc.co.uk/sites/graingerplc-corp/files/2025-11/Grainger_AR25.pdf#page=112"",""p.112 of AR"")",2.0,
Grainger Plc,GROW LN Equity,Financials,Financial Services,Capital Markets,Asset Management & Custody Banks,1011.8,FY24,Rob Hudson,Chief Financial Officer (CFO),456000.0,GBP,631000.0,257000.0,46000.0,16000.0,2000.0,1408000.0,GBP,False,"Served full year. Note: From 1 January 2024, salary increased by 5% to £461,066; single figure reflects blended salary of £456,000 paid across the full financial year. LTIP value restated to reflect actual share price at vesting date of 226.5p on 15 December 2024, including dividend equivalents; 44.7% of December 2021 award vested (consistent with prior estimate but updated for actual share price and accrued dividend equivalents). Annual bonus: 25% deferred into shares for three years. Total Fixed Remuneration: £519,000; Total Variable Remuneration: £889,000.",grainger_ar_2025,https://corporate.graingerplc.co.uk/sites/graingerplc-corp/files/2025-11/Grainger_AR25.pdf,"=HYPERLINK(""https://corporate.graingerplc.co.uk/sites/graingerplc-corp/files/2025-11/Grainger_AR25.pdf#page=112"",""p.112 of AR"")",2.0,
Great Portland Estates Plc,GPE LN Equity,,,,,1203.8,FY3/2025,Toby Courtauld,Chief Executive Officer (CEO),692000.0,GBP,678000.0,0.0,104000.0,20000.0,4000.0,1498000.0,GBP,False,"Full year service in FY3/2025 (year ended 31 March 2025). Pension of £104,000 represents 15% of base salary, received as pension allowance. Annual Bonus of £678,000 represents 65.3% of maximum opportunity of 150% of salary; 40% of this amount deferred into shares for 3 years under DSBP. 2022 LTIP awards estimated at nil vesting as at 20 May 2025; both Relative TSR and Absolute TAR measures estimated to be below threshold (0% vesting), with awards due to vest on 27 May 2025. Annual Bonus figure is estimated as at 20 May 2025, with the relative TAR measure still to be confirmed following publication of results by comparator companies.",great_portland_estates_ar_2025,https://www.gpe.co.uk/media/ui4li53f/gpe_annual_report_2026.pdf?v=1dceee5e3f6dc40,"=HYPERLINK(""https://www.gpe.co.uk/media/ui4li53f/gpe_annual_report_2026.pdf?v=1dceee5e3f6dc40#page=134"",""p.134 of AR"")",2.0,
Great Portland Estates Plc,GPE LN Equity,,,,,1203.8,FY3/2025,Nick Sanderson,Chief Financial & Operating Officer (CF&OO),476000.0,GBP,462000.0,0.0,71000.0,19000.0,4000.0,1032000.0,GBP,False,"Full year service in FY3/2025 (year ended 31 March 2025). Pension of £71,000 represents 15% of base salary, received as pension allowance. Annual Bonus of £462,000 represents 64.6% of maximum opportunity of 150% of salary; 40% of this amount deferred into shares for 3 years under DSBP. 2022 LTIP awards estimated at nil vesting as at 20 May 2025; both Relative TSR and Absolute TAR measures estimated to be below threshold (0% vesting), with awards due to vest on 27 May 2025. Annual Bonus figure is estimated as at 20 May 2025, with the relative TAR measure still to be confirmed following publication of results by comparator companies.",great_portland_estates_ar_2025,https://www.gpe.co.uk/media/ui4li53f/gpe_annual_report_2026.pdf?v=1dceee5e3f6dc40,"=HYPERLINK(""https://www.gpe.co.uk/media/ui4li53f/gpe_annual_report_2026.pdf?v=1dceee5e3f6dc40#page=134"",""p.134 of AR"")",2.0,
Great Portland Estates Plc,GPE LN Equity,,,,,1203.8,FY3/2025,Dan Nicholson,Executive Director (ED),388000.0,GBP,376000.0,0.0,58000.0,10000.0,4000.0,836000.0,GBP,False,"Full year service in FY3/2025 (year ended 31 March 2025). Pension of £58,000 represents 15% of base salary in aggregate; received as a mix of employer pension contributions and pension allowance, with £10,000 paid into a registered pension. Annual Bonus of £376,000 represents 64.6% of maximum opportunity of 150% of salary; 40% of this amount deferred into shares for 3 years under DSBP. 2022 LTIP awards estimated at nil vesting as at 20 May 2025; both Relative TSR and Absolute TAR measures estimated to be below threshold (0% vesting), with awards due to vest on 27 May 2025. Annual Bonus figure is estimated as at 20 May 2025, with the relative TAR measure still to be confirmed following publication of results by comparator companies.",great_portland_estates_ar_2025,https://www.gpe.co.uk/media/ui4li53f/gpe_annual_report_2026.pdf?v=1dceee5e3f6dc40,"=HYPERLINK(""https://www.gpe.co.uk/media/ui4li53f/gpe_annual_report_2026.pdf?v=1dceee5e3f6dc40#page=134"",""p.134 of AR"")",2.0,
Great Portland Estates Plc,GPE LN Equity,,,,,1203.8,FY3/2024,Toby Courtauld,Chief Executive Officer (CEO),679000.0,GBP,653000.0,0.0,102000.0,18000.0,4000.0,1456000.0,GBP,False,"Full year service in FY3/2024 (year ended 31 March 2024). Pension of £102,000 represents 15% of base salary. 2021 LTIP vesting confirmed at nil.",great_portland_estates_ar_2025,https://www.gpe.co.uk/media/ui4li53f/gpe_annual_report_2026.pdf?v=1dceee5e3f6dc40,"=HYPERLINK(""https://www.gpe.co.uk/media/ui4li53f/gpe_annual_report_2026.pdf?v=1dceee5e3f6dc40#page=134"",""p.134 of AR"")",2.0,
Great Portland Estates Plc,GPE LN Equity,,,,,1203.8,FY3/2024,Nick Sanderson,Chief Financial & Operating Officer (CF&OO),467000.0,GBP,449000.0,0.0,70000.0,19000.0,4000.0,1009000.0,GBP,False,"Full year service in FY3/2024 (year ended 31 March 2024). Pension of £70,000 represents 15% of base salary. 2021 LTIP vesting confirmed at nil.",great_portland_estates_ar_2025,https://www.gpe.co.uk/media/ui4li53f/gpe_annual_report_2026.pdf?v=1dceee5e3f6dc40,"=HYPERLINK(""https://www.gpe.co.uk/media/ui4li53f/gpe_annual_report_2026.pdf?v=1dceee5e3f6dc40#page=134"",""p.134 of AR"")",2.0,
Great Portland Estates Plc,GPE LN Equity,,,,,1203.8,FY3/2024,Dan Nicholson,Executive Director (ED),380000.0,GBP,363000.0,0.0,57000.0,8000.0,4000.0,812000.0,GBP,False,"Full year service in FY3/2024 (year ended 31 March 2024). Pension of £57,000 represents 15% of base salary. 2021 LTIP vesting confirmed at nil.",great_portland_estates_ar_2025,https://www.gpe.co.uk/media/ui4li53f/gpe_annual_report_2026.pdf?v=1dceee5e3f6dc40,"=HYPERLINK(""https://www.gpe.co.uk/media/ui4li53f/gpe_annual_report_2026.pdf?v=1dceee5e3f6dc40#page=134"",""p.134 of AR"")",2.0,
Greencore Group Plc,GNC LN Equity,Consumer Staples,Food Beverage & Tobacco,Food Products,Packaged Foods & Meats,1859.9,FY25,Dalton Philips,Chief Executive Officer (CEO),748000.0,EUR,1094000.0,4539000.0,60000.0,55000.0,,6496000.0,EUR,False,Served full year in FY25,greencore_group_ar_2025,https://www.greencore.com/app/uploads/2025/11/49554-Greencore-Annual-Report-2025_WEB.pdf,"=HYPERLINK(""https://www.greencore.com/app/uploads/2025/11/49554-Greencore-Annual-Report-2025_WEB.pdf#page=115"",""p.115 of AR"")",2.0,
Greencore Group Plc,GNC LN Equity,Consumer Staples,Food Beverage & Tobacco,Food Products,Packaged Foods & Meats,1859.9,FY25,Catherine Gubbins,Chief Financial Officer (CFO),413000.0,EUR,484000.0,0.0,33000.0,33000.0,,963000.0,EUR,False,Served full year in FY25,greencore_group_ar_2025,https://www.greencore.com/app/uploads/2025/11/49554-Greencore-Annual-Report-2025_WEB.pdf,"=HYPERLINK(""https://www.greencore.com/app/uploads/2025/11/49554-Greencore-Annual-Report-2025_WEB.pdf#page=119"",""p.119 of AR"")",2.0,
Greencore Group Plc,GNC LN Equity,Consumer Staples,Food Beverage & Tobacco,Food Products,Packaged Foods & Meats,1859.9,FY24,Dalton Philips,Chief Executive Officer (CEO),725000.0,EUR,1040000.0,0.0,58000.0,54000.0,,1877000.0,EUR,False,Served full year in FY24,greencore_group_ar_2025,https://www.greencore.com/app/uploads/2025/11/49554-Greencore-Annual-Report-2025_WEB.pdf,"=HYPERLINK(""https://www.greencore.com/app/uploads/2025/11/49554-Greencore-Annual-Report-2025_WEB.pdf#page=115"",""p.115 of AR"")",2.0,
Greencore Group Plc,GNC LN Equity,Consumer Staples,Food Beverage & Tobacco,Food Products,Packaged Foods & Meats,1859.9,FY24,Catherine Gubbins,Chief Financial Officer (CFO),261000.0,EUR,300000.0,0.0,21000.0,61000.0,,643000.0,EUR,True,"Appointed as Executive Director and CFO on 6 February 2024; FY24 remuneration covers the period 6 February 2024 to 27 September 2024 only. Annual bonus figures corrected from prior year report due to administrative error in pro-rated bonus calculation; additional deferred shares owed will be awarded in December 2025, calculated by reference to the share price at the time they should have been awarded in December 2024, with vesting aligned to original DBP award date of 9 December 2027. Higher benefits in FY24 likely reflect relocation/onboarding costs.",greencore_group_ar_2025,https://www.greencore.com/app/uploads/2025/11/49554-Greencore-Annual-Report-2025_WEB.pdf,"=HYPERLINK(""https://www.greencore.com/app/uploads/2025/11/49554-Greencore-Annual-Report-2025_WEB.pdf#page=115"",""p.115 of AR"")",2.0,
Greggs Plc,GRG LN Equity,Consumer Discretionary,Consumer Services,Hotels Restaurants & Leisure,Restaurants,1730.2,FY2024,Roisin Currie,Chief Executive,652080.0,GBP,432003.0,670273.0,37912.0,18703.0,,1810971.0,GBP,False,Served full year,greggs_ar_2024,https://assets.greggs.com/f/162306/x/b1b0408bb2/greggs-ar25-interactive.pdf,"=HYPERLINK(""https://assets.greggs.com/f/162306/x/b1b0408bb2/greggs-ar25-interactive.pdf#page=113"",""p.113 of AR"")",2.0,
Greggs Plc,GRG LN Equity,Consumer Discretionary,Consumer Services,Hotels Restaurants & Leisure,Restaurants,1730.2,FY2024,Richard Hutton,Chief Financial Officer,427438.0,GBP,283178.0,439361.0,24434.0,12314.0,0.0,1186725.0,GBP,False,Served full year,greggs_ar_2024,https://assets.greggs.com/f/162306/x/b1b0408bb2/greggs-ar25-interactive.pdf,"=HYPERLINK(""https://assets.greggs.com/f/162306/x/b1b0408bb2/greggs-ar25-interactive.pdf#page=113"",""p.113 of AR"")",2.0,
Greggs Plc,GRG LN Equity,Consumer Discretionary,Consumer Services,Hotels Restaurants & Leisure,Restaurants,1730.2,FY2023,Roisin Currie,Chief Executive,624000.0,GBP,661785.0,424056.0,23747.0,24771.0,,1758359.0,GBP,False,"Served full year. Note: PSP (LTIP) figure is footnoted with a superscript 2 in the source report, suggesting a possible restatement or adjustment; specific footnote detail not fully disclosed in extracted text.",greggs_ar_2024,https://assets.greggs.com/f/162306/x/b1b0408bb2/greggs-ar25-interactive.pdf,"=HYPERLINK(""https://assets.greggs.com/f/162306/x/b1b0408bb2/greggs-ar25-interactive.pdf#page=113"",""p.113 of AR"")",2.0,
Greggs Plc,GRG LN Equity,Consumer Discretionary,Consumer Services,Hotels Restaurants & Leisure,Restaurants,1730.2,FY2023,Richard Hutton,Chief Financial Officer,409032.0,GBP,433800.0,577358.0,15149.0,12307.0,0.0,1447646.0,GBP,False,"Served full year. Note: PSP (LTIP) figure is footnoted with a superscript 2 in the source report, suggesting a possible restatement or adjustment; specific footnote detail not fully disclosed in extracted text.",greggs_ar_2024,https://assets.greggs.com/f/162306/x/b1b0408bb2/greggs-ar25-interactive.pdf,"=HYPERLINK(""https://assets.greggs.com/f/162306/x/b1b0408bb2/greggs-ar25-interactive.pdf#page=113"",""p.113 of AR"")",2.0,
GSK Plc,GSK LN Equity,Health Care,Pharmaceuticals Biotechnology & Life Sciences,Pharmaceuticals,Pharmaceuticals,74779.8,FY2025,Emma Walmsley,Outgoing Chief Executive Officer (CEO),1431000.0,GBP,3520000.0,10045000.0,102000.0,583000.0,0.0,15681000.0,GBP,False,"N/A for FY2025; stepping down as CEO effective for 2026, replaced by Luke Miels",gsk_ar_2025,https://www.gsk.com/media/kn0bknmd/annual-report-2025.pdf,"=HYPERLINK(""https://www.gsk.com/media/kn0bknmd/annual-report-2025.pdf#page=149"",""p.149 of AR"")",3.0,120.0
GSK Plc,GSK LN Equity,Health Care,Pharmaceuticals Biotechnology & Life Sciences,Pharmaceuticals,Pharmaceuticals,74779.8,FY2025,Julie Brown,Chief Financial Officer (CFO),1023000.0,GBP,2209000.0,5237000.0,72000.0,101000.0,1088000.0,9730000.0,GBP,False,Full year served as CFO in 2025,gsk_ar_2025,https://www.gsk.com/media/kn0bknmd/annual-report-2025.pdf,"=HYPERLINK(""https://www.gsk.com/media/kn0bknmd/annual-report-2025.pdf#page=149"",""p.149 of AR"")",3.0,120.0
GSK Plc,GSK LN Equity,Health Care,Pharmaceuticals Biotechnology & Life Sciences,Pharmaceuticals,Pharmaceuticals,74779.8,FY2024,Emma Walmsley,CEO,1363000.0,GBP,2855000.0,6063000.0,98000.0,180000.0,0.0,10559000.0,GBP,False,N/A,gsk_ar_2025,https://www.gsk.com/media/kn0bknmd/annual-report-2025.pdf,"=HYPERLINK(""https://www.gsk.com/media/kn0bknmd/annual-report-2025.pdf#page=149"",""p.149 of AR"")",3.0,120.0
GSK Plc,GSK LN Equity,Health Care,Pharmaceuticals Biotechnology & Life Sciences,Pharmaceuticals,Pharmaceuticals,74779.8,FY2024,Julie Brown,CFO,990000.0,GBP,1955000.0,0.0,69000.0,64000.0,1088000.0,4166000.0,GBP,False,"N/A for 2024; for reference, Julie Brown joined GSK on 3 April 2023, and her 2023 base salary was pro-rated (not shown in this table)",gsk_ar_2025,https://www.gsk.com/media/kn0bknmd/annual-report-2025.pdf,"=HYPERLINK(""https://www.gsk.com/media/kn0bknmd/annual-report-2025.pdf#page=149"",""p.149 of AR"")",3.0,120.0
Haleon Plc,HLN LN Equity,Health Care,Pharmaceuticals Biotechnology & Life Sciences,Pharmaceuticals,Pharmaceuticals,29517.5,FY2025,Brian McNamara,Chief Executive Officer,1341000.0,GBP,1290000.0,5370000.0,94000.0,135000.0,0.0,8230000.0,GBP,False,"Served full year in FY2025. Annual Bonus (AIP) includes both cash (50%) and deferred share (50%) portions; AIP outcome was 47.7% of maximum. LTIP (PSP) relates to 2023-25 PSP awards vesting March 2026, valued using average share price of £3.59 over last three months of 2025; vesting at 82% of maximum.",haleon_ar_2025,https://www.haleon.com/content/dam/haleon/corporate/documents/investors/oar-2025/Annual-Report-and-Form-20-F-2025.pdf.downloadasset.pdf,"=HYPERLINK(""https://www.haleon.com/content/dam/haleon/corporate/documents/investors/oar-2025/Annual-Report-and-Form-20-F-2025.pdf.downloadasset.pdf#page=95"",""p.95 of AR"")",2.0,
Haleon Plc,HLN LN Equity,Health Care,Pharmaceuticals Biotechnology & Life Sciences,Pharmaceuticals,Pharmaceuticals,29517.5,FY2025,Dawn Allen,Chief Financial Officer,749000.0,GBP,709000.0,0.0,52000.0,33000.0,1513000.0,3056000.0,GBP,False,"Served full year in FY2025. Note: Dawn Allen was appointed 28 October 2024, so FY2024 figures are pro-rata. Annual Bonus (AIP) includes both cash (50%) and deferred share (50%) portions; AIP outcome was 46.9% of maximum.",haleon_ar_2025,https://www.haleon.com/content/dam/haleon/corporate/documents/investors/oar-2025/Annual-Report-and-Form-20-F-2025.pdf.downloadasset.pdf,"=HYPERLINK(""https://www.haleon.com/content/dam/haleon/corporate/documents/investors/oar-2025/Annual-Report-and-Form-20-F-2025.pdf.downloadasset.pdf#page=95"",""p.95 of AR"")",2.0,
Haleon Plc,HLN LN Equity,Health Care,Pharmaceuticals Biotechnology & Life Sciences,Pharmaceuticals,Pharmaceuticals,29517.5,FY2024,Brian McNamara,Chief Executive Officer,1292000.0,GBP,1520000.0,6208000.0,90000.0,122000.0,0.0,9232000.0,GBP,False,"Served full year in FY2024. Annual Bonus (AIP) outcome was 58% of maximum. LTIP (PSP) relates to 2022-24 PSP awards vested March 2025; restated to actual vesting share price of £3.87 including accumulated dividends; vesting at 76% of maximum; share price appreciation above grant value of £1,750,613 included.",haleon_ar_2025,https://www.haleon.com/content/dam/haleon/corporate/documents/investors/oar-2025/Annual-Report-and-Form-20-F-2025.pdf.downloadasset.pdf,"=HYPERLINK(""https://www.haleon.com/content/dam/haleon/corporate/documents/investors/oar-2025/Annual-Report-and-Form-20-F-2025.pdf.downloadasset.pdf#page=95"",""p.95 of AR"")",2.0,
Haleon Plc,HLN LN Equity,Health Care,Pharmaceuticals Biotechnology & Life Sciences,Pharmaceuticals,Pharmaceuticals,29517.5,FY2024,Dawn Allen,Chief Financial Officer,133000.0,GBP,150000.0,0.0,9000.0,15000.0,2127000.0,2434000.0,GBP,True,Appointed 28 October 2024; figures represent the period 28 October – 31 December 2024 only.,haleon_ar_2025,https://www.haleon.com/content/dam/haleon/corporate/documents/investors/oar-2025/Annual-Report-and-Form-20-F-2025.pdf.downloadasset.pdf,"=HYPERLINK(""https://www.haleon.com/content/dam/haleon/corporate/documents/investors/oar-2025/Annual-Report-and-Form-20-F-2025.pdf.downloadasset.pdf#page=95"",""p.95 of AR"")",2.0,
Halma,,,,,,,FY2025,Marc Ronchetti,Group Chief Executive,940500.0,GBP,1786950.0,2224800.0,98753.0,0.0,0.0,5056000.0,GBP,False,Served full year as Group Chief Executive,halma_ar_2024_25,,,,
Halma,,,,,,,FY2025,Steve Gunning,Former Chief Financial Officer (stepped down from Board 31 March 2025; retiring 7 January 2026),618000.0,GBP,1056780.0,0.0,64890.0,0.0,0.0,1768000.0,GBP,True,Steve Gunning stepped down from the Board on 31 March 2025 (last day of the financial year) and will retire on 7 January 2026. He served the full FY2025 year as CFO but received no LTIP vesting in FY2025. His outstanding ESP awards will be time pro-rated to his Retirement Date and vest subject to performance at their normal vesting date. He will not receive an ESP award in June 2025 and will not receive a bonus for FY2026.,halma_ar_2024_25,,,,
Halma,,,,,,,FY2025,Carole Cran,Chief Financial Officer (appointed CFO Designate 8 January 2025; previously Non-Executive Director),140600.0,GBP,264195.0,0.0,14763.0,0.0,76000.0,437000.0,GBP,True,"Carole Cran was a Non-Executive Director until 7 January 2025, when she became CFO Designate on 8 January 2025 (approximately the final 83 days of FY2025). Her executive remuneration (salary, pension, bonus) is pro-rated from 8 January 2025 to 31 March 2025. Her NED fees of £76,000 for the earlier part of FY2025 are reported separately in the Non-Executive Director remuneration table. The total of £437,000 reflects her part-year executive remuneration only.",halma_ar_2024_25,,,,
Halma,,,,,,,FY2025,Jennifer Ward,"Chief Talent, Culture and Communications Executive",488020.0,GBP,834514.0,1147500.0,51242.0,0.0,0.0,2550000.0,GBP,False,"Served full year as Chief Talent, Culture and Communications Executive",halma_ar_2024_25,,,,
Halma,,,,,,,FY2024,Marc Ronchetti,Group Chief Executive,904327.0,GBP,1710000.0,1011600.0,94954.0,0.0,0.0,3748000.0,GBP,False,Served full year as Group Chief Executive,halma_ar_2024_25,,,,
Halma,,,,,,,FY2024,Steve Gunning,Chief Financial Officer,606000.0,GBP,1026000.0,0.0,63630.0,0.0,0.0,1720000.0,GBP,False,Served full year as Chief Financial Officer,halma_ar_2024_25,,,,
Halma,,,,,,,FY2024,Jennifer Ward,"Chief Talent, Culture and Communications Executive",473806.0,GBP,810000.0,660000.0,49750.0,0.0,0.0,2000000.0,GBP,False,"Served full year as Chief Talent, Culture and Communications Executive",halma_ar_2024_25,,,,
Hammerson Plc,HMSO LN Equity,,,,,1681.7,FY2025,Rita-Rose Gagné,Chief Executive Officer,758000.0,GBP,1494000.0,813000.0,76000.0,92000.0,0.0,3233000.0,GBP,False,Served full year,hammerson_ar_2025,https://www.hammerson.com/sites/hammerson-corp/files/2026-03/hammerson-plc-annual-report-2025.pdf,"=HYPERLINK(""https://www.hammerson.com/sites/hammerson-corp/files/2026-03/hammerson-plc-annual-report-2025.pdf#page=68"",""p.68 of AR"")",2.0,
Hammerson Plc,HMSO LN Equity,,,,,1681.7,FY2025,Rob Wilkinson,Chief Executive-Designate (appointed Director 15 December 2025; became Chief Executive 1 January 2026),31000.0,GBP,0.0,0.0,3000.0,1000.0,1017000.0,1052000.0,GBP,True,"Appointed as Director of Hammerson plc with effect from 15 December 2025, serving only approximately 2.5 weeks of FY2025. Salary, benefits and pension reflect only the period from appointment. No AIP or RSS awarded for 2025. Buy-out award of £1,017,000 granted on 15 December 2025 to compensate for bonuses forfeited on leaving previous employer.",hammerson_ar_2025,https://www.hammerson.com/sites/hammerson-corp/files/2026-03/hammerson-plc-annual-report-2025.pdf,"=HYPERLINK(""https://www.hammerson.com/sites/hammerson-corp/files/2026-03/hammerson-plc-annual-report-2025.pdf#page=68"",""p.68 of AR"")",2.0,
Hammerson Plc,HMSO LN Equity,,,,,1681.7,FY2025,Himanshu Raja,Chief Financial Officer,485000.0,GBP,699000.0,390000.0,49000.0,21000.0,0.0,1644000.0,GBP,False,Served full year,hammerson_ar_2025,https://www.hammerson.com/sites/hammerson-corp/files/2026-03/hammerson-plc-annual-report-2025.pdf,"=HYPERLINK(""https://www.hammerson.com/sites/hammerson-corp/files/2026-03/hammerson-plc-annual-report-2025.pdf#page=68"",""p.68 of AR"")",2.0,
Hammerson Plc,HMSO LN Equity,,,,,1681.7,FY2024,Rita-Rose Gagné,Chief Executive Officer,734000.0,GBP,1483000.0,784000.0,73000.0,21000.0,0.0,3095000.0,GBP,False,Served full year. Note: RSS value has been restated since the closing share price on the fourth anniversary of grant is now known.,hammerson_ar_2025,https://www.hammerson.com/sites/hammerson-corp/files/2026-03/hammerson-plc-annual-report-2025.pdf,"=HYPERLINK(""https://www.hammerson.com/sites/hammerson-corp/files/2026-03/hammerson-plc-annual-report-2025.pdf#page=68"",""p.68 of AR"")",2.0,
Hammerson Plc,HMSO LN Equity,,,,,1681.7,FY2024,Rob Wilkinson,N/A (not a Director in FY2024),0.0,GBP,0.0,0.0,0.0,0.0,0.0,0.0,GBP,False,Not a Director of Hammerson plc during FY2024.,hammerson_ar_2025,https://www.hammerson.com/sites/hammerson-corp/files/2026-03/hammerson-plc-annual-report-2025.pdf,"=HYPERLINK(""https://www.hammerson.com/sites/hammerson-corp/files/2026-03/hammerson-plc-annual-report-2025.pdf#page=68"",""p.68 of AR"")",2.0,
Hammerson Plc,HMSO LN Equity,,,,,1681.7,FY2024,Himanshu Raja,Chief Financial Officer,470000.0,GBP,676000.0,331000.0,47000.0,19000.0,0.0,1543000.0,GBP,False,Served full year. Note: RSS value has been restated since the closing share price on the fourth anniversary of grant is now known.,hammerson_ar_2025,https://www.hammerson.com/sites/hammerson-corp/files/2026-03/hammerson-plc-annual-report-2025.pdf,"=HYPERLINK(""https://www.hammerson.com/sites/hammerson-corp/files/2026-03/hammerson-plc-annual-report-2025.pdf#page=68"",""p.68 of AR"")",2.0,
Harbour Energy Plc,HBR LN Equity,Energy,Energy,Oil Gas & Consumable Fuels,Oil & Gas Exploration & Production,4634.5,2025,Linda Z. Cook,Chief Executive Officer (CEO),975000.0,GBP,1523400.0,604000.0,192200.0,164500.0,7500000.0,10959100.0,GBP,False,Served full year 2025,harbour_energy_ar_2025,https://www.harbourenergy.com/media/a11hxbdn/harbour-energy-annual-report-accounts-2025_web.pdf,"=HYPERLINK(""https://www.harbourenergy.com/media/a11hxbdn/harbour-energy-annual-report-accounts-2025_web.pdf#page=109"",""p.109 of AR"")",3.0,74.0
Harbour Energy Plc,HBR LN Equity,Energy,Energy,Oil Gas & Consumable Fuels,Oil & Gas Exploration & Production,4634.5,2025,Alexander Krane,Chief Financial Officer (CFO),625000.0,GBP,781300.0,323300.0,107400.0,139100.0,1250000.0,3226100.0,GBP,False,Served full year 2025,harbour_energy_ar_2025,https://www.harbourenergy.com/media/a11hxbdn/harbour-energy-annual-report-accounts-2025_web.pdf,"=HYPERLINK(""https://www.harbourenergy.com/media/a11hxbdn/harbour-energy-annual-report-accounts-2025_web.pdf#page=109"",""p.109 of AR"")",3.0,74.0
Harbour Energy Plc,HBR LN Equity,Energy,Energy,Oil Gas & Consumable Fuels,Oil & Gas Exploration & Production,4634.5,2024,Linda Z. Cook,Chief Executive Officer (CEO),904400.0,GBP,533600.0,0.0,178300.0,1424900.0,0.0,3041200.0,GBP,False,Salary figure is an aggregated blended amount reflecting an in-year salary increase effective 4 September 2024 following completion of the Wintershall Dea transaction; no partial-year service or role change occurred.,harbour_energy_ar_2025,https://www.harbourenergy.com/media/a11hxbdn/harbour-energy-annual-report-accounts-2025_web.pdf,"=HYPERLINK(""https://www.harbourenergy.com/media/a11hxbdn/harbour-energy-annual-report-accounts-2025_web.pdf#page=109"",""p.109 of AR"")",3.0,74.0
Harbour Energy Plc,HBR LN Equity,Energy,Energy,Oil Gas & Consumable Fuels,Oil & Gas Exploration & Production,4634.5,2024,Alexander Krane,Chief Financial Officer (CFO),586300.0,GBP,345900.0,0.0,100700.0,164100.0,0.0,1197000.0,GBP,False,Salary figure is an aggregated blended amount reflecting an in-year salary increase effective 4 September 2024 following completion of the Wintershall Dea transaction; no partial-year service or role change occurred.,harbour_energy_ar_2025,https://www.harbourenergy.com/media/a11hxbdn/harbour-energy-annual-report-accounts-2025_web.pdf,"=HYPERLINK(""https://www.harbourenergy.com/media/a11hxbdn/harbour-energy-annual-report-accounts-2025_web.pdf#page=109"",""p.109 of AR"")",3.0,74.0
Harworth Group Plc,HWG LN Equity,Real Estate,Real Estate Management & Development,Real Estate Management & Development,Real Estate Development,416.9,FY2025,Lynda Shillaw,Chief Executive Officer,540750.0,GBP,454230.0,283979.0,54075.0,19197.0,7200.0,1359431.0,GBP,False,N/A,harworth_group_ar_2025,https://harworth.wpenginepowered.com/wp-content/uploads/2026/04/Harworth-AR2025_vF_Interactive-4.pdf,"=HYPERLINK(""https://harworth.wpenginepowered.com/wp-content/uploads/2026/04/Harworth-AR2025_vF_Interactive-4.pdf#page=124"",""p.124 of AR"")",2.0,
Harworth Group Plc,HWG LN Equity,Real Estate,Real Estate Management & Development,Real Estate Management & Development,Real Estate Development,416.9,FY2025,Kitty Patmore,Chief Financial Officer,254912.0,GBP,246420.0,199357.0,35203.0,17977.0,7200.0,761069.0,GBP,True,"Kitty Patmore was on maternity leave for a proportion of 2025 and received a reduced salary of £254,912 in accordance with the Group's maternity leave policy. Her full annual salary is £352,030. Her 2025 bonus was calculated based on her unreduced salary of £352,030; maximum bonus opportunity was 125% of salary (70% of salary achieved, representing 56% of maximum). Pension allowance of 10% was based on the reduced salary received.",harworth_group_ar_2025,https://harworth.wpenginepowered.com/wp-content/uploads/2026/04/Harworth-AR2025_vF_Interactive-4.pdf,"=HYPERLINK(""https://harworth.wpenginepowered.com/wp-content/uploads/2026/04/Harworth-AR2025_vF_Interactive-4.pdf#page=124"",""p.124 of AR"")",2.0,
Harworth Group Plc,HWG LN Equity,Real Estate,Real Estate Management & Development,Real Estate Management & Development,Real Estate Development,416.9,FY2024,Lynda Shillaw,Chief Executive Officer,525000.0,GBP,787500.0,191310.0,52500.0,20486.0,10567.0,1587363.0,GBP,False,N/A,harworth_group_ar_2025,https://harworth.wpenginepowered.com/wp-content/uploads/2026/04/Harworth-AR2025_vF_Interactive-4.pdf,"=HYPERLINK(""https://harworth.wpenginepowered.com/wp-content/uploads/2026/04/Harworth-AR2025_vF_Interactive-4.pdf#page=124"",""p.124 of AR"")",2.0,
Harworth Group Plc,HWG LN Equity,Real Estate,Real Estate Management & Development,Real Estate Management & Development,Real Estate Development,416.9,FY2024,Kitty Patmore,Chief Financial Officer,341775.0,GBP,427219.0,185886.0,34178.0,22446.0,7200.0,1018704.0,GBP,False,N/A,harworth_group_ar_2025,https://harworth.wpenginepowered.com/wp-content/uploads/2026/04/Harworth-AR2025_vF_Interactive-4.pdf,"=HYPERLINK(""https://harworth.wpenginepowered.com/wp-content/uploads/2026/04/Harworth-AR2025_vF_Interactive-4.pdf#page=124"",""p.124 of AR"")",2.0,
Hays Plc,HAS LN Equity,Industrials,Commercial & Professional Services,Professional Services,Research & Consulting Services,479.4,FY25,Dirk Hahn,Chief Executive Officer (CEO),639000.0,GBP,354000.0,0.0,26000.0,122000.0,468000.0,1609000.0,GBP,False,"Served full year in FY25. Note: In FY24, Dirk Hahn's remuneration was pro-rated as he was appointed to the Board on 1 September 2023 and therefore did not serve a full year in FY24. Total Fixed Remuneration FY25: £787,000. Total Variable Remuneration FY25: £822,000. Total excluding legacy incentives FY25: £1,141,000.",hays_ar_2025,https://www.haysplc.com/~/media/Files/H/Hays/annual-reports/ar-2025/HAY004_Hays%20Annual%20Report%202025-1730.pdf,"=HYPERLINK(""https://www.haysplc.com/~/media/Files/H/Hays/annual-reports/ar-2025/HAY004_Hays%20Annual%20Report%202025-1730.pdf#page=134"",""p.134 of AR"")",2.0,
Hays Plc,HAS LN Equity,Industrials,Commercial & Professional Services,Professional Services,Research & Consulting Services,479.4,FY25,James Hilton,Chief Financial Officer (CFO),470000.0,GBP,268000.0,382000.0,19000.0,13000.0,0.0,1152000.0,GBP,False,"Served full year in FY25. Salary increase of 11.9% comprised 3% in line with the wider workforce and 8.9% to recognise his growth into role (his third year as a Board Director). Total Fixed Remuneration FY25: £502,000. Total Variable Remuneration FY25: £650,000. Total excluding legacy incentives FY25: £1,152,000.",hays_ar_2025,https://www.haysplc.com/~/media/Files/H/Hays/annual-reports/ar-2025/HAY004_Hays%20Annual%20Report%202025-1730.pdf,"=HYPERLINK(""https://www.haysplc.com/~/media/Files/H/Hays/annual-reports/ar-2025/HAY004_Hays%20Annual%20Report%202025-1730.pdf#page=134"",""p.134 of AR"")",2.0,
Hays Plc,HAS LN Equity,Industrials,Commercial & Professional Services,Professional Services,Research & Consulting Services,479.4,FY24,Dirk Hahn,Chief Executive Officer (CEO),515000.0,GBP,294000.0,0.0,21000.0,97000.0,445000.0,1372000.0,GBP,True,Appointed to the Board on 1 September 2023; FY24 remuneration was pro-rated accordingly as he did not serve a full year in FY24. FY24 figure has been restated to reflect the actual tax assistance amount.,hays_ar_2025,https://www.haysplc.com/~/media/Files/H/Hays/annual-reports/ar-2025/HAY004_Hays%20Annual%20Report%202025-1730.pdf,"=HYPERLINK(""https://www.haysplc.com/~/media/Files/H/Hays/annual-reports/ar-2025/HAY004_Hays%20Annual%20Report%202025-1730.pdf#page=145"",""p.145 of AR"")",2.0,
Hays Plc,HAS LN Equity,Industrials,Commercial & Professional Services,Professional Services,Research & Consulting Services,479.4,FY24,James Hilton,Chief Financial Officer (CFO),420000.0,GBP,246000.0,0.0,17000.0,12000.0,0.0,695000.0,GBP,False,Served full year in FY24.,hays_ar_2025,https://www.haysplc.com/~/media/Files/H/Hays/annual-reports/ar-2025/HAY004_Hays%20Annual%20Report%202025-1730.pdf,"=HYPERLINK(""https://www.haysplc.com/~/media/Files/H/Hays/annual-reports/ar-2025/HAY004_Hays%20Annual%20Report%202025-1730.pdf#page=134"",""p.134 of AR"")",2.0,
Helios Towers Plc,HTWS LN Equity,,,,,2419.9,FY2025,Tom Greenwood,Group Chief Executive Officer (Group CEO),679000.0,GBP,990000.0,1435000.0,61000.0,56000.0,,3221000.0,GBP,False,Served full year,helios_towers_ar_2025,https://www.heliostowers.com/media/xsah0cdh/helios-towers-annual-report-2025-interactive.pdf,"=HYPERLINK(""https://www.heliostowers.com/media/xsah0cdh/helios-towers-annual-report-2025-interactive.pdf#page=119"",""p.119 of AR"")",2.0,
Helios Towers Plc,HTWS LN Equity,,,,,2419.9,FY2025,Manjit Dhillon,Group Chief Financial Officer (Group CFO),441000.0,GBP,525000.0,673000.0,40000.0,6000.0,,1684000.0,GBP,False,Served full year,helios_towers_ar_2025,https://www.heliostowers.com/media/xsah0cdh/helios-towers-annual-report-2025-interactive.pdf,"=HYPERLINK(""https://www.heliostowers.com/media/xsah0cdh/helios-towers-annual-report-2025-interactive.pdf#page=119"",""p.119 of AR"")",2.0,
Helios Towers Plc,HTWS LN Equity,,,,,2419.9,FY2024,Tom Greenwood,Group Chief Executive Officer (Group CEO),642000.0,GBP,801000.0,495000.0,58000.0,52000.0,,2048000.0,GBP,False,Served full year,helios_towers_ar_2025,https://www.heliostowers.com/media/xsah0cdh/helios-towers-annual-report-2025-interactive.pdf,"=HYPERLINK(""https://www.heliostowers.com/media/xsah0cdh/helios-towers-annual-report-2025-interactive.pdf#page=119"",""p.119 of AR"")",2.0,
Helios Towers Plc,HTWS LN Equity,,,,,2419.9,FY2024,Manjit Dhillon,Group Chief Financial Officer (Group CFO),402000.0,GBP,401000.0,232000.0,36000.0,6000.0,,1076000.0,GBP,False,Served full year,helios_towers_ar_2025,https://www.heliostowers.com/media/xsah0cdh/helios-towers-annual-report-2025-interactive.pdf,"=HYPERLINK(""https://www.heliostowers.com/media/xsah0cdh/helios-towers-annual-report-2025-interactive.pdf#page=119"",""p.119 of AR"")",2.0,
Hikma Pharmaceuticals Plc,HIK LN Equity,Health Care,Pharmaceuticals Biotechnology & Life Sciences,Pharmaceuticals,Pharmaceuticals,3087.0,FY2025,Said Darwazah,Executive Chairman,1040000.0,USD,948072.0,912495.0,69138.0,107917.0,,3077622.0,USD,False,Served full year,hikma_pharmaceuticals_ar_2025,https://www.hikma.com/media/3qadsmyw/hikma_ar25_interactive.pdf,"=HYPERLINK(""https://www.hikma.com/media/3qadsmyw/hikma_ar25_interactive.pdf#page=68"",""p.68 of AR"")",2.0,
Hikma Pharmaceuticals Plc,HIK LN Equity,Health Care,Pharmaceuticals Biotechnology & Life Sciences,Pharmaceuticals,Pharmaceuticals,3087.0,FY2025,Mazen Darwazah,Executive Vice Chairman,830000.0,USD,1217045.0,1041884.0,66850.0,99747.0,,3255526.0,USD,False,Served full year,hikma_pharmaceuticals_ar_2025,https://www.hikma.com/media/3qadsmyw/hikma_ar25_interactive.pdf,"=HYPERLINK(""https://www.hikma.com/media/3qadsmyw/hikma_ar25_interactive.pdf#page=68"",""p.68 of AR"")",2.0,
Hikma Pharmaceuticals Plc,HIK LN Equity,Health Care,Pharmaceuticals Biotechnology & Life Sciences,Pharmaceuticals,Pharmaceuticals,3087.0,FY2025,Riad Mishlawi,Chief Executive Officer (Former CEO; stepped down 15 December 2025),1147397.0,USD,229479.0,1047645.0,114740.0,576747.0,,3116008.0,USD,True,"Stepped down as CEO and Executive Director on 15 December 2025. Salary and benefits represent amounts received from 1 January 2025 to 15 December 2025. Employment continues on garden leave until 14 December 2026. Additional post-cessation payments (salary $52,603, bonus $10,520, assignment expenses $9,600, transportation $3,375, medical $2,205, housing $10,637, relocation $6,410, tax equalisation $9,696, pension £5,260, and statutory payment of €250,280 re: Portuguese subsidiary) are disclosed separately in the 'Payment for loss of office' section and are NOT included in the single figure above.",hikma_pharmaceuticals_ar_2025,https://www.hikma.com/media/3qadsmyw/hikma_ar25_interactive.pdf,"=HYPERLINK(""https://www.hikma.com/media/3qadsmyw/hikma_ar25_interactive.pdf#page=68"",""p.68 of AR"")",2.0,
Hikma Pharmaceuticals Plc,HIK LN Equity,Health Care,Pharmaceuticals Biotechnology & Life Sciences,Pharmaceuticals,Pharmaceuticals,3087.0,FY2025,Khalid Nabilsi,Chief Financial Officer (CFO),37741.0,USD,0.0,0.0,3579.0,2221.0,,43541.0,USD,True,Appointed to the Board on 15 December 2025. Salary represents pro-rated base pay from 15 December 2025 to 31 December 2025 only. No bonus was paid for this short period. LTIP awards held by Khalid Nabilsi were granted prior to his Board appointment and are disclosed in the outstanding share awards table.,hikma_pharmaceuticals_ar_2025,https://www.hikma.com/media/3qadsmyw/hikma_ar25_interactive.pdf,"=HYPERLINK(""https://www.hikma.com/media/3qadsmyw/hikma_ar25_interactive.pdf#page=68"",""p.68 of AR"")",2.0,
Hikma Pharmaceuticals Plc,HIK LN Equity,Health Care,Pharmaceuticals Biotechnology & Life Sciences,Pharmaceuticals,Pharmaceuticals,3087.0,FY2024,Said Darwazah,Executive Chairman,1018000.0,USD,1494844.0,876138.0,65962.0,82678.0,,3537622.0,USD,False,Served full year,hikma_pharmaceuticals_ar_2025,https://www.hikma.com/media/3qadsmyw/hikma_ar25_interactive.pdf,"=HYPERLINK(""https://www.hikma.com/media/3qadsmyw/hikma_ar25_interactive.pdf#page=68"",""p.68 of AR"")",2.0,
Hikma Pharmaceuticals Plc,HIK LN Equity,Health Care,Pharmaceuticals Biotechnology & Life Sciences,Pharmaceuticals,Pharmaceuticals,3087.0,FY2024,Mazen Darwazah,Executive Vice Chairman,806787.0,USD,1255936.0,677912.0,64895.0,97179.0,,2902709.0,USD,False,Served full year,hikma_pharmaceuticals_ar_2025,https://www.hikma.com/media/3qadsmyw/hikma_ar25_interactive.pdf,"=HYPERLINK(""https://www.hikma.com/media/3qadsmyw/hikma_ar25_interactive.pdf#page=68"",""p.68 of AR"")",2.0,
Hikma Pharmaceuticals Plc,HIK LN Equity,Health Care,Pharmaceuticals Biotechnology & Life Sciences,Pharmaceuticals,Pharmaceuticals,3087.0,FY2024,Riad Mishlawi,Chief Executive Officer,1000000.0,USD,1485079.0,558749.0,100000.0,362839.0,,3506667.0,USD,False,Served full year in FY2024,hikma_pharmaceuticals_ar_2025,https://www.hikma.com/media/3qadsmyw/hikma_ar25_interactive.pdf,"=HYPERLINK(""https://www.hikma.com/media/3qadsmyw/hikma_ar25_interactive.pdf#page=68"",""p.68 of AR"")",2.0,
Hikma Pharmaceuticals Plc,HIK LN Equity,Health Care,Pharmaceuticals Biotechnology & Life Sciences,Pharmaceuticals,Pharmaceuticals,3087.0,FY2024,Khalid Nabilsi,CFO,,,,,,,0.0,0.0,USD,False,Not appointed to the Board until 15 December 2025; no FY2024 single figure data available.,hikma_pharmaceuticals_ar_2025,https://www.hikma.com/media/3qadsmyw/hikma_ar25_interactive.pdf,"=HYPERLINK(""https://www.hikma.com/media/3qadsmyw/hikma_ar25_interactive.pdf#page=68"",""p.68 of AR"")",2.0,
Hilton Food Group Plc,HFG LN Equity,Consumer Staples,Food Beverage & Tobacco,Food Products,Packaged Foods & Meats,483.1,2025,Steve Murrells,Chief Executive Officer (stepped down 24 November 2025),764000.0,GBP,307000.0,23000.0,53000.0,48000.0,,1195000.0,GBP,True,"Stepped down from CEO role on 24 November 2025; salary, benefits, pension and bonus reflect service from 1 January to 24 November 2025 (bonus pro-rated for 328 days worked)",hilton_food_group_ar_2025,https://www.hiltonfoods.com/media/eamey04i/hilton_foods_ar25_interactive.pdf,"=HYPERLINK(""https://www.hiltonfoods.com/media/eamey04i/hilton_foods_ar25_interactive.pdf#page=109"",""p.109 of AR"")",3.0,170.0
Hilton Food Group Plc,HFG LN Equity,Consumer Staples,Food Beverage & Tobacco,Food Products,Packaged Foods & Meats,483.1,2025,Matt Osborne,Chief Financial Officer (CFO),418000.0,GBP,151000.0,7000.0,29000.0,18000.0,,623000.0,GBP,False,Served full financial year 2025,hilton_food_group_ar_2025,https://www.hiltonfoods.com/media/eamey04i/hilton_foods_ar25_interactive.pdf,"=HYPERLINK(""https://www.hiltonfoods.com/media/eamey04i/hilton_foods_ar25_interactive.pdf#page=109"",""p.109 of AR"")",3.0,170.0
Hilton Food Group Plc,HFG LN Equity,Consumer Staples,Food Beverage & Tobacco,Food Products,Packaged Foods & Meats,483.1,2025,Mark Allen,Executive Chair (Executive Director role from 24 November 2025; served as Non-Executive Director/Chair from 1 January–23 November 2025),101000.0,GBP,0.0,0.0,0.0,1000.0,207000.0,102000.0,GBP,True,"Served as Executive Chair (Executive Director) only from 24 November 2025 to 31 December 2025; prior period (1 January–23 November 2025) was served as Non-Executive Director/Chair and is reported separately in the Non-Executive Directors section of the table. Note: an annualised base salary of £850,000 is disclosed for the Executive Chair role, but actual amount earned in the short period is £101,000",hilton_food_group_ar_2025,https://www.hiltonfoods.com/media/eamey04i/hilton_foods_ar25_interactive.pdf,"=HYPERLINK(""https://www.hiltonfoods.com/media/eamey04i/hilton_foods_ar25_interactive.pdf#page=109"",""p.109 of AR"")",3.0,170.0
Hilton Food Group Plc,HFG LN Equity,Consumer Staples,Food Beverage & Tobacco,Food Products,Packaged Foods & Meats,483.1,2024,Steve Murrells,Chief Executive Officer,788000.0,GBP,977000.0,,55000.0,141000.0,,1961000.0,GBP,False,Served full financial year 2024 as CEO,hilton_food_group_ar_2025,https://www.hiltonfoods.com/media/eamey04i/hilton_foods_ar25_interactive.pdf,"=HYPERLINK(""https://www.hiltonfoods.com/media/eamey04i/hilton_foods_ar25_interactive.pdf#page=109"",""p.109 of AR"")",3.0,170.0
Hilton Food Group Plc,HFG LN Equity,Consumer Staples,Food Beverage & Tobacco,Food Products,Packaged Foods & Meats,483.1,2024,Matt Osborne,Chief Financial Officer (CFO),370000.0,GBP,388000.0,18000.0,26000.0,10000.0,,812000.0,GBP,False,Served full financial year 2024 as CFO,hilton_food_group_ar_2025,https://www.hiltonfoods.com/media/eamey04i/hilton_foods_ar25_interactive.pdf,"=HYPERLINK(""https://www.hiltonfoods.com/media/eamey04i/hilton_foods_ar25_interactive.pdf#page=109"",""p.109 of AR"")",3.0,170.0
Hilton Food Group Plc,HFG LN Equity,Consumer Staples,Food Beverage & Tobacco,Food Products,Packaged Foods & Meats,483.1,2024,Mark Allen,Non-Executive Director/Chair (not yet an Executive Director in 2024),15000.0,GBP,0.0,0.0,0.0,0.0,,15000.0,GBP,True,"Joined the Board partway through 2024 as Non-Executive Director; had not yet assumed Executive Chair (Executive Director) role, which only occurred on 24 November 2025",hilton_food_group_ar_2025,https://www.hiltonfoods.com/media/eamey04i/hilton_foods_ar25_interactive.pdf,"=HYPERLINK(""https://www.hiltonfoods.com/media/eamey04i/hilton_foods_ar25_interactive.pdf#page=109"",""p.109 of AR"")",3.0,170.0
Hiscox Plc,HSX LN Equity,Financials,Insurance,Insurance,Property & Casualty Insurance,5910.8,FY2025,Aki Hussain,Group Chief Executive Officer (CEO),822000.0,GBP,2450000.0,2237886.0,0.0,0.0,923002.0,5610888.0,GBP,False,Served full year ended 31 December 2025,hiscox_ar_2025,https://www.hiscoxgroup.com/sites/group/files/2026-03/Hiscox_report_and_accounts_2025.pdf,"=HYPERLINK(""https://www.hiscoxgroup.com/sites/group/files/2026-03/Hiscox_report_and_accounts_2025.pdf#page=118"",""p.118 of AR"")",2.0,
Hiscox Plc,HSX LN Equity,Financials,Insurance,Insurance,Property & Casualty Insurance,5910.8,FY2025,Paul Cooper,Group Chief Financial Officer (CFO),565000.0,GBP,1625000.0,1552050.0,0.0,0.0,634009.0,3811059.0,GBP,False,Served full year ended 31 December 2025,hiscox_ar_2025,https://www.hiscoxgroup.com/sites/group/files/2026-03/Hiscox_report_and_accounts_2025.pdf,"=HYPERLINK(""https://www.hiscoxgroup.com/sites/group/files/2026-03/Hiscox_report_and_accounts_2025.pdf#page=118"",""p.118 of AR"")",2.0,
Hiscox Plc,HSX LN Equity,Financials,Insurance,Insurance,Property & Casualty Insurance,5910.8,FY2025,Joanne Musselle,Group Chief Underwriting Officer (CUO),565000.0,GBP,2100000.0,1414455.0,0.0,0.0,636345.0,4150800.0,GBP,False,Served full year ended 31 December 2025,hiscox_ar_2025,https://www.hiscoxgroup.com/sites/group/files/2026-03/Hiscox_report_and_accounts_2025.pdf,"=HYPERLINK(""https://www.hiscoxgroup.com/sites/group/files/2026-03/Hiscox_report_and_accounts_2025.pdf#page=118"",""p.118 of AR"")",2.0,
Hochschild Mining Plc,HOC LN Equity,Materials,Materials,Metals & Mining,Gold,3174.2,FY2025,Eduardo Landin,Chief Executive Officer,650000.0,USD,579000.0,446000.0,0.0,12000.0,473000.0,2160000.0,USD,False,"Served full year as CEO. Base salary from 1 March 2025 was US$660,000 per annum (up 10% from US$600,000 from 1 March 2024); the single figure salary of US$650,000 reflects the blended rate across the full year (two months at US$600,000 p.a. and ten months at US$660,000 p.a.). Annual bonus outcome of approximately 48.7% of maximum. LTIP relates to partial vesting of 2023 LTIP awards at 75% of maximum, performance period ended 31 December 2025, due to vest 20 April 2026. Eduardo Landin is the only Executive Director. No pension component disclosed; CEO is Peru-based where CTS serves as the statutory employment fund equivalent. All figures rounded to nearest US$000.",hochschild_mining_ar_2025,https://www.hochschildmining.com/media/ntek4iun/hm-plc-2025-ara-for-website.pdf,"=HYPERLINK(""https://www.hochschildmining.com/media/ntek4iun/hm-plc-2025-ara-for-website.pdf#page=124"",""p.124 of AR"")",2.0,
Hochschild Mining Plc,HOC LN Equity,Materials,Materials,Metals & Mining,Gold,3174.2,FY2024,Eduardo Landin,Chief Executive Officer,588000.0,USD,754000.0,396000.0,0.0,8000.0,197000.0,1943000.0,USD,False,Served full year as CEO in FY2024. Eduardo Landin was appointed CEO on 26 August 2023; FY2024 was his first full year in the role. Annual bonus outcome of approximately 69.8% of maximum. LTIP relates to vesting of 2022 LTIP awards at 66.6% of maximum. Eduardo Landin is the only Executive Director. No pension component disclosed; CEO is Peru-based where CTS serves as the statutory employment fund equivalent. All figures rounded to nearest US$000.,hochschild_mining_ar_2025,https://www.hochschildmining.com/media/ntek4iun/hm-plc-2025-ara-for-website.pdf,"=HYPERLINK(""https://www.hochschildmining.com/media/ntek4iun/hm-plc-2025-ara-for-website.pdf#page=124"",""p.124 of AR"")",2.0,
Hollywood Bowl Group Plc,BOWL LN Equity,Consumer Discretionary,Consumer Services,Hotels Restaurants & Leisure,Leisure Facilities,419.9,FY2025,Stephen Burns,Chief Executive Officer (CEO),479400.0,GBP,451100.0,735400.0,24000.0,29200.0,,1719100.0,GBP,False,Served full year as CEO.,hollywood_bowl_group_ar_2025,https://www.hollywoodbowlgroup.com/application/files/4017/6760/2051/HollywoodBowl_AR25_Full_report.pdf,"=HYPERLINK(""https://www.hollywoodbowlgroup.com/application/files/4017/6760/2051/HollywoodBowl_AR25_Full_report.pdf#page=106"",""p.106 of AR"")",2.0,
Hollywood Bowl Group Plc,BOWL LN Equity,Consumer Discretionary,Consumer Services,Hotels Restaurants & Leisure,Leisure Facilities,419.9,FY2025,Laurence Keen,Chief Financial Officer (CFO),314200.0,GBP,295700.0,482000.0,15700.0,29000.0,,1136600.0,GBP,False,Served full year as CFO. Post-year-end note: Laurence Keen will step down from the Board after FY2025 and move to CEO of the Canadian business. His FY2024 and FY2025 LTIP awards will be reduced by 30% to reflect his change in role. He will not be eligible for a bonus in respect of CFO services during FY2026. These changes are post-year-end and do not affect FY2025 reported figures.,hollywood_bowl_group_ar_2025,https://www.hollywoodbowlgroup.com/application/files/4017/6760/2051/HollywoodBowl_AR25_Full_report.pdf,"=HYPERLINK(""https://www.hollywoodbowlgroup.com/application/files/4017/6760/2051/HollywoodBowl_AR25_Full_report.pdf#page=106"",""p.106 of AR"")",2.0,
Hollywood Bowl Group Plc,BOWL LN Equity,Consumer Discretionary,Consumer Services,Hotels Restaurants & Leisure,Leisure Facilities,419.9,FY2025,Melanie Dickinson,Chief People Officer (CPO),186000.0,GBP,116700.0,190200.0,9300.0,11400.0,,513600.0,GBP,False,Served full year as CPO.,hollywood_bowl_group_ar_2025,https://www.hollywoodbowlgroup.com/application/files/4017/6760/2051/HollywoodBowl_AR25_Full_report.pdf,"=HYPERLINK(""https://www.hollywoodbowlgroup.com/application/files/4017/6760/2051/HollywoodBowl_AR25_Full_report.pdf#page=97"",""p.97 of AR"")",2.0,
Hollywood Bowl Group Plc,BOWL LN Equity,Consumer Discretionary,Consumer Services,Hotels Restaurants & Leisure,Leisure Facilities,419.9,FY2024,Stephen Burns,Chief Executive Officer (CEO),465400.0,GBP,465400.0,539500.0,23300.0,27600.0,,1521200.0,GBP,False,Served full year as CEO. FY2024 LTIP figure restated from prior year report to reflect actual closing share price of 278p on vesting date of 4 February 2025 (share price appreciation represented 12.4% of disclosed value; grant date share price was 243.5p).,hollywood_bowl_group_ar_2025,https://www.hollywoodbowlgroup.com/application/files/4017/6760/2051/HollywoodBowl_AR25_Full_report.pdf,"=HYPERLINK(""https://www.hollywoodbowlgroup.com/application/files/4017/6760/2051/HollywoodBowl_AR25_Full_report.pdf#page=96"",""p.96 of AR"")",2.0,
Hollywood Bowl Group Plc,BOWL LN Equity,Consumer Discretionary,Consumer Services,Hotels Restaurants & Leisure,Leisure Facilities,419.9,FY2024,Laurence Keen,Chief Financial Officer (CFO),305000.0,GBP,305000.0,350300.0,15300.0,27500.0,,1003100.0,GBP,False,"Served full year as CFO. FY2024 LTIP figure restated from prior year report to reflect actual closing share price of 278p on vesting date of 4 February 2025, including dividend equivalents.",hollywood_bowl_group_ar_2025,https://www.hollywoodbowlgroup.com/application/files/4017/6760/2051/HollywoodBowl_AR25_Full_report.pdf,"=HYPERLINK(""https://www.hollywoodbowlgroup.com/application/files/4017/6760/2051/HollywoodBowl_AR25_Full_report.pdf#page=103"",""p.103 of AR"")",2.0,
Hollywood Bowl Group Plc,BOWL LN Equity,Consumer Discretionary,Consumer Services,Hotels Restaurants & Leisure,Leisure Facilities,419.9,FY2024,Melanie Dickinson,Chief People Officer (CPO),180600.0,GBP,180600.0,209300.0,9000.0,10200.0,,589700.0,GBP,False,"Served full year as CPO. FY2024 LTIP figure restated from prior year report to reflect actual closing share price of 278p on vesting date of 4 February 2025, including dividend equivalents.",hollywood_bowl_group_ar_2025,https://www.hollywoodbowlgroup.com/application/files/4017/6760/2051/HollywoodBowl_AR25_Full_report.pdf,"=HYPERLINK(""https://www.hollywoodbowlgroup.com/application/files/4017/6760/2051/HollywoodBowl_AR25_Full_report.pdf#page=96"",""p.96 of AR"")",2.0,
Howden Joinery Group Plc,HWDN LN Equity,Industrials,Capital Goods,Trading Companies & Distributors,Trading Companies & Distributors,3907.0,FY2025,Andrew Livingston,Chief Executive Officer (CEO),855000.0,GBP,1710000.0,2348000.0,103000.0,35000.0,,5051000.0,GBP,False,Served full year,howden_joinery_group_ar_2025,https://www.howdenjoinerygroupplc.com/docs/librariesprovider25/archives/annual-reports/2025-annual-report.pdf,"=HYPERLINK(""https://www.howdenjoinerygroupplc.com/docs/librariesprovider25/archives/annual-reports/2025-annual-report.pdf#page=58"",""p.58 of AR"")",2.0,
Howden Joinery Group Plc,HWDN LN Equity,Industrials,Capital Goods,Trading Companies & Distributors,Trading Companies & Distributors,3907.0,FY2025,Jackie Callaway,Chief Financial Officer (CFO),306000.0,GBP,613000.0,0.0,37000.0,14000.0,,970000.0,GBP,True,"Appointed as Executive Director on 2 June 2025; salary of £525,000 per annum (effective 2 June 2025); figures reflect approximately 7 months of service. No LTIP vesting reported as she was newly appointed.",howden_joinery_group_ar_2025,https://www.howdenjoinerygroupplc.com/docs/librariesprovider25/archives/annual-reports/2025-annual-report.pdf,"=HYPERLINK(""https://www.howdenjoinerygroupplc.com/docs/librariesprovider25/archives/annual-reports/2025-annual-report.pdf#page=58"",""p.58 of AR"")",2.0,
Howden Joinery Group Plc,HWDN LN Equity,Industrials,Capital Goods,Trading Companies & Distributors,Trading Companies & Distributors,3907.0,FY2025,Paul Hayes,Chief Financial Officer (CFO) – retired May 2025,213000.0,GBP,0.0,1251000.0,26000.0,10000.0,,1500000.0,GBP,True,"Retired from the Board as CFO with effect from 30 May 2025; salary and benefits reflect approximately 5 months of service. No annual bonus was paid in respect of 2025. LTIP vesting relates to the 2022 PSP award vesting on 6 April 2025 (restated to reflect actual share price on vesting of £6.65672). Additionally, from 1 June 2025 to 27 December 2025, Paul received salary and benefits pursuant to his service contract totalling £351,256 (loss of office/garden leave payments, not included in the single figure above).",howden_joinery_group_ar_2025,https://www.howdenjoinerygroupplc.com/docs/librariesprovider25/archives/annual-reports/2025-annual-report.pdf,"=HYPERLINK(""https://www.howdenjoinerygroupplc.com/docs/librariesprovider25/archives/annual-reports/2025-annual-report.pdf#page=63"",""p.63 of AR"")",2.0,
Howden Joinery Group Plc,HWDN LN Equity,Industrials,Capital Goods,Trading Companies & Distributors,Trading Companies & Distributors,3907.0,FY2024,Andrew Livingston,Chief Executive Officer (CEO),726000.0,GBP,841000.0,1160000.0,87000.0,23000.0,,2837000.0,GBP,False,LTIP (2022 PSP award) restated to reflect actual share price on vesting on 6 April 2025 of £6.65672.,howden_joinery_group_ar_2025,https://www.howdenjoinerygroupplc.com/docs/librariesprovider25/archives/annual-reports/2025-annual-report.pdf,"=HYPERLINK(""https://www.howdenjoinerygroupplc.com/docs/librariesprovider25/archives/annual-reports/2025-annual-report.pdf#page=58"",""p.58 of AR"")",2.0,
Howden Joinery Group Plc,HWDN LN Equity,Industrials,Capital Goods,Trading Companies & Distributors,Trading Companies & Distributors,3907.0,FY2024,Jackie Callaway,Chief Financial Officer (CFO),0.0,GBP,0.0,0.0,0.0,0.0,,0.0,GBP,True,Jackie Callaway was not appointed to the Board until June 2025; no 2024 figures applicable.,howden_joinery_group_ar_2025,https://www.howdenjoinerygroupplc.com/docs/librariesprovider25/archives/annual-reports/2025-annual-report.pdf,"=HYPERLINK(""https://www.howdenjoinerygroupplc.com/docs/librariesprovider25/archives/annual-reports/2025-annual-report.pdf#page=58"",""p.58 of AR"")",2.0,
Howden Joinery Group Plc,HWDN LN Equity,Industrials,Capital Goods,Trading Companies & Distributors,Trading Companies & Distributors,3907.0,FY2024,Paul Hayes,Chief Financial Officer (CFO),474000.0,GBP,550000.0,618000.0,57000.0,26000.0,,1724000.0,GBP,False,LTIP (2022 PSP award) restated to reflect actual share price on vesting on 6 April 2025 of £6.65672.,howden_joinery_group_ar_2025,https://www.howdenjoinerygroupplc.com/docs/librariesprovider25/archives/annual-reports/2025-annual-report.pdf,"=HYPERLINK(""https://www.howdenjoinerygroupplc.com/docs/librariesprovider25/archives/annual-reports/2025-annual-report.pdf#page=58"",""p.58 of AR"")",2.0,
HSBC Holdings Plc,HSBA LN Equity,Financials,Banks,Banks,Diversified Banks,227042.2,FY2025,Georges Elhedery,Group Chief Executive Officer (Group CFO until 1 September 2024; Group CEO from 2 September 2024),1479000.0,GBP,3605000.0,1217000.0,148000.0,169000.0,5000.0,6623000.0,GBP,False,Served full year as Group CEO in FY2025. Previously served as Group CFO until 1 September 2024 and became Group CEO on 2 September 2024.,hsbc_holdings_ar_2025,https://www.hsbc.com/-/files/hsbc/investors/hsbc-results/2025/annual/pdfs/hsbc-holdings-plc/260225-annual-report-and-accounts-2025.pdf,"=HYPERLINK(""https://www.hsbc.com/-/files/hsbc/investors/hsbc-results/2025/annual/pdfs/hsbc-holdings-plc/260225-annual-report-and-accounts-2025.pdf#page=222"",""p.222 of AR"")",2.0,
HSBC Holdings Plc,HSBA LN Equity,Financials,Banks,Banks,Diversified Banks,227042.2,FY2025,Pam Kaur,Group Chief Financial Officer (appointed 1 January 2025),863000.0,GBP,2100000.0,708000.0,86000.0,137000.0,11000.0,3905000.0,GBP,True,Appointed Group CFO and executive Director of the Board on 1 January 2025; FY2025 is her first full year as executive Director. No comparative 2024 data available as she was not an executive Director in 2024.,hsbc_holdings_ar_2025,https://www.hsbc.com/-/files/hsbc/investors/hsbc-results/2025/annual/pdfs/hsbc-holdings-plc/260225-annual-report-and-accounts-2025.pdf,"=HYPERLINK(""https://www.hsbc.com/-/files/hsbc/investors/hsbc-results/2025/annual/pdfs/hsbc-holdings-plc/260225-annual-report-and-accounts-2025.pdf#page=222"",""p.222 of AR"")",2.0,
HSBC Holdings Plc,HSBA LN Equity,Financials,Banks,Banks,Diversified Banks,227042.2,FY2024,Georges Elhedery,Group CFO (1 January 2024 – 1 September 2024); Group CEO (2 September 2024 – 31 December 2024),989000.0,GBP,1677000.0,1418000.0,99000.0,97000.0,8000.0,5576000.0,GBP,True,"Changed roles mid-year from Group CFO to Group CEO on 2 September 2024, succeeding Sir Noel Quinn as Group CEO. 2024 annual incentive reflects assessment against the Group CEO scorecard for his period as Group CEO only. 2022–2024 LTI was granted before his appointment as Group CEO and has been excluded from his 2024 single figure as Group CEO.",hsbc_holdings_ar_2025,https://www.hsbc.com/-/files/hsbc/investors/hsbc-results/2025/annual/pdfs/hsbc-holdings-plc/260225-annual-report-and-accounts-2025.pdf,"=HYPERLINK(""https://www.hsbc.com/-/files/hsbc/investors/hsbc-results/2025/annual/pdfs/hsbc-holdings-plc/260225-annual-report-and-accounts-2025.pdf#page=222"",""p.222 of AR"")",2.0,
HSBC Holdings Plc,HSBA LN Equity,Financials,Banks,Banks,Diversified Banks,227042.2,FY2024,Pam Kaur,Not an executive Director in 2024,,,,,,,,0.0,GBP,False,Pam Kaur was not an executive Director in 2024; appointed 1 January 2025. No 2024 comparative data available.,hsbc_holdings_ar_2025,https://www.hsbc.com/-/files/hsbc/investors/hsbc-results/2025/annual/pdfs/hsbc-holdings-plc/260225-annual-report-and-accounts-2025.pdf,"=HYPERLINK(""https://www.hsbc.com/-/files/hsbc/investors/hsbc-results/2025/annual/pdfs/hsbc-holdings-plc/260225-annual-report-and-accounts-2025.pdf#page=222"",""p.222 of AR"")",2.0,
Hunting Plc,HTG LN Equity,Energy,Energy,Energy Equipment & Services,Oil & Gas Equipment & Services,735.8,FY2025,Jim Johnson,Chief Executive,914000.0,USD,914000.0,2817000.0,110000.0,73000.0,,4828000.0,USD,False,"Served full year. Base salary of $914,386 (4% increase effective 1 January 2025). Annual Bonus represents 100% of base salary, paid at 'Target' (50% of maximum) following downward discretion applied by the Remuneration Committee. HPSP relates to the 2023 grant vesting at 55.8% on 6 March 2026 (555,035 Ordinary shares), valued using average Q4 2025 mid-market closing price of £3.572 converted at £/$1.3305. Dividend equivalents of 32.2 cents per vested share included in HPSP value.",hunting_ar_2025,https://media.huntingplc.com/investors/results-and-reports/2026/HU100373_AR_2025_Interactive_PDF_260311.pdf,"=HYPERLINK(""https://media.huntingplc.com/investors/results-and-reports/2026/HU100373_AR_2025_Interactive_PDF_260311.pdf#page=136"",""p.136 of AR"")",2.0,
Hunting Plc,HTG LN Equity,Energy,Energy,Energy Equipment & Services,Oil & Gas Equipment & Services,735.8,FY2025,Bruce Ferguson,Finance Director,472000.0,USD,354000.0,670000.0,57000.0,18000.0,,1571000.0,USD,False,"Served full year. Base salary of $472,131 (£358,408) (4% increase effective 1 January 2025). Pension is a cash sum in lieu of Company pension contribution set at 12% of annual base salary. Annual Bonus represents 75% of base salary ($354k / £269k), paid at 'Target' (50% of maximum) following downward discretion. HPSP relates to the 2023 grant vesting at 55.8% on 6 March 2026 (131,983 Ordinary shares), valued using average Q4 2025 mid-market closing price of £3.572 converted at £/$1.3305. Dividend equivalents of 32.2 cents per vested share included in HPSP value. Ferguson is paid in Sterling; USD figures are converted amounts.",hunting_ar_2025,https://media.huntingplc.com/investors/results-and-reports/2026/HU100373_AR_2025_Interactive_PDF_260311.pdf,"=HYPERLINK(""https://media.huntingplc.com/investors/results-and-reports/2026/HU100373_AR_2025_Interactive_PDF_260311.pdf#page=136"",""p.136 of AR"")",2.0,
Hunting Plc,HTG LN Equity,Energy,Energy,Energy Equipment & Services,Oil & Gas Equipment & Services,735.8,FY2024,Jim Johnson,Chief Executive,879000.0,USD,1213000.0,4925000.0,126000.0,70000.0,,7213000.0,USD,False,"Served full year. Restated to reflect actual vested amount of the 2022 HPSP grant (98.3% vesting, 1,196,368 Ordinary shares), using actual average mid-market closing price of £2.955 applied on vesting date of 7 March 2025, converted at £/$1.292. Annual Bonus represented 69% of maximum opportunity.",hunting_ar_2025,https://media.huntingplc.com/investors/results-and-reports/2026/HU100373_AR_2025_Interactive_PDF_260311.pdf,"=HYPERLINK(""https://media.huntingplc.com/investors/results-and-reports/2026/HU100373_AR_2025_Interactive_PDF_260311.pdf#page=136"",""p.136 of AR"")",2.0,
Hunting Plc,HTG LN Equity,Energy,Energy,Energy Equipment & Services,Oil & Gas Equipment & Services,735.8,FY2024,Bruce Ferguson,Finance Director,440000.0,USD,456000.0,1171000.0,53000.0,18000.0,,2138000.0,USD,False,"Served full year. Restated to reflect actual vested amount of the 2022 HPSP grant (98.3% vesting, 284,488 Ordinary shares), using actual average mid-market closing price of £2.955 applied on vesting date of 7 March 2025, converted at £/$1.292. Annual Bonus represented 69% of maximum opportunity. After-tax bonuses were utilised to purchase 15,083 Ordinary shares retained for two years. Ferguson is paid in Sterling; USD figures are converted amounts.",hunting_ar_2025,https://media.huntingplc.com/investors/results-and-reports/2026/HU100373_AR_2025_Interactive_PDF_260311.pdf,"=HYPERLINK(""https://media.huntingplc.com/investors/results-and-reports/2026/HU100373_AR_2025_Interactive_PDF_260311.pdf#page=136"",""p.136 of AR"")",2.0,
IAG SA,IAG LN Equity,Industrials,Transportation,Passenger Airlines,Passenger Airlines,16725.1,FY2025,Luis Gallego,Chief Executive Officer (IAG CEO),914000.0,GBP,1703000.0,3343000.0,114000.0,36000.0,,6110000.0,GBP,False,Served the full year (1 January 2025 to 31 December 2025). Luis Gallego was the sole executive director during 2025. All remuneration is paid in pounds sterling; euro figures are provided for information only using a £:€ exchange rate of 1.1715.,iag_sa_ar_2025,https://www.iairgroup.com/media/ktnlp1jx/iag-annual-report-and-accounts-2025.pdf,"=HYPERLINK(""https://www.iairgroup.com/media/ktnlp1jx/iag-annual-report-and-accounts-2025.pdf#page=145"",""p.145 of AR"")",2.0,
IAG SA,IAG LN Equity,Industrials,Transportation,Passenger Airlines,Passenger Airlines,16725.1,FY2024,Luis Gallego,Chief Executive Officer (IAG CEO),887000.0,GBP,1520000.0,2828000.0,111000.0,41000.0,,5387000.0,GBP,False,Served the full year. The 2024 LTIP figure has been restated in the 2025 report. The originally reported figure used an estimated share price of £2.43; the restated figure uses the actual vesting price of £3.24 in March 2025. The £:€ exchange rate applied for 2024 was 1.1780.,iag_sa_ar_2025,https://www.iairgroup.com/media/ktnlp1jx/iag-annual-report-and-accounts-2025.pdf,"=HYPERLINK(""https://www.iairgroup.com/media/ktnlp1jx/iag-annual-report-and-accounts-2025.pdf#page=145"",""p.145 of AR"")",2.0,
Ibstock Plc,IBST LN Equity,Materials,Materials,Construction Materials,Construction Materials,378.0,FY2025,Joe Hudson,Chief Executive Officer (CEO),572786.0,GBP,378203.0,37766.0,57279.0,9078.0,,1055112.0,GBP,False,"Served full year FY2025 (year ended 31 December 2025). LTIP figure relates to the April 2023 LTIP award, which vested at 6.25% of maximum based on the three-year performance period ending 31 December 2025, valued using a three-month average share price to 31 December 2025 of 133.5 pence; no discretion was applied and none of the value is attributed to share price growth. Benefits comprised a company car allowance of £18,000 per annum, private health cover, and death in service cover. Pension represents 10% of base salary, aligned with the maximum workforce pension contribution rate. Annual bonus was based 70% on financial performance and 30% on non-financial objectives, with a maximum opportunity of 150% of salary; Joe Hudson earned 43% of maximum.",ibstock_ar_2025,https://assets.ctfassets.net/eta2vegx3yuv/7Hu8JjvTKLlUXZ9CXLiWfa/9a86fd631333edcb66f4c963c5356f3f/Ibstock-Annual-Report-Accounts-2025.pdf,"=HYPERLINK(""https://assets.ctfassets.net/eta2vegx3yuv/7Hu8JjvTKLlUXZ9CXLiWfa/9a86fd631333edcb66f4c963c5356f3f/Ibstock-Annual-Report-Accounts-2025.pdf#page=104"",""p.104 of AR"")",2.0,
Ibstock Plc,IBST LN Equity,Materials,Materials,Construction Materials,Construction Materials,378.0,FY2025,Chris McLeish,Chief Financial Officer (CFO) – Past Director,294527.0,GBP,0.0,0.0,29453.0,1235.0,,325515.0,GBP,True,"Stepped down from the Board on 10 October 2025; served approximately 9.3 months of FY2025. Salary and pension reflect the partial year served. Received no annual bonus or LTIP for FY2025 due to departure before year-end. Annual bonus was £0, reflecting departure on 10 October 2025. Benefits comprised a company car allowance of £15,000 per annum (pro-rated), private health cover, and death in service cover. Pension represents 10% of base salary for the period served, aligned with the maximum workforce pension contribution rate.",ibstock_ar_2025,https://assets.ctfassets.net/eta2vegx3yuv/7Hu8JjvTKLlUXZ9CXLiWfa/9a86fd631333edcb66f4c963c5356f3f/Ibstock-Annual-Report-Accounts-2025.pdf,"=HYPERLINK(""https://assets.ctfassets.net/eta2vegx3yuv/7Hu8JjvTKLlUXZ9CXLiWfa/9a86fd631333edcb66f4c963c5356f3f/Ibstock-Annual-Report-Accounts-2025.pdf#page=104"",""p.104 of AR"")",2.0,
Ibstock Plc,IBST LN Equity,Materials,Materials,Construction Materials,Construction Materials,378.0,FY2024,Joe Hudson,Chief Executive Officer (CEO),532239.0,GBP,448952.0,320810.0,53224.0,8361.0,,1363586.0,GBP,False,"Served full year FY2024 (year ended 31 December 2024). The 2022 LTIP figure of £320,810 was updated from the prior year estimate to reflect the actual vesting of 21.35% out of 30% and the actual share price on the vesting date of 166 pence (previously estimated using a 188.3 pence three-month average share price), plus dividends accrued between grant and vesting.",ibstock_ar_2025,https://assets.ctfassets.net/eta2vegx3yuv/7Hu8JjvTKLlUXZ9CXLiWfa/9a86fd631333edcb66f4c963c5356f3f/Ibstock-Annual-Report-Accounts-2025.pdf,"=HYPERLINK(""https://assets.ctfassets.net/eta2vegx3yuv/7Hu8JjvTKLlUXZ9CXLiWfa/9a86fd631333edcb66f4c963c5356f3f/Ibstock-Annual-Report-Accounts-2025.pdf#page=104"",""p.104 of AR"")",2.0,
Ibstock Plc,IBST LN Equity,Materials,Materials,Construction Materials,Construction Materials,378.0,FY2024,Chris McLeish,Chief Financial Officer (CFO) – Past Director,358097.0,GBP,302061.0,215845.0,35810.0,16334.0,,928147.0,GBP,False,Served full year FY2024 (year ended 31 December 2024) before stepping down from the Board on 10 October 2025.,ibstock_ar_2025,https://assets.ctfassets.net/eta2vegx3yuv/7Hu8JjvTKLlUXZ9CXLiWfa/9a86fd631333edcb66f4c963c5356f3f/Ibstock-Annual-Report-Accounts-2025.pdf,"=HYPERLINK(""https://assets.ctfassets.net/eta2vegx3yuv/7Hu8JjvTKLlUXZ9CXLiWfa/9a86fd631333edcb66f4c963c5356f3f/Ibstock-Annual-Report-Accounts-2025.pdf#page=104"",""p.104 of AR"")",2.0,
ICG Plc,ICG LN Equity,Financials,Financial Services,Capital Markets,Asset Management & Custody Banks,5215.8,FY25,Benoît Durteste,Chief Executive Officer and Chief Investment Officer (CEO/CIO),615000.0,GBP,1030500.0,4146500.0,68800.0,27400.0,,5888200.0,GBP,False,Served full year in FY25,icg_ar_2025,https://www.icgam.com/shareholders-and-debtholders/annual-reports/#,"=HYPERLINK(""https://www.icgam.com/shareholders-and-debtholders/annual-reports/##page=100"",""p.100 of AR"")",2.0,
ICG Plc,ICG LN Equity,Financials,Financial Services,Capital Markets,Asset Management & Custody Banks,5215.8,FY25,David Bicarregui,Chief Financial Officer (CFO),600000.0,GBP,690300.0,1610700.0,67100.0,39200.0,,3007400.0,GBP,False,Served full year in FY25. Note: FY24 figures were pro-rata — David Bicarregui was elected to the Board at the July 2023 AGM part-way through FY24.,icg_ar_2025,https://www.icgam.com/shareholders-and-debtholders/annual-reports/#,"=HYPERLINK(""https://www.icgam.com/shareholders-and-debtholders/annual-reports/##page=99"",""p.99 of AR"")",2.0,
ICG Plc,ICG LN Equity,Financials,Financial Services,Capital Markets,Asset Management & Custody Banks,5215.8,FY25,Antje Hensel-Roth,"Chief People, ESG and Operations Officer (CPEAO)",500000.0,GBP,477100.0,1113200.0,56100.0,27500.0,,2173900.0,GBP,False,Served full year in FY25,icg_ar_2025,https://www.icgam.com/shareholders-and-debtholders/annual-reports/#,"=HYPERLINK(""https://www.icgam.com/shareholders-and-debtholders/annual-reports/##page=100"",""p.100 of AR"")",2.0,
ICG Plc,ICG LN Equity,Financials,Financial Services,Capital Markets,Asset Management & Custody Banks,5215.8,FY24,Benoît Durteste,Chief Executive Officer and Chief Investment Officer (CEO/CIO),500000.0,GBP,1171200.0,4865100.0,56100.0,16100.0,,6608500.0,GBP,False,Served full year in FY24,icg_ar_2025,https://www.icgam.com/shareholders-and-debtholders/annual-reports/#,"=HYPERLINK(""https://www.icgam.com/shareholders-and-debtholders/annual-reports/##page=100"",""p.100 of AR"")",2.0,
ICG Plc,ICG LN Equity,Financials,Financial Services,Capital Markets,Asset Management & Custody Banks,5215.8,FY24,David Bicarregui,Chief Financial Officer (CFO),417700.0,GBP,488200.0,1139100.0,46700.0,11500.0,,2103300.0,GBP,True,"Partial year reported. The variable compensation reported for FY24 covers only the period subsequent to David Bicarregui's election to the Board at the July 2023 AGM. Variable compensation earned prior to his Board election was earned on the same basis and with the same deferral arrangements as a Board Director but is not separately disclosed in the single figure. The salary figure of £417,700 reflects a part-year as a Board Director (salary rate was £600,000 per annum).",icg_ar_2025,https://www.icgam.com/shareholders-and-debtholders/annual-reports/#,"=HYPERLINK(""https://www.icgam.com/shareholders-and-debtholders/annual-reports/##page=100"",""p.100 of AR"")",2.0,
ICG Plc,ICG LN Equity,Financials,Financial Services,Capital Markets,Asset Management & Custody Banks,5215.8,FY24,Antje Hensel-Roth,"Chief People, ESG and Operations Officer (CPEAO)",467500.0,GBP,479100.0,1117900.0,52600.0,18500.0,,2135600.0,GBP,False,Served full year in FY24,icg_ar_2025,https://www.icgam.com/shareholders-and-debtholders/annual-reports/#,"=HYPERLINK(""https://www.icgam.com/shareholders-and-debtholders/annual-reports/##page=100"",""p.100 of AR"")",2.0,
IG Group Holdings Plc,IGG LN Equity,Financials,Financial Services,Capital Markets,Investment Banking & Brokerage,5071.2,FY25,Breon Corcoran,Chief Executive Officer,800000.0,GBP,2452000.0,0.0,0.0,96000.0,0.0,3348000.0,GBP,False,Full year served as CEO in FY25,ig_group_holdings_ar_2025,https://www.iggroup.com/~/media/Files/I/IG-Group/documents/investors/financial-results/results-reports-and-presentations/2025/annual-report-2025.pdf,"=HYPERLINK(""https://www.iggroup.com/~/media/Files/I/IG-Group/documents/investors/financial-results/results-reports-and-presentations/2025/annual-report-2025.pdf#page=109"",""p.109 of AR"")",2.0,
IG Group Holdings Plc,IGG LN Equity,Financials,Financial Services,Capital Markets,Investment Banking & Brokerage,5071.2,FY25,Clifford Abrahams,Chief Financial Officer,266000.0,GBP,653000.0,0.0,3000.0,30000.0,459000.0,1411000.0,GBP,True,"C. Abrahams was a new appointment during FY25 and served only part of the year. He was also granted replacement awards to compensate for remuneration arrangements forfeited on leaving his previous employer; the full value of these awards (both cash and share elements, valued at the grant share price of £9.34) are included in the FY25 single figure as 'Other variable pay' of £459,000.",ig_group_holdings_ar_2025,https://www.iggroup.com/~/media/Files/I/IG-Group/documents/investors/financial-results/results-reports-and-presentations/2025/annual-report-2025.pdf,"=HYPERLINK(""https://www.iggroup.com/~/media/Files/I/IG-Group/documents/investors/financial-results/results-reports-and-presentations/2025/annual-report-2025.pdf#page=103"",""p.103 of AR"")",2.0,
IG Group Holdings Plc,IGG LN Equity,Financials,Financial Services,Capital Markets,Investment Banking & Brokerage,5071.2,FY25,C. Rozes,Executive Director (former interim CEO; reverted to Executive Director role during FY25),89000.0,GBP,217000.0,0.0,9000.0,11000.0,0.0,326000.0,GBP,True,"C. Rozes served only part of FY25 as an Executive Director, having stepped down/changed role during the year (FY25 figures reflect a partial year of service compared to a full year in FY24).",ig_group_holdings_ar_2025,https://www.iggroup.com/~/media/Files/I/IG-Group/documents/investors/financial-results/results-reports-and-presentations/2025/annual-report-2025.pdf,"=HYPERLINK(""https://www.iggroup.com/~/media/Files/I/IG-Group/documents/investors/financial-results/results-reports-and-presentations/2025/annual-report-2025.pdf#page=102"",""p.102 of AR"")",2.0,
IG Group Holdings Plc,IGG LN Equity,Financials,Financial Services,Capital Markets,Investment Banking & Brokerage,5071.2,FY24,Breon Corcoran,Chief Executive Officer,276000.0,GBP,736000.0,0.0,0.0,33000.0,416000.0,1086000.0,GBP,True,"B. Corcoran was appointed as CEO on 29 January 2024 and therefore served only part of FY24. The 'Other fixed pay' of £416,000 relates to fees in respect of a consulting arrangement from 11 January to 28 January 2024, prior to his formal appointment, to facilitate preparatory activities for his CEO role.",ig_group_holdings_ar_2025,https://www.iggroup.com/~/media/Files/I/IG-Group/documents/investors/financial-results/results-reports-and-presentations/2025/annual-report-2025.pdf,"=HYPERLINK(""https://www.iggroup.com/~/media/Files/I/IG-Group/documents/investors/financial-results/results-reports-and-presentations/2025/annual-report-2025.pdf#page=109"",""p.109 of AR"")",2.0,
IG Group Holdings Plc,IGG LN Equity,Financials,Financial Services,Capital Markets,Investment Banking & Brokerage,5071.2,FY24,C. Rozes,Executive Director / Interim CEO,606000.0,GBP,777000.0,0.0,10000.0,139000.0,0.0,1532000.0,GBP,True,"FY24 salary for C. Rozes includes £74,000 relating to an acting-up allowance (equivalent to £130,000 per annum) during the period in which he served as interim CEO from 3 July 2023 until 28 January 2024, before reverting to his substantive Executive Director role.",ig_group_holdings_ar_2025,https://www.iggroup.com/~/media/Files/I/IG-Group/documents/investors/financial-results/results-reports-and-presentations/2025/annual-report-2025.pdf,"=HYPERLINK(""https://www.iggroup.com/~/media/Files/I/IG-Group/documents/investors/financial-results/results-reports-and-presentations/2025/annual-report-2025.pdf#page=102"",""p.102 of AR"")",2.0,
IMI Plc,IMI LN Equity,Industrials,Capital Goods,Machinery,Industrial Machinery & Supplies & Components,6345.8,FY2025,Roy Twite,Chief Executive Officer,900000.0,GBP,1375000.0,2659000.0,99000.0,33000.0,4000.0,5070000.0,GBP,False,Served full year,imi_ar_2025,https://www.imiplc.com/media/1i2ddtki/imi_ar_2025.pdf,"=HYPERLINK(""https://www.imiplc.com/media/1i2ddtki/imi_ar_2025.pdf#page=107"",""p.107 of AR"")",2.0,
IMI Plc,IMI LN Equity,Industrials,Capital Goods,Machinery,Industrial Machinery & Supplies & Components,6345.8,FY2025,Daniel Shook,Chief Financial Officer (stepped down from Board 1 August 2025),346000.0,GBP,400000.0,982000.0,38000.0,34000.0,4000.0,1804000.0,GBP,True,"Figures represent remuneration as a director only; stepped down from the Board on 1 August 2025 (served approximately 7 months of the year as a Board director). Base salary of £590,000 was applicable for the full year but Board-level remuneration is reported only for the period served as a director.",imi_ar_2025,https://www.imiplc.com/media/1i2ddtki/imi_ar_2025.pdf,"=HYPERLINK(""https://www.imiplc.com/media/1i2ddtki/imi_ar_2025.pdf#page=109"",""p.109 of AR"")",2.0,
IMI Plc,IMI LN Equity,Industrials,Capital Goods,Machinery,Industrial Machinery & Supplies & Components,6345.8,FY2025,Luke Grant,Chief Financial Officer (appointed to Board 1 August 2025),240000.0,GBP,274000.0,27000.0,26000.0,9000.0,0.0,576000.0,GBP,True,"Appointed to the Board on 1 August 2025; figures represent remuneration as a director only (approximately 5 months). Full-year salary on appointment was £576,700. Annual bonus of £274,000 delivered 50% in cash (£137,000) and 50% in deferred share awards (£137,000) as share ownership guideline not yet met (39.4% of guideline achieved).",imi_ar_2025,https://www.imiplc.com/media/1i2ddtki/imi_ar_2025.pdf,"=HYPERLINK(""https://www.imiplc.com/media/1i2ddtki/imi_ar_2025.pdf#page=109"",""p.109 of AR"")",2.0,
IMI Plc,IMI LN Equity,Industrials,Capital Goods,Machinery,Industrial Machinery & Supplies & Components,6345.8,FY2024,Roy Twite,Chief Executive Officer,830000.0,GBP,1620000.0,2068000.0,91000.0,29000.0,6000.0,4644000.0,GBP,False,"Served full year. IIP figure restated from original estimate (based on share price of 1,777.45p) to reflect actual vesting share price of 1,977.00p; upward restatement of £208,689.",imi_ar_2025,https://www.imiplc.com/media/1i2ddtki/imi_ar_2025.pdf,"=HYPERLINK(""https://www.imiplc.com/media/1i2ddtki/imi_ar_2025.pdf#page=109"",""p.109 of AR"")",2.0,
IMI Plc,IMI LN Equity,Industrials,Capital Goods,Machinery,Industrial Machinery & Supplies & Components,6345.8,FY2024,Daniel Shook,Chief Financial Officer,577000.0,GBP,851000.0,826000.0,63000.0,53000.0,4000.0,2374000.0,GBP,False,"Served full year as a Board director in FY2024. IIP figure restated from original estimate to reflect actual vesting share price of 1,977.00p; upward restatement of £83,410.",imi_ar_2025,https://www.imiplc.com/media/1i2ddtki/imi_ar_2025.pdf,"=HYPERLINK(""https://www.imiplc.com/media/1i2ddtki/imi_ar_2025.pdf#page=109"",""p.109 of AR"")",2.0,
Imperial Brands Plc,IMB LN Equity,Consumer Staples,Food Beverage & Tobacco,Tobacco,Tobacco,21778.2,FY25,Stefan Bomhard,Chief Executive Officer,1447000.0,GBP,1865000.0,4968000.0,203000.0,17000.0,0.0,8500000.0,GBP,False,Served full year. Note: Stefan Bomhard will step down as Executive Director on 31 December 2025 (departure date 14 May 2026); this does not affect FY25 figures.,imperial_brands_ar_2025,https://www.imperialbrandsplc.com/content/dam/imperialbrands/corporate/documents/investor-hub/reports/oar-2025/imperial-brands-2025-annual-report.pdf.downloadasset.pdf,"=HYPERLINK(""https://www.imperialbrandsplc.com/content/dam/imperialbrands/corporate/documents/investor-hub/reports/oar-2025/imperial-brands-2025-annual-report.pdf.downloadasset.pdf#page=109"",""p.109 of AR"")",2.0,
Imperial Brands Plc,IMB LN Equity,Consumer Staples,Food Beverage & Tobacco,Tobacco,Tobacco,21778.2,FY25,Lukas Paravicini,Chief Financial Officer,816000.0,GBP,1027000.0,1934000.0,114000.0,11000.0,0.0,3902000.0,GBP,False,Served full year.,imperial_brands_ar_2025,https://www.imperialbrandsplc.com/content/dam/imperialbrands/corporate/documents/investor-hub/reports/oar-2025/imperial-brands-2025-annual-report.pdf.downloadasset.pdf,"=HYPERLINK(""https://www.imperialbrandsplc.com/content/dam/imperialbrands/corporate/documents/investor-hub/reports/oar-2025/imperial-brands-2025-annual-report.pdf.downloadasset.pdf#page=109"",""p.109 of AR"")",2.0,
Imperial Brands Plc,IMB LN Equity,Consumer Staples,Food Beverage & Tobacco,Tobacco,Tobacco,21778.2,FY24,Stefan Bomhard,Chief Executive Officer,1400000.0,GBP,2346000.0,6606000.0,196000.0,17000.0,6000.0,10571000.0,GBP,False,Served full year.,imperial_brands_ar_2025,https://www.imperialbrandsplc.com/content/dam/imperialbrands/corporate/documents/investor-hub/reports/oar-2025/imperial-brands-2025-annual-report.pdf.downloadasset.pdf,"=HYPERLINK(""https://www.imperialbrandsplc.com/content/dam/imperialbrands/corporate/documents/investor-hub/reports/oar-2025/imperial-brands-2025-annual-report.pdf.downloadasset.pdf#page=109"",""p.109 of AR"")",2.0,
Imperial Brands Plc,IMB LN Equity,Consumer Staples,Food Beverage & Tobacco,Tobacco,Tobacco,21778.2,FY24,Lukas Paravicini,Chief Financial Officer,790000.0,GBP,1323000.0,2648000.0,111000.0,2000.0,0.0,4874000.0,GBP,False,Served full year.,imperial_brands_ar_2025,https://www.imperialbrandsplc.com/content/dam/imperialbrands/corporate/documents/investor-hub/reports/oar-2025/imperial-brands-2025-annual-report.pdf.downloadasset.pdf,"=HYPERLINK(""https://www.imperialbrandsplc.com/content/dam/imperialbrands/corporate/documents/investor-hub/reports/oar-2025/imperial-brands-2025-annual-report.pdf.downloadasset.pdf#page=109"",""p.109 of AR"")",2.0,
Inchcape Plc,INCH LN Equity,Consumer Discretionary,Consumer Discretionary Distribution & Retail,Distributors,Distributors,2867.2,FY2025,Duncan Tait,Group Chief Executive,937000.0,GBP,680000.0,2235000.0,87000.0,38000.0,,3977000.0,GBP,False,"Served full year. Annual salary was £952,965 per annum effective from 1 April 2025 (a 7% increase); the single figure of £937,000 reflects the blended amount actually paid across the full calendar year. Annual bonus represents 71% of salary, based on financial matrix of revenue, profit before tax, working capital, and strategic objectives. LTIP reflects 2023 PSP and CIP awards vesting April 2026, valued using three-month average share price of 748p to 31 December 2025; 83% of maximum vesting based on EPS, ROCE and cash conversion performance. Awards subject to a further two-year holding period and will be released in 2028. Pension is a cash allowance in lieu of pension at 10% of salary. Benefits include car allowance, medical cover, mileage allowance and other HMRC-taxable benefits.",inchcape_ar_2025,https://www.inchcape.com/pdf-viewer.aspx?gid=308187638&src=%2F%7E%2Fmedia%2Ffiles%2Fi%2Finchcape%2Fcorp%2Fdownload-hub-section%2Finchcape-ara-2025.pdf,"=HYPERLINK(""https://www.inchcape.com/pdf-viewer.aspx?gid=308187638&src=%2F%7E%2Fmedia%2Ffiles%2Fi%2Finchcape%2Fcorp%2Fdownload-hub-section%2Finchcape-ara-2025.pdf#page=92"",""p.92 of AR"")",2.0,
Inchcape Plc,INCH LN Equity,Consumer Discretionary,Consumer Discretionary Distribution & Retail,Distributors,Distributors,2867.2,FY2025,Adrian Lewis,Group Chief Financial Officer,504000.0,GBP,396000.0,710000.0,47000.0,38000.0,,1695000.0,GBP,False,"Served full year. Annual salary was £507,749 per annum; the single figure of £504,000 reflects the blended full-year amount. Annual bonus represents 78% of salary, based on financial matrix of revenue, profit before tax, working capital, and strategic objectives. LTIP reflects 2023 PSP and CIP awards vesting April 2026, valued using three-month average share price of 748p to 31 December 2025; 83% of maximum vesting. Awards subject to a further two-year holding period and will be released in 2028. Pension is a cash allowance in lieu of pension at 10% of salary. Benefits include car allowance, medical cover, mileage allowance and other HMRC-taxable benefits.",inchcape_ar_2025,https://www.inchcape.com/pdf-viewer.aspx?gid=308187638&src=%2F%7E%2Fmedia%2Ffiles%2Fi%2Finchcape%2Fcorp%2Fdownload-hub-section%2Finchcape-ara-2025.pdf,"=HYPERLINK(""https://www.inchcape.com/pdf-viewer.aspx?gid=308187638&src=%2F%7E%2Fmedia%2Ffiles%2Fi%2Finchcape%2Fcorp%2Fdownload-hub-section%2Finchcape-ara-2025.pdf#page=92"",""p.92 of AR"")",2.0,
Inchcape Plc,INCH LN Equity,Consumer Discretionary,Consumer Discretionary Distribution & Retail,Distributors,Distributors,2867.2,FY2024,Duncan Tait,Group Chief Executive,885000.0,GBP,944000.0,2567000.0,62000.0,10000.0,,4468000.0,GBP,False,Served full year. All figures as reported in the audited Single Total Figure of Remuneration table on page 92 of the Directors' Report on Remuneration.,inchcape_ar_2025,https://www.inchcape.com/pdf-viewer.aspx?gid=308187638&src=%2F%7E%2Fmedia%2Ffiles%2Fi%2Finchcape%2Fcorp%2Fdownload-hub-section%2Finchcape-ara-2025.pdf,"=HYPERLINK(""https://www.inchcape.com/pdf-viewer.aspx?gid=308187638&src=%2F%7E%2Fmedia%2Ffiles%2Fi%2Finchcape%2Fcorp%2Fdownload-hub-section%2Finchcape-ara-2025.pdf#page=92"",""p.92 of AR"")",2.0,
Inchcape Plc,INCH LN Equity,Consumer Discretionary,Consumer Discretionary Distribution & Retail,Distributors,Distributors,2867.2,FY2024,Adrian Lewis,Group Chief Financial Officer,491000.0,GBP,517000.0,347000.0,33000.0,12000.0,,1400000.0,GBP,False,Served full year. All figures as reported in the audited Single Total Figure of Remuneration table on page 92 of the Directors' Report on Remuneration.,inchcape_ar_2025,https://www.inchcape.com/pdf-viewer.aspx?gid=308187638&src=%2F%7E%2Fmedia%2Ffiles%2Fi%2Finchcape%2Fcorp%2Fdownload-hub-section%2Finchcape-ara-2025.pdf,"=HYPERLINK(""https://www.inchcape.com/pdf-viewer.aspx?gid=308187638&src=%2F%7E%2Fmedia%2Ffiles%2Fi%2Finchcape%2Fcorp%2Fdownload-hub-section%2Finchcape-ara-2025.pdf#page=92"",""p.92 of AR"")",2.0,
Integrafin Holdings Plc,IHP LN Equity,Financials,Financial Services,Capital Markets,Financial Exchanges & Data,1108.4,FY25,Alexander Scott,Chief Executive Officer (CEO),551000.0,GBP,699000.0,0.0,50000.0,3000.0,8000.0,1311000.0,GBP,False,"Served full year. Salary reflects blended average: increased from £545,000 to £564,100 effective 1 June 2025 (3.5% increase).",integrafin_holdings_ar_2025,https://www.integrafin.co.uk/media/qzzcqyan/integrafin-annual-report-2025.pdf,"=HYPERLINK(""https://www.integrafin.co.uk/media/qzzcqyan/integrafin-annual-report-2025.pdf#page=74"",""p.74 of AR"")",2.0,
Integrafin Holdings Plc,IHP LN Equity,Financials,Financial Services,Capital Markets,Financial Exchanges & Data,1108.4,FY25,Euan Marshall,Chief Financial Officer (CFO),409000.0,GBP,470000.0,0.0,37000.0,2000.0,1000.0,919000.0,GBP,False,"Served full year in FY25 (appointed to the board 3 January 2024, so full year in FY25). Salary reflects blended average: adjusted on 1 November 2024, then increased from £400,000 to £414,600 effective 1 June 2025 (3.5% increase).",integrafin_holdings_ar_2025,https://www.integrafin.co.uk/media/qzzcqyan/integrafin-annual-report-2025.pdf,"=HYPERLINK(""https://www.integrafin.co.uk/media/qzzcqyan/integrafin-annual-report-2025.pdf#page=74"",""p.74 of AR"")",2.0,
Integrafin Holdings Plc,IHP LN Equity,Financials,Financial Services,Capital Markets,Financial Exchanges & Data,1108.4,FY25,Michael Howard,Executive Director,0.0,GBP,0.0,0.0,0.0,0.0,0.0,0.0,GBP,False,"Michael Howard receives nil remuneration from the Company. ObjectMastery Pty Ltd receives AUD80,000 for his executive appointment to IAD Pty Ltd, a subsidiary within the Group.",integrafin_holdings_ar_2025,https://www.integrafin.co.uk/media/qzzcqyan/integrafin-annual-report-2025.pdf,"=HYPERLINK(""https://www.integrafin.co.uk/media/qzzcqyan/integrafin-annual-report-2025.pdf#page=74"",""p.74 of AR"")",2.0,
Integrafin Holdings Plc,IHP LN Equity,Financials,Financial Services,Capital Markets,Financial Exchanges & Data,1108.4,FY24,Alexander Scott,Chief Executive Officer (CEO),489000.0,GBP,271000.0,0.0,36000.0,1000.0,8000.0,805000.0,GBP,False,Served full year.,integrafin_holdings_ar_2025,https://www.integrafin.co.uk/media/qzzcqyan/integrafin-annual-report-2025.pdf,"=HYPERLINK(""https://www.integrafin.co.uk/media/qzzcqyan/integrafin-annual-report-2025.pdf#page=78"",""p.78 of AR"")",2.0,
Integrafin Holdings Plc,IHP LN Equity,Financials,Financial Services,Capital Markets,Financial Exchanges & Data,1108.4,FY24,Euan Marshall,Chief Financial Officer (CFO),323000.0,GBP,207000.0,0.0,29000.0,1000.0,347000.0,908000.0,GBP,True,"Appointed to the board on 3 January 2024; salary and bonus figures reflect part-year service. The £347,000 'Other' figure relates to buyout awards compensating for forfeited remuneration from previous employer.",integrafin_holdings_ar_2025,https://www.integrafin.co.uk/media/qzzcqyan/integrafin-annual-report-2025.pdf,"=HYPERLINK(""https://www.integrafin.co.uk/media/qzzcqyan/integrafin-annual-report-2025.pdf#page=78"",""p.78 of AR"")",2.0,
Integrafin Holdings Plc,IHP LN Equity,Financials,Financial Services,Capital Markets,Financial Exchanges & Data,1108.4,FY24,Michael Howard,Executive Director,0.0,GBP,0.0,0.0,0.0,0.0,0.0,0.0,GBP,False,"Nil remuneration from the Company. ObjectMastery Pty Ltd received AUD80,000 for his executive appointment to IAD Pty Ltd, a subsidiary within the Group.",integrafin_holdings_ar_2025,https://www.integrafin.co.uk/media/qzzcqyan/integrafin-annual-report-2025.pdf,"=HYPERLINK(""https://www.integrafin.co.uk/media/qzzcqyan/integrafin-annual-report-2025.pdf#page=78"",""p.78 of AR"")",2.0,
Intercontinental Hotels Group Plc,IHG LN Equity,Consumer Discretionary,Consumer Services,Hotels Restaurants & Leisure,Hotels Resorts & Cruise Lines,22107.1,FY2025,Elie Maalouf,Chief Executive Officer,1082000.0,GBP,1863000.0,6839000.0,130000.0,403000.0,0.0,10317000.0,GBP,False,"Served full year FY2025 (year ended 31 December 2025). Salary increased by 6.8% effective 1 April 2025 from £1,029,600 to £1,100,000 as part of the revised Directors' Remuneration Policy. Benefits include RPI-linked monthly net housing allowance (gross value ~£21,400/month as at September 2025), travel costs and allowances (£53,000), tax return assistance (£41,000), and healthcare (£47,000). Pension represents a cash allowance of 12% of salary paid in lieu of pension contributions. Annual Bonus (APP) outcome was 56.5% of maximum; £1,304,000 paid in cash and £559,000 deferred in shares for three years. LTIP relates to the 2023-25 cycle vesting at 82.7% of maximum, valued using Q4 2025 average closing share price of £96.97; driven by upper quartile relative TSR, strong EPS and cash flow performance, and between threshold and maximum performance for relative NSSG and planet measures; Committee applied discretion to remove the 10% people/gender and ethnicity representation portion of the award with no replacement, and excluded Ruby business integration costs from the cash flow outcome calculation.",intercontinental_hotels_group_ar_2025,https://www.ihgplc.com/~/media/Files/I/Ihg-Plc/investors/annual-report/2025/ihg-ar25-interactive.pdf,"=HYPERLINK(""https://www.ihgplc.com/~/media/Files/I/Ihg-Plc/investors/annual-report/2025/ihg-ar25-interactive.pdf#page=148"",""p.148 of AR"")",2.0,
Intercontinental Hotels Group Plc,IHG LN Equity,Consumer Discretionary,Consumer Services,Hotels Restaurants & Leisure,Hotels Resorts & Cruise Lines,22107.1,FY2025,Michael Glover,Chief Financial Officer,659000.0,GBP,938000.0,2711000.0,79000.0,91000.0,100000.0,4579000.0,GBP,False,"Served full year FY2025 (year ended 31 December 2025). Salary increased by 3.0% effective 1 April 2025 from £644,800 to £664,350, in line with the wider UK and US corporate workforce. Benefits include travel costs and allowances (£17,000), tax return assistance (£47,000), and healthcare (£19,000). Pension represents a cash allowance of 12% of salary paid in lieu of pension contributions. Annual Bonus (APP) outcome was 56.5% of maximum; £657,000 paid in cash and £281,000 deferred in shares for three years. LTIP relates to the 2023-25 cycle vesting at 82.7% of maximum, valued using Q4 2025 average closing share price of £96.97; driven by upper quartile relative TSR, strong EPS and cash flow performance, and between threshold and maximum performance for relative NSSG and planet measures; Committee applied discretion to remove the 10% people/gender and ethnicity representation portion of the award with no replacement, and excluded Ruby business integration costs from the cash flow outcome calculation.",intercontinental_hotels_group_ar_2025,https://www.ihgplc.com/~/media/Files/I/Ihg-Plc/investors/annual-report/2025/ihg-ar25-interactive.pdf,"=HYPERLINK(""https://www.ihgplc.com/~/media/Files/I/Ihg-Plc/investors/annual-report/2025/ihg-ar25-interactive.pdf#page=148"",""p.148 of AR"")",2.0,
Intercontinental Hotels Group Plc,IHG LN Equity,Consumer Discretionary,Consumer Services,Hotels Restaurants & Leisure,Hotels Resorts & Cruise Lines,22107.1,FY2024,Elie Maalouf,Chief Executive Officer,1010000.0,GBP,1298000.0,5096000.0,121000.0,427000.0,0.0,7951000.0,GBP,False,"Served full year FY2024 (year ended 31 December 2024). Annual Bonus (APP) outcome was 63.0% of maximum. LTIP relates to the 2022-24 cycle vesting at 84.7% of maximum, restated using actual share price of £100.72 on date of vesting. Pension represents a cash allowance of 12% of salary paid in lieu of pension contributions.",intercontinental_hotels_group_ar_2025,https://www.ihgplc.com/~/media/Files/I/Ihg-Plc/investors/annual-report/2025/ihg-ar25-interactive.pdf,"=HYPERLINK(""https://www.ihgplc.com/~/media/Files/I/Ihg-Plc/investors/annual-report/2025/ihg-ar25-interactive.pdf#page=148"",""p.148 of AR"")",2.0,
Intercontinental Hotels Group Plc,IHG LN Equity,Consumer Discretionary,Consumer Services,Hotels Restaurants & Leisure,Hotels Resorts & Cruise Lines,22107.1,FY2024,Michael Glover,Chief Financial Officer,639000.0,GBP,813000.0,1761000.0,77000.0,86000.0,150000.0,3524000.0,GBP,False,"Served full year FY2024 (year ended 31 December 2024). Annual Bonus (APP) outcome was 63.0% of maximum. LTIP relates to the 2022-24 cycle vesting at 84.7% of maximum, restated using actual share price of £100.72 on date of vesting. Pension represents a cash allowance of 12% of salary paid in lieu of pension contributions.",intercontinental_hotels_group_ar_2025,https://www.ihgplc.com/~/media/Files/I/Ihg-Plc/investors/annual-report/2025/ihg-ar25-interactive.pdf,"=HYPERLINK(""https://www.ihgplc.com/~/media/Files/I/Ihg-Plc/investors/annual-report/2025/ihg-ar25-interactive.pdf#page=148"",""p.148 of AR"")",2.0,
International Workplace Group Plc,IWG LN Equity,Real Estate,Real Estate Management & Development,Real Estate Management & Development,Real Estate Operating Companies,1781.6,FY2025,Mark Dixon,Chief Executive Officer,956000.0,GBP,1655000.0,1779000.0,67000.0,0.0,0.0,4456000.0,GBP,False,Served full year,international_workplace_group_ar_2025,https://investors.iwgplc.com/~/media/Files/I/IWG-IR/reports-and-presentations/2026/iwg-annual-report-2025-16-03-2026.pdf,"=HYPERLINK(""https://investors.iwgplc.com/~/media/Files/I/IWG-IR/reports-and-presentations/2026/iwg-annual-report-2025-16-03-2026.pdf#page=77"",""p.77 of AR"")",2.0,
International Workplace Group Plc,IWG LN Equity,Real Estate,Real Estate Management & Development,Real Estate Management & Development,Real Estate Operating Companies,1781.6,FY2025,Charlie Steel,Chief Financial Officer,510000.0,GBP,883000.0,2053000.0,36000.0,0.0,0.0,3482000.0,GBP,False,Served full year,international_workplace_group_ar_2025,https://investors.iwgplc.com/~/media/Files/I/IWG-IR/reports-and-presentations/2026/iwg-annual-report-2025-16-03-2026.pdf,"=HYPERLINK(""https://investors.iwgplc.com/~/media/Files/I/IWG-IR/reports-and-presentations/2026/iwg-annual-report-2025-16-03-2026.pdf#page=77"",""p.77 of AR"")",2.0,
International Workplace Group Plc,IWG LN Equity,Real Estate,Real Estate Management & Development,Real Estate Management & Development,Real Estate Operating Companies,1781.6,FY2024,Mark Dixon,Chief Executive Officer,919000.0,GBP,1268000.0,0.0,64000.0,0.0,0.0,2250000.0,GBP,False,Served full year,international_workplace_group_ar_2025,https://investors.iwgplc.com/~/media/Files/I/IWG-IR/reports-and-presentations/2026/iwg-annual-report-2025-16-03-2026.pdf,"=HYPERLINK(""https://investors.iwgplc.com/~/media/Files/I/IWG-IR/reports-and-presentations/2026/iwg-annual-report-2025-16-03-2026.pdf#page=78"",""p.78 of AR"")",2.0,
International Workplace Group Plc,IWG LN Equity,Real Estate,Real Estate Management & Development,Real Estate Management & Development,Real Estate Operating Companies,1781.6,FY2024,Charlie Steel,Chief Financial Officer,462000.0,GBP,638000.0,0.0,32000.0,0.0,0.0,1132000.0,GBP,False,Served full year,international_workplace_group_ar_2025,https://investors.iwgplc.com/~/media/Files/I/IWG-IR/reports-and-presentations/2026/iwg-annual-report-2025-16-03-2026.pdf,"=HYPERLINK(""https://investors.iwgplc.com/~/media/Files/I/IWG-IR/reports-and-presentations/2026/iwg-annual-report-2025-16-03-2026.pdf#page=78"",""p.78 of AR"")",2.0,
Intertek Group Plc,ITRK LN Equity,Industrials,Commercial & Professional Services,Professional Services,Research & Consulting Services,8618.8,FY2025,André Lacroix,Chief Executive Officer,1078000.0,GBP,1133000.0,3755000.0,76000.0,157000.0,0.0,6199000.0,GBP,False,Served full year,intertek_group_ar_2025,https://www.intertek.com/siteassets/investors/2026/ara/intertek-annual-report--accounts-2025-combined.pdf,"=HYPERLINK(""https://www.intertek.com/siteassets/investors/2026/ara/intertek-annual-report--accounts-2025-combined.pdf#page=172"",""p.172 of AR"")",2.0,
Intertek Group Plc,ITRK LN Equity,Industrials,Commercial & Professional Services,Professional Services,Research & Consulting Services,8618.8,FY2025,Colm Deasy,Chief Financial Officer,509000.0,GBP,535000.0,1049000.0,23000.0,31000.0,0.0,2147000.0,GBP,False,Served full year,intertek_group_ar_2025,https://www.intertek.com/siteassets/investors/2026/ara/intertek-annual-report--accounts-2025-combined.pdf,"=HYPERLINK(""https://www.intertek.com/siteassets/investors/2026/ara/intertek-annual-report--accounts-2025-combined.pdf#page=172"",""p.172 of AR"")",2.0,
Intertek Group Plc,ITRK LN Equity,Industrials,Commercial & Professional Services,Professional Services,Research & Consulting Services,8618.8,FY2024,André Lacroix,Chief Executive Officer,1051000.0,GBP,2025000.0,3270000.0,127000.0,138000.0,0.0,6611000.0,GBP,False,Served full year,intertek_group_ar_2025,https://www.intertek.com/siteassets/investors/2026/ara/intertek-annual-report--accounts-2025-combined.pdf,"=HYPERLINK(""https://www.intertek.com/siteassets/investors/2026/ara/intertek-annual-report--accounts-2025-combined.pdf#page=175"",""p.175 of AR"")",2.0,
Intertek Group Plc,ITRK LN Equity,Industrials,Commercial & Professional Services,Professional Services,Research & Consulting Services,8618.8,FY2024,Colm Deasy,Chief Financial Officer,481000.0,GBP,956000.0,0.0,22000.0,25000.0,0.0,1484000.0,GBP,False,Served full year,intertek_group_ar_2025,https://www.intertek.com/siteassets/investors/2026/ara/intertek-annual-report--accounts-2025-combined.pdf,"=HYPERLINK(""https://www.intertek.com/siteassets/investors/2026/ara/intertek-annual-report--accounts-2025-combined.pdf#page=175"",""p.175 of AR"")",2.0,
Investec Plc,INVP LN Equity,Financials,Financial Services,Capital Markets,Diversified Capital Markets,5308.0,FY2025,Fani Titi,Group Chief Executive,880000.0,GBP,1568000.0,862000.0,0.0,0.0,49000.0,3359000.0,GBP,False,"Served full year. Note: mid-year salary reduction within Fixed Remuneration effective 9 August 2024 (reduced from higher rate to £750,000); £880,000 reflects the blended full-year amount.",investec_ar_2025,https://www.investec.com/content/dam/investor-relations/financial-information/group-financial-results/2026/Investec-Group-integrated-and-strategic-annual-report-March-2026-Online.pdf,"=HYPERLINK(""https://www.investec.com/content/dam/investor-relations/financial-information/group-financial-results/2026/Investec-Group-integrated-and-strategic-annual-report-March-2026-Online.pdf#page=172"",""p.172 of AR"")",2.0,
Investec Plc,INVP LN Equity,Financials,Financial Services,Capital Markets,Diversified Capital Markets,5308.0,FY2025,Nishlan Samujh,Executive Director (full title not stated in extracted pages),0.0,GBP,0.0,0.0,0.0,0.0,0.0,0.0,GBP,False,Pro-rata status not determinable from extracted pages. No remuneration figures available; executive is referenced only in the STI section confirming a shared achievement rate of 74.7% of maximum with the Group Chief Executive.,investec_ar_2025,https://www.investec.com/content/dam/investor-relations/financial-information/group-financial-results/2026/Investec-Group-integrated-and-strategic-annual-report-March-2026-Online.pdf,"=HYPERLINK(""https://www.investec.com/content/dam/investor-relations/financial-information/group-financial-results/2026/Investec-Group-integrated-and-strategic-annual-report-March-2026-Online.pdf#page=172"",""p.172 of AR"")",2.0,
Investec Plc,INVP LN Equity,Financials,Financial Services,Capital Markets,Diversified Capital Markets,5308.0,FY2024,Fani Titi,Group Chief Executive,1087000.0,GBP,1441000.0,2663000.0,0.0,0.0,46000.0,5237000.0,GBP,False,Served full year.,investec_ar_2025,https://www.investec.com/content/dam/investor-relations/financial-information/group-financial-results/2026/Investec-Group-integrated-and-strategic-annual-report-March-2026-Online.pdf,"=HYPERLINK(""https://www.investec.com/content/dam/investor-relations/financial-information/group-financial-results/2026/Investec-Group-integrated-and-strategic-annual-report-March-2026-Online.pdf#page=172"",""p.172 of AR"")",2.0,
Ithaca Energy Plc,ITM LN Equity,Energy,Energy,Oil Gas & Consumable Fuels,Oil & Gas Exploration & Production,1113.3,FY2025,Yaniv Friedman,Executive Chair,467000.0,GBP,578000.0,0.0,61000.0,339000.0,5000.0,1449000.0,GBP,False,"Served the full year 2025. Salary includes an 11.1% increase (£50,000) effective 1 September 2025; bonusable salary is £500,000 (salary as at 31 December 2025). Annual bonus of 116% of salary based on £500,000 bonusable salary; 50% paid in cash, 50% deferred into shares for 3 years. Benefits include car allowance £9,000, relocation assistance £206,000, taxable travel £122,000. No LTIP awards vesting in FY2025.",ithaca_energy_ar_2025,https://investors.ithacaenergy.com/sites/ithaca-ir/files/2026-04/2025-annual-report-interactive-pdf.pdf,"=HYPERLINK(""https://investors.ithacaenergy.com/sites/ithaca-ir/files/2026-04/2025-annual-report-interactive-pdf.pdf#page=132"",""p.132 of AR"")",2.0,
Ithaca Energy Plc,ITM LN Equity,Energy,Energy,Oil Gas & Consumable Fuels,Oil & Gas Exploration & Production,1113.3,FY2025,Luciano Vasques,Chief Executive Officer (CEO),600000.0,GBP,694000.0,0.0,80000.0,122000.0,1000.0,1496000.0,GBP,False,"Served the full year 2025. FY2025 was Luciano Vasques' first full year as a Director. Annual bonus of 116% of salary based on £600,000 bonusable salary; 50% paid in cash, 50% deferred into shares for 3 years. Benefits include car allowance £9,000, relocation assistance £100,000. No LTIP awards vesting in FY2025.",ithaca_energy_ar_2025,https://investors.ithacaenergy.com/sites/ithaca-ir/files/2026-04/2025-annual-report-interactive-pdf.pdf,"=HYPERLINK(""https://investors.ithacaenergy.com/sites/ithaca-ir/files/2026-04/2025-annual-report-interactive-pdf.pdf#page=128"",""p.128 of AR"")",2.0,
Ithaca Energy Plc,ITM LN Equity,Energy,Energy,Oil Gas & Consumable Fuels,Oil & Gas Exploration & Production,1113.3,FY2025,Iain Lewis,Chief Financial Officer (CFO),400000.0,GBP,463000.0,385000.0,54000.0,9000.0,6000.0,1316000.0,GBP,False,"Served the full year 2025. Salary of £400,000 reflects part-time working at contracted hours of 30 per week (80% of normal business hours) throughout 2025; full-time equivalent salary is £500,000. He returned to full-time employment effective 1 January 2026. Annual bonus of 116% of salary based on £400,000 bonusable salary; 50% paid in cash, 50% deferred into shares for 3 years. Benefits include car allowance £7,000; no relocation or taxable travel above threshold. LTIP of £385,000 relates to 2022 LTIP award: performance period ended 31 December 2025, vesting April 2026; initial award at 200% of salary based on admission share price of £2.50; 58.85% of maximum vested; valued using closing share price of £1.6580 on 31 December 2025.",ithaca_energy_ar_2025,https://investors.ithacaenergy.com/sites/ithaca-ir/files/2026-04/2025-annual-report-interactive-pdf.pdf,"=HYPERLINK(""https://investors.ithacaenergy.com/sites/ithaca-ir/files/2026-04/2025-annual-report-interactive-pdf.pdf#page=133"",""p.133 of AR"")",2.0,
Ithaca Energy Plc,ITM LN Equity,Energy,Energy,Oil Gas & Consumable Fuels,Oil & Gas Exploration & Production,1113.3,FY2024,Yaniv Friedman,Executive Chair,227000.0,GBP,207000.0,0.0,30000.0,184000.0,1000.0,649000.0,GBP,True,"Appointed as Director on 28 June 2024; remuneration reflects period from appointment date only. Benefits figure of £184,000 has been restated to include an additional £42,000 of travel costs identified after publication of the 2024 annual report. No LTIP awards vesting in FY2024.",ithaca_energy_ar_2025,https://investors.ithacaenergy.com/sites/ithaca-ir/files/2026-04/2025-annual-report-interactive-pdf.pdf,"=HYPERLINK(""https://investors.ithacaenergy.com/sites/ithaca-ir/files/2026-04/2025-annual-report-interactive-pdf.pdf#page=130"",""p.130 of AR"")",2.0,
Ithaca Energy Plc,ITM LN Equity,Energy,Energy,Oil Gas & Consumable Fuels,Oil & Gas Exploration & Production,1113.3,FY2024,Luciano Vasques,Chief Executive Officer (CEO),148000.0,GBP,133000.0,0.0,17000.0,154000.0,0.0,452000.0,GBP,True,Appointed as Director on 3 October 2024; remuneration reflects period from appointment date only. No LTIP awards vesting in FY2024.,ithaca_energy_ar_2025,https://investors.ithacaenergy.com/sites/ithaca-ir/files/2026-04/2025-annual-report-interactive-pdf.pdf,"=HYPERLINK(""https://investors.ithacaenergy.com/sites/ithaca-ir/files/2026-04/2025-annual-report-interactive-pdf.pdf#page=130"",""p.130 of AR"")",2.0,
Ithaca Energy Plc,ITM LN Equity,Energy,Energy,Oil Gas & Consumable Fuels,Oil & Gas Exploration & Production,1113.3,FY2024,Iain Lewis,Chief Financial Officer (CFO),483000.0,GBP,435000.0,0.0,65000.0,11000.0,5000.0,999000.0,GBP,False,"Served the full year 2024. However, salary reflects a change in contracted hours: 100% full-time equivalent for the period 1 January 2024 to 31 October 2024, reducing to 80% of normal business hours from 1 October 2024 to 31 December 2024 (and continuing through 2025). No LTIP awards vesting in FY2024.",ithaca_energy_ar_2025,https://investors.ithacaenergy.com/sites/ithaca-ir/files/2026-04/2025-annual-report-interactive-pdf.pdf,"=HYPERLINK(""https://investors.ithacaenergy.com/sites/ithaca-ir/files/2026-04/2025-annual-report-interactive-pdf.pdf#page=130"",""p.130 of AR"")",2.0,
JD Sports Fashion Plc,JD/ LN Equity,Consumer Discretionary,Consumer Discretionary Distribution & Retail,Specialty Retail,Other Specialty Retail,3457.9,FY2024/25,Régis Schultz,Chief Executive Officer (CEO),1068000.0,GBP,824000.0,0.0,42000.0,105000.0,0.0,2039000.0,GBP,False,"Served full year (52 weeks ending 1 February 2025). Total Fixed Pay: £1,215,000; Total Variable Pay: £824,000. Annual bonus of £824,235 delivered 50% cash (£412,118) and 50% deferred shares (£412,118), representing 38.5% of maximum opportunity. FY22/23 LTIP award lapsed as the Profit Before Tax and Adjusting Items threshold of £994.56m was not met. Benefits include car allowance, private medical and health insurance, and a disturbance allowance of £60,000 per annum payable for three years post-appointment. Pension at 4% of salary, in line with wider workforce policy.",jd_sports_fashion_ar_2025,https://s204.q4cdn.com/980191062/files/doc_downloads/2026/05/20/2026-Annual-Report-and-Accounts.pdf,"=HYPERLINK(""https://s204.q4cdn.com/980191062/files/doc_downloads/2026/05/20/2026-Annual-Report-and-Accounts.pdf#page=132"",""p.132 of AR"")",2.0,
JD Sports Fashion Plc,JD/ LN Equity,Consumer Discretionary,Consumer Discretionary Distribution & Retail,Specialty Retail,Other Specialty Retail,3457.9,FY2024/25,Dominic Platt,Chief Financial Officer (CFO),550000.0,GBP,423000.0,0.0,22000.0,65000.0,0.0,1060000.0,GBP,False,"Served full year in FY2024/25 (52 weeks ending 1 February 2025); note that FY2023/24 was pro-rata as he joined in October 2023. Total Fixed Pay: £637,000; Total Variable Pay: £423,000. Annual bonus of £423,119 delivered 50% cash (£211,560) and 50% deferred shares (£211,560), representing 38.5% of maximum opportunity. First LTIP award not due to vest until FY25/26, subject to relevant performance conditions. Benefits include car allowance, private medical and health insurance, and a disturbance allowance of £50,000 per annum payable for three years post-appointment. Pension at 4% of salary, in line with wider workforce policy.",jd_sports_fashion_ar_2025,https://s204.q4cdn.com/980191062/files/doc_downloads/2026/05/20/2026-Annual-Report-and-Accounts.pdf,"=HYPERLINK(""https://s204.q4cdn.com/980191062/files/doc_downloads/2026/05/20/2026-Annual-Report-and-Accounts.pdf#page=132"",""p.132 of AR"")",2.0,
JD Sports Fashion Plc,JD/ LN Equity,Consumer Discretionary,Consumer Discretionary Distribution & Retail,Specialty Retail,Other Specialty Retail,3457.9,FY2023/24,Régis Schultz,Chief Executive Officer (CEO),1040000.0,GBP,395000.0,0.0,42000.0,109000.0,0.0,1586000.0,GBP,False,"Served full year. Total Fixed Pay: £1,191,000; Total Variable Pay: £395,000. Benefits include car allowance, private medical and health insurance, and disturbance allowance of £60,000 per annum. Pension at 4% of salary; note the pension provision for FY23/24 had not been confirmed at the original reporting date and was updated in the FY24/25 report.",jd_sports_fashion_ar_2025,https://s204.q4cdn.com/980191062/files/doc_downloads/2026/05/20/2026-Annual-Report-and-Accounts.pdf,"=HYPERLINK(""https://s204.q4cdn.com/980191062/files/doc_downloads/2026/05/20/2026-Annual-Report-and-Accounts.pdf#page=132"",""p.132 of AR"")",2.0,
JD Sports Fashion Plc,JD/ LN Equity,Consumer Discretionary,Consumer Discretionary Distribution & Retail,Specialty Retail,Other Specialty Retail,3457.9,FY2023/24,Dominic Platt,Chief Financial Officer (CFO),180000.0,GBP,42000.0,0.0,7000.0,21000.0,674000.0,924000.0,GBP,True,"Appointed October 2023; salary, benefits, pension and bonus figures reflect only the portion of FY2023/24 served as an Executive Director. Total Fixed Pay: £208,000; Total Variable Pay: £716,000 (comprising £42,000 annual bonus and £674,000 buyout award). Benefits include car allowance, private medical and health insurance, and disturbance allowance of £50,000 per annum.",jd_sports_fashion_ar_2025,https://s204.q4cdn.com/980191062/files/doc_downloads/2026/05/20/2026-Annual-Report-and-Accounts.pdf,"=HYPERLINK(""https://s204.q4cdn.com/980191062/files/doc_downloads/2026/05/20/2026-Annual-Report-and-Accounts.pdf#page=132"",""p.132 of AR"")",2.0,
Johnson Matthey Plc,JMAT LN Equity,Materials,Materials,Chemicals,Specialty Chemicals,3531.8,2024/25,Liam Condon,Chief Executive Officer,1013000.0,GBP,1406000.0,216000.0,152000.0,264000.0,0.0,3051000.0,GBP,False,Full year service,johnson_matthey_ar_2025,https://matthey.com/documents/161599/7603892/JMA017_Interactive-260608.pdf,"=HYPERLINK(""https://matthey.com/documents/161599/7603892/JMA017_Interactive-260608.pdf#page=99"",""p.99 of AR"")",2.0,
Johnson Matthey Plc,JMAT LN Equity,Materials,Materials,Chemicals,Specialty Chemicals,3531.8,2024/25,Stephen Oxley,Chief Financial Officer,620000.0,GBP,0.0,633000.0,93000.0,20000.0,0.0,1366000.0,GBP,True,Resigned and ceased employment on 31st March 2025. Not eligible for bonus following resignation.,johnson_matthey_ar_2025,https://matthey.com/documents/161599/7603892/JMA017_Interactive-260608.pdf,"=HYPERLINK(""https://matthey.com/documents/161599/7603892/JMA017_Interactive-260608.pdf#page=99"",""p.99 of AR"")",2.0,
Johnson Matthey Plc,JMAT LN Equity,Materials,Materials,Chemicals,Specialty Chemicals,3531.8,2023/24,Liam Condon,Chief Executive Officer,983000.0,GBP,1176000.0,0.0,147000.0,283000.0,0.0,2589000.0,GBP,False,Full year service,johnson_matthey_ar_2025,https://matthey.com/documents/161599/7603892/JMA017_Interactive-260608.pdf,"=HYPERLINK(""https://matthey.com/documents/161599/7603892/JMA017_Interactive-260608.pdf#page=88"",""p.88 of AR"")",2.0,
Johnson Matthey Plc,JMAT LN Equity,Materials,Materials,Chemicals,Specialty Chemicals,3531.8,2023/24,Stephen Oxley,Chief Financial Officer,602000.0,GBP,600000.0,0.0,90000.0,20000.0,0.0,1312000.0,GBP,False,Full year service,johnson_matthey_ar_2025,https://matthey.com/documents/161599/7603892/JMA017_Interactive-260608.pdf,"=HYPERLINK(""https://matthey.com/documents/161599/7603892/JMA017_Interactive-260608.pdf#page=88"",""p.88 of AR"")",2.0,
Johnson Service Group Plc,JSG LN Equity,Industrials,Commercial & Professional Services,Commercial Services & Supplies,Diversified Support Services,510.9,FY2025,Peter Egan,Chief Executive Officer,484509.0,GBP,285853.0,,41613.0,,,,GBP,False,"N/A — served full year FY2025 (year ended 31 December 2025). Note: salary increased to £510,000 effective 1 January 2026.",johnson_service_group_ar_2025,https://www.jsg.com/media/2249818/178012-jsg-annual-report-2025-web.pdf,"=HYPERLINK(""https://www.jsg.com/media/2249818/178012-jsg-annual-report-2025-web.pdf#page=94"",""p.94 of AR"")",2.0,
Johnson Service Group Plc,JSG LN Equity,Industrials,Commercial & Professional Services,Commercial Services & Supplies,Diversified Support Services,510.9,FY2025,Ryan Govender,Chief Financial Officer,87500.0,GBP,,0.0,5250.0,,,,GBP,True,Appointed to the Board as CFO on 1 October 2025; remuneration covers only the period 1 October 2025 to 31 December 2025 (approximately 3 months of the financial year),johnson_service_group_ar_2025,https://www.jsg.com/media/2249818/178012-jsg-annual-report-2025-web.pdf,"=HYPERLINK(""https://www.jsg.com/media/2249818/178012-jsg-annual-report-2025-web.pdf#page=71"",""p.71 of AR"")",2.0,
Johnson Service Group Plc,JSG LN Equity,Industrials,Commercial & Professional Services,Commercial Services & Supplies,Diversified Support Services,510.9,FY2025,Yvonne Monaghan,Chief Financial Officer (former),,GBP,,,,,,,GBP,True,Stepped down as Director on 1 October 2025 after over 40 years with the Company (17 years as CFO); served approximately 9 months of FY2025 as an Executive Director; continued as employee until 28 February 2026; treated as good leaver,johnson_service_group_ar_2025,https://www.jsg.com/media/2249818/178012-jsg-annual-report-2025-web.pdf,"=HYPERLINK(""https://www.jsg.com/media/2249818/178012-jsg-annual-report-2025-web.pdf#page=71"",""p.71 of AR"")",2.0,
Johnson Service Group Plc,JSG LN Equity,Industrials,Commercial & Professional Services,Commercial Services & Supplies,Diversified Support Services,510.9,FY2024,Peter Egan,Chief Executive Officer,,GBP,,,,,,,GBP,False,No pro-rata indication for FY2024; assumed full year based on available narrative,johnson_service_group_ar_2025,https://www.jsg.com/media/2249818/178012-jsg-annual-report-2025-web.pdf,"=HYPERLINK(""https://www.jsg.com/media/2249818/178012-jsg-annual-report-2025-web.pdf#page=94"",""p.94 of AR"")",2.0,
Johnson Service Group Plc,JSG LN Equity,Industrials,Commercial & Professional Services,Commercial Services & Supplies,Diversified Support Services,510.9,FY2024,Yvonne Monaghan,Chief Financial Officer,,GBP,,,,,,,GBP,False,No pro-rata indication for FY2024; served as CFO for full year FY2024,johnson_service_group_ar_2025,https://www.jsg.com/media/2249818/178012-jsg-annual-report-2025-web.pdf,"=HYPERLINK(""https://www.jsg.com/media/2249818/178012-jsg-annual-report-2025-web.pdf#page=71"",""p.71 of AR"")",2.0,
JTC Plc,JTC LN Equity,,,,,2239.3,FY2025,Nigel Le Quesne,Chief Executive Officer (CEO),540000.0,GBP,546000.0,1790000.0,27000.0,4000.0,,2906000.0,GBP,False,Served full year FY2025 (year ended 31 December 2025),jtc_ar_2025,https://annual-report.jtcgroup.com/.2025/publication/contents/templates/JTC_Group_annual_report_2025.pdf,"=HYPERLINK(""https://annual-report.jtcgroup.com/.2025/publication/contents/templates/JTC_Group_annual_report_2025.pdf#page=93"",""p.93 of AR"")",2.0,
JTC Plc,JTC LN Equity,,,,,2239.3,FY2025,Martin Fotheringham,Chief Financial Officer (CFO),386000.0,GBP,391000.0,1281000.0,19000.0,3000.0,,2081000.0,GBP,False,Served full year FY2025 (year ended 31 December 2025),jtc_ar_2025,https://annual-report.jtcgroup.com/.2025/publication/contents/templates/JTC_Group_annual_report_2025.pdf,"=HYPERLINK(""https://annual-report.jtcgroup.com/.2025/publication/contents/templates/JTC_Group_annual_report_2025.pdf#page=93"",""p.93 of AR"")",2.0,
JTC Plc,JTC LN Equity,,,,,2239.3,FY2025,Wendy Holley,Chief Operating Officer (COO),299000.0,GBP,295000.0,993000.0,15000.0,3000.0,,1606000.0,GBP,False,Served full year FY2025 (year ended 31 December 2025),jtc_ar_2025,https://annual-report.jtcgroup.com/.2025/publication/contents/templates/JTC_Group_annual_report_2025.pdf,"=HYPERLINK(""https://annual-report.jtcgroup.com/.2025/publication/contents/templates/JTC_Group_annual_report_2025.pdf#page=93"",""p.93 of AR"")",2.0,
JTC Plc,JTC LN Equity,,,,,2239.3,FY2024,Nigel Le Quesne,Chief Executive Officer (CEO),524000.0,GBP,592000.0,621000.0,26000.0,3000.0,0.0,1766000.0,GBP,False,Served full year FY2024 (year ended 31 December 2024),jtc_ar_2025,https://annual-report.jtcgroup.com/.2025/publication/contents/templates/JTC_Group_annual_report_2025.pdf,"=HYPERLINK(""https://annual-report.jtcgroup.com/.2025/publication/contents/templates/JTC_Group_annual_report_2025.pdf#page=93"",""p.93 of AR"")",2.0,
JTC Plc,JTC LN Equity,,,,,2239.3,FY2024,Martin Fotheringham,Chief Financial Officer (CFO),375000.0,GBP,424000.0,452000.0,19000.0,3000.0,0.0,1273000.0,GBP,False,Served full year FY2024 (year ended 31 December 2024),jtc_ar_2025,https://annual-report.jtcgroup.com/.2025/publication/contents/templates/JTC_Group_annual_report_2025.pdf,"=HYPERLINK(""https://annual-report.jtcgroup.com/.2025/publication/contents/templates/JTC_Group_annual_report_2025.pdf#page=93"",""p.93 of AR"")",2.0,
JTC Plc,JTC LN Equity,,,,,2239.3,FY2024,Wendy Holley,Chief Operating Officer (COO),291000.0,GBP,329000.0,345000.0,15000.0,2000.0,0.0,981000.0,GBP,False,Served full year FY2024 (year ended 31 December 2024),jtc_ar_2025,https://annual-report.jtcgroup.com/.2025/publication/contents/templates/JTC_Group_annual_report_2025.pdf,"=HYPERLINK(""https://annual-report.jtcgroup.com/.2025/publication/contents/templates/JTC_Group_annual_report_2025.pdf#page=93"",""p.93 of AR"")",2.0,
Jupiter Fund Management Plc,JUP LN Equity,Financials,Financial Services,Capital Markets,Asset Management & Custody Banks,783.1,FY2025,Matthew Beesley,Chief Executive Officer (CEO),480000.0,GBP,1867000.0,485000.0,63000.0,7000.0,7000.0,2909000.0,GBP,False,No — served full year,jupiter_fund_management_ar_2025,https://www.jupiteram.com/content/dam/jupiteram/pdf/jupiter-annual-report-and-accounts-2025.pdf,"=HYPERLINK(""https://www.jupiteram.com/content/dam/jupiteram/pdf/jupiter-annual-report-and-accounts-2025.pdf#page=49"",""p.49 of AR"")",3.0,77.0
Jupiter Fund Management Plc,JUP LN Equity,Financials,Financial Services,Capital Markets,Asset Management & Custody Banks,783.1,FY2025,Wayne Mepham,Chief Financial & Operating Officer (CFOO),419000.0,GBP,1151000.0,211000.0,56000.0,5000.0,7000.0,1849000.0,GBP,False,No — served full year,jupiter_fund_management_ar_2025,https://www.jupiteram.com/content/dam/jupiteram/pdf/jupiter-annual-report-and-accounts-2025.pdf,"=HYPERLINK(""https://www.jupiteram.com/content/dam/jupiteram/pdf/jupiter-annual-report-and-accounts-2025.pdf#page=49"",""p.49 of AR"")",3.0,77.0
Jupiter Fund Management Plc,JUP LN Equity,Financials,Financial Services,Capital Markets,Asset Management & Custody Banks,783.1,FY2024,Matthew Beesley,Chief Executive Officer (CEO),466000.0,GBP,1581000.0,35000.0,61000.0,7000.0,2000.0,2153000.0,GBP,False,No — served full year,jupiter_fund_management_ar_2025,https://www.jupiteram.com/content/dam/jupiteram/pdf/jupiter-annual-report-and-accounts-2025.pdf,"=HYPERLINK(""https://www.jupiteram.com/content/dam/jupiteram/pdf/jupiter-annual-report-and-accounts-2025.pdf#page=49"",""p.49 of AR"")",3.0,77.0
Jupiter Fund Management Plc,JUP LN Equity,Financials,Financial Services,Capital Markets,Asset Management & Custody Banks,783.1,FY2024,Wayne Mepham,Chief Financial & Operating Officer (CFOO),387000.0,GBP,882000.0,52000.0,52000.0,4000.0,2000.0,1378000.0,GBP,False,No — served full year,jupiter_fund_management_ar_2025,https://www.jupiteram.com/content/dam/jupiteram/pdf/jupiter-annual-report-and-accounts-2025.pdf,"=HYPERLINK(""https://www.jupiteram.com/content/dam/jupiteram/pdf/jupiter-annual-report-and-accounts-2025.pdf#page=49"",""p.49 of AR"")",3.0,77.0
Just Group Plc,JUST LN Equity,Financials,Insurance,Insurance,Life & Health Insurance,2308.0,FY2025,David Richardson,Chief Executive Officer (CEO),716000.0,GBP,757000.0,3399000.0,72000.0,29000.0,,4973000.0,GBP,False,Served full year as CEO,just_group_ar_2025,https://www.justgroupplc.co.uk/~/media/Files/J/Just-Retirement-Corp/investor-docs/financial-reports-and-presentations/2026/just-group-annual-report-2025.pdf,"=HYPERLINK(""https://www.justgroupplc.co.uk/~/media/Files/J/Just-Retirement-Corp/investor-docs/financial-reports-and-presentations/2026/just-group-annual-report-2025.pdf#page=110"",""p.110 of AR"")",3.0,46.0
Just Group Plc,JUST LN Equity,Financials,Insurance,Insurance,Life & Health Insurance,2308.0,FY2025,Mark Godson,Chief Financial Officer (CFO),430000.0,GBP,462000.0,0.0,43000.0,26000.0,,961000.0,GBP,False,"Served full year as CFO; received a 10% salary increase in April 2025 to £440,000 (annualized rate), though the single-figure table shows £430,000 as actual salary earned in 2025",just_group_ar_2025,https://www.justgroupplc.co.uk/~/media/Files/J/Just-Retirement-Corp/investor-docs/financial-reports-and-presentations/2026/just-group-annual-report-2025.pdf,"=HYPERLINK(""https://www.justgroupplc.co.uk/~/media/Files/J/Just-Retirement-Corp/investor-docs/financial-reports-and-presentations/2026/just-group-annual-report-2025.pdf#page=110"",""p.110 of AR"")",3.0,46.0
Just Group Plc,JUST LN Equity,Financials,Insurance,Insurance,Life & Health Insurance,2308.0,FY2024,David Richardson,Chief Executive Officer (CEO),684000.0,GBP,945000.0,2145000.0,68000.0,29000.0,,3871000.0,GBP,False,Served full year as CEO,just_group_ar_2025,https://www.justgroupplc.co.uk/~/media/Files/J/Just-Retirement-Corp/investor-docs/financial-reports-and-presentations/2026/just-group-annual-report-2025.pdf,"=HYPERLINK(""https://www.justgroupplc.co.uk/~/media/Files/J/Just-Retirement-Corp/investor-docs/financial-reports-and-presentations/2026/just-group-annual-report-2025.pdf#page=110"",""p.110 of AR"")",3.0,46.0
Just Group Plc,JUST LN Equity,Financials,Insurance,Insurance,Life & Health Insurance,2308.0,FY2024,Mark Godson,Chief Financial Officer (CFO),400000.0,GBP,540000.0,0.0,40000.0,25000.0,,1005000.0,GBP,False,Received a 10% salary increase for 2025 (disclosed in the 2024 report) intended to close the gap with his predecessor's salary; served full year as CFO in 2024,just_group_ar_2025,https://www.justgroupplc.co.uk/~/media/Files/J/Just-Retirement-Corp/investor-docs/financial-reports-and-presentations/2026/just-group-annual-report-2025.pdf,"=HYPERLINK(""https://www.justgroupplc.co.uk/~/media/Files/J/Just-Retirement-Corp/investor-docs/financial-reports-and-presentations/2026/just-group-annual-report-2025.pdf#page=110"",""p.110 of AR"")",3.0,46.0
Kainos Group Plc,KNOS LN Equity,Information Technology,Software & Services,IT Services,IT Consulting & Other Services,941.3,FY25 (year ended 31 March 2025),Brendan Mooney,Chief Executive Officer (reappointed CEO effective 11 December 2024),69000.0,GBP,16000.0,10000.0,3000.0,0.0,2000.0,100000.0,GBP,True,"Reappointed as CEO effective 11 December 2024; figures reflect base salary and related payments only for the period 11 December 2024 to 31 March 2025 (annual base salary £226,600).",kainos_group_ar_2025,https://get.kainos.com/rs/935-JPR-705/images/Kainos%20Annual%20Report%202026.pdf?version=0,"=HYPERLINK(""https://get.kainos.com/rs/935-JPR-705/images/Kainos%20Annual%20Report%202026.pdf?version=0#page=94"",""p.94 of AR"")",3.0,102.0
Kainos Group Plc,KNOS LN Equity,Information Technology,Software & Services,IT Services,IT Consulting & Other Services,941.3,FY25 (year ended 31 March 2025),Richard McCann,Chief Financial Officer,275000.0,GBP,56000.0,18000.0,14000.0,1000.0,2000.0,366000.0,GBP,False,Served full financial year.,kainos_group_ar_2025,https://get.kainos.com/rs/935-JPR-705/images/Kainos%20Annual%20Report%202026.pdf?version=0,"=HYPERLINK(""https://get.kainos.com/rs/935-JPR-705/images/Kainos%20Annual%20Report%202026.pdf?version=0#page=94"",""p.94 of AR"")",3.0,102.0
Kainos Group Plc,KNOS LN Equity,Information Technology,Software & Services,IT Services,IT Consulting & Other Services,941.3,FY25 (year ended 31 March 2025),Russell Sloan,Chief Executive Officer (stepped down 11 December 2024),264000.0,GBP,47000.0,28000.0,13000.0,1000.0,2000.0,355000.0,GBP,True,"Stepped down as CEO effective 11 December 2024; figures reflect base salary and related payments for the period 1 April 2024 to 11 December 2024 (annual base salary £380,000).",kainos_group_ar_2025,https://get.kainos.com/rs/935-JPR-705/images/Kainos%20Annual%20Report%202026.pdf?version=0,"=HYPERLINK(""https://get.kainos.com/rs/935-JPR-705/images/Kainos%20Annual%20Report%202026.pdf?version=0#page=94"",""p.94 of AR"")",3.0,102.0
Kainos Group Plc,KNOS LN Equity,Information Technology,Software & Services,IT Services,IT Consulting & Other Services,941.3,FY24 (year ended 31 March 2024),Brendan Mooney,Chief Executive Officer (stepped down 21 September 2023),113000.0,GBP,66000.0,90000.0,6000.0,0.0,0.0,275000.0,GBP,True,"Stepped down as CEO effective 21 September 2023; figures reflect base salary and related payments for the period 1 April 2023 to 30 September 2023 (annual base salary £226,600).",kainos_group_ar_2025,https://get.kainos.com/rs/935-JPR-705/images/Kainos%20Annual%20Report%202026.pdf?version=0,"=HYPERLINK(""https://get.kainos.com/rs/935-JPR-705/images/Kainos%20Annual%20Report%202026.pdf?version=0#page=94"",""p.94 of AR"")",3.0,102.0
Kainos Group Plc,KNOS LN Equity,Information Technology,Software & Services,IT Services,IT Consulting & Other Services,941.3,FY24 (year ended 31 March 2024),Richard McCann,Chief Financial Officer,271000.0,GBP,145000.0,122000.0,14000.0,1000.0,2000.0,555000.0,GBP,False,Served full financial year.,kainos_group_ar_2025,https://get.kainos.com/rs/935-JPR-705/images/Kainos%20Annual%20Report%202026.pdf?version=0,"=HYPERLINK(""https://get.kainos.com/rs/935-JPR-705/images/Kainos%20Annual%20Report%202026.pdf?version=0#page=94"",""p.94 of AR"")",3.0,102.0
Kainos Group Plc,KNOS LN Equity,Information Technology,Software & Services,IT Services,IT Consulting & Other Services,941.3,FY24 (year ended 31 March 2024),Russell Sloan,Chief Executive Officer (appointed 21 September 2023),190000.0,GBP,93000.0,3000.0,9000.0,0.0,2000.0,297000.0,GBP,True,"Appointed as CEO effective 21 September 2023; figures reflect base salary and related payments for the period 1 October 2023 to 31 March 2024 (annual base salary £380,000). No comparative remuneration information available for the earlier part of FY24 as he was not yet an Executive Director.",kainos_group_ar_2025,https://get.kainos.com/rs/935-JPR-705/images/Kainos%20Annual%20Report%202026.pdf?version=0,"=HYPERLINK(""https://get.kainos.com/rs/935-JPR-705/images/Kainos%20Annual%20Report%202026.pdf?version=0#page=94"",""p.94 of AR"")",3.0,102.0
Kainos Group Plc,KNOS LN Equity,Information Technology,Software & Services,IT Services,IT Consulting & Other Services,941.3,FY26,Brendan Mooney,Chief Executive Officer,227000.0,GBP,191000.0,11000.0,11000.0,1000.0,2000.0,443000.0,GBP,False,"N/A for FY26 — Mooney served the full year as CEO (was reappointed CEO effective 11 December 2024, so FY26 is his first full year in role)",kainos_group_ar_2026,https://get.kainos.com/rs/935-JPR-705/images/Kainos%20Annual%20Report%202026.pdf?version=0,"=HYPERLINK(""https://get.kainos.com/rs/935-JPR-705/images/Kainos%20Annual%20Report%202026.pdf?version=0#page=101"",""p.101 of AR"")",3.0,107.0
Kainos Group Plc,KNOS LN Equity,Information Technology,Software & Services,IT Services,IT Consulting & Other Services,941.3,FY26,Richard McCann,Chief Financial Officer,275000.0,GBP,198000.0,28000.0,14000.0,1000.0,2000.0,518000.0,GBP,False,N/A — served full year,kainos_group_ar_2026,https://get.kainos.com/rs/935-JPR-705/images/Kainos%20Annual%20Report%202026.pdf?version=0,"=HYPERLINK(""https://get.kainos.com/rs/935-JPR-705/images/Kainos%20Annual%20Report%202026.pdf?version=0#page=101"",""p.101 of AR"")",3.0,107.0
Kainos Group Plc,KNOS LN Equity,Information Technology,Software & Services,IT Services,IT Consulting & Other Services,941.3,FY26,Russell Sloan,Former Chief Executive Officer,0.0,GBP,0.0,0.0,0.0,0.0,0.0,0.0,GBP,True,Stepped down as CEO effective 11 December 2024 (prior year); no remuneration recorded for FY26,kainos_group_ar_2026,https://get.kainos.com/rs/935-JPR-705/images/Kainos%20Annual%20Report%202026.pdf?version=0,"=HYPERLINK(""https://get.kainos.com/rs/935-JPR-705/images/Kainos%20Annual%20Report%202026.pdf?version=0#page=101"",""p.101 of AR"")",3.0,107.0
Kainos Group Plc,KNOS LN Equity,Information Technology,Software & Services,IT Services,IT Consulting & Other Services,941.3,FY25,Brendan Mooney,Chief Executive Officer,69000.0,GBP,16000.0,10000.0,3000.0,0.0,2000.0,100000.0,GBP,True,"Reappointed as CEO effective 11 December 2024; figures reflect base salary payments only from 11 December 2024 to 31 March 2025 (annual base salary £226,600)",kainos_group_ar_2026,https://get.kainos.com/rs/935-JPR-705/images/Kainos%20Annual%20Report%202026.pdf?version=0,"=HYPERLINK(""https://get.kainos.com/rs/935-JPR-705/images/Kainos%20Annual%20Report%202026.pdf?version=0#page=101"",""p.101 of AR"")",3.0,107.0
Kainos Group Plc,KNOS LN Equity,Information Technology,Software & Services,IT Services,IT Consulting & Other Services,941.3,FY25,Richard McCann,Chief Financial Officer,275000.0,GBP,56000.0,18000.0,14000.0,1000.0,2000.0,366000.0,GBP,False,Served full year as CFO,kainos_group_ar_2026,https://get.kainos.com/rs/935-JPR-705/images/Kainos%20Annual%20Report%202026.pdf?version=0,"=HYPERLINK(""https://get.kainos.com/rs/935-JPR-705/images/Kainos%20Annual%20Report%202026.pdf?version=0#page=101"",""p.101 of AR"")",3.0,107.0
Kainos Group Plc,KNOS LN Equity,Information Technology,Software & Services,IT Services,IT Consulting & Other Services,941.3,FY25,Russell Sloan,Chief Executive Officer (until 11 December 2024),264000.0,GBP,47000.0,28000.0,13000.0,1000.0,2000.0,355000.0,GBP,True,"Stepped down as CEO effective 11 December 2024; figures reflect base salary payments from 1 April 2024 to 11 December 2024 (annual base salary £380,000). Additional detail: from 1 April 2024 to 10 December 2024 he received £265,026 in base salary, an FY25 bonus payment of £31,858 (two-thirds of total pro-rated bonus of £47,786, with remaining third deferred three years), and £851 in taxable benefits",kainos_group_ar_2026,https://get.kainos.com/rs/935-JPR-705/images/Kainos%20Annual%20Report%202026.pdf?version=0,"=HYPERLINK(""https://get.kainos.com/rs/935-JPR-705/images/Kainos%20Annual%20Report%202026.pdf?version=0#page=101"",""p.101 of AR"")",3.0,107.0
Keller Group Plc,KLR LN Equity,Industrials,Capital Goods,Construction & Engineering,Construction & Engineering,1593.7,FY2025,James Wroath,Chief Executive Officer,248000.0,GBP,248000.0,0.0,17000.0,5000.0,,518000.0,GBP,True,"Appointed as CEO on 18 August 2025; figures reflect the period 18 August 2025 to 31 December 2025 only. Salary was set at £671,840 per annum on appointment. No PSP award included as he had no qualifying LTIP cycle completing in 2025. Bonus pro-rated to date of appointment (base salary earned in year: £248,489; bonus outcome: £248,185).",keller_group_ar_2025,https://investors.keller.com/~/media/Files/K/Keller-IR/reports/2026rep/keller-group-plc-annual-report-2025.pdf,"=HYPERLINK(""https://investors.keller.com/~/media/Files/K/Keller-IR/reports/2026rep/keller-group-plc-annual-report-2025.pdf#page=148"",""p.148 of AR"")",2.0,
Keller Group Plc,KLR LN Equity,Industrials,Capital Goods,Construction & Engineering,Construction & Engineering,1593.7,FY2025,Michael Speakman,Chief Executive Officer (stepped down),424000.0,GBP,423000.0,2333000.0,30000.0,9000.0,,3219000.0,GBP,True,"Stepped down as CEO on 18 August 2025; salary and bonus are pro-rated to 18 August 2025 (base salary earned in year: £423,351; bonus outcome: £422,833). The 2023 PSP award value (£2,333,000) is captured in full in the table for clarity of reporting, as it vests in March 2026 following a performance period of 1 January 2023 to 31 December 2025, vesting at 100% of maximum. Share price used: three-month average closing price to 31 December 2025 of £15.77. Note: Michael also received contractual fixed pay (salary and benefits) totalling £450,407 for the period 18 August to 31 December 2025 post stepping down, plus a £5,000 contribution toward legal fees — these amounts are not included in the single figure table.",keller_group_ar_2025,https://investors.keller.com/~/media/Files/K/Keller-IR/reports/2026rep/keller-group-plc-annual-report-2025.pdf,"=HYPERLINK(""https://investors.keller.com/~/media/Files/K/Keller-IR/reports/2026rep/keller-group-plc-annual-report-2025.pdf#page=148"",""p.148 of AR"")",2.0,
Keller Group Plc,KLR LN Equity,Industrials,Capital Goods,Construction & Engineering,Construction & Engineering,1593.7,FY2025,David Burke,Chief Financial Officer,441000.0,GBP,440000.0,1277000.0,31000.0,20000.0,,2209000.0,GBP,False,"Served the full financial year. Annual base salary: £440,960. Bonus outcome: £440,420 (100% of salary earned, representing 67% of maximum opportunity of 150% of salary). PSP value reflects the 2023 PSP award vesting at 100% of maximum (performance period 1 January 2023 to 31 December 2025), calculated using a three-month average closing share price to 31 December 2025 of £15.77; award appreciated in value from grant by £621,622 to £1,276,566. Pension paid into a private SIPP at 7% of salary.",keller_group_ar_2025,https://investors.keller.com/~/media/Files/K/Keller-IR/reports/2026rep/keller-group-plc-annual-report-2025.pdf,"=HYPERLINK(""https://investors.keller.com/~/media/Files/K/Keller-IR/reports/2026rep/keller-group-plc-annual-report-2025.pdf#page=148"",""p.148 of AR"")",2.0,
Keller Group Plc,KLR LN Equity,Industrials,Capital Goods,Construction & Engineering,Construction & Engineering,1593.7,FY2024,James Wroath,Chief Executive Officer,0.0,GBP,0.0,0.0,0.0,0.0,,0.0,GBP,True,Not a Director in FY2024; all figures shown as '–' in the single figure table.,keller_group_ar_2025,https://investors.keller.com/~/media/Files/K/Keller-IR/reports/2026rep/keller-group-plc-annual-report-2025.pdf,"=HYPERLINK(""https://investors.keller.com/~/media/Files/K/Keller-IR/reports/2026rep/keller-group-plc-annual-report-2025.pdf#page=148"",""p.148 of AR"")",2.0,
Keller Group Plc,KLR LN Equity,Industrials,Capital Goods,Construction & Engineering,Construction & Engineering,1593.7,FY2024,Michael Speakman,Chief Executive Officer,646000.0,GBP,765000.0,1826000.0,45000.0,14000.0,,3296000.0,GBP,False,Served the full financial year as CEO. PSP value (2022 award) has been trued up to reflect the value at vesting.,keller_group_ar_2025,https://investors.keller.com/~/media/Files/K/Keller-IR/reports/2026rep/keller-group-plc-annual-report-2025.pdf,"=HYPERLINK(""https://investors.keller.com/~/media/Files/K/Keller-IR/reports/2026rep/keller-group-plc-annual-report-2025.pdf#page=148"",""p.148 of AR"")",2.0,
Keller Group Plc,KLR LN Equity,Industrials,Capital Goods,Construction & Engineering,Construction & Engineering,1593.7,FY2024,David Burke,Chief Financial Officer,424000.0,GBP,502000.0,999000.0,30000.0,20000.0,,1975000.0,GBP,False,Served the full financial year. PSP value (2022 award) has been trued up to reflect the value at vesting.,keller_group_ar_2025,https://investors.keller.com/~/media/Files/K/Keller-IR/reports/2026rep/keller-group-plc-annual-report-2025.pdf,"=HYPERLINK(""https://investors.keller.com/~/media/Files/K/Keller-IR/reports/2026rep/keller-group-plc-annual-report-2025.pdf#page=148"",""p.148 of AR"")",2.0,
Kier Group Plc,KIE LN Equity,Industrials,Capital Goods,Construction & Engineering,Construction & Engineering,863.1,FY2025,Andrew Davies,Chief Executive Officer,806000.0,GBP,690000.0,2742000.0,60000.0,15000.0,,4313000.0,GBP,False,"No pro-ration applied within FY2025. Figures are on a full-year basis. Post-year-end departure noted: retiring 1 November 2025 (after the financial year end of 30 June 2025). No bonus deferral into shares applied given his forthcoming retirement. LTIP value includes £1,431,159 attributable to share price growth and £139,444 dividend equivalents, based on a three-month average share price of 158.6p to 30 June 2025; award vests October 2025 subject to a two-year holding period. Annual bonus paid out at 56.6% of maximum (AOP: 50.5% of max; average month-end net debt: 66% of max; Group AIR reduction: 0% achieved; personal objectives: 100% achieved). 2022 LTIP vested at 88.97% of maximum (Adjusted EPS: 77.9% of max; TSR: above upper quartile, 100% of max; Adjusted FCF: 100% of max), with a discretionary reduction applied to recognise potential windfall gains.",kier_group_ar_2025,https://www.kier.co.uk/media/mq5fuk3l/kier-ar2025.pdf,"=HYPERLINK(""https://www.kier.co.uk/media/mq5fuk3l/kier-ar2025.pdf#page=101"",""p.101 of AR"")",2.0,
Kier Group Plc,KIE LN Equity,Industrials,Capital Goods,Construction & Engineering,Construction & Engineering,863.1,FY2025,Simon Kesterton,Chief Financial Officer,563000.0,GBP,482000.0,1916000.0,42000.0,15000.0,,3018000.0,GBP,False,"Full year. LTIP value includes £999,969 attributable to share price growth and £97,430 dividend equivalents, based on a three-month average share price of 158.6p to 30 June 2025; award vests October 2025 subject to a two-year holding period. Annual bonus paid out at 56.6% of maximum (AOP: 50.5% of max; average month-end net debt: 66% of max; Group AIR reduction: 0% achieved; personal objectives: 100% achieved). 2022 LTIP vested at 88.97% of maximum (Adjusted EPS: 77.9% of max; TSR: above upper quartile, 100% of max; Adjusted FCF: 100% of max), with a discretionary reduction applied to recognise potential windfall gains.",kier_group_ar_2025,https://www.kier.co.uk/media/mq5fuk3l/kier-ar2025.pdf,"=HYPERLINK(""https://www.kier.co.uk/media/mq5fuk3l/kier-ar2025.pdf#page=101"",""p.101 of AR"")",2.0,
Kier Group Plc,KIE LN Equity,Industrials,Capital Goods,Construction & Engineering,Construction & Engineering,863.1,FY2025,Stuart Togwell,"Group Managing Director, Construction",418000.0,GBP,296000.0,209000.0,31000.0,11000.0,,965000.0,GBP,True,"Appointed to the Board on 1 October 2024; figures cover the period from 1 October 2024 to 30 June 2025 only (9 months). The LTIP value is also pro-rated to the period of the award's performance period from 1 October 2024 to 30 June 2025, and includes £109,150 attributable to share price growth and £10,633 dividend equivalents. The bar chart illustration of FY2025 remuneration for Stuart Togwell is stated on a full-year basis (excluding pro-ration) for illustrative purposes, but the single figure table reflects the actual pro-rated period. Annual bonus paid out at 56.6% of maximum (AOP: 50.5% of max; average month-end net debt: 66% of max; Group AIR reduction: 0% achieved; personal objectives: 100% achieved). 2022 LTIP vested at 88.97% of maximum (Adjusted EPS: 77.9% of max; TSR: above upper quartile, 100% of max; Adjusted FCF: 100% of max), with a discretionary reduction applied to recognise potential windfall gains.",kier_group_ar_2025,https://www.kier.co.uk/media/mq5fuk3l/kier-ar2025.pdf,"=HYPERLINK(""https://www.kier.co.uk/media/mq5fuk3l/kier-ar2025.pdf#page=101"",""p.101 of AR"")",2.0,
Kier Group Plc,KIE LN Equity,Industrials,Capital Goods,Construction & Engineering,Construction & Engineering,863.1,FY2024,Andrew Davies,Chief Executive Officer,773000.0,GBP,965000.0,2032000.0,58000.0,15000.0,,3843000.0,GBP,False,Full year. LTIP figures restated from the 2024 Annual Report to reflect the actual share price on the vesting date for the 2021 LTIP award of 143.2p.,kier_group_ar_2025,https://www.kier.co.uk/media/mq5fuk3l/kier-ar2025.pdf,"=HYPERLINK(""https://www.kier.co.uk/media/mq5fuk3l/kier-ar2025.pdf#page=101"",""p.101 of AR"")",2.0,
Kier Group Plc,KIE LN Equity,Industrials,Capital Goods,Construction & Engineering,Construction & Engineering,863.1,FY2024,Simon Kesterton,Chief Financial Officer,542000.0,GBP,674000.0,1365000.0,41000.0,15000.0,,2637000.0,GBP,False,Full year. LTIP figures restated from the 2024 Annual Report to reflect the actual share price on the vesting date for the 2021 LTIP award of 143.2p.,kier_group_ar_2025,https://www.kier.co.uk/media/mq5fuk3l/kier-ar2025.pdf,"=HYPERLINK(""https://www.kier.co.uk/media/mq5fuk3l/kier-ar2025.pdf#page=101"",""p.101 of AR"")",2.0,
Kier Group Plc,KIE LN Equity,Industrials,Capital Goods,Construction & Engineering,Construction & Engineering,863.1,FY2024,Stuart Togwell,"Group Managing Director, Construction",,,,,,,,0.0,GBP,True,"Stuart Togwell joined the Board on 1 October 2024, therefore no FY2024 Board-level remuneration is reported. He was not a Board director during the year ended 30 June 2024.",kier_group_ar_2025,https://www.kier.co.uk/media/mq5fuk3l/kier-ar2025.pdf,"=HYPERLINK(""https://www.kier.co.uk/media/mq5fuk3l/kier-ar2025.pdf#page=101"",""p.101 of AR"")",2.0,
Kingfisher Plc,KGF LN Equity,Consumer Discretionary,Consumer Discretionary Distribution & Retail,Specialty Retail,Home Improvement Retail,4583.7,FY2025/26,Thierry Garnier,Chief Executive Officer (CEO),933100.0,GBP,1377900.0,1413200.0,116600.0,95800.0,0.0,3936600.0,GBP,False,Served full year (year ended 31 January 2026),kingfisher_ar_2025_26,https://www.kingfisher.com/~/media/Files/K/Kingfisher-Plc/Universal/investors/result-reports-presentation/2026/2526-annual-report-and-accounts.pdf,"=HYPERLINK(""https://www.kingfisher.com/~/media/Files/K/Kingfisher-Plc/Universal/investors/result-reports-presentation/2026/2526-annual-report-and-accounts.pdf#page=87"",""p.87 of AR"")",2.0,
Kingfisher Plc,KGF LN Equity,Consumer Discretionary,Consumer Discretionary Distribution & Retail,Specialty Retail,Home Improvement Retail,4583.7,FY2025/26,Bhavesh Mistry,Chief Financial Officer (CFO),645000.0,GBP,904800.0,734300.0,80600.0,29900.0,0.0,2394600.0,GBP,False,Served full year in FY2025/26 (appointed 13 January 2025; full year of service for the year ended 31 January 2026),kingfisher_ar_2025_26,https://www.kingfisher.com/~/media/Files/K/Kingfisher-Plc/Universal/investors/result-reports-presentation/2026/2526-annual-report-and-accounts.pdf,"=HYPERLINK(""https://www.kingfisher.com/~/media/Files/K/Kingfisher-Plc/Universal/investors/result-reports-presentation/2026/2526-annual-report-and-accounts.pdf#page=87"",""p.87 of AR"")",2.0,
Kingfisher Plc,KGF LN Equity,Consumer Discretionary,Consumer Discretionary Distribution & Retail,Specialty Retail,Home Improvement Retail,4583.7,FY2024/25,Thierry Garnier,Chief Executive Officer (CEO),911900.0,GBP,804900.0,431600.0,114000.0,49900.0,0.0,2312300.0,GBP,False,Served full year (year ended 31 January 2025),kingfisher_ar_2025_26,https://www.kingfisher.com/~/media/Files/K/Kingfisher-Plc/Universal/investors/result-reports-presentation/2026/2526-annual-report-and-accounts.pdf,"=HYPERLINK(""https://www.kingfisher.com/~/media/Files/K/Kingfisher-Plc/Universal/investors/result-reports-presentation/2026/2526-annual-report-and-accounts.pdf#page=87"",""p.87 of AR"")",2.0,
Kingfisher Plc,KGF LN Equity,Consumer Discretionary,Consumer Discretionary Distribution & Retail,Specialty Retail,Home Improvement Retail,4583.7,FY2024/25,Bhavesh Mistry,Chief Financial Officer (CFO),35100.0,GBP,29400.0,0.0,4400.0,1700.0,2009500.0,2080100.0,GBP,True,"Appointed as CFO on 13 January 2025; FY2024/25 figures reflect only the period from 13 January 2025 to 31 January 2025 (approximately 2.5 weeks of service). Base salary set at £645,000 per annum at date of appointment. The large Other Compensation figure of £2,009,500 reflects buyout awards granted to compensate for awards forfeited at his previous employer (British Land); values restated using actual final amounts awarded.",kingfisher_ar_2025_26,https://www.kingfisher.com/~/media/Files/K/Kingfisher-Plc/Universal/investors/result-reports-presentation/2026/2526-annual-report-and-accounts.pdf,"=HYPERLINK(""https://www.kingfisher.com/~/media/Files/K/Kingfisher-Plc/Universal/investors/result-reports-presentation/2026/2526-annual-report-and-accounts.pdf#page=87"",""p.87 of AR"")",2.0,
Lancashire Holdings,LRE LN Equity,Financials,Insurance,Insurance,Property & Casualty Insurance,1517.2,FY2025,Alex Maloney,Group Chief Executive Officer (Group CEO),870000.0,GBP,2488000.0,3333000.0,87000.0,9000.0,,6787000.0,GBP,False,"Served full year in FY2025. Total Fixed Pay: £966,000; Total Variable Pay: £5,821,000. Annual bonus represents 95.3%–99.1% of maximum; one third deferred into RSS awards. LTIP reflects 2023 Performance RSS awards vesting in full based on average Q4 2025 share price of £6.29, including dividend equivalents of £980,384. Benefits include private medical, travel insurance, critical illness, dental and gym reimbursement. Pension is 10% of base salary.",lancashire_holdings_ar_2025,https://www.lancashiregroup.com/content/dam/lancashire/corporate2020/OAR/oar-2025/documents/Lancashire-Annual-Report-and-Accounts-2025.pdf,"=HYPERLINK(""https://www.lancashiregroup.com/content/dam/lancashire/corporate2020/OAR/oar-2025/documents/Lancashire-Annual-Report-and-Accounts-2025.pdf#page=121"",""p.121 of AR"")",2.0,
Lancashire Holdings,LRE LN Equity,Financials,Insurance,Insurance,Property & Casualty Insurance,1517.2,FY2025,Natalie Kershaw,Group Chief Financial Officer (Group CFO),571000.0,GBP,1697000.0,2100000.0,57000.0,9000.0,,4434000.0,GBP,False,"Served full year in FY2025. Total Fixed Pay: £637,000; Total Variable Pay: £3,797,000. Annual bonus represents 95.3%–99.1% of maximum; one third deferred into RSS awards. LTIP reflects 2023 Performance RSS awards vesting in full based on average Q4 2025 share price of £6.29, including dividend equivalents of £617,555. Benefits include private medical, travel insurance, critical illness, dental and gym reimbursement. Pension is 10% of base salary.",lancashire_holdings_ar_2025,https://www.lancashiregroup.com/content/dam/lancashire/corporate2020/OAR/oar-2025/documents/Lancashire-Annual-Report-and-Accounts-2025.pdf,"=HYPERLINK(""https://www.lancashiregroup.com/content/dam/lancashire/corporate2020/OAR/oar-2025/documents/Lancashire-Annual-Report-and-Accounts-2025.pdf#page=121"",""p.121 of AR"")",2.0,
Lancashire Holdings,LRE LN Equity,Financials,Insurance,Insurance,Property & Casualty Insurance,1517.2,FY2025,Paul Gregory,Group Chief Underwriting Officer (Group CUO),725000.0,GBP,2073000.0,2520000.0,73000.0,7000.0,,5398000.0,GBP,False,"Served full year in FY2025. Note: appointed to the Board on 1 May 2024, so FY2024 figures were partially pro-rated. Total Fixed Pay: £805,000; Total Variable Pay: £4,593,000. Annual bonus represents 95.3%–99.1% of maximum; one third deferred into RSS awards. LTIP reflects 2023 Performance RSS awards vesting in full based on average Q4 2025 share price of £6.29, including dividend equivalents of £741,064. Benefits include private medical, travel insurance, critical illness, dental and gym reimbursement. Pension is 10% of base salary.",lancashire_holdings_ar_2025,https://www.lancashiregroup.com/content/dam/lancashire/corporate2020/OAR/oar-2025/documents/Lancashire-Annual-Report-and-Accounts-2025.pdf,"=HYPERLINK(""https://www.lancashiregroup.com/content/dam/lancashire/corporate2020/OAR/oar-2025/documents/Lancashire-Annual-Report-and-Accounts-2025.pdf#page=121"",""p.121 of AR"")",2.0,
Lancashire Holdings,LRE LN Equity,Financials,Insurance,Insurance,Property & Casualty Insurance,1517.2,FY2024,Alex Maloney,Group Chief Executive Officer (Group CEO),840000.0,GBP,2485000.0,2286000.0,84000.0,13000.0,,5708000.0,GBP,False,"Served full year in FY2024. Total Fixed Pay: £937,000; Total Variable Pay: £4,771,000. LTIP reflects 2022 Performance RSS awards vesting at 71.7%; restated using vesting date share price of £5.87 on 6 March 2025; includes dividend equivalents accrued to 31 December 2024.",lancashire_holdings_ar_2025,https://www.lancashiregroup.com/content/dam/lancashire/corporate2020/OAR/oar-2025/documents/Lancashire-Annual-Report-and-Accounts-2025.pdf,"=HYPERLINK(""https://www.lancashiregroup.com/content/dam/lancashire/corporate2020/OAR/oar-2025/documents/Lancashire-Annual-Report-and-Accounts-2025.pdf#page=121"",""p.121 of AR"")",2.0,
Lancashire Holdings,LRE LN Equity,Financials,Insurance,Insurance,Property & Casualty Insurance,1517.2,FY2024,Natalie Kershaw,Group Chief Financial Officer (Group CFO),551000.0,GBP,1630000.0,1170000.0,55000.0,9000.0,,3415000.0,GBP,False,"Served full year in FY2024. Total Fixed Pay: £615,000; Total Variable Pay: £2,800,000. LTIP reflects 2022 Performance RSS awards vesting at 71.7%; restated using vesting date share price of £5.87 on 6 March 2025; includes dividend equivalents accrued to 31 December 2024.",lancashire_holdings_ar_2025,https://www.lancashiregroup.com/content/dam/lancashire/corporate2020/OAR/oar-2025/documents/Lancashire-Annual-Report-and-Accounts-2025.pdf,"=HYPERLINK(""https://www.lancashiregroup.com/content/dam/lancashire/corporate2020/OAR/oar-2025/documents/Lancashire-Annual-Report-and-Accounts-2025.pdf#page=121"",""p.121 of AR"")",2.0,
Lancashire Holdings,LRE LN Equity,Financials,Insurance,Insurance,Property & Casualty Insurance,1517.2,FY2024,Paul Gregory,Group Chief Underwriting Officer (Group CUO),467000.0,GBP,1380000.0,1728000.0,47000.0,6000.0,,3628000.0,GBP,True,"Appointed to the Board on 1 May 2024. Fixed pay and annual bonus reflect services as a Director from 1 May 2024 only and are therefore partially pro-rated. However, the RSS (LTIP) amount of £1,728,000 reflects the full 2022 Performance RSS award vesting at 71.7% without pro-rating for time on the Board, in accordance with UK remuneration reporting regulations; restated using vesting date share price of £5.87 on 6 March 2025; includes dividend equivalents accrued to 31 December 2024. Total Fixed Pay: £520,000; Total Variable Pay: £3,108,000.",lancashire_holdings_ar_2025,https://www.lancashiregroup.com/content/dam/lancashire/corporate2020/OAR/oar-2025/documents/Lancashire-Annual-Report-and-Accounts-2025.pdf,"=HYPERLINK(""https://www.lancashiregroup.com/content/dam/lancashire/corporate2020/OAR/oar-2025/documents/Lancashire-Annual-Report-and-Accounts-2025.pdf#page=121"",""p.121 of AR"")",2.0,
Land Securities Group Plc,LAND LN Equity,,,,,4317.5,FY2024/25,Mark Allan,Chief Executive Officer (CEO),878000.0,GBP,1093000.0,1209000.0,92000.0,15000.0,0.0,3287000.0,GBP,False,"Served full year. Total Fixed Pay: £985,000; Total Variable Pay: £2,302,000. Annual bonus awarded at 83.0% of maximum (124% of salary); £439,000 paid in cash and £654,000 deferred into shares. LTIP: 2022 LTIP Awards vesting at 60% of maximum based on relative TSR vs FTSE 350 Real Estate peers, Total Return on Equity (TRE), and environmental targets measured over three years to 31 March 2025; estimated using average three-month share price of 566 pence to 31 March 2025; actual dividend equivalents will be credited at point of exercise and reported in next year's Annual Report. Pension is a cash allowance of 10.5% of base salary. Benefits comprise car/travel allowance and private medical insurance.",land_securities_group_ar_2025,https://content.landsec.com/media/kqml0uxw/landsec-annual-report-2026-interactive.pdf,"=HYPERLINK(""https://content.landsec.com/media/kqml0uxw/landsec-annual-report-2026-interactive.pdf#page=71"",""p.71 of AR"")",2.0,
Land Securities Group Plc,LAND LN Equity,,,,,4317.5,FY2024/25,Vanessa Simms,Chief Financial Officer (CFO),538000.0,GBP,717000.0,741000.0,56000.0,82000.0,0.0,2134000.0,GBP,False,"Served full year. Total Fixed Pay: £676,000; Total Variable Pay: £1,458,000. Annual bonus awarded at 88.8% of maximum (133% of salary); £269,000 paid in cash and £448,000 deferred into shares. LTIP: 2022 LTIP Awards vesting at 60% of maximum based on relative TSR vs FTSE 350 Real Estate peers, Total Return on Equity (TRE), and environmental targets measured over three years to 31 March 2025; estimated using average three-month share price of 566 pence to 31 March 2025; actual dividend equivalents will be credited at point of exercise and reported in next year's Annual Report. Pension is a cash allowance of 10.5% of base salary. Benefits comprise car/travel allowance and private medical insurance.",land_securities_group_ar_2025,https://content.landsec.com/media/kqml0uxw/landsec-annual-report-2026-interactive.pdf,"=HYPERLINK(""https://content.landsec.com/media/kqml0uxw/landsec-annual-report-2026-interactive.pdf#page=71"",""p.71 of AR"")",2.0,
Land Securities Group Plc,LAND LN Equity,,,,,4317.5,FY2023/24,Mark Allan,Chief Executive Officer (CEO),851000.0,GBP,600000.0,1541000.0,89000.0,15000.0,0.0,3096000.0,GBP,False,"Served full year. Total Fixed Pay: £955,000; Total Variable Pay: £2,141,000. Annual bonus awarded at 47.0% of maximum; £426,000 paid in cash and £174,000 deferred into shares. LTIP value updated from estimate to actual value at vesting; calculated based on closing share price of 625.50 pence on 25 June 2024 vesting date, including estimated dividend equivalents. Pension is a cash allowance of 10.5% of base salary. Benefits comprise car/travel allowance and private medical insurance.",land_securities_group_ar_2025,https://content.landsec.com/media/kqml0uxw/landsec-annual-report-2026-interactive.pdf,"=HYPERLINK(""https://content.landsec.com/media/kqml0uxw/landsec-annual-report-2026-interactive.pdf#page=71"",""p.71 of AR"")",2.0,
Land Securities Group Plc,LAND LN Equity,,,,,4317.5,FY2023/24,Vanessa Simms,Chief Financial Officer (CFO),522000.0,GBP,383000.0,944000.0,55000.0,82000.0,0.0,1986000.0,GBP,False,"Served full year. Total Fixed Pay: £659,000; Total Variable Pay: £1,327,000. Annual bonus total of £383,000; £261,000 paid in cash and £122,000 deferred into shares. LTIP value updated from estimate to actual value at vesting; calculated based on closing share price of 625.50 pence on 25 June 2024 vesting date, including estimated dividend equivalents. Pension is a cash allowance of 10.5% of base salary. Benefits comprise car/travel allowance and private medical insurance.",land_securities_group_ar_2025,https://content.landsec.com/media/kqml0uxw/landsec-annual-report-2026-interactive.pdf,"=HYPERLINK(""https://content.landsec.com/media/kqml0uxw/landsec-annual-report-2026-interactive.pdf#page=71"",""p.71 of AR"")",2.0,
Law Debenture Corporation Plc,LWDB LN Equity,,,,,1554.7,FY2025,Denis Jackson,Chief Executive Officer (CEO),438000.0,GBP,233000.0,346000.0,34000.0,1000.0,,1052000.0,GBP,False,Served full year,law_debenture_corporation_ar_2025,https://media.umbraco.io/lawdebenture/bibiryhc/law-debenture-annual-report-and-accounts-2025.pdf,"=HYPERLINK(""https://media.umbraco.io/lawdebenture/bibiryhc/law-debenture-annual-report-and-accounts-2025.pdf#page=94"",""p.94 of AR"")",2.0,
Law Debenture Corporation Plc,LWDB LN Equity,,,,,1554.7,FY2025,Trish Houston,Chief Operating Officer (COO),302000.0,GBP,158000.0,284000.0,24000.0,1000.0,,769000.0,GBP,False,Served full year,law_debenture_corporation_ar_2025,https://media.umbraco.io/lawdebenture/bibiryhc/law-debenture-annual-report-and-accounts-2025.pdf,"=HYPERLINK(""https://media.umbraco.io/lawdebenture/bibiryhc/law-debenture-annual-report-and-accounts-2025.pdf#page=94"",""p.94 of AR"")",2.0,
Law Debenture Corporation Plc,LWDB LN Equity,,,,,1554.7,FY2024,Denis Jackson,Chief Executive Officer (CEO),389000.0,GBP,173000.0,258000.0,30000.0,2000.0,,852000.0,GBP,False,Served full year,law_debenture_corporation_ar_2025,https://media.umbraco.io/lawdebenture/bibiryhc/law-debenture-annual-report-and-accounts-2025.pdf,"=HYPERLINK(""https://media.umbraco.io/lawdebenture/bibiryhc/law-debenture-annual-report-and-accounts-2025.pdf#page=94"",""p.94 of AR"")",2.0,
Law Debenture Corporation Plc,LWDB LN Equity,,,,,1554.7,FY2024,Trish Houston,Chief Operating Officer (COO),293000.0,GBP,127000.0,218000.0,23000.0,1000.0,,662000.0,GBP,False,Served full year,law_debenture_corporation_ar_2025,https://media.umbraco.io/lawdebenture/bibiryhc/law-debenture-annual-report-and-accounts-2025.pdf,"=HYPERLINK(""https://media.umbraco.io/lawdebenture/bibiryhc/law-debenture-annual-report-and-accounts-2025.pdf#page=94"",""p.94 of AR"")",2.0,
Legal & General Group Plc,LGEN LN Equity,Financials,Insurance,Insurance,Life & Health Insurance,14644.0,FY2025,António Simões,Group Chief Executive Officer,1204000.0,GBP,1436000.0,0.0,120000.0,353000.0,0.0,3113000.0,GBP,False,Full year service.,legal_and_general_group_ar_2025,https://group.legalandgeneral.com/media/dgofuvu2/annual-reports-and-accounts-2025.pdf,"=HYPERLINK(""https://group.legalandgeneral.com/media/dgofuvu2/annual-reports-and-accounts-2025.pdf#page=98"",""p.98 of AR"")",2.0,
Legal & General Group Plc,LGEN LN Equity,Financials,Insurance,Insurance,Life & Health Insurance,14644.0,FY2025,Jeff Davies,Chief Financial Officer (departing),736000.0,GBP,0.0,0.0,74000.0,24000.0,0.0,834000.0,GBP,True,Qualifying service as Executive Director 1 January 2025 – 10 December 2025. No AVP awarded for the partial year of service.,legal_and_general_group_ar_2025,https://group.legalandgeneral.com/media/dgofuvu2/annual-reports-and-accounts-2025.pdf,"=HYPERLINK(""https://group.legalandgeneral.com/media/dgofuvu2/annual-reports-and-accounts-2025.pdf#page=98"",""p.98 of AR"")",2.0,
Legal & General Group Plc,LGEN LN Equity,Financials,Insurance,Insurance,Life & Health Insurance,14644.0,FY2025,Andrew Kail,Chief Financial Officer (incoming),67000.0,GBP,79000.0,0.0,7000.0,7000.0,0.0,160000.0,GBP,True,"Qualifying service as Executive Director 1 December 2025 – 31 December 2025 (appointed 1 December 2025). Annual base salary on appointment: £800,000.",legal_and_general_group_ar_2025,https://group.legalandgeneral.com/media/dgofuvu2/annual-reports-and-accounts-2025.pdf,"=HYPERLINK(""https://group.legalandgeneral.com/media/dgofuvu2/annual-reports-and-accounts-2025.pdf#page=98"",""p.98 of AR"")",2.0,
Legal & General Group Plc,LGEN LN Equity,Financials,Insurance,Insurance,Life & Health Insurance,14644.0,FY2024,António Simões,Group Chief Executive Officer,1171000.0,GBP,1419000.0,0.0,117000.0,439000.0,7421000.0,10567000.0,GBP,False,"Full year service. The notably higher total in FY2024 is primarily attributable to a one-off Replacement Award of £7,421,000 granted upon appointment to compensate for awards forfeited at previous employer.",legal_and_general_group_ar_2025,https://group.legalandgeneral.com/media/dgofuvu2/annual-reports-and-accounts-2025.pdf,"=HYPERLINK(""https://group.legalandgeneral.com/media/dgofuvu2/annual-reports-and-accounts-2025.pdf#page=98"",""p.98 of AR"")",2.0,
Legal & General Group Plc,LGEN LN Equity,Financials,Insurance,Insurance,Life & Health Insurance,14644.0,FY2024,Jeff Davies,Chief Financial Officer,684000.0,GBP,583000.0,0.0,68000.0,24000.0,0.0,1359000.0,GBP,False,Full year service.,legal_and_general_group_ar_2025,https://group.legalandgeneral.com/media/dgofuvu2/annual-reports-and-accounts-2025.pdf,"=HYPERLINK(""https://group.legalandgeneral.com/media/dgofuvu2/annual-reports-and-accounts-2025.pdf#page=98"",""p.98 of AR"")",2.0,
Legal & General Group Plc,LGEN LN Equity,Financials,Insurance,Insurance,Life & Health Insurance,14644.0,FY2024,Andrew Kail,N/A,,,,,,,,0.0,GBP,False,Andrew Kail was not an Executive Director during FY2024; no comparative data available.,legal_and_general_group_ar_2025,https://group.legalandgeneral.com/media/dgofuvu2/annual-reports-and-accounts-2025.pdf,"=HYPERLINK(""https://group.legalandgeneral.com/media/dgofuvu2/annual-reports-and-accounts-2025.pdf#page=98"",""p.98 of AR"")",2.0,
Lion Finance Group Plc,BGEO LN Equity,Financials,Banks,Banks,Diversified Banks,4625.4,FY2025,Archil Gachechiladze,Chief Executive Officer,3470000.0,USD,5699884.0,0.0,308798.0,55110.0,0.0,9533792.0,USD,False,Served full year as sole Executive Director of Lion Finance Group PLC,lion_finance_group_ar_2025,https://ramad.bog.ge/s3/BogGroup/49872-Lion-Finance-Group-AR-25.pdf,"=HYPERLINK(""https://ramad.bog.ge/s3/BogGroup/49872-Lion-Finance-Group-AR-25.pdf#page=182"",""p.182 of AR"")",2.0,
Lion Finance Group Plc,BGEO LN Equity,Financials,Banks,Banks,Diversified Banks,4625.4,FY2024,Archil Gachechiladze,Chief Executive Officer,2570000.0,USD,2418353.0,0.0,234867.0,54586.0,0.0,5277806.0,USD,False,Served full year as sole Executive Director of Lion Finance Group PLC,lion_finance_group_ar_2025,https://ramad.bog.ge/s3/BogGroup/49872-Lion-Finance-Group-AR-25.pdf,"=HYPERLINK(""https://ramad.bog.ge/s3/BogGroup/49872-Lion-Finance-Group-AR-25.pdf#page=182"",""p.182 of AR"")",2.0,
Lloyds Banking Group Plc,LLOY LN Equity,Financials,Banks,Banks,Diversified Banks,54748.7,FY2025,Charlie Nunn,Group Chief Executive (GCE),1365000.0,GBP,1425000.0,2976000.0,205000.0,71000.0,1365000.0,7407000.0,GBP,False,Served full year as Group Chief Executive,lloyds_banking_group_ar_2025,https://www.lloydsbankinggroup.com/assets/pdfs/investors/financial-performance/lloyds-banking-group-plc/2025/q4/2025-lbg-annual-report.pdf,"=HYPERLINK(""https://www.lloydsbankinggroup.com/assets/pdfs/investors/financial-performance/lloyds-banking-group-plc/2025/q4/2025-lbg-annual-report.pdf#page=111"",""p.111 of AR"")",2.0,
Lloyds Banking Group Plc,LLOY LN Equity,Financials,Banks,Banks,Diversified Banks,54748.7,FY2025,William Chalmers,Chief Financial Officer (CFO),871000.0,GBP,909000.0,2145000.0,131000.0,48000.0,872000.0,4976000.0,GBP,False,Served full year as Chief Financial Officer,lloyds_banking_group_ar_2025,https://www.lloydsbankinggroup.com/assets/pdfs/investors/financial-performance/lloyds-banking-group-plc/2025/q4/2025-lbg-annual-report.pdf,"=HYPERLINK(""https://www.lloydsbankinggroup.com/assets/pdfs/investors/financial-performance/lloyds-banking-group-plc/2025/q4/2025-lbg-annual-report.pdf#page=111"",""p.111 of AR"")",2.0,
Lloyds Banking Group Plc,LLOY LN Equity,Financials,Banks,Banks,Diversified Banks,54748.7,FY2024,Charlie Nunn,Group Chief Executive (GCE),1170000.0,GBP,1127000.0,2562000.0,176000.0,52000.0,1082000.0,6169000.0,GBP,False,Served full year as Group Chief Executive,lloyds_banking_group_ar_2025,https://www.lloydsbankinggroup.com/assets/pdfs/investors/financial-performance/lloyds-banking-group-plc/2025/q4/2025-lbg-annual-report.pdf,"=HYPERLINK(""https://www.lloydsbankinggroup.com/assets/pdfs/investors/financial-performance/lloyds-banking-group-plc/2025/q4/2025-lbg-annual-report.pdf#page=111"",""p.111 of AR"")",2.0,
Lloyds Banking Group Plc,LLOY LN Equity,Financials,Banks,Banks,Diversified Banks,54748.7,FY2024,William Chalmers,Chief Financial Officer (CFO),844000.0,GBP,812000.0,1847000.0,127000.0,63000.0,519000.0,4212000.0,GBP,False,Served full year as Chief Financial Officer,lloyds_banking_group_ar_2025,https://www.lloydsbankinggroup.com/assets/pdfs/investors/financial-performance/lloyds-banking-group-plc/2025/q4/2025-lbg-annual-report.pdf,"=HYPERLINK(""https://www.lloydsbankinggroup.com/assets/pdfs/investors/financial-performance/lloyds-banking-group-plc/2025/q4/2025-lbg-annual-report.pdf#page=111"",""p.111 of AR"")",2.0,
London Stock Exchange Group Plc,LSEG LN Equity,Financials,Financial Services,Capital Markets,Financial Exchanges & Data,44797.4,FY2024,David Schwimmer,Chief Executive Officer,1375000.0,GBP,3000000.0,3194000.0,137000.0,158000.0,0.0,7864000.0,GBP,False,Full year service,london_stock_exchange_group_ar_2024,https://www.lseg.com/content/dam/lseg/en_us/documents/investor-relations/annual-reports/lseg-annual-report-2025.pdf,"=HYPERLINK(""https://www.lseg.com/content/dam/lseg/en_us/documents/investor-relations/annual-reports/lseg-annual-report-2025.pdf#page=128"",""p.128 of AR"")",2.0,
London Stock Exchange Group Plc,LSEG LN Equity,Financials,Financial Services,Capital Markets,Financial Exchanges & Data,44797.4,FY2024,Anna Manz,Chief Financial Officer (to 29 February 2024),125000.0,GBP,0.0,0.0,13000.0,11000.0,0.0,149000.0,GBP,True,Served only until 29 February 2024 (2 months of the year),london_stock_exchange_group_ar_2024,https://www.lseg.com/content/dam/lseg/en_us/documents/investor-relations/annual-reports/lseg-annual-report-2025.pdf,"=HYPERLINK(""https://www.lseg.com/content/dam/lseg/en_us/documents/investor-relations/annual-reports/lseg-annual-report-2025.pdf#page=128"",""p.128 of AR"")",2.0,
London Stock Exchange Group Plc,LSEG LN Equity,Financials,Financial Services,Capital Markets,Financial Exchanges & Data,44797.4,FY2024,Michel-Alain Proch,Chief Financial Officer (from 1 March 2024),721000.0,GBP,1245000.0,0.0,72000.0,267000.0,2034000.0,4339000.0,GBP,True,Appointed as CFO from 1 March 2024 (10 months of the year),london_stock_exchange_group_ar_2024,https://www.lseg.com/content/dam/lseg/en_us/documents/investor-relations/annual-reports/lseg-annual-report-2025.pdf,"=HYPERLINK(""https://www.lseg.com/content/dam/lseg/en_us/documents/investor-relations/annual-reports/lseg-annual-report-2025.pdf#page=128"",""p.128 of AR"")",2.0,
London Stock Exchange Group Plc,LSEG LN Equity,Financials,Financial Services,Capital Markets,Financial Exchanges & Data,44797.4,FY2023,David Schwimmer,Chief Executive Officer,1000000.0,GBP,1582000.0,2466000.0,100000.0,244000.0,0.0,5392000.0,GBP,False,Full year service,london_stock_exchange_group_ar_2024,https://www.lseg.com/content/dam/lseg/en_us/documents/investor-relations/annual-reports/lseg-annual-report-2025.pdf,"=HYPERLINK(""https://www.lseg.com/content/dam/lseg/en_us/documents/investor-relations/annual-reports/lseg-annual-report-2025.pdf#page=134"",""p.134 of AR"")",2.0,
London Stock Exchange Group Plc,LSEG LN Equity,Financials,Financial Services,Capital Markets,Financial Exchanges & Data,44797.4,FY2023,Anna Manz,Chief Financial Officer,750000.0,GBP,0.0,0.0,75000.0,55000.0,0.0,880000.0,GBP,False,Full year service,london_stock_exchange_group_ar_2024,https://www.lseg.com/content/dam/lseg/en_us/documents/investor-relations/annual-reports/lseg-annual-report-2025.pdf,"=HYPERLINK(""https://www.lseg.com/content/dam/lseg/en_us/documents/investor-relations/annual-reports/lseg-annual-report-2025.pdf#page=128"",""p.128 of AR"")",2.0,
London Stock Exchange Group Plc,LSEG LN Equity,Financials,Financial Services,Capital Markets,Financial Exchanges & Data,44797.4,FY2025,David Schwimmer,Chief Executive Officer (CEO),1375000.0,GBP,3077000.0,1673000.0,137000.0,157000.0,0.0,6419000.0,GBP,False,Served full year in FY2025. No pro-rata adjustment applies.,london_stock_exchange_group_ar_2025,https://www.lseg.com/content/dam/lseg/en_us/documents/investor-relations/annual-reports/lseg-annual-report-2025.pdf,"=HYPERLINK(""https://www.lseg.com/content/dam/lseg/en_us/documents/investor-relations/annual-reports/lseg-annual-report-2025.pdf#page=91"",""p.91 of AR"")",2.0,
London Stock Exchange Group Plc,LSEG LN Equity,Financials,Financial Services,Capital Markets,Financial Exchanges & Data,44797.4,FY2025,Michel-Alain Proch,Chief Financial Officer (CFO),850000.0,GBP,1277000.0,0.0,85000.0,31000.0,2162000.0,4405000.0,GBP,False,Michel-Alain Proch was appointed to the Board on 1 March 2024; FY2025 is therefore his first complete financial year. No pro-rata adjustment applies to FY2025 figures.,london_stock_exchange_group_ar_2025,https://www.lseg.com/content/dam/lseg/en_us/documents/investor-relations/annual-reports/lseg-annual-report-2025.pdf,"=HYPERLINK(""https://www.lseg.com/content/dam/lseg/en_us/documents/investor-relations/annual-reports/lseg-annual-report-2025.pdf#page=91"",""p.91 of AR"")",2.0,
London Stock Exchange Group Plc,LSEG LN Equity,Financials,Financial Services,Capital Markets,Financial Exchanges & Data,44797.4,FY2024,David Schwimmer,Chief Executive Officer (CEO),1375000.0,GBP,3000000.0,3038000.0,137000.0,158000.0,0.0,7708000.0,GBP,False,Served full year in FY2024. No pro-rata adjustment applies.,london_stock_exchange_group_ar_2025,https://www.lseg.com/content/dam/lseg/en_us/documents/investor-relations/annual-reports/lseg-annual-report-2025.pdf,"=HYPERLINK(""https://www.lseg.com/content/dam/lseg/en_us/documents/investor-relations/annual-reports/lseg-annual-report-2025.pdf#page=91"",""p.91 of AR"")",2.0,
London Stock Exchange Group Plc,LSEG LN Equity,Financials,Financial Services,Capital Markets,Financial Exchanges & Data,44797.4,FY2024,Michel-Alain Proch,Chief Financial Officer (CFO),721000.0,GBP,1245000.0,0.0,72000.0,267000.0,2034000.0,4339000.0,GBP,True,"Appointed to the Board on 1 March 2024; salary and related fixed pay reflect approximately 10 months of service in FY2024. The notably higher benefits figure in FY2024 (£266,000 vs £30,000 in FY2025) likely reflects relocation or other one-off costs associated with his appointment.",london_stock_exchange_group_ar_2025,https://www.lseg.com/content/dam/lseg/en_us/documents/investor-relations/annual-reports/lseg-annual-report-2025.pdf,"=HYPERLINK(""https://www.lseg.com/content/dam/lseg/en_us/documents/investor-relations/annual-reports/lseg-annual-report-2025.pdf#page=91"",""p.91 of AR"")",2.0,
LondonMetric Property Plc,LMP LN Equity,,,,,4254.6,FY2025,Andrew Jones,Chief Executive Officer,774000.0,GBP,1290000.0,902000.0,77000.0,27000.0,,3070000.0,GBP,False,Served full year,londonmetric_property_ar_2025,https://www.londonmetric.com/pdf-viewer.aspx?gid=364072326&src=%2F%7E%2Fmedia%2FFiles%2FL%2Flondonmetric%2Fresults-and-presentations%2Fpresentation%2Fannual-report-and-accounts-2026.pdf,"=HYPERLINK(""https://www.londonmetric.com/pdf-viewer.aspx?gid=364072326&src=%2F%7E%2Fmedia%2FFiles%2FL%2Flondonmetric%2Fresults-and-presentations%2Fpresentation%2Fannual-report-and-accounts-2026.pdf#page=128"",""p.128 of AR"")",2.0,
LondonMetric Property Plc,LMP LN Equity,,,,,4254.6,FY2025,Martin McGann,Chief Financial Officer,509000.0,GBP,718000.0,468000.0,51000.0,29000.0,,1775000.0,GBP,False,Served full year,londonmetric_property_ar_2025,https://www.londonmetric.com/pdf-viewer.aspx?gid=364072326&src=%2F%7E%2Fmedia%2FFiles%2FL%2Flondonmetric%2Fresults-and-presentations%2Fpresentation%2Fannual-report-and-accounts-2026.pdf,"=HYPERLINK(""https://www.londonmetric.com/pdf-viewer.aspx?gid=364072326&src=%2F%7E%2Fmedia%2FFiles%2FL%2Flondonmetric%2Fresults-and-presentations%2Fpresentation%2Fannual-report-and-accounts-2026.pdf#page=128"",""p.128 of AR"")",2.0,
LondonMetric Property Plc,LMP LN Equity,,,,,4254.6,FY2024,Andrew Jones,Chief Executive Officer,638000.0,GBP,1020000.0,991000.0,64000.0,26000.0,,2739000.0,GBP,False,Served full year,londonmetric_property_ar_2025,https://www.londonmetric.com/pdf-viewer.aspx?gid=364072326&src=%2F%7E%2Fmedia%2FFiles%2FL%2Flondonmetric%2Fresults-and-presentations%2Fpresentation%2Fannual-report-and-accounts-2026.pdf,"=HYPERLINK(""https://www.londonmetric.com/pdf-viewer.aspx?gid=364072326&src=%2F%7E%2Fmedia%2FFiles%2FL%2Flondonmetric%2Fresults-and-presentations%2Fpresentation%2Fannual-report-and-accounts-2026.pdf#page=128"",""p.128 of AR"")",2.0,
LondonMetric Property Plc,LMP LN Equity,,,,,4254.6,FY2024,Martin McGann,Chief Financial Officer,427000.0,GBP,579000.0,480000.0,43000.0,28000.0,,1557000.0,GBP,False,Served full year,londonmetric_property_ar_2025,https://www.londonmetric.com/pdf-viewer.aspx?gid=364072326&src=%2F%7E%2Fmedia%2FFiles%2FL%2Flondonmetric%2Fresults-and-presentations%2Fpresentation%2Fannual-report-and-accounts-2026.pdf,"=HYPERLINK(""https://www.londonmetric.com/pdf-viewer.aspx?gid=364072326&src=%2F%7E%2Fmedia%2FFiles%2FL%2Flondonmetric%2Fresults-and-presentations%2Fpresentation%2Fannual-report-and-accounts-2026.pdf#page=136"",""p.136 of AR"")",2.0,
M&G Plc,MNG LN Equity,Financials,Financial Services,Financial Services,Diversified Financial Services,7304.0,FY2025,Andrea Rossi,Group Chief Executive Officer,910000.0,GBP,1550000.0,2182000.0,118000.0,24000.0,,4784000.0,GBP,False,Served full year,m_and_g_ar_2025,https://group.mandg.com/~/media/Files/M/mandg-corp/corp/documents/investors/results-and-announcements/financial-results-reports-and-presentations-archive/2026/mgplc-annual-report-and-accounts-2025.pdf,"=HYPERLINK(""https://group.mandg.com/~/media/Files/M/mandg-corp/corp/documents/investors/results-and-announcements/financial-results-reports-and-presentations-archive/2026/mgplc-annual-report-and-accounts-2025.pdf#page=110"",""p.110 of AR"")",2.0,
M&G Plc,MNG LN Equity,Financials,Financial Services,Financial Services,Diversified Financial Services,7304.0,FY2025,Kathryn McLeland,Chief Financial Officer,603000.0,GBP,925000.0,1301000.0,78000.0,11000.0,,2918000.0,GBP,False,Served full year,m_and_g_ar_2025,https://group.mandg.com/~/media/Files/M/mandg-corp/corp/documents/investors/results-and-announcements/financial-results-reports-and-presentations-archive/2026/mgplc-annual-report-and-accounts-2025.pdf,"=HYPERLINK(""https://group.mandg.com/~/media/Files/M/mandg-corp/corp/documents/investors/results-and-announcements/financial-results-reports-and-presentations-archive/2026/mgplc-annual-report-and-accounts-2025.pdf#page=110"",""p.110 of AR"")",2.0,
M&G Plc,MNG LN Equity,Financials,Financial Services,Financial Services,Diversified Financial Services,7304.0,FY2024,Andrea Rossi,Group Chief Executive Officer,901000.0,GBP,1549000.0,0.0,117000.0,19000.0,,2586000.0,GBP,False,Served full year,m_and_g_ar_2025,https://group.mandg.com/~/media/Files/M/mandg-corp/corp/documents/investors/results-and-announcements/financial-results-reports-and-presentations-archive/2026/mgplc-annual-report-and-accounts-2025.pdf,"=HYPERLINK(""https://group.mandg.com/~/media/Files/M/mandg-corp/corp/documents/investors/results-and-announcements/financial-results-reports-and-presentations-archive/2026/mgplc-annual-report-and-accounts-2025.pdf#page=113"",""p.113 of AR"")",2.0,
M&G Plc,MNG LN Equity,Financials,Financial Services,Financial Services,Diversified Financial Services,7304.0,FY2024,Kathryn McLeland,Chief Financial Officer,597000.0,GBP,924000.0,1299000.0,78000.0,10000.0,,2908000.0,GBP,False,Served full year,m_and_g_ar_2025,https://group.mandg.com/~/media/Files/M/mandg-corp/corp/documents/investors/results-and-announcements/financial-results-reports-and-presentations-archive/2026/mgplc-annual-report-and-accounts-2025.pdf,"=HYPERLINK(""https://group.mandg.com/~/media/Files/M/mandg-corp/corp/documents/investors/results-and-announcements/financial-results-reports-and-presentations-archive/2026/mgplc-annual-report-and-accounts-2025.pdf#page=113"",""p.113 of AR"")",2.0,
Man Group Plc,EMG LN Equity,Financials,Financial Services,Capital Markets,Asset Management & Custody Banks,3138.0,FY2024,Robyn Grew,Chief Executive Officer,1100000.0,USD,1603800.0,0.0,135857.0,306582.0,5149.0,3151388.0,USD,False,"Robyn Grew served the full year 2024 as CEO. Note: she was only appointed to the Board on 1 September 2023, so her 2023 figures are pro-rata.",man_group_ar_2024,https://www.man.com/documents/download/be895-67bb5-dcd1c-01d9c,"=HYPERLINK(""https://www.man.com/documents/download/be895-67bb5-dcd1c-01d9c#page=110"",""p.110 of AR"")",2.0,
Man Group Plc,EMG LN Equity,Financials,Financial Services,Capital Markets,Asset Management & Custody Banks,3138.0,FY2024,Antoine Forterre,Chief Financial Officer,680000.0,USD,991440.0,1803033.0,83637.0,5179.0,18813.0,3582102.0,USD,False,Antoine Forterre served the full year 2024.,man_group_ar_2024,https://www.man.com/documents/download/be895-67bb5-dcd1c-01d9c,"=HYPERLINK(""https://www.man.com/documents/download/be895-67bb5-dcd1c-01d9c#page=110"",""p.110 of AR"")",2.0,
Man Group Plc,EMG LN Equity,Financials,Financial Services,Capital Markets,Asset Management & Custody Banks,3138.0,FY2023,Robyn Grew,Chief Executive Officer,366667.0,USD,711700.0,0.0,46609.0,208016.0,844.0,1333836.0,USD,True,"Appointed to the Board on 1 September 2023. Remuneration disclosed for 2023 covers only the period 1 September 2023 to 31 December 2023 (4 months). For percentage change calculation purposes, her 2023 salary and bonus were annualised.",man_group_ar_2024,https://www.man.com/documents/download/be895-67bb5-dcd1c-01d9c,"=HYPERLINK(""https://www.man.com/documents/download/be895-67bb5-dcd1c-01d9c#page=110"",""p.110 of AR"")",2.0,
Man Group Plc,EMG LN Equity,Financials,Financial Services,Capital Markets,Asset Management & Custody Banks,3138.0,FY2023,Antoine Forterre,Chief Financial Officer,654000.0,USD,1269414.0,0.0,82827.0,3337.0,16601.0,2026179.0,USD,False,Antoine Forterre served the full year 2023.,man_group_ar_2024,https://www.man.com/documents/download/be895-67bb5-dcd1c-01d9c,"=HYPERLINK(""https://www.man.com/documents/download/be895-67bb5-dcd1c-01d9c#page=110"",""p.110 of AR"")",2.0,
Marks & Spencer Group Plc,MKS LN Equity,Consumer Staples,Consumer Staples Distribution & Retail,Consumer Staples Distribution & Retail,Food Retail,6485.9,2024/25,Stuart Machin,Chief Executive Officer (CEO),843000.0,GBP,1635000.0,4555000.0,51000.0,0.0,0.0,7084000.0,GBP,False,Served full year,marks_and_spencer_group_ar_2025,https://corporate.marksandspencer.com/sites/marksandspencer/files/marksandspencer/annual-report/m-and-s-annual-report-and-financial-statements-2026.pdf,"=HYPERLINK(""https://corporate.marksandspencer.com/sites/marksandspencer/files/marksandspencer/annual-report/m-and-s-annual-report-and-financial-statements-2026.pdf#page=93"",""p.93 of AR"")",3.0,119.0
Marks & Spencer Group Plc,MKS LN Equity,Consumer Staples,Consumer Staples Distribution & Retail,Consumer Staples Distribution & Retail,Food Retail,6485.9,2024/25,Alison Dolan,Chief Financial Officer (CFO),143000.0,GBP,201000.0,0.0,6000.0,0.0,2032000.0,2382000.0,GBP,True,"Appointed as CFO on 6 January 2025; figures reflect approx. 3 months of service. Bonus was for financial performance element only (70% of maximum), pro-rated for period of employment.",marks_and_spencer_group_ar_2025,https://corporate.marksandspencer.com/sites/marksandspencer/files/marksandspencer/annual-report/m-and-s-annual-report-and-financial-statements-2026.pdf,"=HYPERLINK(""https://corporate.marksandspencer.com/sites/marksandspencer/files/marksandspencer/annual-report/m-and-s-annual-report-and-financial-statements-2026.pdf#page=93"",""p.93 of AR"")",3.0,119.0
Marks & Spencer Group Plc,MKS LN Equity,Consumer Staples,Consumer Staples Distribution & Retail,Consumer Staples Distribution & Retail,Food Retail,6485.9,2024/25,Katie Bickerstaffe,Co-Chief Executive / Executive Director (stepped down),216000.0,GBP,0.0,2847000.0,11000.0,0.0,0.0,3074000.0,GBP,True,"Served until 10 July 2024; did not receive fixed pay (salary, pension, benefits) after this date, nor did she participate in the 2024/25 Annual Bonus Scheme. Paid £226,392 in cash-equivalent terms for her partial year of service, excluding PSP vesting value.",marks_and_spencer_group_ar_2025,https://corporate.marksandspencer.com/sites/marksandspencer/files/marksandspencer/annual-report/m-and-s-annual-report-and-financial-statements-2026.pdf,"=HYPERLINK(""https://corporate.marksandspencer.com/sites/marksandspencer/files/marksandspencer/annual-report/m-and-s-annual-report-and-financial-statements-2026.pdf#page=93"",""p.93 of AR"")",3.0,119.0
Marks & Spencer Group Plc,MKS LN Equity,Consumer Staples,Consumer Staples Distribution & Retail,Consumer Staples Distribution & Retail,Food Retail,6485.9,2023/24,Stuart Machin,Chief Executive Officer (CEO),818000.0,GBP,1570000.0,2614000.0,90000.0,0.0,0.0,5092000.0,GBP,False,,marks_and_spencer_group_ar_2025,https://corporate.marksandspencer.com/sites/marksandspencer/files/marksandspencer/annual-report/m-and-s-annual-report-and-financial-statements-2026.pdf,"=HYPERLINK(""https://corporate.marksandspencer.com/sites/marksandspencer/files/marksandspencer/annual-report/m-and-s-annual-report-and-financial-statements-2026.pdf#page=93"",""p.93 of AR"")",3.0,119.0
Marks & Spencer Group Plc,MKS LN Equity,Consumer Staples,Consumer Staples Distribution & Retail,Consumer Staples Distribution & Retail,Food Retail,6485.9,2023/24,Alison Dolan,Chief Financial Officer (CFO),,,,,,,,0.0,GBP,True,Not yet appointed; not employed by M&S during FY2023/24,marks_and_spencer_group_ar_2025,https://corporate.marksandspencer.com/sites/marksandspencer/files/marksandspencer/annual-report/m-and-s-annual-report-and-financial-statements-2026.pdf,"=HYPERLINK(""https://corporate.marksandspencer.com/sites/marksandspencer/files/marksandspencer/annual-report/m-and-s-annual-report-and-financial-statements-2026.pdf#page=93"",""p.93 of AR"")",3.0,119.0
Marks & Spencer Group Plc,MKS LN Equity,Consumer Staples,Consumer Staples Distribution & Retail,Consumer Staples Distribution & Retail,Food Retail,6485.9,2023/24,Katie Bickerstaffe,Co-Chief Executive / Executive Director,767000.0,GBP,1304000.0,2614000.0,38000.0,46000.0,0.0,4769000.0,GBP,False,"Served full FY2023/24 (departed after this reporting year, in July 2024)",marks_and_spencer_group_ar_2025,https://corporate.marksandspencer.com/sites/marksandspencer/files/marksandspencer/annual-report/m-and-s-annual-report-and-financial-statements-2026.pdf,"=HYPERLINK(""https://corporate.marksandspencer.com/sites/marksandspencer/files/marksandspencer/annual-report/m-and-s-annual-report-and-financial-statements-2026.pdf#page=93"",""p.93 of AR"")",3.0,119.0
Marks & Spencer Group Plc,MKS LN Equity,Consumer Staples,Consumer Staples Distribution & Retail,Consumer Staples Distribution & Retail,Food Retail,6485.9,2025/26,Stuart Machin,Chief Executive Officer (CEO),861000.0,GBP,0.0,3055000.0,52000.0,0.0,0.0,3968000.0,GBP,False,No — served full year,marks_and_spencer_group_ar_2026,https://corporate.marksandspencer.com/sites/marksandspencer/files/marksandspencer/annual-report/m-and-s-annual-report-and-financial-statements-2026.pdf,"=HYPERLINK(""https://corporate.marksandspencer.com/sites/marksandspencer/files/marksandspencer/annual-report/m-and-s-annual-report-and-financial-statements-2026.pdf#page=85"",""p.85 of AR"")",3.0,238.0
Marks & Spencer Group Plc,MKS LN Equity,Consumer Staples,Consumer Staples Distribution & Retail,Consumer Staples Distribution & Retail,Food Retail,6485.9,2025/26,Alison Dolan,Executive Director (CFO),600000.0,GBP,0.0,0.0,72000.0,0.0,0.0,672000.0,GBP,False,"No — served full year (joined Board 6 January 2025, prior year was pro-rata)",marks_and_spencer_group_ar_2026,https://corporate.marksandspencer.com/sites/marksandspencer/files/marksandspencer/annual-report/m-and-s-annual-report-and-financial-statements-2026.pdf,"=HYPERLINK(""https://corporate.marksandspencer.com/sites/marksandspencer/files/marksandspencer/annual-report/m-and-s-annual-report-and-financial-statements-2026.pdf#page=85"",""p.85 of AR"")",3.0,238.0
Marks & Spencer Group Plc,MKS LN Equity,Consumer Staples,Consumer Staples Distribution & Retail,Consumer Staples Distribution & Retail,Food Retail,6485.9,2024/25,Stuart Machin,Chief Executive Officer (CEO),843000.0,GBP,1635000.0,4518000.0,51000.0,0.0,0.0,7047000.0,GBP,False,No — served full year,marks_and_spencer_group_ar_2026,https://corporate.marksandspencer.com/sites/marksandspencer/files/marksandspencer/annual-report/m-and-s-annual-report-and-financial-statements-2026.pdf,"=HYPERLINK(""https://corporate.marksandspencer.com/sites/marksandspencer/files/marksandspencer/annual-report/m-and-s-annual-report-and-financial-statements-2026.pdf#page=85"",""p.85 of AR"")",3.0,238.0
Marks & Spencer Group Plc,MKS LN Equity,Consumer Staples,Consumer Staples Distribution & Retail,Consumer Staples Distribution & Retail,Food Retail,6485.9,2024/25,Alison Dolan,Executive Director (CFO),143000.0,GBP,201000.0,0.0,6000.0,0.0,2032000.0,2382000.0,GBP,True,Joined the Board on 6 January 2025; figures reflect partial-year service (approx. 3 months) for FY2024/25. Did not receive a salary increase during 2025/26 per Figure 20 notes.,marks_and_spencer_group_ar_2026,https://corporate.marksandspencer.com/sites/marksandspencer/files/marksandspencer/annual-report/m-and-s-annual-report-and-financial-statements-2026.pdf,"=HYPERLINK(""https://corporate.marksandspencer.com/sites/marksandspencer/files/marksandspencer/annual-report/m-and-s-annual-report-and-financial-statements-2026.pdf#page=85"",""p.85 of AR"")",3.0,238.0
Marshalls Plc,MSLH LN Equity,Materials,Materials,Construction Materials,Construction Materials,338.1,2024,Matt Pullen,Chief Executive,569000.0,GBP,391000.0,0.0,28000.0,50000.0,0.0,1038000.0,GBP,True,"Joined the Board on 8 January 2024, became CEO on 1 March 2024",marshalls_ar_2024,https://www.marshalls.co.uk/media/pwodwvwl/grp-marshalls-plc-annual-report-accounts-2025.pdf,"=HYPERLINK(""https://www.marshalls.co.uk/media/pwodwvwl/grp-marshalls-plc-annual-report-accounts-2025.pdf#page=101"",""p.101 of AR"")",2.0,
Marshalls Plc,MSLH LN Equity,Materials,Materials,Construction Materials,Construction Materials,338.1,2024,Martyn Coffey,Chief Executive,113000.0,GBP,87000.0,331000.0,6000.0,7000.0,0.0,544000.0,GBP,True,"Stepped down from Board on 29 February 2024, remained employee until 6 December 2024",marshalls_ar_2024,https://www.marshalls.co.uk/media/pwodwvwl/grp-marshalls-plc-annual-report-accounts-2025.pdf,"=HYPERLINK(""https://www.marshalls.co.uk/media/pwodwvwl/grp-marshalls-plc-annual-report-accounts-2025.pdf#page=101"",""p.101 of AR"")",2.0,
Marshalls Plc,MSLH LN Equity,Materials,Materials,Construction Materials,Construction Materials,338.1,2024,Justin Lockwood,Chief Financial Officer,442000.0,GBP,304000.0,90000.0,22000.0,11000.0,0.0,869000.0,GBP,False,Full year service,marshalls_ar_2024,https://www.marshalls.co.uk/media/pwodwvwl/grp-marshalls-plc-annual-report-accounts-2025.pdf,"=HYPERLINK(""https://www.marshalls.co.uk/media/pwodwvwl/grp-marshalls-plc-annual-report-accounts-2025.pdf#page=101"",""p.101 of AR"")",2.0,
Marshalls Plc,MSLH LN Equity,Materials,Materials,Construction Materials,Construction Materials,338.1,2024,Simon Bourne,Chief Commercial Officer,409000.0,GBP,281000.0,87000.0,20000.0,23000.0,0.0,820000.0,GBP,False,"Full year service, salary adjusted for change from COO to CCO role",marshalls_ar_2024,https://www.marshalls.co.uk/media/pwodwvwl/grp-marshalls-plc-annual-report-accounts-2025.pdf,"=HYPERLINK(""https://www.marshalls.co.uk/media/pwodwvwl/grp-marshalls-plc-annual-report-accounts-2025.pdf#page=101"",""p.101 of AR"")",2.0,
Marshalls Plc,MSLH LN Equity,Materials,Materials,Construction Materials,Construction Materials,338.1,2023,Martyn Coffey,Chief Executive Officer,676000.0,GBP,127000.0,366000.0,34000.0,43000.0,0.0,1246000.0,GBP,False,,marshalls_ar_2024,https://www.marshalls.co.uk/media/pwodwvwl/grp-marshalls-plc-annual-report-accounts-2025.pdf,"=HYPERLINK(""https://www.marshalls.co.uk/media/pwodwvwl/grp-marshalls-plc-annual-report-accounts-2025.pdf#page=101"",""p.101 of AR"")",2.0,
Marshalls Plc,MSLH LN Equity,Materials,Materials,Construction Materials,Construction Materials,338.1,2023,Justin Lockwood,Chief Financial Officer,442000.0,GBP,138000.0,187000.0,22000.0,12000.0,0.0,801000.0,GBP,False,,marshalls_ar_2024,https://www.marshalls.co.uk/media/pwodwvwl/grp-marshalls-plc-annual-report-accounts-2025.pdf,"=HYPERLINK(""https://www.marshalls.co.uk/media/pwodwvwl/grp-marshalls-plc-annual-report-accounts-2025.pdf#page=101"",""p.101 of AR"")",2.0,
Marshalls Plc,MSLH LN Equity,Materials,Materials,Construction Materials,Construction Materials,338.1,2023,Simon Bourne,Chief Operating Officer,389000.0,GBP,122000.0,139000.0,19000.0,12000.0,0.0,681000.0,GBP,False,,marshalls_ar_2024,https://www.marshalls.co.uk/media/pwodwvwl/grp-marshalls-plc-annual-report-accounts-2025.pdf,"=HYPERLINK(""https://www.marshalls.co.uk/media/pwodwvwl/grp-marshalls-plc-annual-report-accounts-2025.pdf#page=101"",""p.101 of AR"")",2.0,
Marshalls Plc,MSLH LN Equity,Materials,Materials,Construction Materials,Construction Materials,338.1,FY2025,Simon Bourne,Interim/incoming Chief Executive Officer (Interim CEO from 27 November 2025; appointed permanent CEO 19 January 2026),448000.0,GBP,140000.0,87000.0,22000.0,9000.0,,706000.0,GBP,True,"Figures reflect his role during 2025 prior to/at appointment as Interim CEO on 27 November 2025 (became permanent CEO on 19 January 2026, in the following fiscal year)",marshalls_ar_2025,https://www.marshalls.co.uk/media/pwodwvwl/grp-marshalls-plc-annual-report-accounts-2025.pdf,"=HYPERLINK(""https://www.marshalls.co.uk/media/pwodwvwl/grp-marshalls-plc-annual-report-accounts-2025.pdf#page=99"",""p.99 of AR"")",3.0,108.0
Marshalls Plc,MSLH LN Equity,Materials,Materials,Construction Materials,Construction Materials,338.1,FY2025,Justin Lockwood,Chief Financial Officer (CFO),455000.0,GBP,142000.0,99000.0,23000.0,5000.0,,724000.0,GBP,False,Served full year as CFO,marshalls_ar_2025,https://www.marshalls.co.uk/media/pwodwvwl/grp-marshalls-plc-annual-report-accounts-2025.pdf,"=HYPERLINK(""https://www.marshalls.co.uk/media/pwodwvwl/grp-marshalls-plc-annual-report-accounts-2025.pdf#page=99"",""p.99 of AR"")",3.0,108.0
Marshalls Plc,MSLH LN Equity,Materials,Materials,Construction Materials,Construction Materials,338.1,FY2025,Matt Pullen,Chief Executive Officer (stepped down 26 November 2025),538000.0,GBP,0.0,136000.0,27000.0,69000.0,,771000.0,GBP,True,"Stepped down as Chief Executive on 26 November 2025; salary, benefits and pension pro-rated to that date; leaver arrangements agreed by the Committee",marshalls_ar_2025,https://www.marshalls.co.uk/media/pwodwvwl/grp-marshalls-plc-annual-report-accounts-2025.pdf,"=HYPERLINK(""https://www.marshalls.co.uk/media/pwodwvwl/grp-marshalls-plc-annual-report-accounts-2025.pdf#page=99"",""p.99 of AR"")",3.0,108.0
Marshalls Plc,MSLH LN Equity,Materials,Materials,Construction Materials,Construction Materials,338.1,FY2024,Simon Bourne,Executive Director (role prior to Interim CEO appointment),409000.0,GBP,281000.0,87000.0,20000.0,23000.0,,821000.0,GBP,False,Full year in prior role,marshalls_ar_2025,https://www.marshalls.co.uk/media/pwodwvwl/grp-marshalls-plc-annual-report-accounts-2025.pdf,"=HYPERLINK(""https://www.marshalls.co.uk/media/pwodwvwl/grp-marshalls-plc-annual-report-accounts-2025.pdf#page=99"",""p.99 of AR"")",3.0,108.0
Marshalls Plc,MSLH LN Equity,Materials,Materials,Construction Materials,Construction Materials,338.1,FY2024,Justin Lockwood,Chief Financial Officer (CFO),442000.0,GBP,304000.0,90000.0,22000.0,11000.0,,869000.0,GBP,False,,marshalls_ar_2025,https://www.marshalls.co.uk/media/pwodwvwl/grp-marshalls-plc-annual-report-accounts-2025.pdf,"=HYPERLINK(""https://www.marshalls.co.uk/media/pwodwvwl/grp-marshalls-plc-annual-report-accounts-2025.pdf#page=99"",""p.99 of AR"")",3.0,108.0
Marshalls Plc,MSLH LN Equity,Materials,Materials,Construction Materials,Construction Materials,338.1,FY2024,Matt Pullen,Chief Executive Officer,569000.0,GBP,391000.0,0.0,28000.0,50000.0,,1038000.0,GBP,False,Full year served as CEO in 2024,marshalls_ar_2025,https://www.marshalls.co.uk/media/pwodwvwl/grp-marshalls-plc-annual-report-accounts-2025.pdf,"=HYPERLINK(""https://www.marshalls.co.uk/media/pwodwvwl/grp-marshalls-plc-annual-report-accounts-2025.pdf#page=99"",""p.99 of AR"")",3.0,108.0
ME Group International Plc,MEGP LN Equity,Consumer Discretionary,Consumer Services,Diversified Consumer Services,Specialized Consumer Services,536.5,FY10/2025,Serge Crasnianski,Chief Executive Officer (CEO),560212.0,GBP,840318.0,0.0,84032.0,36017.0,,1520579.0,GBP,False,"Served full year. Total Fixed Remuneration: £680,261; Total Variable Remuneration: £840,318. Annual bonus represents 150% of salary — maximum payout achieved. No ESOS awards vesting in the year. Pension paid as salary supplement at c.15% of base salary. Benefits comprise private medical insurance and other taxable benefits.",me_group_international_ar_2025,https://me-group.com/wp-content/uploads/2026/03/ME-Group-Annual-Report-2025.pdf,"=HYPERLINK(""https://me-group.com/wp-content/uploads/2026/03/ME-Group-Annual-Report-2025.pdf#page=103"",""p.103 of AR"")",2.0,
ME Group International Plc,MEGP LN Equity,Consumer Discretionary,Consumer Services,Diversified Consumer Services,Specialized Consumer Services,536.5,FY10/2025,Tania Crasnianski,Executive Director,296244.0,GBP,123122.0,68020.0,0.0,0.0,,487386.0,GBP,False,"Served full year. Total Fixed Remuneration: £296,244; Total Variable Remuneration: £191,142. Salary comprises €290,000 under ME Group GSS contract plus £50,000 under Photo-Me Limited contract, translated at applicable exchange rate. No pension provision. Annual bonus of £123,122 represents 50% of salary — maximum payout achieved under her cap. LTIP of £68,020 relates to ESOS awards granted 4 April 2023 — 100,000 options vesting in April 2026; pre-tax intrinsic gain based on 3-month average share price to 31 October 2025 of 194.72p less exercise price of 126.7p.",me_group_international_ar_2025,https://me-group.com/wp-content/uploads/2026/03/ME-Group-Annual-Report-2025.pdf,"=HYPERLINK(""https://me-group.com/wp-content/uploads/2026/03/ME-Group-Annual-Report-2025.pdf#page=103"",""p.103 of AR"")",2.0,
ME Group International Plc,MEGP LN Equity,Consumer Discretionary,Consumer Services,Diversified Consumer Services,Specialized Consumer Services,536.5,FY10/2025,Vlad Crasneanscki,Executive Director,61552.0,GBP,9120.0,0.0,6678.0,10390.0,,87740.0,GBP,True,"Appointed to the Board as Executive Director on 3 June 2025; salary and all remuneration components reflect only the period from 3 June 2025 to 31 October 2025. Salary of £61,552 represents a partial-year figure (pro-rata from date of Board appointment); annualised salary was unchanged from his pre-Board role until 31 December 2025, when it increased to £300,000 p.a. Total Fixed Remuneration: £78,620; Total Variable Remuneration: £9,120. Benefits of £10,390 comprise company car and private medical insurance for him and his family. Pension of £6,678 represents c.11% of base salary. Annual bonus of £9,120 relates to a senior executive award to which he was entitled before his Board appointment, subject to performance conditions; he did not participate in the Executive Director bonus plan for FY2025 given his mid-year appointment.",me_group_international_ar_2025,https://me-group.com/wp-content/uploads/2026/03/ME-Group-Annual-Report-2025.pdf,"=HYPERLINK(""https://me-group.com/wp-content/uploads/2026/03/ME-Group-Annual-Report-2025.pdf#page=103"",""p.103 of AR"")",2.0,
ME Group International Plc,MEGP LN Equity,Consumer Discretionary,Consumer Services,Diversified Consumer Services,Specialized Consumer Services,536.5,FY10/2024,Serge Crasnianski,Chief Executive Officer (CEO),560212.0,GBP,840318.0,0.0,84032.0,33320.0,,1517882.0,GBP,False,"Served full year. Total Fixed Remuneration: £677,564; Total Variable Remuneration: £840,318. Annual bonus represents 150% of salary — maximum payout achieved. No LTIP vesting in the year. Pension at c.15% of base salary.",me_group_international_ar_2025,https://me-group.com/wp-content/uploads/2026/03/ME-Group-Annual-Report-2025.pdf,"=HYPERLINK(""https://me-group.com/wp-content/uploads/2026/03/ME-Group-Annual-Report-2025.pdf#page=103"",""p.103 of AR"")",2.0,
ME Group International Plc,MEGP LN Equity,Consumer Discretionary,Consumer Services,Diversified Consumer Services,Specialized Consumer Services,536.5,FY10/2024,Tania Crasnianski,Executive Director,297256.0,GBP,102313.0,126365.0,0.0,0.0,,525934.0,GBP,False,"Served full year. Total Fixed Remuneration: £297,256; Total Variable Remuneration: £228,678. Salary comprises €290,000 under ME Group GSS contract plus £50,000 under Photo-Me Limited contract, translated at applicable exchange rate. No pension provision. LTIP of £126,365 is estimated value of ESOS awards granted 12 May 2022, which vested in full during 2025; based on 3-month average share price to 31 October 2024 of 195.095p less exercise price of 68.73p. Note: actual intrinsic value at 12 May 2025 vesting date of 211.5p resulted in pre-tax gains of £142,770.",me_group_international_ar_2025,https://me-group.com/wp-content/uploads/2026/03/ME-Group-Annual-Report-2025.pdf,"=HYPERLINK(""https://me-group.com/wp-content/uploads/2026/03/ME-Group-Annual-Report-2025.pdf#page=103"",""p.103 of AR"")",2.0,
ME Group International Plc,MEGP LN Equity,Consumer Discretionary,Consumer Services,Diversified Consumer Services,Specialized Consumer Services,536.5,FY10/2024,Vlad Crasneanscki,Executive Director,0.0,GBP,0.0,0.0,0.0,0.0,,0.0,GBP,True,Vlad Crasneanscki was not appointed to the Board until 3 June 2025; therefore no remuneration is reported for FY2024 in his capacity as Executive Director. All compensation figures are nil as he was not a Board member during the 12 months ended 31 October 2024.,me_group_international_ar_2025,https://me-group.com/wp-content/uploads/2026/03/ME-Group-Annual-Report-2025.pdf,"=HYPERLINK(""https://me-group.com/wp-content/uploads/2026/03/ME-Group-Annual-Report-2025.pdf#page=94"",""p.94 of AR"")",2.0,
Melrose Industries Plc,MRO LN Equity,Industrials,Capital Goods,Aerospace & Defense,Aerospace & Defense,5927.3,FY2025,Peter Dilnot,Chief Executive Officer,1004000.0,GBP,1667000.0,0.0,100000.0,3000.0,,2774000.0,GBP,False,"Served full year as CEO in FY2025. Role change from COO to CEO occurred on 6 March 2024, which was in the prior year.",melrose_industries_ar_2025,https://www.melroseplc.net/media/qc0eu5o1/melrose-annual-report25.pdf,"=HYPERLINK(""https://www.melroseplc.net/media/qc0eu5o1/melrose-annual-report25.pdf#page=118"",""p.118 of AR"")",2.0,
Melrose Industries Plc,MRO LN Equity,Industrials,Capital Goods,Aerospace & Defense,Aerospace & Defense,5927.3,FY2025,Matthew Gregory,Chief Financial Officer,716000.0,GBP,891000.0,0.0,72000.0,3000.0,,1681000.0,GBP,False,"Served full year as CFO in FY2025. Original appointment as executive Director was on 7 March 2024, which was in the prior year.",melrose_industries_ar_2025,https://www.melroseplc.net/media/qc0eu5o1/melrose-annual-report25.pdf,"=HYPERLINK(""https://www.melroseplc.net/media/qc0eu5o1/melrose-annual-report25.pdf#page=118"",""p.118 of AR"")",2.0,
Melrose Industries Plc,MRO LN Equity,Industrials,Capital Goods,Aerospace & Defense,Aerospace & Defense,5927.3,FY2024,Peter Dilnot,Chief Executive Officer (from 6 March 2024); previously Chief Operating Officer (1 January 2024 – 5 March 2024),890000.0,GBP,1467000.0,42963000.0,94000.0,3000.0,,45416000.0,GBP,True,"Appointed as CEO on 6 March 2024, having previously served as COO from 1 January 2024 to 5 March 2024. Figures reflect combined remuneration across both roles for the full year. Annual bonus was governed by the COO bonus scheme for the period 1 January–5 March 2024 and the CEO bonus scheme for the period 6 March–31 December 2024. The LTIP figure of £42,963,000 relates to the crystallisation of the 2020 Melrose Executive Share Plan (2020 MESP) on 31 May 2024, valued at a closing share price of 615.8p on the crystallisation date.",melrose_industries_ar_2025,https://www.melroseplc.net/media/qc0eu5o1/melrose-annual-report25.pdf,"=HYPERLINK(""https://www.melroseplc.net/media/qc0eu5o1/melrose-annual-report25.pdf#page=118"",""p.118 of AR"")",2.0,
Melrose Industries Plc,MRO LN Equity,Industrials,Capital Goods,Aerospace & Defense,Aerospace & Defense,5927.3,FY2024,Matthew Gregory,Chief Financial Officer,567000.0,GBP,740000.0,0.0,57000.0,2000.0,,1366000.0,GBP,True,Appointed as an executive Director on 7 March 2024. Figures reflect remuneration only for the period following his appointment (7 March–31 December 2024). He did not participate in the 2020 MESP.,melrose_industries_ar_2025,https://www.melroseplc.net/media/qc0eu5o1/melrose-annual-report25.pdf,"=HYPERLINK(""https://www.melroseplc.net/media/qc0eu5o1/melrose-annual-report25.pdf#page=118"",""p.118 of AR"")",2.0,
Metlen Energy & Metals Plc,MTLN LN Equity,,,,,5560.7,FY2024,Mr. Mytilineos,Chairman and Chief Executive Officer,,,,,,,,,EUR,False,"No pro-rata circumstance identified. Full year FY2024 (1 January – 31 December 2024). Actual compensation figures not present in the provided context pages (Pages 352–383) of METLEN's Integrated Annual Report. Only policy maximums are referenced: STIP up to 250% of Fixed Pay; LTIP up to 290% of Fixed Pay. Pension and benefits (car, insurance) mentioned as existing but no amounts disclosed.",metlen_energy_and_metals_ar_2024,https://www.metlen.com/media/jf0azh1w/metlen_iar25-signed.pdf,"=HYPERLINK(""https://www.metlen.com/media/jf0azh1w/metlen_iar25-signed.pdf#page=383"",""p.383 of AR"")",2.0,
Metlen Energy & Metals Plc,MTLN LN Equity,,,,,5560.7,FY2024,Other Executive Board Members,Executive Director,,,,,,,,,EUR,False,"Other executive board members referenced generically in the provided context pages (Pages 352–383) but not named with individual figures. Full year FY2024 (1 January – 31 December 2024) assumed. Only policy maximums are referenced: STIP up to 150% of Fixed Pay; LTIP up to 150% of Fixed Pay. Pension and benefits (car, insurance) mentioned as existing but no amounts disclosed.",metlen_energy_and_metals_ar_2024,https://www.metlen.com/media/jf0azh1w/metlen_iar25-signed.pdf,"=HYPERLINK(""https://www.metlen.com/media/jf0azh1w/metlen_iar25-signed.pdf#page=348"",""p.348 of AR"")",1.0,
Metro Bank Holdings Plc,MTRO LN Equity,Financials,Banks,Banks,Regional Banks,976.5,FY2025,Daniel Frumkin,Chief Executive Officer,938875.0,GBP,1177449.0,470382.0,75110.0,1594.0,2339.0,2665749.0,GBP,False,N/A — full year served,metro_bank_holdings_ar_2025,https://www.metrobankonline.co.uk/globalassets/documents/investor_documents/metro-bank---annual-report-2025.pdf,"=HYPERLINK(""https://www.metrobankonline.co.uk/globalassets/documents/investor_documents/metro-bank---annual-report-2025.pdf#page=86"",""p.86 of AR"")",2.0,
Metro Bank Holdings Plc,MTRO LN Equity,Financials,Banks,Banks,Regional Banks,976.5,FY2025,Marc Page,Chief Financial Officer,507500.0,GBP,636459.0,0.0,53933.0,292.0,947.0,1199131.0,GBP,False,"Marc Page commenced employment with the Bank on 2 September 2024 and was appointed to the Board on 13 November 2024. The 2024 figures reflect only the period from Board appointment. For FY2025, he served as CFO for the full year. Salary of £507,500 reflects a mid-year increase (salary was £500,000 at 1 January 2025, rising during the year). Pro-rata indicator is false for FY2025 as he served the full year as an Executive Director, though partial year status applied in the prior year (FY2024).",metro_bank_holdings_ar_2025,https://www.metrobankonline.co.uk/globalassets/documents/investor_documents/metro-bank---annual-report-2025.pdf,"=HYPERLINK(""https://www.metrobankonline.co.uk/globalassets/documents/investor_documents/metro-bank---annual-report-2025.pdf#page=86"",""p.86 of AR"")",2.0,
Metro Bank Holdings Plc,MTRO LN Equity,Financials,Banks,Banks,Regional Banks,976.5,FY2024,Daniel Frumkin,Chief Executive Officer,925000.0,GBP,153003.0,0.0,74000.0,1250.0,905.0,1154159.0,GBP,False,N/A — full year served,metro_bank_holdings_ar_2025,https://www.metrobankonline.co.uk/globalassets/documents/investor_documents/metro-bank---annual-report-2025.pdf,"=HYPERLINK(""https://www.metrobankonline.co.uk/globalassets/documents/investor_documents/metro-bank---annual-report-2025.pdf#page=86"",""p.86 of AR"")",2.0,
Metro Bank Holdings Plc,MTRO LN Equity,Financials,Banks,Banks,Regional Banks,976.5,FY2024,Marc Page,Chief Financial Officer,166667.0,GBP,23014.0,0.0,13333.0,0.0,338335.0,541349.0,GBP,True,"Marc Page commenced employment on 2 September 2024 and was appointed to the Board on 13 November 2024. The 2024 single figure reflects remuneration from employment commencement (2 September 2024) through to 31 December 2024, including the pre-Board appointment period from 2 September 2024 to 12 November 2024. Year-on-year salary and bonus comparisons for Marc Page are reported as 'n/a' in the annual report as a result.",metro_bank_holdings_ar_2025,https://www.metrobankonline.co.uk/globalassets/documents/investor_documents/metro-bank---annual-report-2025.pdf,"=HYPERLINK(""https://www.metrobankonline.co.uk/globalassets/documents/investor_documents/metro-bank---annual-report-2025.pdf#page=86"",""p.86 of AR"")",2.0,
Mitchells & Butlers Plc,MAB LN Equity,Consumer Discretionary,Consumer Services,Hotels Restaurants & Leisure,Restaurants,1486.9,FY 2025,Phil Urban,Chief Executive Officer,619000.0,GBP,518000.0,1120000.0,25000.0,16000.0,2500.0,2300500.0,GBP,False,"Served full year. Annual bonus outcome was 83.7% of maximum (83.7% of base salary), resulting in a payment of £518,171. LTIP (PSP) vesting outcome was 100% of maximum. Pension set at 4% of salary, aligned with wider workforce rate. Figures sourced from the audited single figure remuneration table on page 111 of the Directors' Remuneration Report.",mitchells_and_butlers_ar_2025,https://www.mbplc.com/static/b353eb729f9cf91e764c874fdf1409ff/MAB_Annual_Report_2025_Accessible.pdf,"=HYPERLINK(""https://www.mbplc.com/static/b353eb729f9cf91e764c874fdf1409ff/MAB_Annual_Report_2025_Accessible.pdf#page=111"",""p.111 of AR"")",2.0,
Mitchells & Butlers Plc,MAB LN Equity,Consumer Discretionary,Consumer Services,Hotels Restaurants & Leisure,Restaurants,1486.9,FY 2025,Tim Jones,Chief Financial Officer,518000.0,GBP,433000.0,937000.0,21000.0,15000.0,2000.0,1926000.0,GBP,False,"Served full year. FY 2025 remuneration reflects a full year of service. Tim Jones is expected to depart in summer 2026. Annual bonus outcome was 83.7% of maximum (83.7% of base salary), resulting in a payment of £433,308. LTIP (PSP) vesting outcome was 100% of maximum. Pension set at 4% of salary, aligned with wider workforce rate. Figures sourced from the audited single figure remuneration table on page 111 of the Directors' Remuneration Report.",mitchells_and_butlers_ar_2025,https://www.mbplc.com/static/b353eb729f9cf91e764c874fdf1409ff/MAB_Annual_Report_2025_Accessible.pdf,"=HYPERLINK(""https://www.mbplc.com/static/b353eb729f9cf91e764c874fdf1409ff/MAB_Annual_Report_2025_Accessible.pdf#page=111"",""p.111 of AR"")",2.0,
Mitchells & Butlers Plc,MAB LN Equity,Consumer Discretionary,Consumer Services,Hotels Restaurants & Leisure,Restaurants,1486.9,FY 2024,Phil Urban,Chief Executive Officer,599000.0,GBP,599000.0,565000.0,26000.0,15000.0,2500.0,1806500.0,GBP,False,"Served full year. Pension figure of £26,000 sourced from audited single figure remuneration table on page 111 of the Directors' Remuneration Report; a figure of £40,000 was noted in the bar chart summary. Pension set at 4% of salary, aligned with wider workforce rate.",mitchells_and_butlers_ar_2025,https://www.mbplc.com/static/b353eb729f9cf91e764c874fdf1409ff/MAB_Annual_Report_2025_Accessible.pdf,"=HYPERLINK(""https://www.mbplc.com/static/b353eb729f9cf91e764c874fdf1409ff/MAB_Annual_Report_2025_Accessible.pdf#page=111"",""p.111 of AR"")",2.0,
Mitchells & Butlers Plc,MAB LN Equity,Consumer Discretionary,Consumer Services,Hotels Restaurants & Leisure,Restaurants,1486.9,FY 2024,Tim Jones,Chief Financial Officer,501000.0,GBP,501000.0,472000.0,22000.0,16000.0,2000.0,1514000.0,GBP,False,"Served full year. Pension set at 4% of salary, aligned with wider workforce rate. Figures sourced from the audited single figure remuneration table on page 111 of the Directors' Remuneration Report.",mitchells_and_butlers_ar_2025,https://www.mbplc.com/static/b353eb729f9cf91e764c874fdf1409ff/MAB_Annual_Report_2025_Accessible.pdf,"=HYPERLINK(""https://www.mbplc.com/static/b353eb729f9cf91e764c874fdf1409ff/MAB_Annual_Report_2025_Accessible.pdf#page=111"",""p.111 of AR"")",2.0,
Mitie Group Plc,MTO LN Equity,Industrials,Commercial & Professional Services,Commercial Services & Supplies,Environmental & Facilities Services,2175.5,FY25,Phil Bentley,Chief Executive Officer (CEO),900000.0,GBP,1472400.0,4069587.0,27000.0,61428.0,0.0,6530415.0,GBP,False,Served full year,mitie_group_ar_2025,https://www.mitie.com/wp-content/uploads/2026/06/Mitie-Annual-Report-2026.pdf,"=HYPERLINK(""https://www.mitie.com/wp-content/uploads/2026/06/Mitie-Annual-Report-2026.pdf#page=127"",""p.127 of AR"")",2.0,
Mitie Group Plc,MTO LN Equity,Industrials,Commercial & Professional Services,Commercial Services & Supplies,Environmental & Facilities Services,2175.5,FY25,Simon Kirkpatrick,Chief Financial Officer (CFO),412000.0,GBP,599872.0,1281920.0,12360.0,4308.0,0.0,2310460.0,GBP,False,Served full year,mitie_group_ar_2025,https://www.mitie.com/wp-content/uploads/2026/06/Mitie-Annual-Report-2026.pdf,"=HYPERLINK(""https://www.mitie.com/wp-content/uploads/2026/06/Mitie-Annual-Report-2026.pdf#page=127"",""p.127 of AR"")",2.0,
Mitie Group Plc,MTO LN Equity,Industrials,Commercial & Professional Services,Commercial Services & Supplies,Environmental & Facilities Services,2175.5,FY24,Phil Bentley,Chief Executive Officer (CEO),900000.0,GBP,1291624.0,3308464.0,27000.0,45095.0,11157977.0,16730160.0,GBP,False,Served full year,mitie_group_ar_2025,https://www.mitie.com/wp-content/uploads/2026/06/Mitie-Annual-Report-2026.pdf,"=HYPERLINK(""https://www.mitie.com/wp-content/uploads/2026/06/Mitie-Annual-Report-2026.pdf#page=129"",""p.129 of AR"")",2.0,
Mitie Group Plc,MTO LN Equity,Industrials,Commercial & Professional Services,Commercial Services & Supplies,Environmental & Facilities Services,2175.5,FY24,Simon Kirkpatrick,Chief Financial Officer (CFO),400000.0,GBP,494349.0,968098.0,12000.0,4032.0,1762805.0,3641284.0,GBP,False,Served full year,mitie_group_ar_2025,https://www.mitie.com/wp-content/uploads/2026/06/Mitie-Annual-Report-2026.pdf,"=HYPERLINK(""https://www.mitie.com/wp-content/uploads/2026/06/Mitie-Annual-Report-2026.pdf#page=129"",""p.129 of AR"")",2.0,
Mondi Plc,MNDI LN Equity,Materials,Materials,Paper & Forest Products,Paper Products,3310.4,FY2025,Andrew King,Group Chief Executive Officer (Group CEO),1133348.0,GBP,503208.0,0.0,90668.0,265699.0,1800.0,1994723.0,GBP,False,Served full year,mondi_ar_2025,https://www.mondigroup.com/globalassets/mondigroup.com/investors/results-reports-and-presentations/2025/integrated-report/mondi-group-integrated-report-and-financial-statements-2025.pdf,"=HYPERLINK(""https://www.mondigroup.com/globalassets/mondigroup.com/investors/results-reports-and-presentations/2025/integrated-report/mondi-group-integrated-report-and-financial-statements-2025.pdf#page=106"",""p.106 of AR"")",2.0,
Mondi Plc,MNDI LN Equity,Materials,Materials,Paper & Forest Products,Paper Products,3310.4,FY2025,Mike Powell,Group Chief Financial Officer (Group CFO),722661.0,GBP,319418.0,0.0,57813.0,66082.0,1800.0,1167774.0,GBP,False,Served full year,mondi_ar_2025,https://www.mondigroup.com/globalassets/mondigroup.com/investors/results-reports-and-presentations/2025/integrated-report/mondi-group-integrated-report-and-financial-statements-2025.pdf,"=HYPERLINK(""https://www.mondigroup.com/globalassets/mondigroup.com/investors/results-reports-and-presentations/2025/integrated-report/mondi-group-integrated-report-and-financial-statements-2025.pdf#page=106"",""p.106 of AR"")",2.0,
Mondi Plc,MNDI LN Equity,Materials,Materials,Paper & Forest Products,Paper Products,3310.4,FY2024,Andrew King,Group Chief Executive Officer (Group CEO),1100338.0,GBP,1143046.0,1170441.0,88027.0,92555.0,1800.0,3596207.0,GBP,False,Served full year,mondi_ar_2025,https://www.mondigroup.com/globalassets/mondigroup.com/investors/results-reports-and-presentations/2025/integrated-report/mondi-group-integrated-report-and-financial-statements-2025.pdf,"=HYPERLINK(""https://www.mondigroup.com/globalassets/mondigroup.com/investors/results-reports-and-presentations/2025/integrated-report/mondi-group-integrated-report-and-financial-statements-2025.pdf#page=117"",""p.117 of AR"")",2.0,
Mondi Plc,MNDI LN Equity,Materials,Materials,Paper & Forest Products,Paper Products,3310.4,FY2024,Mike Powell,Group Chief Financial Officer (Group CFO),701613.0,GBP,669750.0,681429.0,56129.0,72222.0,1800.0,2182943.0,GBP,False,Served full year,mondi_ar_2025,https://www.mondigroup.com/globalassets/mondigroup.com/investors/results-reports-and-presentations/2025/integrated-report/mondi-group-integrated-report-and-financial-statements-2025.pdf,"=HYPERLINK(""https://www.mondigroup.com/globalassets/mondigroup.com/investors/results-reports-and-presentations/2025/integrated-report/mondi-group-integrated-report-and-financial-statements-2025.pdf#page=117"",""p.117 of AR"")",2.0,
Mony Group Plc,MONY LN Equity,Communication Services,Media & Entertainment,Media,Advertising,886.2,FY2025,Peter Duffy,Chief Executive Officer (CEO),656600.0,GBP,673145.0,435199.0,39396.0,22435.0,,1826775.0,GBP,False,Served full year,mony_group_ar_2025,https://www.monygroup.com/application/files/3417/7304/3833/MONY-Group-plc-Annual-Report-2025.pdf,"=HYPERLINK(""https://www.monygroup.com/application/files/3417/7304/3833/MONY-Group-plc-Annual-Report-2025.pdf#page=105"",""p.105 of AR"")",2.0,
Mony Group Plc,MONY LN Equity,Communication Services,Media & Entertainment,Media,Advertising,886.2,FY2025,Niall McBride,Chief Financial Officer (CFO),463700.0,GBP,427846.0,263423.0,27822.0,15739.0,,1198530.0,GBP,False,Served full year,mony_group_ar_2025,https://www.monygroup.com/application/files/3417/7304/3833/MONY-Group-plc-Annual-Report-2025.pdf,"=HYPERLINK(""https://www.monygroup.com/application/files/3417/7304/3833/MONY-Group-plc-Annual-Report-2025.pdf#page=105"",""p.105 of AR"")",2.0,
Mony Group Plc,MONY LN Equity,Communication Services,Media & Entertainment,Media,Advertising,886.2,FY2025,Sarah Warby,Non-Executive Director,84830.0,GBP,,,,,,84830.0,GBP,False,,mony_group_ar_2025,https://www.monygroup.com/application/files/3417/7304/3833/MONY-Group-plc-Annual-Report-2025.pdf,"=HYPERLINK(""https://www.monygroup.com/application/files/3417/7304/3833/MONY-Group-plc-Annual-Report-2025.pdf#page=118"",""p.118 of AR"")",2.0,
Mony Group Plc,MONY LN Equity,Communication Services,Media & Entertainment,Media,Advertising,886.2,FY2025,Caroline Britton,Non-Executive Director,104240.0,GBP,,,,,,104240.0,GBP,False,,mony_group_ar_2025,https://www.monygroup.com/application/files/3417/7304/3833/MONY-Group-plc-Annual-Report-2025.pdf,"=HYPERLINK(""https://www.monygroup.com/application/files/3417/7304/3833/MONY-Group-plc-Annual-Report-2025.pdf#page=118"",""p.118 of AR"")",2.0,
Mony Group Plc,MONY LN Equity,Communication Services,Media & Entertainment,Media,Advertising,886.2,FY2025,Lesley Jones,Non-Executive Director,85400.0,GBP,,,,,,85400.0,GBP,False,,mony_group_ar_2025,https://www.monygroup.com/application/files/3417/7304/3833/MONY-Group-plc-Annual-Report-2025.pdf,"=HYPERLINK(""https://www.monygroup.com/application/files/3417/7304/3833/MONY-Group-plc-Annual-Report-2025.pdf#page=118"",""p.118 of AR"")",2.0,
Mony Group Plc,MONY LN Equity,Communication Services,Media & Entertainment,Media,Advertising,886.2,FY2025,Rakesh Sharma,Non-Executive Director,87110.0,GBP,,,,,,87110.0,GBP,False,,mony_group_ar_2025,https://www.monygroup.com/application/files/3417/7304/3833/MONY-Group-plc-Annual-Report-2025.pdf,"=HYPERLINK(""https://www.monygroup.com/application/files/3417/7304/3833/MONY-Group-plc-Annual-Report-2025.pdf#page=118"",""p.118 of AR"")",2.0,
Mony Group Plc,MONY LN Equity,Communication Services,Media & Entertainment,Media,Advertising,886.2,FY2025,Mary Beth Christie,Non-Executive Director,84830.0,GBP,,,,,,84830.0,GBP,False,,mony_group_ar_2025,https://www.monygroup.com/application/files/3417/7304/3833/MONY-Group-plc-Annual-Report-2025.pdf,"=HYPERLINK(""https://www.monygroup.com/application/files/3417/7304/3833/MONY-Group-plc-Annual-Report-2025.pdf#page=119"",""p.119 of AR"")",2.0,
Mony Group Plc,MONY LN Equity,Communication Services,Media & Entertainment,Media,Advertising,886.2,FY2025,Jonathan Bewes,Chair,286620.0,GBP,,,,,,286620.0,GBP,False,Became Chair on 1 January 2025; served full year FY2025 as Chair. Previously appointed as Chair Designate on 1 July 2024.,mony_group_ar_2025,https://www.monygroup.com/application/files/3417/7304/3833/MONY-Group-plc-Annual-Report-2025.pdf,"=HYPERLINK(""https://www.monygroup.com/application/files/3417/7304/3833/MONY-Group-plc-Annual-Report-2025.pdf#page=119"",""p.119 of AR"")",2.0,
Mony Group Plc,MONY LN Equity,Communication Services,Media & Entertainment,Media,Advertising,886.2,FY2025,Robin Freestone,Former Chair,0.0,GBP,,,,,,0.0,GBP,True,Leaver as of 31 December 2024; received £nil in FY2025.,mony_group_ar_2025,https://www.monygroup.com/application/files/3417/7304/3833/MONY-Group-plc-Annual-Report-2025.pdf,"=HYPERLINK(""https://www.monygroup.com/application/files/3417/7304/3833/MONY-Group-plc-Annual-Report-2025.pdf#page=119"",""p.119 of AR"")",2.0,
Mony Group Plc,MONY LN Equity,Communication Services,Media & Entertainment,Media,Advertising,886.2,FY2024,Peter Duffy,Chief Executive Officer (CEO),640600.0,GBP,752480.0,1084452.0,36835.0,21307.0,,2535674.0,GBP,False,Served full year,mony_group_ar_2025,https://www.monygroup.com/application/files/3417/7304/3833/MONY-Group-plc-Annual-Report-2025.pdf,"=HYPERLINK(""https://www.monygroup.com/application/files/3417/7304/3833/MONY-Group-plc-Annual-Report-2025.pdf#page=118"",""p.118 of AR"")",2.0,
Mony Group Plc,MONY LN Equity,Communication Services,Media & Entertainment,Media,Advertising,886.2,FY2024,Niall McBride,Chief Financial Officer (CFO),452400.0,GBP,478270.0,0.0,26013.0,15546.0,,972229.0,GBP,False,No pro-rata flag noted in the report,mony_group_ar_2025,https://www.monygroup.com/application/files/3417/7304/3833/MONY-Group-plc-Annual-Report-2025.pdf,"=HYPERLINK(""https://www.monygroup.com/application/files/3417/7304/3833/MONY-Group-plc-Annual-Report-2025.pdf#page=118"",""p.118 of AR"")",2.0,
Mony Group Plc,MONY LN Equity,Communication Services,Media & Entertainment,Media,Advertising,886.2,FY2024,Sarah Warby,Non-Executive Director,82770.0,GBP,,,,,,82770.0,GBP,False,,mony_group_ar_2025,https://www.monygroup.com/application/files/3417/7304/3833/MONY-Group-plc-Annual-Report-2025.pdf,"=HYPERLINK(""https://www.monygroup.com/application/files/3417/7304/3833/MONY-Group-plc-Annual-Report-2025.pdf#page=118"",""p.118 of AR"")",2.0,
Mony Group Plc,MONY LN Equity,Communication Services,Media & Entertainment,Media,Advertising,886.2,FY2024,Caroline Britton,Non-Executive Director,101700.0,GBP,,,,,,101700.0,GBP,False,,mony_group_ar_2025,https://www.monygroup.com/application/files/3417/7304/3833/MONY-Group-plc-Annual-Report-2025.pdf,"=HYPERLINK(""https://www.monygroup.com/application/files/3417/7304/3833/MONY-Group-plc-Annual-Report-2025.pdf#page=118"",""p.118 of AR"")",2.0,
Mony Group Plc,MONY LN Equity,Communication Services,Media & Entertainment,Media,Advertising,886.2,FY2024,Lesley Jones,Non-Executive Director,83320.0,GBP,,,,,,83320.0,GBP,False,,mony_group_ar_2025,https://www.monygroup.com/application/files/3417/7304/3833/MONY-Group-plc-Annual-Report-2025.pdf,"=HYPERLINK(""https://www.monygroup.com/application/files/3417/7304/3833/MONY-Group-plc-Annual-Report-2025.pdf#page=118"",""p.118 of AR"")",2.0,
Mony Group Plc,MONY LN Equity,Communication Services,Media & Entertainment,Media,Advertising,886.2,FY2024,Rakesh Sharma,Non-Executive Director,90563.0,GBP,,,,,,90563.0,GBP,False,,mony_group_ar_2025,https://www.monygroup.com/application/files/3417/7304/3833/MONY-Group-plc-Annual-Report-2025.pdf,"=HYPERLINK(""https://www.monygroup.com/application/files/3417/7304/3833/MONY-Group-plc-Annual-Report-2025.pdf#page=118"",""p.118 of AR"")",2.0,
Mony Group Plc,MONY LN Equity,Communication Services,Media & Entertainment,Media,Advertising,886.2,FY2024,Mary Beth Christie,Non-Executive Director,77197.0,GBP,,,,,,77197.0,GBP,False,,mony_group_ar_2025,https://www.monygroup.com/application/files/3417/7304/3833/MONY-Group-plc-Annual-Report-2025.pdf,"=HYPERLINK(""https://www.monygroup.com/application/files/3417/7304/3833/MONY-Group-plc-Annual-Report-2025.pdf#page=119"",""p.119 of AR"")",2.0,
Mony Group Plc,MONY LN Equity,Communication Services,Media & Entertainment,Media,Advertising,886.2,FY2024,Jonathan Bewes,Chair Designate,37205.0,GBP,,,,,,37205.0,GBP,True,Appointed to the Board as Chair Designate on 1 July 2024; pro-rata for half year FY2024.,mony_group_ar_2025,https://www.monygroup.com/application/files/3417/7304/3833/MONY-Group-plc-Annual-Report-2025.pdf,"=HYPERLINK(""https://www.monygroup.com/application/files/3417/7304/3833/MONY-Group-plc-Annual-Report-2025.pdf#page=119"",""p.119 of AR"")",2.0,
Mony Group Plc,MONY LN Equity,Communication Services,Media & Entertainment,Media,Advertising,886.2,FY2024,Robin Freestone,Former Chair,279630.0,GBP,,,,,,279630.0,GBP,False,"Leaver as of 31 December 2024; received £279,630 in FY2024 for full year served.",mony_group_ar_2025,https://www.monygroup.com/application/files/3417/7304/3833/MONY-Group-plc-Annual-Report-2025.pdf,"=HYPERLINK(""https://www.monygroup.com/application/files/3417/7304/3833/MONY-Group-plc-Annual-Report-2025.pdf#page=119"",""p.119 of AR"")",2.0,
Moonpig Group Plc,MOON LN Equity,Consumer Discretionary,Consumer Discretionary Distribution & Retail,Specialty Retail,Other Specialty Retail,626.0,FY25,Nickyl Raithatha,Chief Executive Officer (CEO),621296.0,GBP,700461.0,137719.0,31065.0,2183.0,117276.0,1610000.0,GBP,False,No pro-rata adjustments applied; served full financial year as CEO.,moonpig_group_ar_2025,https://www.moonpig.group/media/qxchirs2/moonpig-group-plc-annual-report-2026-full-version.pdf,"=HYPERLINK(""https://www.moonpig.group/media/qxchirs2/moonpig-group-plc-annual-report-2026-full-version.pdf#page=108"",""p.108 of AR"")",3.0,75.0
Moonpig Group Plc,MOON LN Equity,Consumer Discretionary,Consumer Discretionary Distribution & Retail,Specialty Retail,Other Specialty Retail,626.0,FY25,Andy MacKinnon,Chief Financial Officer (CFO),401700.0,GBP,452884.0,66783.0,20085.0,2183.0,41256.0,984891.0,GBP,False,No pro-rata adjustments applied; served full financial year as CFO.,moonpig_group_ar_2025,https://www.moonpig.group/media/qxchirs2/moonpig-group-plc-annual-report-2026-full-version.pdf,"=HYPERLINK(""https://www.moonpig.group/media/qxchirs2/moonpig-group-plc-annual-report-2026-full-version.pdf#page=108"",""p.108 of AR"")",3.0,75.0
Moonpig Group Plc,MOON LN Equity,Consumer Discretionary,Consumer Discretionary Distribution & Retail,Specialty Retail,Other Specialty Retail,626.0,FY24,Nickyl Raithatha,Chief Executive Officer (CEO),597400.0,GBP,565342.0,75598.0,29870.0,1974.0,0.0,1270184.0,GBP,False,"No pro-rata adjustments applied; served full financial year as CEO. Salary not increased in FY24 (per note 1, Chunk 77).",moonpig_group_ar_2025,https://www.moonpig.group/media/qxchirs2/moonpig-group-plc-annual-report-2026-full-version.pdf,"=HYPERLINK(""https://www.moonpig.group/media/qxchirs2/moonpig-group-plc-annual-report-2026-full-version.pdf#page=108"",""p.108 of AR"")",3.0,76.0
Moonpig Group Plc,MOON LN Equity,Consumer Discretionary,Consumer Discretionary Distribution & Retail,Specialty Retail,Other Specialty Retail,626.0,FY24,Andy MacKinnon,Chief Financial Officer (CFO),385990.0,GBP,365523.0,36658.0,19313.0,1974.0,0.0,809458.0,GBP,False,"No pro-rata adjustments applied; served full financial year as CFO. Salary not increased in FY24 (per note 1, Chunk 77).",moonpig_group_ar_2025,https://www.moonpig.group/media/qxchirs2/moonpig-group-plc-annual-report-2026-full-version.pdf,"=HYPERLINK(""https://www.moonpig.group/media/qxchirs2/moonpig-group-plc-annual-report-2026-full-version.pdf#page=108"",""p.108 of AR"")",3.0,76.0
Moonpig Group Plc,MOON LN Equity,Consumer Discretionary,Consumer Discretionary Distribution & Retail,Specialty Retail,Other Specialty Retail,626.0,FY26,Catherine Faiers,Chief Executive Officer (CEO),95000.0,GBP,237801.0,279101.0,,,325210.0,937112.0,GBP,True,Appointed CEO on 2 March 2026; figures reflect remuneration only from 2 March 2026 to 30 April 2026 (approx. 2 months of the year),moonpig_group_ar_2026,https://www.moonpig.group/media/qxchirs2/moonpig-group-plc-annual-report-2026-full-version.pdf,"=HYPERLINK(""https://www.moonpig.group/media/qxchirs2/moonpig-group-plc-annual-report-2026-full-version.pdf#page=112"",""p.112 of AR"")",3.0,163.0
Moonpig Group Plc,MOON LN Equity,Consumer Discretionary,Consumer Discretionary Distribution & Retail,Specialty Retail,Other Specialty Retail,626.0,FY26,Andy MacKinnon,Chief Financial Officer (CFO),411742.0,GBP,450602.0,,20587.0,2721.0,,885652.0,GBP,False,Served full financial year,moonpig_group_ar_2026,https://www.moonpig.group/media/qxchirs2/moonpig-group-plc-annual-report-2026-full-version.pdf,"=HYPERLINK(""https://www.moonpig.group/media/qxchirs2/moonpig-group-plc-annual-report-2026-full-version.pdf#page=112"",""p.112 of AR"")",3.0,163.0
Moonpig Group Plc,MOON LN Equity,Consumer Discretionary,Consumer Discretionary Distribution & Retail,Specialty Retail,Other Specialty Retail,626.0,FY26,Nickyl Raithatha,Chief Executive Officer (CEO) – outgoing,424552.0,GBP,,,21228.0,1543.0,,447323.0,GBP,True,Resigned effective 31 December 2025; figures reflect remuneration only from 1 May 2025 to 31 December 2025 (approx. 8 months of the year),moonpig_group_ar_2026,https://www.moonpig.group/media/qxchirs2/moonpig-group-plc-annual-report-2026-full-version.pdf,"=HYPERLINK(""https://www.moonpig.group/media/qxchirs2/moonpig-group-plc-annual-report-2026-full-version.pdf#page=112"",""p.112 of AR"")",3.0,163.0
Moonpig Group Plc,MOON LN Equity,Consumer Discretionary,Consumer Discretionary Distribution & Retail,Specialty Retail,Other Specialty Retail,626.0,FY25,Catherine Faiers,N/A (not yet an Executive Director),,,,,,,,0.0,GBP,True,"Not appointed until 2 March 2026 (FY26), so no FY25 remuneration",moonpig_group_ar_2026,https://www.moonpig.group/media/qxchirs2/moonpig-group-plc-annual-report-2026-full-version.pdf,"=HYPERLINK(""https://www.moonpig.group/media/qxchirs2/moonpig-group-plc-annual-report-2026-full-version.pdf#page=112"",""p.112 of AR"")",3.0,164.0
Moonpig Group Plc,MOON LN Equity,Consumer Discretionary,Consumer Discretionary Distribution & Retail,Specialty Retail,Other Specialty Retail,626.0,FY25,Andy MacKinnon,Chief Financial Officer (CFO),401700.0,GBP,452884.0,66465.0,20085.0,2183.0,,943317.0,GBP,False,Served full financial year,moonpig_group_ar_2026,https://www.moonpig.group/media/qxchirs2/moonpig-group-plc-annual-report-2026-full-version.pdf,"=HYPERLINK(""https://www.moonpig.group/media/qxchirs2/moonpig-group-plc-annual-report-2026-full-version.pdf#page=112"",""p.112 of AR"")",3.0,164.0
Moonpig Group Plc,MOON LN Equity,Consumer Discretionary,Consumer Discretionary Distribution & Retail,Specialty Retail,Other Specialty Retail,626.0,FY25,Nickyl Raithatha,Chief Executive Officer (CEO),621296.0,GBP,469309.0,137066.0,31065.0,2183.0,,1260919.0,GBP,False,"Figures relate to full FY25 service; resignation occurred after year-end (31 December 2025, during FY26); bonus payment timing was affected by subsequent resignation",moonpig_group_ar_2026,https://www.moonpig.group/media/qxchirs2/moonpig-group-plc-annual-report-2026-full-version.pdf,"=HYPERLINK(""https://www.moonpig.group/media/qxchirs2/moonpig-group-plc-annual-report-2026-full-version.pdf#page=112"",""p.112 of AR"")",3.0,164.0
Morgan Advanced Materials Plc,MGAM LN Equity,Industrials,Capital Goods,Machinery,Industrial Machinery & Supplies & Components,595.7,2025,Damien Caby,Chief Executive Officer (CEO Designate from 8 May 2025; appointed CEO on 1 July 2025),428102.0,EUR,366027.0,32518.0,28800.0,10690.0,0.0,866137.0,EUR,True,"Joined the Board on 8 May 2025 as Executive Director/CEO Designate; appointed CEO on 1 July 2025. Remuneration reflects the period 8 May–31 December 2025, except LTIP which reflects the full value of his 2023 LTIP award (granted prior to Board appointment, based on prior business unit results, expected to vest in 2026; converted to EUR at 3-month average rate to 31 Dec 2025). Pension for 8 May–30 June reflects German statutory social security contributions rather than the standard UK-aligned cash allowance. Bonus is split methodologically: calculated on Thermal Products division performance for 8 May–30 June 2025, then on Group CEO performance metrics from 1 July–31 December 2025. Bonus and pension figures for 2025 are explicitly pro-rated for time served in role during the year.",morgan_advanced_materials_ar_2025,https://www.morganadvancedmaterials.com/media/tznobfqa/morgan-advanced-materials_annual-report-2025.pdf,"=HYPERLINK(""https://www.morganadvancedmaterials.com/media/tznobfqa/morgan-advanced-materials_annual-report-2025.pdf#page=46"",""p.46 of AR"")",3.0,94.0
Morgan Advanced Materials Plc,MGAM LN Equity,Industrials,Capital Goods,Machinery,Industrial Machinery & Supplies & Components,595.7,2025,Pete Raby,Chief Executive Officer (outgoing),333785.0,GBP,285386.0,114064.0,26703.0,7447.0,0.0,767385.0,GBP,True,"Stepped down from the Board on 1 July 2025 and retired from the Group on 31 August 2025. Figures reflect the period 1 January–1 July 2025 only, except LTIP which reflects the full value of his pro-rated 2023 LTIP award (15% vesting, expected to vest in 2026 rather than being paid in 2025). A separate £213,115 was paid for the period 2 July–31 August 2025 (salary, pension allowance, benefits and pro-rated bonus), disclosed separately under 'Exit payments made in year' and not included in this single-figure total. Bonus and pension figures for 2025 are explicitly pro-rated for time served in role during the year.",morgan_advanced_materials_ar_2025,https://www.morganadvancedmaterials.com/media/tznobfqa/morgan-advanced-materials_annual-report-2025.pdf,"=HYPERLINK(""https://www.morganadvancedmaterials.com/media/tznobfqa/morgan-advanced-materials_annual-report-2025.pdf#page=46"",""p.46 of AR"")",3.0,94.0
Morgan Advanced Materials Plc,MGAM LN Equity,Industrials,Capital Goods,Machinery,Industrial Machinery & Supplies & Components,595.7,2025,Richard Armitage,Chief Financial Officer (CFO),473470.0,GBP,404817.0,68610.0,37878.0,14023.0,1825.0,1000623.0,GBP,False,Served the full financial year in role.,morgan_advanced_materials_ar_2025,https://www.morganadvancedmaterials.com/media/tznobfqa/morgan-advanced-materials_annual-report-2025.pdf,"=HYPERLINK(""https://www.morganadvancedmaterials.com/media/tznobfqa/morgan-advanced-materials_annual-report-2025.pdf#page=46"",""p.46 of AR"")",3.0,94.0
Morgan Advanced Materials Plc,MGAM LN Equity,Industrials,Capital Goods,Machinery,Industrial Machinery & Supplies & Components,595.7,2024,Damien Caby,N/A (not an Executive Director in 2024),,,,,,,,0.0,N/A,False,Damien Caby was not a Board member/Executive Director during 2024; hence no comparative figures are disclosed.,morgan_advanced_materials_ar_2025,https://www.morganadvancedmaterials.com/media/tznobfqa/morgan-advanced-materials_annual-report-2025.pdf,"=HYPERLINK(""https://www.morganadvancedmaterials.com/media/tznobfqa/morgan-advanced-materials_annual-report-2025.pdf#page=46"",""p.46 of AR"")",3.0,94.0
Morgan Advanced Materials Plc,MGAM LN Equity,Industrials,Capital Goods,Machinery,Industrial Machinery & Supplies & Components,595.7,2024,Pete Raby,Chief Executive Officer (CEO),645000.0,GBP,580500.0,238117.0,51600.0,14642.0,0.0,1529859.0,GBP,False,Served the full 2024 financial year as CEO.,morgan_advanced_materials_ar_2025,https://www.morganadvancedmaterials.com/media/tznobfqa/morgan-advanced-materials_annual-report-2025.pdf,"=HYPERLINK(""https://www.morganadvancedmaterials.com/media/tznobfqa/morgan-advanced-materials_annual-report-2025.pdf#page=46"",""p.46 of AR"")",3.0,94.0
Morgan Advanced Materials Plc,MGAM LN Equity,Industrials,Capital Goods,Machinery,Industrial Machinery & Supplies & Components,595.7,2024,Richard Armitage,Chief Financial Officer (CFO),459680.0,GBP,393026.0,118259.0,36774.0,13579.0,0.0,1021318.0,GBP,False,Served the full 2024 financial year as CFO.,morgan_advanced_materials_ar_2025,https://www.morganadvancedmaterials.com/media/tznobfqa/morgan-advanced-materials_annual-report-2025.pdf,"=HYPERLINK(""https://www.morganadvancedmaterials.com/media/tznobfqa/morgan-advanced-materials_annual-report-2025.pdf#page=46"",""p.46 of AR"")",3.0,94.0
Morgan Sindall Group Plc,MGNS LN Equity,Industrials,Capital Goods,Construction & Engineering,Construction & Engineering,2111.5,FY2025,John Morgan,Chief Executive Officer,636000.0,GBP,955000.0,2318000.0,38000.0,28000.0,,3975000.0,GBP,False,Served full year,morgan_sindall_group_ar_2025,https://d3s3eeezfmyz8l.cloudfront.net/pdfs/Morgan_Sindall_AR25-Interactive.pdf,"=HYPERLINK(""https://d3s3eeezfmyz8l.cloudfront.net/pdfs/Morgan_Sindall_AR25-Interactive.pdf#page=112"",""p.112 of AR"")",2.0,
Morgan Sindall Group Plc,MGNS LN Equity,Industrials,Capital Goods,Construction & Engineering,Construction & Engineering,2111.5,FY2025,Kelly Gangotra,Chief Financial Officer,508000.0,GBP,761000.0,0.0,30000.0,27000.0,,1326000.0,GBP,False,"Served full year in FY2025; FY2025 represents her first full year as an executive director, having joined the Board on 7 May 2024",morgan_sindall_group_ar_2025,https://d3s3eeezfmyz8l.cloudfront.net/pdfs/Morgan_Sindall_AR25-Interactive.pdf,"=HYPERLINK(""https://d3s3eeezfmyz8l.cloudfront.net/pdfs/Morgan_Sindall_AR25-Interactive.pdf#page=112"",""p.112 of AR"")",2.0,
Morgan Sindall Group Plc,MGNS LN Equity,Industrials,Capital Goods,Construction & Engineering,Construction & Engineering,2111.5,FY2024,John Morgan,Chief Executive Officer,615000.0,GBP,922000.0,1266000.0,37000.0,28000.0,0.0,2869000.0,GBP,False,Served full year,morgan_sindall_group_ar_2025,https://d3s3eeezfmyz8l.cloudfront.net/pdfs/Morgan_Sindall_AR25-Interactive.pdf,"=HYPERLINK(""https://d3s3eeezfmyz8l.cloudfront.net/pdfs/Morgan_Sindall_AR25-Interactive.pdf#page=112"",""p.112 of AR"")",2.0,
Morgan Sindall Group Plc,MGNS LN Equity,Industrials,Capital Goods,Construction & Engineering,Construction & Engineering,2111.5,FY2024,Kelly Gangotra,Chief Financial Officer,322000.0,GBP,483000.0,0.0,19000.0,17000.0,,841000.0,GBP,True,Appointed to the Board as Chief Financial Officer on 7 May 2024; figures reflect approximately 8 months of service in FY2024,morgan_sindall_group_ar_2025,https://d3s3eeezfmyz8l.cloudfront.net/pdfs/Morgan_Sindall_AR25-Interactive.pdf,"=HYPERLINK(""https://d3s3eeezfmyz8l.cloudfront.net/pdfs/Morgan_Sindall_AR25-Interactive.pdf#page=112"",""p.112 of AR"")",2.0,
National Grid,,,,,,,FY2024/25,John Pettigrew,Chief Executive Officer (CEO),1174525.0,GBP,,3392000.0,,,,6097000.0,GBP,False,Served full financial year (1 April 2024 – 31 March 2025). No pro-rata adjustment required.,national_grid_ar_2024_25,,,,
National Grid,,,,,,,FY2024/25,Andy Agg,Chief Financial Officer (CFO),,GBP,,1913000.0,,,,3678000.0,GBP,False,Served full financial year (1 April 2024 – 31 March 2025). No pro-rata adjustment required.,national_grid_ar_2024_25,,,,
National Grid,,,,,,,FY2023/24,John Pettigrew,Chief Executive Officer (CEO),1124000.0,GBP,,,,,,6113000.0,GBP,False,Served full financial year (1 April 2023 – 31 March 2024). No pro-rata adjustment required. Note: 2023/24 figure has been restated to reflect actual share price for 2021 LTPP vesting and all dividend equivalent shares.,national_grid_ar_2024_25,,,,
National Grid,,,,,,,FY2023/24,Andy Agg,Chief Financial Officer (CFO),,GBP,,2168000.0,,,,3568000.0,GBP,False,Served full financial year (1 April 2023 – 31 March 2024). No pro-rata adjustment required. Note: 2023/24 figure has been restated consistent with 2024/25 single total figure methodology.,national_grid_ar_2024_25,,,,
Natwest Group Plc,NWG LN Equity,Financials,Banks,Banks,Diversified Banks,44649.4,FY2024,Paul Thwaite,Group Chief Executive Officer,1142000.0,GBP,890000.0,1572000.0,97000.0,92000.0,1143000.0,4936000.0,GBP,False,"Served full year as Group CEO in 2024. Note: In 2023, Paul Thwaite's figures were pro-rated as he was appointed Group CEO part-way through that year.",natwest_group_ar_2025,https://investors.natwestgroup.com/~/media/Files/R/RBS-IR-V2/results-center/13022026/nwg-annual-report-and-accounts-2025.pdf,"=HYPERLINK(""https://investors.natwestgroup.com/~/media/Files/R/RBS-IR-V2/results-center/13022026/nwg-annual-report-and-accounts-2025.pdf#page=132"",""p.132 of AR"")",2.0,
Natwest Group Plc,NWG LN Equity,Financials,Banks,Banks,Diversified Banks,44649.4,FY2024,Katie Murray,Group Chief Financial Officer,788000.0,GBP,599000.0,2224000.0,79000.0,42000.0,789000.0,4520000.0,GBP,False,Served full year as Group CFO in 2024.,natwest_group_ar_2025,https://investors.natwestgroup.com/~/media/Files/R/RBS-IR-V2/results-center/13022026/nwg-annual-report-and-accounts-2025.pdf,"=HYPERLINK(""https://investors.natwestgroup.com/~/media/Files/R/RBS-IR-V2/results-center/13022026/nwg-annual-report-and-accounts-2025.pdf#page=132"",""p.132 of AR"")",2.0,
Natwest Group Plc,NWG LN Equity,Financials,Banks,Banks,Diversified Banks,44649.4,FY2023,Paul Thwaite,Group Chief Executive Officer,458000.0,GBP,245000.0,508000.0,0.0,34000.0,460000.0,1706000.0,GBP,True,"Paul Thwaite was appointed Group CEO part-way through 2023; figures reflect only the portion of the year served in the CEO role. Salary, fixed share allowance, bonus and other figures are all pro-rated accordingly.",natwest_group_ar_2025,https://investors.natwestgroup.com/~/media/Files/R/RBS-IR-V2/results-center/13022026/nwg-annual-report-and-accounts-2025.pdf,"=HYPERLINK(""https://investors.natwestgroup.com/~/media/Files/R/RBS-IR-V2/results-center/13022026/nwg-annual-report-and-accounts-2025.pdf#page=148"",""p.148 of AR"")",2.0,
Natwest Group Plc,NWG LN Equity,Financials,Banks,Banks,Diversified Banks,44649.4,FY2023,Katie Murray,Group Chief Financial Officer,782000.0,GBP,409000.0,859000.0,78000.0,30000.0,785000.0,2944000.0,GBP,False,Served full year as Group CFO in 2023.,natwest_group_ar_2025,https://investors.natwestgroup.com/~/media/Files/R/RBS-IR-V2/results-center/13022026/nwg-annual-report-and-accounts-2025.pdf,"=HYPERLINK(""https://investors.natwestgroup.com/~/media/Files/R/RBS-IR-V2/results-center/13022026/nwg-annual-report-and-accounts-2025.pdf#page=148"",""p.148 of AR"")",2.0,
NCC Group Plc,NCC LN Equity,Information Technology,Software & Services,IT Services,IT Consulting & Other Services,384.3,FY25,Mike Maddison,Chief Executive Officer (CEO),566000.0,GBP,434000.0,127000.0,26000.0,7000.0,,1160000.0,GBP,False,"Served full year. Salary was £561,350 from 1 October 2024, increased by 2.5% to £575,384 effective 1 June 2025; blended salary figure of £566,000 reflects this mid-year increase.",ncc_group_ar_2025,https://www.nccgroupplc.com/media/aebnh13z/ncc-group-plc-annual-report-and-accounts-for-the-year-ended-30-september-2025.pdf,"=HYPERLINK(""https://www.nccgroupplc.com/media/aebnh13z/ncc-group-plc-annual-report-and-accounts-for-the-year-ended-30-september-2025.pdf#page=85"",""p.85 of AR"")",2.0,
NCC Group Plc,NCC LN Equity,Information Technology,Software & Services,IT Services,IT Consulting & Other Services,384.3,FY25,Guy Ellis,Chief Financial Officer (CFO),322000.0,GBP,261000.0,0.0,14000.0,6000.0,,603000.0,GBP,False,"Served full year. Salary was £312,000 from 1 October 2024, increased by 9.6% to £342,000 effective 1 June 2025; blended salary figure of £322,000 reflects this mid-year increase. Also granted SAYE options over 9,668 shares at option price of £1.1387 under the 2025 SAYE scheme (maturing 1 September 2028).",ncc_group_ar_2025,https://www.nccgroupplc.com/media/aebnh13z/ncc-group-plc-annual-report-and-accounts-for-the-year-ended-30-september-2025.pdf,"=HYPERLINK(""https://www.nccgroupplc.com/media/aebnh13z/ncc-group-plc-annual-report-and-accounts-for-the-year-ended-30-september-2025.pdf#page=85"",""p.85 of AR"")",2.0,
NCC Group Plc,NCC LN Equity,Information Technology,Software & Services,IT Services,IT Consulting & Other Services,384.3,"FY24 (12 months to 30 September 2024, unaudited comparative)",Mike Maddison,Chief Executive Officer (CEO),550000.0,GBP,582000.0,0.0,24000.0,7000.0,,1163000.0,GBP,False,Served full 12-month period.,ncc_group_ar_2025,https://www.nccgroupplc.com/media/aebnh13z/ncc-group-plc-annual-report-and-accounts-for-the-year-ended-30-september-2025.pdf,"=HYPERLINK(""https://www.nccgroupplc.com/media/aebnh13z/ncc-group-plc-annual-report-and-accounts-for-the-year-ended-30-september-2025.pdf#page=85"",""p.85 of AR"")",2.0,
NCC Group Plc,NCC LN Equity,Information Technology,Software & Services,IT Services,IT Consulting & Other Services,384.3,"FY24 (12 months to 30 September 2024, unaudited comparative)",Guy Ellis,Chief Financial Officer (CFO),304000.0,GBP,301000.0,0.0,14000.0,6000.0,,625000.0,GBP,True,Appointed CFO 30 June 2023; the 12-month comparative period to 30 September 2024 represents his first full year in role. No prior-year comparator available for the 12-month period.,ncc_group_ar_2025,https://www.nccgroupplc.com/media/aebnh13z/ncc-group-plc-annual-report-and-accounts-for-the-year-ended-30-september-2025.pdf,"=HYPERLINK(""https://www.nccgroupplc.com/media/aebnh13z/ncc-group-plc-annual-report-and-accounts-for-the-year-ended-30-september-2025.pdf#page=85"",""p.85 of AR"")",2.0,
NCC Group Plc,NCC LN Equity,Information Technology,Software & Services,IT Services,IT Consulting & Other Services,384.3,"FY24 (16 months to 30 September 2024, audited)",Mike Maddison,Chief Executive Officer (CEO),710000.0,GBP,757000.0,0.0,32000.0,14000.0,,1513000.0,GBP,True,Period covers 16 months to 30 September 2024 due to change in accounting reference date; figures reflect the extended accounting period and are not directly comparable to a standard 12-month year.,ncc_group_ar_2025,https://www.nccgroupplc.com/media/aebnh13z/ncc-group-plc-annual-report-and-accounts-for-the-year-ended-30-september-2025.pdf,"=HYPERLINK(""https://www.nccgroupplc.com/media/aebnh13z/ncc-group-plc-annual-report-and-accounts-for-the-year-ended-30-september-2025.pdf#page=85"",""p.85 of AR"")",2.0,
NCC Group Plc,NCC LN Equity,Information Technology,Software & Services,IT Services,IT Consulting & Other Services,384.3,"FY24 (16 months to 30 September 2024, audited)",Guy Ellis,Chief Financial Officer (CFO),379000.0,GBP,380000.0,0.0,17000.0,8000.0,,784000.0,GBP,True,Appointed CFO 30 June 2023; the 16-month audited period to 30 September 2024 does not represent a full equivalent period from the start of the extended accounting period. Figures reflect partial tenure within the 16-month audited period.,ncc_group_ar_2025,https://www.nccgroupplc.com/media/aebnh13z/ncc-group-plc-annual-report-and-accounts-for-the-year-ended-30-september-2025.pdf,"=HYPERLINK(""https://www.nccgroupplc.com/media/aebnh13z/ncc-group-plc-annual-report-and-accounts-for-the-year-ended-30-september-2025.pdf#page=85"",""p.85 of AR"")",2.0,
Next Plc,NXT LN Equity,Consumer Discretionary,Consumer Discretionary Distribution & Retail,Broadline Retail,Broadline Retail,14289.5,FY2025/26,Lord Wolfson,Chief Executive Officer,967000.0,GBP,1451000.0,4739000.0,221000.0,48000.0,,7426000.0,GBP,False,Served full year,next_ar_2026,https://www.nextplc.co.uk/~/media/Files/N/next-plc-v4/about-next/annual-report-and-accounts-jan-2026.pdf,"=HYPERLINK(""https://www.nextplc.co.uk/~/media/Files/N/next-plc-v4/about-next/annual-report-and-accounts-jan-2026.pdf#page=155"",""p.155 of AR"")",2.0,
Next Plc,NXT LN Equity,Consumer Discretionary,Consumer Discretionary Distribution & Retail,Broadline Retail,Broadline Retail,14289.5,FY2025/26,Jonathan Blanchard,Chief Financial Officer,614000.0,GBP,921000.0,0.0,18000.0,39000.0,,1592000.0,GBP,True,"Became CFO and joined the Board of NEXT plc in July 2024; FY2025/26 reflects first full year on the Board. Benefits in FY2024/25 (£269,000) included a relocation allowance.",next_ar_2026,https://www.nextplc.co.uk/~/media/Files/N/next-plc-v4/about-next/annual-report-and-accounts-jan-2026.pdf,"=HYPERLINK(""https://www.nextplc.co.uk/~/media/Files/N/next-plc-v4/about-next/annual-report-and-accounts-jan-2026.pdf#page=158"",""p.158 of AR"")",2.0,
Next Plc,NXT LN Equity,Consumer Discretionary,Consumer Discretionary Distribution & Retail,Broadline Retail,Broadline Retail,14289.5,FY2025/26,Richard Papp,Executive Director,716000.0,GBP,1074000.0,2796000.0,36000.0,35000.0,,4657000.0,GBP,False,Served full year,next_ar_2026,https://www.nextplc.co.uk/~/media/Files/N/next-plc-v4/about-next/annual-report-and-accounts-jan-2026.pdf,"=HYPERLINK(""https://www.nextplc.co.uk/~/media/Files/N/next-plc-v4/about-next/annual-report-and-accounts-jan-2026.pdf#page=158"",""p.158 of AR"")",2.0,
Next Plc,NXT LN Equity,Consumer Discretionary,Consumer Discretionary Distribution & Retail,Broadline Retail,Broadline Retail,14289.5,FY2025/26,Jane Shields,Executive Director,716000.0,GBP,1074000.0,2796000.0,107000.0,38000.0,,4731000.0,GBP,False,Served full year,next_ar_2026,https://www.nextplc.co.uk/~/media/Files/N/next-plc-v4/about-next/annual-report-and-accounts-jan-2026.pdf,"=HYPERLINK(""https://www.nextplc.co.uk/~/media/Files/N/next-plc-v4/about-next/annual-report-and-accounts-jan-2026.pdf#page=158"",""p.158 of AR"")",2.0,
Next Plc,NXT LN Equity,Consumer Discretionary,Consumer Discretionary Distribution & Retail,Broadline Retail,Broadline Retail,14289.5,FY2025/26,Jeremy Stakol,Executive Director,614000.0,GBP,921000.0,1876000.0,1000.0,33000.0,3000.0,3448000.0,GBP,False,"Served full year. Jeremy Stakol was granted phantom LTIP awards before joining the Board (cash-settled, mirroring conditional LTIP awards in all other respects).",next_ar_2026,https://www.nextplc.co.uk/~/media/Files/N/next-plc-v4/about-next/annual-report-and-accounts-jan-2026.pdf,"=HYPERLINK(""https://www.nextplc.co.uk/~/media/Files/N/next-plc-v4/about-next/annual-report-and-accounts-jan-2026.pdf#page=158"",""p.158 of AR"")",2.0,
Next Plc,NXT LN Equity,Consumer Discretionary,Consumer Discretionary Distribution & Retail,Broadline Retail,Broadline Retail,14289.5,FY2024/25,Lord Wolfson,Chief Executive Officer,944000.0,GBP,1020000.0,2728000.0,171000.0,46000.0,,4909000.0,GBP,False,Served full year,next_ar_2026,https://www.nextplc.co.uk/~/media/Files/N/next-plc-v4/about-next/annual-report-and-accounts-jan-2026.pdf,"=HYPERLINK(""https://www.nextplc.co.uk/~/media/Files/N/next-plc-v4/about-next/annual-report-and-accounts-jan-2026.pdf#page=157"",""p.157 of AR"")",2.0,
Next Plc,NXT LN Equity,Consumer Discretionary,Consumer Discretionary Distribution & Retail,Broadline Retail,Broadline Retail,14289.5,FY2024/25,Jonathan Blanchard,Chief Financial Officer,310000.0,GBP,335000.0,0.0,9000.0,269000.0,3000.0,926000.0,GBP,True,"Appointed CFO and joined the Board in July 2024; FY2024/25 figures reflect only the period from Board appointment. Benefits of £269,000 included a one-off relocation allowance received upon appointment.",next_ar_2026,https://www.nextplc.co.uk/~/media/Files/N/next-plc-v4/about-next/annual-report-and-accounts-jan-2026.pdf,"=HYPERLINK(""https://www.nextplc.co.uk/~/media/Files/N/next-plc-v4/about-next/annual-report-and-accounts-jan-2026.pdf#page=158"",""p.158 of AR"")",2.0,
Next Plc,NXT LN Equity,Consumer Discretionary,Consumer Discretionary Distribution & Retail,Broadline Retail,Broadline Retail,14289.5,FY2024/25,Richard Papp,Executive Director,700000.0,GBP,756000.0,1611000.0,35000.0,32000.0,,3134000.0,GBP,False,Served full year,next_ar_2026,https://www.nextplc.co.uk/~/media/Files/N/next-plc-v4/about-next/annual-report-and-accounts-jan-2026.pdf,"=HYPERLINK(""https://www.nextplc.co.uk/~/media/Files/N/next-plc-v4/about-next/annual-report-and-accounts-jan-2026.pdf#page=158"",""p.158 of AR"")",2.0,
Next Plc,NXT LN Equity,Consumer Discretionary,Consumer Discretionary Distribution & Retail,Broadline Retail,Broadline Retail,14289.5,FY2024/25,Jane Shields,Executive Director,700000.0,GBP,756000.0,1611000.0,105000.0,11000.0,,3183000.0,GBP,False,Served full year,next_ar_2026,https://www.nextplc.co.uk/~/media/Files/N/next-plc-v4/about-next/annual-report-and-accounts-jan-2026.pdf,"=HYPERLINK(""https://www.nextplc.co.uk/~/media/Files/N/next-plc-v4/about-next/annual-report-and-accounts-jan-2026.pdf#page=158"",""p.158 of AR"")",2.0,
Next Plc,NXT LN Equity,Consumer Discretionary,Consumer Discretionary Distribution & Retail,Broadline Retail,Broadline Retail,14289.5,FY2024/25,Jeremy Stakol,Executive Director,600000.0,GBP,648000.0,618000.0,1000.0,29000.0,,1896000.0,GBP,False,Served full year. Phantom LTIP awards (cash-settled) granted before joining the Board are reflected in the LTIP figure.,next_ar_2026,https://www.nextplc.co.uk/~/media/Files/N/next-plc-v4/about-next/annual-report-and-accounts-jan-2026.pdf,"=HYPERLINK(""https://www.nextplc.co.uk/~/media/Files/N/next-plc-v4/about-next/annual-report-and-accounts-jan-2026.pdf#page=158"",""p.158 of AR"")",2.0,
Ninety One Plc,N91 LN Equity,Financials,Financial Services,Capital Markets,Asset Management & Custody Banks,1982.1,FY2025,Hendrik du Toit,Chief Executive Officer,648000.0,GBP,2285000.0,0.0,0.0,18000.0,0.0,2951000.0,GBP,False,"Served full year. Benefits (£18,000) cover private medical insurance, disability insurance and life cover, funded by sacrificing a portion of fixed remuneration (salary + benefits = £666,000 total fixed). EIP Single Incentive of £2,285,000 represents formulaic outcome at 42.9% of maximum; no discretionary adjustment applied. Delivered as £457,000 cash + £1,828,000 deferred shares. Hendrik du Toit voluntarily elected to increase the deferred element to 80% of his award (standard deferral is 25%). Ninety One operates a single EIP incentive model; no separate LTIP exists. EIP awards subject to malus and clawback.",ninety_one_ar_2025,https://ninetyone.com/-/media/documents/investor-relations/2026/91-ninety-one-integrated-annual-report-2026.pdf,"=HYPERLINK(""https://ninetyone.com/-/media/documents/investor-relations/2026/91-ninety-one-integrated-annual-report-2026.pdf#page=87"",""p.87 of AR"")",2.0,
Ninety One Plc,N91 LN Equity,Financials,Financial Services,Capital Markets,Asset Management & Custody Banks,1982.1,FY2025,Kim McFarland,Finance Director,518000.0,GBP,1829000.0,0.0,0.0,15000.0,0.0,2362000.0,GBP,False,"Served full year. Benefits (£15,000) cover private medical insurance, disability insurance and life cover, funded by sacrificing a portion of fixed remuneration (salary + benefits = £533,000 total fixed). EIP Single Incentive of £1,829,000 represents formulaic outcome at 42.9% of maximum; no discretionary adjustment applied. Delivered as £1,372,000 cash + £457,000 deferred shares, with standard 25% deferral into shares applied. Ninety One operates a single EIP incentive model; no separate LTIP exists. EIP awards subject to malus and clawback.",ninety_one_ar_2025,https://ninetyone.com/-/media/documents/investor-relations/2026/91-ninety-one-integrated-annual-report-2026.pdf,"=HYPERLINK(""https://ninetyone.com/-/media/documents/investor-relations/2026/91-ninety-one-integrated-annual-report-2026.pdf#page=87"",""p.87 of AR"")",2.0,
Ninety One Plc,N91 LN Equity,Financials,Financial Services,Capital Markets,Asset Management & Custody Banks,1982.1,FY2024,Hendrik du Toit,Chief Executive Officer,651000.0,GBP,1918000.0,0.0,0.0,15000.0,0.0,2584000.0,GBP,False,"Served full year. Benefits (£15,000) cover private medical insurance, disability insurance and life cover, funded by sacrificing a portion of fixed remuneration (salary + benefits = £666,000 total fixed). EIP Single Incentive of £1,918,000 comprises formulaic outcome of £1,618,000 plus a discretionary upward adjustment of £300,000. Delivered as £959,000 cash + £959,000 deferred shares. Ninety One operates a single EIP incentive model; no separate LTIP exists. EIP awards subject to malus and clawback.",ninety_one_ar_2025,https://ninetyone.com/-/media/documents/investor-relations/2026/91-ninety-one-integrated-annual-report-2026.pdf,"=HYPERLINK(""https://ninetyone.com/-/media/documents/investor-relations/2026/91-ninety-one-integrated-annual-report-2026.pdf#page=87"",""p.87 of AR"")",2.0,
Ninety One Plc,N91 LN Equity,Financials,Financial Services,Capital Markets,Asset Management & Custody Banks,1982.1,FY2024,Kim McFarland,Finance Director,520000.0,GBP,1535000.0,0.0,0.0,13000.0,0.0,2068000.0,GBP,False,"Served full year. Benefits (£13,000) cover private medical insurance, disability insurance and life cover, funded by sacrificing a portion of fixed remuneration (salary + benefits = £533,000 total fixed). EIP Single Incentive of £1,535,000 comprises formulaic outcome of £1,295,000 plus a discretionary upward adjustment of £240,000. Delivered as £768,000 cash + £767,000 deferred shares. Ninety One operates a single EIP incentive model; no separate LTIP exists. EIP awards subject to malus and clawback.",ninety_one_ar_2025,https://ninetyone.com/-/media/documents/investor-relations/2026/91-ninety-one-integrated-annual-report-2026.pdf,"=HYPERLINK(""https://ninetyone.com/-/media/documents/investor-relations/2026/91-ninety-one-integrated-annual-report-2026.pdf#page=87"",""p.87 of AR"")",2.0,
Ocado Group Plc,OCDO LN Equity,Consumer Staples,Consumer Staples Distribution & Retail,Consumer Staples Distribution & Retail,Food Retail,1553.8,FY25,Tim Steiner,Chief Executive Officer (CEO),825000.0,GBP,1224000.0,0.0,58000.0,1000.0,4000.0,2112000.0,GBP,False,Served full year,ocado_group_ar_2025,https://cdn.prod.website-files.com/667974bf1bf45146cf81ef1f/69a962d57ab79485d04640f8_Ocado_ARA2025_Full.pdf,"=HYPERLINK(""https://cdn.prod.website-files.com/667974bf1bf45146cf81ef1f/69a962d57ab79485d04640f8_Ocado_ARA2025_Full.pdf#page=140"",""p.140 of AR"")",2.0,
Ocado Group Plc,OCDO LN Equity,Consumer Staples,Consumer Staples Distribution & Retail,Consumer Staples Distribution & Retail,Food Retail,1553.8,FY25,Stephen Daintith,Chief Financial Officer (CFO),614000.0,GBP,983000.0,0.0,43000.0,1000.0,3000.0,1644000.0,GBP,False,Served full year,ocado_group_ar_2025,https://cdn.prod.website-files.com/667974bf1bf45146cf81ef1f/69a962d57ab79485d04640f8_Ocado_ARA2025_Full.pdf,"=HYPERLINK(""https://cdn.prod.website-files.com/667974bf1bf45146cf81ef1f/69a962d57ab79485d04640f8_Ocado_ARA2025_Full.pdf#page=140"",""p.140 of AR"")",2.0,
Ocado Group Plc,OCDO LN Equity,Consumer Staples,Consumer Staples Distribution & Retail,Consumer Staples Distribution & Retail,Food Retail,1553.8,FY24,Tim Steiner,Chief Executive Officer (CEO),815000.0,GBP,1737000.0,0.0,57000.0,1000.0,4000.0,2614000.0,GBP,False,Served full year,ocado_group_ar_2025,https://cdn.prod.website-files.com/667974bf1bf45146cf81ef1f/69a962d57ab79485d04640f8_Ocado_ARA2025_Full.pdf,"=HYPERLINK(""https://cdn.prod.website-files.com/667974bf1bf45146cf81ef1f/69a962d57ab79485d04640f8_Ocado_ARA2025_Full.pdf#page=145"",""p.145 of AR"")",2.0,
Ocado Group Plc,OCDO LN Equity,Consumer Staples,Consumer Staples Distribution & Retail,Consumer Staples Distribution & Retail,Food Retail,1553.8,FY24,Stephen Daintith,Chief Financial Officer (CFO),607000.0,GBP,1246000.0,0.0,42000.0,1000.0,3000.0,1899000.0,GBP,False,Served full year,ocado_group_ar_2025,https://cdn.prod.website-files.com/667974bf1bf45146cf81ef1f/69a962d57ab79485d04640f8_Ocado_ARA2025_Full.pdf,"=HYPERLINK(""https://cdn.prod.website-files.com/667974bf1bf45146cf81ef1f/69a962d57ab79485d04640f8_Ocado_ARA2025_Full.pdf#page=145"",""p.145 of AR"")",2.0,
OSB Group Plc,OSB LN Equity,Financials,Financial Services,Financial Services,Commercial & Residential Mortgage Finance,1707.3,FY2025,Andy Golding,Chief Executive Officer,917000.0,GBP,678000.0,566000.0,73000.0,22000.0,,2256000.0,GBP,False,"Served full year. Total fixed pay: £1,012,000; Total variable pay: £1,244,000. Benefits include car allowance of £20,000 and private medical cover. Pension paid at 8% of salary as contributions or cash in lieu. Annual bonus payout = 67.18% of maximum opportunity (110% of salary); £339,000 paid in cash and £339,000 deferred in shares for three years. LTIP (2023 PSP award) valued using Q4 average share price of £5.67; to be restated on actual vesting.",osb_group_ar_2025,https://www.osb.co.uk/media/vxpbqwz0/osbg-2025-ara.pdf,"=HYPERLINK(""https://www.osb.co.uk/media/vxpbqwz0/osbg-2025-ara.pdf#page=160"",""p.160 of AR"")",2.0,
OSB Group Plc,OSB LN Equity,Financials,Financial Services,Financial Services,Commercial & Residential Mortgage Finance,1707.3,FY2025,Victoria Hyde,Chief Financial Officer,550000.0,GBP,406000.0,212000.0,53000.0,17000.0,,1239000.0,GBP,False,"Served full year in FY2025 — first complete year as Executive Director. Originally appointed as CFO on 22 July 2024. Total fixed pay: £620,000; Total variable pay: £619,000. Benefits include car allowance of £15,000 and private medical cover. Pension at 8% of salary; includes an additional remedying pension payment for underpayment since her 2024 appointment, made in March 2025 and included in this year's figures. Annual bonus payout = 67.18% of maximum opportunity (110% of salary); £203,000 paid in cash and £203,000 deferred in shares for three years. LTIP (2023 PSP award) valued using Q4 average share price of £5.67; to be restated on actual vesting.",osb_group_ar_2025,https://www.osb.co.uk/media/vxpbqwz0/osbg-2025-ara.pdf,"=HYPERLINK(""https://www.osb.co.uk/media/vxpbqwz0/osbg-2025-ara.pdf#page=160"",""p.160 of AR"")",2.0,
OSB Group Plc,OSB LN Equity,Financials,Financial Services,Financial Services,Commercial & Residential Mortgage Finance,1707.3,FY2024,Andy Golding,Chief Executive Officer,910000.0,GBP,540000.0,257000.0,73000.0,22000.0,,1802000.0,GBP,False,"Served full year. Total fixed pay: £1,005,000; Total variable pay: £797,000. Benefits include car allowance of £20,000 and private medical cover. Pension at 8% of salary. Annual bonus payout = 53.60% of maximum opportunity; £270,000 paid in cash and £270,000 deferred in shares. LTIP (2022 PSP award) restated based on actual vesting share price of £4.49. Year-on-year salary variance reflects the April 2024 salary increase applying to only 9 months of the 2024 reported period, with the full-year effect visible in 2025.",osb_group_ar_2025,https://www.osb.co.uk/media/vxpbqwz0/osbg-2025-ara.pdf,"=HYPERLINK(""https://www.osb.co.uk/media/vxpbqwz0/osbg-2025-ara.pdf#page=154"",""p.154 of AR"")",2.0,
OSB Group Plc,OSB LN Equity,Financials,Financial Services,Financial Services,Commercial & Residential Mortgage Finance,1707.3,FY2024,Victoria Hyde,Chief Financial Officer,244000.0,GBP,128000.0,0.0,13000.0,7000.0,,392000.0,GBP,True,"Appointed as Executive Director (CFO) on 22 July 2024; remuneration shown is from date of appointment only (approximately 5.5 months of the year). Total fixed pay: £264,000; Total variable pay: £128,000. Pension contribution was based on her pre-appointment salary for the entirety of 2024; a remedying payment was made in March 2025. Annual bonus payout = 54.91% of maximum opportunity; £64,000 paid in cash and £64,000 deferred in shares. No PSP award vested (LTIP = nil).",osb_group_ar_2025,https://www.osb.co.uk/media/vxpbqwz0/osbg-2025-ara.pdf,"=HYPERLINK(""https://www.osb.co.uk/media/vxpbqwz0/osbg-2025-ara.pdf#page=154"",""p.154 of AR"")",2.0,
Oxford Biomedica Plc,OXB LN Equity,Health Care,Pharmaceuticals Biotechnology & Life Sciences,Biotechnology,Biotechnology,747.3,FY2025,Dr. Frank Mathias,Chief Executive Officer (CEO),644000.0,GBP,801000.0,330000.0,48000.0,47000.0,0.0,1870000.0,GBP,False,Served full year in FY2025,oxford_biomedica_ar_2025,https://oxb.com/wp-content/uploads/2026/04/Annual-Report-and-Accounts-2025.pdf,"=HYPERLINK(""https://oxb.com/wp-content/uploads/2026/04/Annual-Report-and-Accounts-2025.pdf#page=96"",""p.96 of AR"")",2.0,
Oxford Biomedica Plc,OXB LN Equity,Health Care,Pharmaceuticals Biotechnology & Life Sciences,Biotechnology,Biotechnology,747.3,FY2025,Dr. Lucinda Crabtree,Chief Financial Officer (CFO),422000.0,GBP,526000.0,0.0,33000.0,11000.0,0.0,992000.0,GBP,False,"Served full year in FY2025. Note: was appointed to the Board on 2 September 2024, so FY2024 figures are pro-rata",oxford_biomedica_ar_2025,https://oxb.com/wp-content/uploads/2026/04/Annual-Report-and-Accounts-2025.pdf,"=HYPERLINK(""https://oxb.com/wp-content/uploads/2026/04/Annual-Report-and-Accounts-2025.pdf#page=96"",""p.96 of AR"")",2.0,
Oxford Biomedica Plc,OXB LN Equity,Health Care,Pharmaceuticals Biotechnology & Life Sciences,Biotechnology,Biotechnology,747.3,FY2024,Dr. Frank Mathias,Chief Executive Officer (CEO),610000.0,GBP,416000.0,0.0,50000.0,35000.0,0.0,1111000.0,GBP,False,Served full year in FY2024,oxford_biomedica_ar_2025,https://oxb.com/wp-content/uploads/2026/04/Annual-Report-and-Accounts-2025.pdf,"=HYPERLINK(""https://oxb.com/wp-content/uploads/2026/04/Annual-Report-and-Accounts-2025.pdf#page=100"",""p.100 of AR"")",2.0,
Oxford Biomedica Plc,OXB LN Equity,Health Care,Pharmaceuticals Biotechnology & Life Sciences,Biotechnology,Biotechnology,747.3,FY2024,Dr. Lucinda Crabtree,Chief Financial Officer (CFO),137000.0,GBP,92000.0,0.0,3000.0,3000.0,0.0,235000.0,GBP,True,"Appointed to the Board with effect from 2 September 2024; figures reflect approximately four months of service in FY2024. Annualised salary was £422,300",oxford_biomedica_ar_2025,https://oxb.com/wp-content/uploads/2026/04/Annual-Report-and-Accounts-2025.pdf,"=HYPERLINK(""https://oxb.com/wp-content/uploads/2026/04/Annual-Report-and-Accounts-2025.pdf#page=100"",""p.100 of AR"")",2.0,
Oxford Instruments Plc,OXIG LN Equity,Information Technology,Technology Hardware & Equipment,Electronic Equipment Instruments & Components,Electronic Equipment & Instruments,1632.6,2024/25,Richard Tyson,Chief Executive Officer (CEO),583000.0,GBP,828000.0,0.0,31000.0,26000.0,0.0,1468000.0,GBP,False,Served full year as CEO,oxford_instruments_ar_2025,https://www.oxinst.com/assets/uploads/Investor/Oxford%20Instruments%20plc%20Annual%20Report%202026.pdf,"=HYPERLINK(""https://www.oxinst.com/assets/uploads/Investor/Oxford%20Instruments%20plc%20Annual%20Report%202026.pdf#page=132"",""p.132 of AR"")",3.0,172.0
Oxford Instruments Plc,OXIG LN Equity,Information Technology,Technology Hardware & Equipment,Electronic Equipment Instruments & Components,Electronic Equipment & Instruments,1632.6,2024/25,Gavin Hill,Chief Financial Officer (CFO),409000.0,GBP,565000.0,234000.0,23000.0,24000.0,0.0,1255000.0,GBP,True,"Gavin Hill stepped down as CFO and from the Board on 31 March 2025 (end of the reporting period), having announced on 9 January 2025 that he would step down; he remained in active service until 10 June 2025 for transition purposes. Figures reflect his last full year in role, but note his departure timing coincides with the FY25 year-end.",oxford_instruments_ar_2025,https://www.oxinst.com/assets/uploads/Investor/Oxford%20Instruments%20plc%20Annual%20Report%202026.pdf,"=HYPERLINK(""https://www.oxinst.com/assets/uploads/Investor/Oxford%20Instruments%20plc%20Annual%20Report%202026.pdf#page=132"",""p.132 of AR"")",3.0,172.0
Oxford Instruments Plc,OXIG LN Equity,Information Technology,Technology Hardware & Equipment,Electronic Equipment Instruments & Components,Electronic Equipment & Instruments,1632.6,2023/24,Richard Tyson,Chief Executive Officer (CEO) — promoted from a prior role during the year,285000.0,GBP,256000.0,0.0,15000.0,13000.0,823000.0,1392000.0,GBP,True,"Richard Tyson became CEO on 1 October 2023 (succeeding Ian Barkshire), so FY2023/24 figures reflect only part-year service as CEO (salary/benefits/pension shown are lower than a full-year run rate, consistent with partial-year tenure as CEO)",oxford_instruments_ar_2025,https://www.oxinst.com/assets/uploads/Investor/Oxford%20Instruments%20plc%20Annual%20Report%202026.pdf,"=HYPERLINK(""https://www.oxinst.com/assets/uploads/Investor/Oxford%20Instruments%20plc%20Annual%20Report%202026.pdf#page=132"",""p.132 of AR"")",3.0,172.0
Oxford Instruments Plc,OXIG LN Equity,Information Technology,Technology Hardware & Equipment,Electronic Equipment Instruments & Components,Electronic Equipment & Instruments,1632.6,2023/24,Gavin Hill,Chief Financial Officer (CFO),395000.0,GBP,360000.0,583000.0,32000.0,24000.0,0.0,1394000.0,GBP,False,Served full year as CFO in FY2023/24,oxford_instruments_ar_2025,https://www.oxinst.com/assets/uploads/Investor/Oxford%20Instruments%20plc%20Annual%20Report%202026.pdf,"=HYPERLINK(""https://www.oxinst.com/assets/uploads/Investor/Oxford%20Instruments%20plc%20Annual%20Report%202026.pdf#page=132"",""p.132 of AR"")",3.0,172.0
Oxford Instruments Plc,OXIG LN Equity,Information Technology,Technology Hardware & Equipment,Electronic Equipment Instruments & Components,Electronic Equipment & Instruments,1632.6,2025/26,Richard Tyson,Chief Executive Officer (CEO),598000.0,GBP,544000.0,576000.0,31000.0,26000.0,0.0,1775000.0,GBP,False,Served full financial year,oxford_instruments_ar_2026,https://www.oxinst.com/assets/uploads/Investor/Oxford%20Instruments%20plc%20Annual%20Report%202026.pdf,"=HYPERLINK(""https://www.oxinst.com/assets/uploads/Investor/Oxford%20Instruments%20plc%20Annual%20Report%202026.pdf#page=159"",""p.159 of AR"")",3.0,273.0
Oxford Instruments Plc,OXIG LN Equity,Information Technology,Technology Hardware & Equipment,Electronic Equipment Instruments & Components,Electronic Equipment & Instruments,1632.6,2025/26,Paul Fry,Chief Financial Officer (CFO),469000.0,GBP,402000.0,0.0,26000.0,17000.0,0.0,915000.0,GBP,True,"Paul Fry was appointed Chief Financial Officer on 1 April 2025 (start of the 2025/26 financial year), so full-year figures apply for FY25/26; no prior year comparative exists as he was not in role during 2024/25.",oxford_instruments_ar_2026,https://www.oxinst.com/assets/uploads/Investor/Oxford%20Instruments%20plc%20Annual%20Report%202026.pdf,"=HYPERLINK(""https://www.oxinst.com/assets/uploads/Investor/Oxford%20Instruments%20plc%20Annual%20Report%202026.pdf#page=159"",""p.159 of AR"")",3.0,273.0
Oxford Instruments Plc,OXIG LN Equity,Information Technology,Technology Hardware & Equipment,Electronic Equipment Instruments & Components,Electronic Equipment & Instruments,1632.6,2024/25,Richard Tyson,Chief Executive Officer (CEO),583000.0,GBP,828000.0,0.0,31000.0,26000.0,0.0,1468000.0,GBP,False,Served full financial year,oxford_instruments_ar_2026,https://www.oxinst.com/assets/uploads/Investor/Oxford%20Instruments%20plc%20Annual%20Report%202026.pdf,"=HYPERLINK(""https://www.oxinst.com/assets/uploads/Investor/Oxford%20Instruments%20plc%20Annual%20Report%202026.pdf#page=159"",""p.159 of AR"")",3.0,273.0
Oxford Instruments Plc,OXIG LN Equity,Information Technology,Technology Hardware & Equipment,Electronic Equipment Instruments & Components,Electronic Equipment & Instruments,1632.6,2024/25,Paul Fry,Chief Financial Officer (CFO),0.0,GBP,0.0,0.0,0.0,0.0,0.0,0.0,GBP,True,"Paul Fry was not yet an Executive Director during 2024/25; he was appointed CFO on 1 April 2025, the start of FY2025/26. No comparative figures apply.",oxford_instruments_ar_2026,https://www.oxinst.com/assets/uploads/Investor/Oxford%20Instruments%20plc%20Annual%20Report%202026.pdf,"=HYPERLINK(""https://www.oxinst.com/assets/uploads/Investor/Oxford%20Instruments%20plc%20Annual%20Report%202026.pdf#page=159"",""p.159 of AR"")",3.0,273.0
PageGroup Plc,PAGE LN Equity,Industrials,Commercial & Professional Services,Professional Services,Human Resource & Employment Services,359.6,FY2025,Nicholas Kirk,Chief Executive Officer (CEO),609000.0,GBP,334000.0,501000.0,43000.0,44000.0,,1531000.0,GBP,False,Served full year,pagegroup_ar_2025,https://www.page.com/sites/page-group-v3/files/2026-04/annual-report-2025.pdf,"=HYPERLINK(""https://www.page.com/sites/page-group-v3/files/2026-04/annual-report-2025.pdf#page=123"",""p.123 of AR"")",3.0,238.0
PageGroup Plc,PAGE LN Equity,Industrials,Commercial & Professional Services,Professional Services,Human Resource & Employment Services,359.6,FY2025,Kelvin Stagg,Chief Financial Officer (CFO),420000.0,GBP,230000.0,344000.0,29000.0,25000.0,,1049000.0,GBP,False,Served full year,pagegroup_ar_2025,https://www.page.com/sites/page-group-v3/files/2026-04/annual-report-2025.pdf,"=HYPERLINK(""https://www.page.com/sites/page-group-v3/files/2026-04/annual-report-2025.pdf#page=123"",""p.123 of AR"")",3.0,238.0
PageGroup Plc,PAGE LN Equity,Industrials,Commercial & Professional Services,Professional Services,Human Resource & Employment Services,359.6,FY2024,Nicholas Kirk,Chief Executive Officer (CEO),600000.0,GBP,401000.0,601000.0,42000.0,25000.0,,1669000.0,GBP,False,Served full year,pagegroup_ar_2025,https://www.page.com/sites/page-group-v3/files/2026-04/annual-report-2025.pdf,"=HYPERLINK(""https://www.page.com/sites/page-group-v3/files/2026-04/annual-report-2025.pdf#page=123"",""p.123 of AR"")",3.0,238.0
PageGroup Plc,PAGE LN Equity,Industrials,Commercial & Professional Services,Professional Services,Human Resource & Employment Services,359.6,FY2024,Kelvin Stagg,Chief Financial Officer (CFO),414000.0,GBP,277000.0,415000.0,29000.0,25000.0,,1160000.0,GBP,False,Served full year,pagegroup_ar_2025,https://www.page.com/sites/page-group-v3/files/2026-04/annual-report-2025.pdf,"=HYPERLINK(""https://www.page.com/sites/page-group-v3/files/2026-04/annual-report-2025.pdf#page=123"",""p.123 of AR"")",3.0,238.0
Paragon Banking Group Plc,PAG LN Equity,Financials,Financial Services,Financial Services,Commercial & Residential Mortgage Finance,1354.6,FY2025,N S Terrington,Chief Executive Officer (CEO),977000.0,GBP,864000.0,2368000.0,78000.0,25000.0,,4312000.0,GBP,False,Served full year,paragon_banking_group_ar_2025,https://www.paragonbankinggroup.co.uk/resources/paragon-group/documents/reports-presentations/2025/2025-ara-full,"=HYPERLINK(""https://www.paragonbankinggroup.co.uk/resources/paragon-group/documents/reports-presentations/2025/2025-ara-full#page=160"",""p.160 of AR"")",2.0,
Paragon Banking Group Plc,PAG LN Equity,Financials,Financial Services,Financial Services,Commercial & Residential Mortgage Finance,1354.6,FY2025,R J Woodman,Chief Financial Officer (CFO),618000.0,GBP,546000.0,1492000.0,50000.0,15000.0,,2721000.0,GBP,False,Served full year,paragon_banking_group_ar_2025,https://www.paragonbankinggroup.co.uk/resources/paragon-group/documents/reports-presentations/2025/2025-ara-full,"=HYPERLINK(""https://www.paragonbankinggroup.co.uk/resources/paragon-group/documents/reports-presentations/2025/2025-ara-full#page=160"",""p.160 of AR"")",2.0,
Paragon Banking Group Plc,PAG LN Equity,Financials,Financial Services,Financial Services,Commercial & Residential Mortgage Finance,1354.6,FY2024,N S Terrington,Chief Executive Officer (CEO),949000.0,GBP,890000.0,1727000.0,76000.0,22000.0,,3664000.0,GBP,False,"Served full year. Note: the audited single figure table states £3,664,000; the CEO pay comparatives table references £3,644,000 — a minor discrepancy of £20,000 exists between the two tables in the source document; the audited single figure table value of £3,664,000 is used here.",paragon_banking_group_ar_2025,https://www.paragonbankinggroup.co.uk/resources/paragon-group/documents/reports-presentations/2025/2025-ara-full,"=HYPERLINK(""https://www.paragonbankinggroup.co.uk/resources/paragon-group/documents/reports-presentations/2025/2025-ara-full#page=160"",""p.160 of AR"")",2.0,
Paragon Banking Group Plc,PAG LN Equity,Financials,Financial Services,Financial Services,Commercial & Residential Mortgage Finance,1354.6,FY2024,R J Woodman,Chief Financial Officer (CFO),600000.0,GBP,562000.0,1087000.0,48000.0,15000.0,,2312000.0,GBP,False,Served full year,paragon_banking_group_ar_2025,https://www.paragonbankinggroup.co.uk/resources/paragon-group/documents/reports-presentations/2025/2025-ara-full,"=HYPERLINK(""https://www.paragonbankinggroup.co.uk/resources/paragon-group/documents/reports-presentations/2025/2025-ara-full#page=160"",""p.160 of AR"")",2.0,
PayPoint Group Plc,PAY LN Equity,Financials,Financial Services,Financial Services,Transaction & Payment Processing Services,353.6,FY2025,Nick Wiles,Chief Executive Officer,506000.0,GBP,453000.0,482000.0,25000.0,50000.0,2000.0,1518000.0,GBP,False,Served full year,paypoint_group_ar_2025,https://www.paypointbusiness.com/media/xy5j4y0x/52012-paypoint-ar26-web.pdf,"=HYPERLINK(""https://www.paypointbusiness.com/media/xy5j4y0x/52012-paypoint-ar26-web.pdf#page=97"",""p.97 of AR"")",2.0,
PayPoint Group Plc,PAY LN Equity,Financials,Financial Services,Financial Services,Transaction & Payment Processing Services,353.6,FY2025,Rob Harding,Chief Financial Officer,325000.0,GBP,291000.0,0.0,16000.0,41000.0,1000.0,674000.0,GBP,False,"Served full year in current role. Note: Rob Harding was appointed to the Board on 5 September 2023, so FY2025 represents his first full financial year as an Executive Director",paypoint_group_ar_2025,https://www.paypointbusiness.com/media/xy5j4y0x/52012-paypoint-ar26-web.pdf,"=HYPERLINK(""https://www.paypointbusiness.com/media/xy5j4y0x/52012-paypoint-ar26-web.pdf#page=97"",""p.97 of AR"")",2.0,
PayPoint Group Plc,PAY LN Equity,Financials,Financial Services,Financial Services,Transaction & Payment Processing Services,353.6,FY2024,Nick Wiles,Chief Executive Officer,495000.0,GBP,424000.0,258000.0,25000.0,54000.0,2000.0,1258000.0,GBP,False,Served full year,paypoint_group_ar_2025,https://www.paypointbusiness.com/media/xy5j4y0x/52012-paypoint-ar26-web.pdf,"=HYPERLINK(""https://www.paypointbusiness.com/media/xy5j4y0x/52012-paypoint-ar26-web.pdf#page=97"",""p.97 of AR"")",2.0,
PayPoint Group Plc,PAY LN Equity,Financials,Financial Services,Financial Services,Transaction & Payment Processing Services,353.6,FY2024,Rob Harding,Chief Financial Officer,213000.0,GBP,182000.0,0.0,11000.0,22000.0,247000.0,453000.0,GBP,True,"Appointed to the Board on 5 September 2023; FY2024 figures reflect approximately 7 months of service as an Executive Director, hence salary, benefits, pension and bonus are lower than a full-year equivalent",paypoint_group_ar_2025,https://www.paypointbusiness.com/media/xy5j4y0x/52012-paypoint-ar26-web.pdf,"=HYPERLINK(""https://www.paypointbusiness.com/media/xy5j4y0x/52012-paypoint-ar26-web.pdf#page=97"",""p.97 of AR"")",2.0,
Pearson Plc,PSON LN Equity,Consumer Discretionary,Consumer Services,Diversified Consumer Services,Education Services,6624.8,FY2025,Omar Abbosh,Chief Executive Officer,1017000.0,GBP,1533000.0,0.0,163000.0,86000.0,0.0,2798000.0,GBP,False,Full year. Omar Abbosh was not eligible for the 2023 LTIP and therefore received no LTIP vesting in 2025. Annual bonus reflects a discretionary downward adjustment by the Committee from a formulaic outcome of 59.8% of maximum to 50% of maximum.,pearson_ar_2025,https://plc.pearson.com/sites/pearson-corp/files/annual-reports/2025/pearson-annual-report-2025.pdf,"=HYPERLINK(""https://plc.pearson.com/sites/pearson-corp/files/annual-reports/2025/pearson-annual-report-2025.pdf#page=137"",""p.137 of AR"")",2.0,
Pearson Plc,PSON LN Equity,Consumer Discretionary,Consumer Services,Diversified Consumer Services,Education Services,6624.8,FY2025,Sally Johnson,Chief Financial Officer,609000.0,GBP,0.0,0.0,97000.0,24000.0,0.0,730000.0,GBP,True,Partial year — departure. Sally Johnson's exit arrangements were determined in accordance with the Remuneration Policy; she was not eligible for the 2025 AIP and was not eligible for vesting under the 2023 LTIP award. CFO transition noted for 2026.,pearson_ar_2025,https://plc.pearson.com/sites/pearson-corp/files/annual-reports/2025/pearson-annual-report-2025.pdf,"=HYPERLINK(""https://plc.pearson.com/sites/pearson-corp/files/annual-reports/2025/pearson-annual-report-2025.pdf#page=137"",""p.137 of AR"")",2.0,
Pearson Plc,PSON LN Equity,Consumer Discretionary,Consumer Services,Diversified Consumer Services,Education Services,6624.8,FY2024,Omar Abbosh,Chief Executive Officer,982000.0,GBP,1878000.0,0.0,157000.0,77000.0,13276000.0,16370000.0,GBP,True,"Partial year — new appointment. Appointed Chief Executive on 8 January 2024. The full value of the buy-out award is included in the 2024 single figure as required by disclosure regulations; however, it comprises elements not received until 2025 and 2026.",pearson_ar_2025,https://plc.pearson.com/sites/pearson-corp/files/annual-reports/2025/pearson-annual-report-2025.pdf,"=HYPERLINK(""https://plc.pearson.com/sites/pearson-corp/files/annual-reports/2025/pearson-annual-report-2025.pdf#page=137"",""p.137 of AR"")",2.0,
Pearson Plc,PSON LN Equity,Consumer Discretionary,Consumer Services,Diversified Consumer Services,Education Services,6624.8,FY2024,Sally Johnson,Chief Financial Officer,570000.0,GBP,735000.0,1576000.0,91000.0,16000.0,0.0,2988000.0,GBP,False,Full year.,pearson_ar_2025,https://plc.pearson.com/sites/pearson-corp/files/annual-reports/2025/pearson-annual-report-2025.pdf,"=HYPERLINK(""https://plc.pearson.com/sites/pearson-corp/files/annual-reports/2025/pearson-annual-report-2025.pdf#page=137"",""p.137 of AR"")",2.0,
Pennon Group Plc,PNN LN Equity,Utilities,Utilities,Water Utilities,Water Utilities,2304.5,FY2024/25,Susan Davy,Chief Executive Officer,511000.0,GBP,0.0,191000.0,51000.0,50000.0,314000.0,803000.0,GBP,False,Served full year,pennon_group_ar_2025,https://annualreport.pennon-group.co.uk/assets/pdfs/5767_Pennon_Annual_Report_2026_Hyperlink.pdf,"=HYPERLINK(""https://annualreport.pennon-group.co.uk/assets/pdfs/5767_Pennon_Annual_Report_2026_Hyperlink.pdf#page=175"",""p.175 of AR"")",2.0,
Pennon Group Plc,PNN LN Equity,Utilities,Utilities,Water Utilities,Water Utilities,2304.5,FY2024/25,Laura Flowerdew,Chief Financial Officer,319000.0,GBP,0.0,45000.0,32000.0,14000.0,5000.0,410000.0,GBP,True,Appointed as Executive Director on 11 July 2024; remuneration covers the period from 11 July 2024 to 31 March 2025 only,pennon_group_ar_2025,https://annualreport.pennon-group.co.uk/assets/pdfs/5767_Pennon_Annual_Report_2026_Hyperlink.pdf,"=HYPERLINK(""https://annualreport.pennon-group.co.uk/assets/pdfs/5767_Pennon_Annual_Report_2026_Hyperlink.pdf#page=175"",""p.175 of AR"")",2.0,
Pennon Group Plc,PNN LN Equity,Utilities,Utilities,Water Utilities,Water Utilities,2304.5,FY2024/25,Steve Buck,Former Executive Director (CFO predecessor),138000.0,GBP,0.0,0.0,14000.0,5000.0,0.0,157000.0,GBP,True,Served from 1 April 2024 until stepping down from his role and leaving the Group on 11 July 2024,pennon_group_ar_2025,https://annualreport.pennon-group.co.uk/assets/pdfs/5767_Pennon_Annual_Report_2026_Hyperlink.pdf,"=HYPERLINK(""https://annualreport.pennon-group.co.uk/assets/pdfs/5767_Pennon_Annual_Report_2026_Hyperlink.pdf#page=175"",""p.175 of AR"")",2.0,
Pennon Group Plc,PNN LN Equity,Utilities,Utilities,Water Utilities,Water Utilities,2304.5,FY2023/24,Susan Davy,Chief Executive Officer,492000.0,GBP,0.0,250000.0,49000.0,21000.0,61000.0,812000.0,GBP,False,Served full year,pennon_group_ar_2025,https://annualreport.pennon-group.co.uk/assets/pdfs/5767_Pennon_Annual_Report_2026_Hyperlink.pdf,"=HYPERLINK(""https://annualreport.pennon-group.co.uk/assets/pdfs/5767_Pennon_Annual_Report_2026_Hyperlink.pdf#page=175"",""p.175 of AR"")",2.0,
Pennon Group Plc,PNN LN Equity,Utilities,Utilities,Water Utilities,Water Utilities,2304.5,FY2023/24,Steve Buck,Former Executive Director,164000.0,GBP,0.0,0.0,16000.0,6000.0,15000.0,186000.0,GBP,True,Appointed on 27 November 2023; remuneration for 2023/24 covers the period from 27 November 2023 to 31 March 2024 only,pennon_group_ar_2025,https://annualreport.pennon-group.co.uk/assets/pdfs/5767_Pennon_Annual_Report_2026_Hyperlink.pdf,"=HYPERLINK(""https://annualreport.pennon-group.co.uk/assets/pdfs/5767_Pennon_Annual_Report_2026_Hyperlink.pdf#page=175"",""p.175 of AR"")",2.0,
Persimmon Plc,PSN LN Equity,Consumer Discretionary,Consumer Durables & Apparel,Household Durables,Homebuilding,3359.3,FY2025,Dean Finch,Group Chief Executive Officer (CEO),819806.0,GBP,1230498.0,944633.0,73782.0,40032.0,0.0,3108751.0,GBP,False,Served full year in FY2025,persimmon_ar_2025,https://www.persimmonhomes.com/corporate/media/t2ejxi3y/persimmon-plc-annual-report-2025.pdf,"=HYPERLINK(""https://www.persimmonhomes.com/corporate/media/t2ejxi3y/persimmon-plc-annual-report-2025.pdf#page=124"",""p.124 of AR"")",2.0,
Persimmon Plc,PSN LN Equity,Consumer Discretionary,Consumer Durables & Apparel,Household Durables,Homebuilding,3359.3,FY2025,Andrew Duxbury,Chief Financial Officer (CFO),537950.0,GBP,605583.0,0.0,48416.0,11452.0,619151.0,1822552.0,GBP,False,"Served full year in FY2025; however, the FY2024 comparator salary of £285,382 reflects a part-year appointment to the CFO role mid-2024. Footnote 1 on the executive remuneration table confirms the part-year effect in the prior year comparator.",persimmon_ar_2025,https://www.persimmonhomes.com/corporate/media/t2ejxi3y/persimmon-plc-annual-report-2025.pdf,"=HYPERLINK(""https://www.persimmonhomes.com/corporate/media/t2ejxi3y/persimmon-plc-annual-report-2025.pdf#page=124"",""p.124 of AR"")",2.0,
Persimmon Plc,PSN LN Equity,Consumer Discretionary,Consumer Durables & Apparel,Household Durables,Homebuilding,3359.3,FY2024,Dean Finch,Group Chief Executive Officer (CEO),795850.0,GBP,1412544.0,208108.0,71626.0,41335.0,0.0,2529463.0,GBP,False,Served full year in FY2024,persimmon_ar_2025,https://www.persimmonhomes.com/corporate/media/t2ejxi3y/persimmon-plc-annual-report-2025.pdf,"=HYPERLINK(""https://www.persimmonhomes.com/corporate/media/t2ejxi3y/persimmon-plc-annual-report-2025.pdf#page=134"",""p.134 of AR"")",2.0,
Persimmon Plc,PSN LN Equity,Consumer Discretionary,Consumer Durables & Apparel,Household Durables,Homebuilding,3359.3,FY2024,Andrew Duxbury,Chief Financial Officer (CFO),285382.0,GBP,381673.0,0.0,25685.0,5052.0,1611521.0,2309313.0,GBP,True,"Andrew Duxbury was appointed to the CFO role and to the Board part-way through 2024 (exact appointment date not specified in the extracted text). All fixed and variable compensation components reflect only the portion of the year served. The partial salary of £285,382 versus the full-year FY2025 salary of £537,950 confirms a part-year appointment in 2024.",persimmon_ar_2025,https://www.persimmonhomes.com/corporate/media/t2ejxi3y/persimmon-plc-annual-report-2025.pdf,"=HYPERLINK(""https://www.persimmonhomes.com/corporate/media/t2ejxi3y/persimmon-plc-annual-report-2025.pdf#page=134"",""p.134 of AR"")",2.0,
Pets At Home Group Plc,PETS LN Equity,Consumer Discretionary,Consumer Discretionary Distribution & Retail,Specialty Retail,Other Specialty Retail,784.3,FY25,Lyssa McGowan,Chief Executive Officer (CEO),630315.0,GBP,0.0,376174.0,40971.0,773.0,,1048233.0,GBP,False,Served full year,pets_at_home_group_ar_2025,https://www.petsathomeplc.com/media/mcbjxmv1/pets-at-home-ar26-final-signed.pdf,"=HYPERLINK(""https://www.petsathomeplc.com/media/mcbjxmv1/pets-at-home-ar26-final-signed.pdf#page=65"",""p.65 of AR"")",2.0,
Pets At Home Group Plc,PETS LN Equity,Consumer Discretionary,Consumer Discretionary Distribution & Retail,Specialty Retail,Other Specialty Retail,784.3,FY25,Mike Iddon,Chief Financial Officer (CFO),439202.0,GBP,0.0,199437.0,28548.0,12273.0,,679461.0,GBP,False,Served full year,pets_at_home_group_ar_2025,https://www.petsathomeplc.com/media/mcbjxmv1/pets-at-home-ar26-final-signed.pdf,"=HYPERLINK(""https://www.petsathomeplc.com/media/mcbjxmv1/pets-at-home-ar26-final-signed.pdf#page=65"",""p.65 of AR"")",2.0,
Pets At Home Group Plc,PETS LN Equity,Consumer Discretionary,Consumer Discretionary Distribution & Retail,Specialty Retail,Other Specialty Retail,784.3,FY24,Lyssa McGowan,Chief Executive Officer (CEO),611844.0,GBP,0.0,0.0,39610.0,644.0,,652098.0,GBP,False,Served full year,pets_at_home_group_ar_2025,https://www.petsathomeplc.com/media/mcbjxmv1/pets-at-home-ar26-final-signed.pdf,"=HYPERLINK(""https://www.petsathomeplc.com/media/mcbjxmv1/pets-at-home-ar26-final-signed.pdf#page=65"",""p.65 of AR"")",2.0,
Pets At Home Group Plc,PETS LN Equity,Consumer Discretionary,Consumer Discretionary Distribution & Retail,Specialty Retail,Other Specialty Retail,784.3,FY24,Mike Iddon,Chief Financial Officer (CFO),430062.0,GBP,0.0,177912.0,27954.0,12144.0,,648072.0,GBP,False,Served full year,pets_at_home_group_ar_2025,https://www.petsathomeplc.com/media/mcbjxmv1/pets-at-home-ar26-final-signed.pdf,"=HYPERLINK(""https://www.petsathomeplc.com/media/mcbjxmv1/pets-at-home-ar26-final-signed.pdf#page=65"",""p.65 of AR"")",2.0,
Phoenix Group Holdings Plc,SDLF LN Equity,,,,,7750.2,FY2025,Andy Briggs,Group Chief Executive Officer (Group CEO),860995.0,GBP,1459960.0,2443533.0,90405.0,101000.0,,4865898.0,GBP,False,N/A — served full year,phoenix_group_holdings_ar_2025,https://library.standardlife.co.uk/annual-report-and-accounts-2025-spread.pdf,"=HYPERLINK(""https://library.standardlife.co.uk/annual-report-and-accounts-2025-spread.pdf#page=80"",""p.80 of AR"")",2.0,
Phoenix Group Holdings Plc,SDLF LN Equity,,,,,7750.2,FY2025,Nicolaos Nicandrou,Group Chief Financial Officer (Group CFO),730000.0,GBP,1237838.0,0.0,76650.0,77000.0,,2044838.0,GBP,True,Appointed as Group CFO in December 2024; therefore not a participant in the 2023 LTIP cycle (which vested in 2025). FY2025 is first full financial year in role. First LTIP award would have been granted in 2025 for the 2025–27 cycle.,phoenix_group_holdings_ar_2025,https://library.standardlife.co.uk/annual-report-and-accounts-2025-spread.pdf,"=HYPERLINK(""https://library.standardlife.co.uk/annual-report-and-accounts-2025-spread.pdf#page=74"",""p.74 of AR"")",2.0,
Phoenix Group Holdings Plc,SDLF LN Equity,,,,,7750.2,FY2024,Andy Briggs,Group Chief Executive Officer (Group CEO),0.0,GBP,1323270.0,0.0,0.0,0.0,,3610000.0,GBP,False,N/A — served full year,phoenix_group_holdings_ar_2025,https://library.standardlife.co.uk/annual-report-and-accounts-2025-spread.pdf,"=HYPERLINK(""https://library.standardlife.co.uk/annual-report-and-accounts-2025-spread.pdf#page=87"",""p.87 of AR"")",2.0,
Phoenix Group Holdings Plc,SDLF LN Equity,,,,,7750.2,FY2024,Nicolaos Nicandrou,Group Chief Financial Officer (Group CFO),0.0,GBP,100400.0,0.0,0.0,0.0,,0.0,GBP,True,"Appointed as Group CFO in December 2024; remuneration for FY2024 covers only the period from appointment date to 31 December 2024. AIP deferral of £50,200 implies a very short partial-year AIP award consistent with a December appointment. Not a participant in the 2022 LTIP cycle.",phoenix_group_holdings_ar_2025,https://library.standardlife.co.uk/annual-report-and-accounts-2025-spread.pdf,"=HYPERLINK(""https://library.standardlife.co.uk/annual-report-and-accounts-2025-spread.pdf#page=72"",""p.72 of AR"")",2.0,
Playtech Plc,PTEC LN Equity,Consumer Discretionary,Consumer Services,Hotels Restaurants & Leisure,Casinos & Gaming,999.1,FY2025,Mor Weizer,Chief Executive Officer (CEO),844000.0,GBP,33266859.0,10986743.0,63300.0,41896.0,,45202798.0,GBP,False,Served full year,playtech_ar_2025,https://www.investors.playtech.com/~/media/Files/P/Playtech-IR-V2/documents/annual-reports/2025/2025-annual-report.pdf,"=HYPERLINK(""https://www.investors.playtech.com/~/media/Files/P/Playtech-IR-V2/documents/annual-reports/2025/2025-annual-report.pdf#page=126"",""p.126 of AR"")",2.0,
Playtech Plc,PTEC LN Equity,Consumer Discretionary,Consumer Services,Hotels Restaurants & Leisure,Casinos & Gaming,999.1,FY2025,Chris McGinnis,Chief Financial Officer (CFO),400000.0,GBP,6955733.0,3631901.0,30000.0,18537.0,,11036171.0,GBP,False,Served full year,playtech_ar_2025,https://www.investors.playtech.com/~/media/Files/P/Playtech-IR-V2/documents/annual-reports/2025/2025-annual-report.pdf,"=HYPERLINK(""https://www.investors.playtech.com/~/media/Files/P/Playtech-IR-V2/documents/annual-reports/2025/2025-annual-report.pdf#page=126"",""p.126 of AR"")",2.0,
Playtech Plc,PTEC LN Equity,Consumer Discretionary,Consumer Services,Hotels Restaurants & Leisure,Casinos & Gaming,999.1,FY2024,Mor Weizer,Chief Executive Officer (CEO),844000.0,GBP,1688000.0,3226668.0,62950.0,37469.0,,5859087.0,GBP,False,Served full year,playtech_ar_2025,https://www.investors.playtech.com/~/media/Files/P/Playtech-IR-V2/documents/annual-reports/2025/2025-annual-report.pdf,"=HYPERLINK(""https://www.investors.playtech.com/~/media/Files/P/Playtech-IR-V2/documents/annual-reports/2025/2025-annual-report.pdf#page=126"",""p.126 of AR"")",2.0,
Playtech Plc,PTEC LN Equity,Consumer Discretionary,Consumer Services,Hotels Restaurants & Leisure,Casinos & Gaming,999.1,FY2024,Chris McGinnis,Chief Financial Officer (CFO),400000.0,GBP,600000.0,300000.0,30000.0,3177.0,,1333177.0,GBP,False,Served full year,playtech_ar_2025,https://www.investors.playtech.com/~/media/Files/P/Playtech-IR-V2/documents/annual-reports/2025/2025-annual-report.pdf,"=HYPERLINK(""https://www.investors.playtech.com/~/media/Files/P/Playtech-IR-V2/documents/annual-reports/2025/2025-annual-report.pdf#page=126"",""p.126 of AR"")",2.0,
Plus500 Ltd,PLUS LN Equity,Financials,Financial Services,Capital Markets,Investment Banking & Brokerage,3098.9,FY2025,David Zruia,Chief Executive Officer (Executive Director),923000.0,USD,2308000.0,1917000.0,0.0,206000.0,,5354000.0,USD,False,Served the full year,plus500_ar_2025,https://cdn.plus500.com/Media/Investors/Reports/Plus500_FY_Annual_Report_2025.pdf,"=HYPERLINK(""https://cdn.plus500.com/Media/Investors/Reports/Plus500_FY_Annual_Report_2025.pdf#page=93"",""p.93 of AR"")",2.0,
Plus500 Ltd,PLUS LN Equity,Financials,Financial Services,Capital Markets,Investment Banking & Brokerage,3098.9,FY2025,Elad Even-Chen,"Executive Director (base service fee structure, indicating a consultancy/service arrangement)",923000.0,USD,2308000.0,1917000.0,0.0,206000.0,,5354000.0,USD,False,Served the full year,plus500_ar_2025,https://cdn.plus500.com/Media/Investors/Reports/Plus500_FY_Annual_Report_2025.pdf,"=HYPERLINK(""https://cdn.plus500.com/Media/Investors/Reports/Plus500_FY_Annual_Report_2025.pdf#page=93"",""p.93 of AR"")",2.0,
Plus500 Ltd,PLUS LN Equity,Financials,Financial Services,Capital Markets,Investment Banking & Brokerage,3098.9,FY2024,David Zruia,Chief Executive Officer (Executive Director),890000.0,USD,2226000.0,1654000.0,0.0,199000.0,,4969000.0,USD,False,Served the full year,plus500_ar_2025,https://cdn.plus500.com/Media/Investors/Reports/Plus500_FY_Annual_Report_2025.pdf,"=HYPERLINK(""https://cdn.plus500.com/Media/Investors/Reports/Plus500_FY_Annual_Report_2025.pdf#page=93"",""p.93 of AR"")",2.0,
Plus500 Ltd,PLUS LN Equity,Financials,Financial Services,Capital Markets,Investment Banking & Brokerage,3098.9,FY2024,Elad Even-Chen,Executive Director,890000.0,USD,2226000.0,1654000.0,0.0,199000.0,,4969000.0,USD,False,Served the full year,plus500_ar_2025,https://cdn.plus500.com/Media/Investors/Reports/Plus500_FY_Annual_Report_2025.pdf,"=HYPERLINK(""https://cdn.plus500.com/Media/Investors/Reports/Plus500_FY_Annual_Report_2025.pdf#page=93"",""p.93 of AR"")",2.0,
Pollen Street Group Limited,POLN LN Equity,Financials,Financial Services,Capital Markets,Asset Management & Custody Banks,495.5,FY2025,Lindsey McMurray,Chief Executive Officer (CEO),550000.0,GBP,1000000.0,0.0,0.0,12904.0,0.0,1562904.0,GBP,False,"Served full year. Annual bonus calculated at 183% of salary = £1,005,000; executive elected to round down to £1,000,000; equates to 91% of maximum opportunity of 200% of salary. No LTIP awards made. Pension nil.",pollen_street_group_limited_ar_2025,https://www.pollenstreetgroup.com/app/uploads/Pollen-Street-Group-Limited-Annual-Report-Accounts-2025.pdf,"=HYPERLINK(""https://www.pollenstreetgroup.com/app/uploads/Pollen-Street-Group-Limited-Annual-Report-Accounts-2025.pdf#page=102"",""p.102 of AR"")",2.0,
Pollen Street Group Limited,POLN LN Equity,Financials,Financial Services,Capital Markets,Asset Management & Custody Banks,495.5,FY2025,Lynn Fordham,Chair of the Board (incoming),79038.0,GBP,0.0,0.0,0.0,0.0,,79038.0,GBP,True,"Incoming Chair; received fees at a rate of £150,000 per annum, calculated on a pro-rated basis for the part of the year served.",pollen_street_group_limited_ar_2025,https://www.pollenstreetgroup.com/app/uploads/Pollen-Street-Group-Limited-Annual-Report-Accounts-2025.pdf,"=HYPERLINK(""https://www.pollenstreetgroup.com/app/uploads/Pollen-Street-Group-Limited-Annual-Report-Accounts-2025.pdf#page=102"",""p.102 of AR"")",2.0,
Pollen Street Group Limited,POLN LN Equity,Financials,Financial Services,Capital Markets,Asset Management & Custody Banks,495.5,FY2025,Robert Sharpe,Chair of the Board (outgoing),123141.0,GBP,0.0,0.0,0.0,0.0,,123141.0,GBP,True,"Outgoing Chair; received fees at a rate of £170,000 per annum, calculated on a pro-rated basis for the part of the year served.",pollen_street_group_limited_ar_2025,https://www.pollenstreetgroup.com/app/uploads/Pollen-Street-Group-Limited-Annual-Report-Accounts-2025.pdf,"=HYPERLINK(""https://www.pollenstreetgroup.com/app/uploads/Pollen-Street-Group-Limited-Annual-Report-Accounts-2025.pdf#page=102"",""p.102 of AR"")",2.0,
Pollen Street Group Limited,POLN LN Equity,Financials,Financial Services,Capital Markets,Asset Management & Custody Banks,495.5,FY2025,Gustavo Cardenas,Non-Executive Director,,,,,,,,0.0,GBP,False,All fields blank in the remuneration table; no data provided for this individual in FY2025.,pollen_street_group_limited_ar_2025,https://www.pollenstreetgroup.com/app/uploads/Pollen-Street-Group-Limited-Annual-Report-Accounts-2025.pdf,"=HYPERLINK(""https://www.pollenstreetgroup.com/app/uploads/Pollen-Street-Group-Limited-Annual-Report-Accounts-2025.pdf#page=102"",""p.102 of AR"")",2.0,
Pollen Street Group Limited,POLN LN Equity,Financials,Financial Services,Capital Markets,Asset Management & Custody Banks,495.5,FY2025,Jim Coyle,Non-Executive Director,85000.0,GBP,0.0,0.0,0.0,0.0,,85000.0,GBP,False,Appears to have served full year.,pollen_street_group_limited_ar_2025,https://www.pollenstreetgroup.com/app/uploads/Pollen-Street-Group-Limited-Annual-Report-Accounts-2025.pdf,"=HYPERLINK(""https://www.pollenstreetgroup.com/app/uploads/Pollen-Street-Group-Limited-Annual-Report-Accounts-2025.pdf#page=102"",""p.102 of AR"")",2.0,
Pollen Street Group Limited,POLN LN Equity,Financials,Financial Services,Capital Markets,Asset Management & Custody Banks,495.5,FY2025,James Gillies,Non-Executive Director,34250.0,GBP,0.0,0.0,0.0,0.0,,34250.0,GBP,True,"Amount of £34,250 is significantly below the standard NED base fee of £65,000 per annum, suggesting partial-year service; however, no explicit explanation is provided in the source report.",pollen_street_group_limited_ar_2025,https://www.pollenstreetgroup.com/app/uploads/Pollen-Street-Group-Limited-Annual-Report-Accounts-2025.pdf,"=HYPERLINK(""https://www.pollenstreetgroup.com/app/uploads/Pollen-Street-Group-Limited-Annual-Report-Accounts-2025.pdf#page=102"",""p.102 of AR"")",2.0,
Pollen Street Group Limited,POLN LN Equity,Financials,Financial Services,Capital Markets,Asset Management & Custody Banks,495.5,FY2025,Joanne Lake,Non-Executive Director,75000.0,GBP,0.0,0.0,0.0,0.0,,75000.0,GBP,False,"Appears to have served full year; fee comprises £65,000 base fee plus £10,000 committee chair fee.",pollen_street_group_limited_ar_2025,https://www.pollenstreetgroup.com/app/uploads/Pollen-Street-Group-Limited-Annual-Report-Accounts-2025.pdf,"=HYPERLINK(""https://www.pollenstreetgroup.com/app/uploads/Pollen-Street-Group-Limited-Annual-Report-Accounts-2025.pdf#page=102"",""p.102 of AR"")",2.0,
Pollen Street Group Limited,POLN LN Equity,Financials,Financial Services,Capital Markets,Asset Management & Custody Banks,495.5,FY2025,Richard Rowney,Non-Executive Director,75000.0,GBP,0.0,0.0,0.0,0.0,,75000.0,GBP,False,"Appears to have served full year; fee comprises £65,000 base fee plus £10,000 committee chair or SID fee.",pollen_street_group_limited_ar_2025,https://www.pollenstreetgroup.com/app/uploads/Pollen-Street-Group-Limited-Annual-Report-Accounts-2025.pdf,"=HYPERLINK(""https://www.pollenstreetgroup.com/app/uploads/Pollen-Street-Group-Limited-Annual-Report-Accounts-2025.pdf#page=102"",""p.102 of AR"")",2.0,
Pollen Street Group Limited,POLN LN Equity,Financials,Financial Services,Capital Markets,Asset Management & Custody Banks,495.5,FY2024,Lindsey McMurray,Chief Executive Officer (CEO),550000.0,GBP,650000.0,0.0,0.0,11509.0,0.0,1211509.0,GBP,False,"Served full year. Annual bonus equates to 59% of maximum opportunity of 200% of salary. No LTIP awards made. Pension nil. Benefits comprise private family medical insurance, life insurance and permanent health insurance.",pollen_street_group_limited_ar_2025,https://www.pollenstreetgroup.com/app/uploads/Pollen-Street-Group-Limited-Annual-Report-Accounts-2025.pdf,"=HYPERLINK(""https://www.pollenstreetgroup.com/app/uploads/Pollen-Street-Group-Limited-Annual-Report-Accounts-2025.pdf#page=102"",""p.102 of AR"")",2.0,
Pollen Street Group Limited,POLN LN Equity,Financials,Financial Services,Capital Markets,Asset Management & Custody Banks,495.5,FY2024,Robert Sharpe,Chair of the Board,170000.0,GBP,0.0,0.0,0.0,0.0,,170000.0,GBP,False,"Served full year at £170,000 per annum rate.",pollen_street_group_limited_ar_2025,https://www.pollenstreetgroup.com/app/uploads/Pollen-Street-Group-Limited-Annual-Report-Accounts-2025.pdf,"=HYPERLINK(""https://www.pollenstreetgroup.com/app/uploads/Pollen-Street-Group-Limited-Annual-Report-Accounts-2025.pdf#page=102"",""p.102 of AR"")",2.0,
Pollen Street Group Limited,POLN LN Equity,Financials,Financial Services,Capital Markets,Asset Management & Custody Banks,495.5,FY2024,Gustavo Cardenas,Non-Executive Director,,,,,,,,0.0,GBP,False,All fields blank in the remuneration table; no data provided for this individual in FY2024.,pollen_street_group_limited_ar_2025,https://www.pollenstreetgroup.com/app/uploads/Pollen-Street-Group-Limited-Annual-Report-Accounts-2025.pdf,"=HYPERLINK(""https://www.pollenstreetgroup.com/app/uploads/Pollen-Street-Group-Limited-Annual-Report-Accounts-2025.pdf#page=102"",""p.102 of AR"")",2.0,
Pollen Street Group Limited,POLN LN Equity,Financials,Financial Services,Capital Markets,Asset Management & Custody Banks,495.5,FY2024,Julian Dale,Non-Executive Director,157949.0,GBP,0.0,0.0,660.0,8220.0,,166829.0,GBP,True,"Amount below a full-year equivalent for a senior role; partial-year service implied. Does not appear in the FY2025 table, suggesting departure during or before FY2025. No explicit explanation provided in the source report. Role context (Non-Executive or Executive) unclear.",pollen_street_group_limited_ar_2025,https://www.pollenstreetgroup.com/app/uploads/Pollen-Street-Group-Limited-Annual-Report-Accounts-2025.pdf,"=HYPERLINK(""https://www.pollenstreetgroup.com/app/uploads/Pollen-Street-Group-Limited-Annual-Report-Accounts-2025.pdf#page=102"",""p.102 of AR"")",2.0,
Pollen Street Group Limited,POLN LN Equity,Financials,Financial Services,Capital Markets,Asset Management & Custody Banks,495.5,FY2024,Lucy Tilley,Non-Executive Director,249099.0,GBP,0.0,0.0,0.0,0.0,,249099.0,GBP,True,"Does not appear in the FY2025 table, suggesting departure during or before FY2025; partial-year service in FY2024 is possible. No explicit explanation provided in the source report. Role context (Non-Executive or Executive) unclear.",pollen_street_group_limited_ar_2025,https://www.pollenstreetgroup.com/app/uploads/Pollen-Street-Group-Limited-Annual-Report-Accounts-2025.pdf,"=HYPERLINK(""https://www.pollenstreetgroup.com/app/uploads/Pollen-Street-Group-Limited-Annual-Report-Accounts-2025.pdf#page=102"",""p.102 of AR"")",2.0,
Pollen Street Group Limited,POLN LN Equity,Financials,Financial Services,Capital Markets,Asset Management & Custody Banks,495.5,FY2024,Jim Coyle,Non-Executive Director,85000.0,GBP,0.0,0.0,0.0,0.0,,85000.0,GBP,False,Appears to have served full year.,pollen_street_group_limited_ar_2025,https://www.pollenstreetgroup.com/app/uploads/Pollen-Street-Group-Limited-Annual-Report-Accounts-2025.pdf,"=HYPERLINK(""https://www.pollenstreetgroup.com/app/uploads/Pollen-Street-Group-Limited-Annual-Report-Accounts-2025.pdf#page=102"",""p.102 of AR"")",2.0,
Pollen Street Group Limited,POLN LN Equity,Financials,Financial Services,Capital Markets,Asset Management & Custody Banks,495.5,FY2024,Joanne Lake,Non-Executive Director,75000.0,GBP,0.0,0.0,0.0,0.0,,75000.0,GBP,False,Appears to have served full year.,pollen_street_group_limited_ar_2025,https://www.pollenstreetgroup.com/app/uploads/Pollen-Street-Group-Limited-Annual-Report-Accounts-2025.pdf,"=HYPERLINK(""https://www.pollenstreetgroup.com/app/uploads/Pollen-Street-Group-Limited-Annual-Report-Accounts-2025.pdf#page=102"",""p.102 of AR"")",2.0,
Pollen Street Group Limited,POLN LN Equity,Financials,Financial Services,Capital Markets,Asset Management & Custody Banks,495.5,FY2024,Richard Rowney,Non-Executive Director,75000.0,GBP,0.0,0.0,0.0,0.0,,75000.0,GBP,False,Appears to have served full year.,pollen_street_group_limited_ar_2025,https://www.pollenstreetgroup.com/app/uploads/Pollen-Street-Group-Limited-Annual-Report-Accounts-2025.pdf,"=HYPERLINK(""https://www.pollenstreetgroup.com/app/uploads/Pollen-Street-Group-Limited-Annual-Report-Accounts-2025.pdf#page=102"",""p.102 of AR"")",2.0,
PPHE Hotel Group,PPH LN Equity,Consumer Discretionary,Consumer Services,Hotels Restaurants & Leisure,Hotels Resorts & Cruise Lines,661.4,FY2025,Boris Ivesha,President & Co-CEO,588574.0,GBP,120000.0,0.0,29429.0,17116.0,,755119.0,GBP,False,"Served full year. No share bonus received and LTIP marked N/A, consistent with position as a major shareholder.",pphe_hotel_group_ar_2025,https://www.pphe.com/~/media/Files/P/PPHE-Corp/documents/Downloadcenter/2026/PPHE_AR_2025.pdf,"=HYPERLINK(""https://www.pphe.com/~/media/Files/P/PPHE-Corp/documents/Downloadcenter/2026/PPHE_AR_2025.pdf#page=68"",""p.68 of AR"")",2.0,
PPHE Hotel Group,PPH LN Equity,Consumer Discretionary,Consumer Services,Hotels Restaurants & Leisure,Hotels Resorts & Cruise Lines,661.4,FY2025,Greg Hegarty,Co-CEO,523784.0,GBP,335520.0,0.0,26189.0,4521.0,,890014.0,GBP,False,"Served full year. LTIP arrangements entered into on 17 December 2025 relate to future awards (2026–2028), not a 2025 vesting. No LTIP vested in 2025.",pphe_hotel_group_ar_2025,https://www.pphe.com/~/media/Files/P/PPHE-Corp/documents/Downloadcenter/2026/PPHE_AR_2025.pdf,"=HYPERLINK(""https://www.pphe.com/~/media/Files/P/PPHE-Corp/documents/Downloadcenter/2026/PPHE_AR_2025.pdf#page=68"",""p.68 of AR"")",2.0,
PPHE Hotel Group,PPH LN Equity,Consumer Discretionary,Consumer Services,Hotels Restaurants & Leisure,Hotels Resorts & Cruise Lines,661.4,FY2025,Daniel Kos,CFO (Chief Financial Officer),498923.0,GBP,335520.0,0.0,19313.0,17835.0,,871592.0,GBP,False,"Served full year. Salary paid in EUR, converted for reporting purposes at €1.16:£1. LTIP arrangements entered into on 17 December 2025 relate to future awards (2026–2028), not a 2025 vesting. No LTIP vested in 2025.",pphe_hotel_group_ar_2025,https://www.pphe.com/~/media/Files/P/PPHE-Corp/documents/Downloadcenter/2026/PPHE_AR_2025.pdf,"=HYPERLINK(""https://www.pphe.com/~/media/Files/P/PPHE-Corp/documents/Downloadcenter/2026/PPHE_AR_2025.pdf#page=68"",""p.68 of AR"")",2.0,
PPHE Hotel Group,PPH LN Equity,Consumer Discretionary,Consumer Services,Hotels Restaurants & Leisure,Hotels Resorts & Cruise Lines,661.4,FY2024,Boris Ivesha,President & Co-CEO,573100.0,GBP,160538.0,0.0,28655.0,17116.0,,779409.0,GBP,False,"Served full year. No share bonus received and LTIP marked N/A, consistent with position as a major shareholder.",pphe_hotel_group_ar_2025,https://www.pphe.com/~/media/Files/P/PPHE-Corp/documents/Downloadcenter/2026/PPHE_AR_2025.pdf,"=HYPERLINK(""https://www.pphe.com/~/media/Files/P/PPHE-Corp/documents/Downloadcenter/2026/PPHE_AR_2025.pdf#page=68"",""p.68 of AR"")",2.0,
PPHE Hotel Group,PPH LN Equity,Consumer Discretionary,Consumer Services,Hotels Restaurants & Leisure,Hotels Resorts & Cruise Lines,661.4,FY2024,Greg Hegarty,Co-CEO,511009.0,GBP,308082.0,270497.0,25550.0,4521.0,,1119659.0,GBP,False,Served full year.,pphe_hotel_group_ar_2025,https://www.pphe.com/~/media/Files/P/PPHE-Corp/documents/Downloadcenter/2026/PPHE_AR_2025.pdf,"=HYPERLINK(""https://www.pphe.com/~/media/Files/P/PPHE-Corp/documents/Downloadcenter/2026/PPHE_AR_2025.pdf#page=68"",""p.68 of AR"")",2.0,
PPHE Hotel Group,PPH LN Equity,Consumer Discretionary,Consumer Services,Hotels Restaurants & Leisure,Hotels Resorts & Cruise Lines,661.4,FY2024,Daniel Kos,CFO (Chief Financial Officer),485889.0,GBP,308082.0,270497.0,19253.0,0.0,,1083721.0,GBP,False,"Served full year. Salary paid in EUR, converted for reporting purposes at €1.18:£1.",pphe_hotel_group_ar_2025,https://www.pphe.com/~/media/Files/P/PPHE-Corp/documents/Downloadcenter/2026/PPHE_AR_2025.pdf,"=HYPERLINK(""https://www.pphe.com/~/media/Files/P/PPHE-Corp/documents/Downloadcenter/2026/PPHE_AR_2025.pdf#page=68"",""p.68 of AR"")",2.0,
Premier Foods Plc,PFD LN Equity,Consumer Staples,Food Beverage & Tobacco,Food Products,Packaged Foods & Meats,1802.6,FY24/25,Alex Whitehouse,Chief Executive Officer (CEO),605000.0,GBP,892000.0,1213000.0,17000.0,42000.0,,2769000.0,GBP,False,Served full year (52 weeks ended 29 March 2025),premier_foods_ar_2025,https://www.premierfoods.co.uk/wp-content/uploads/2026/06/32390-Premier-Foods-AR2025-INTERACTIVE-020626-Dbl-pg.pdf?_gl=1*9s00w7*_up*MQ..*_ga*MjA2ODI4ODIyMi4xNzgwODIwNjEz*_ga_6RBRHP33EG*czE3ODA4MjA2MTMkbzEkZzAkdDE3ODA4MjA2MzMkajQwJGwwJGgw,"=HYPERLINK(""https://www.premierfoods.co.uk/wp-content/uploads/2026/06/32390-Premier-Foods-AR2025-INTERACTIVE-020626-Dbl-pg.pdf?_gl=1*9s00w7*_up*MQ..*_ga*MjA2ODI4ODIyMi4xNzgwODIwNjEz*_ga_6RBRHP33EG*czE3ODA4MjA2MTMkbzEkZzAkdDE3ODA4MjA2MzMkajQwJGwwJGgw#page=96"",""p.96 of AR"")",2.0,
Premier Foods Plc,PFD LN Equity,Consumer Staples,Food Beverage & Tobacco,Food Products,Packaged Foods & Meats,1802.6,FY24/25,Duncan Leggett,Chief Financial Officer (CFO),408000.0,GBP,462000.0,555000.0,17000.0,26000.0,,1468000.0,GBP,False,Served full year (52 weeks ended 29 March 2025),premier_foods_ar_2025,https://www.premierfoods.co.uk/wp-content/uploads/2026/06/32390-Premier-Foods-AR2025-INTERACTIVE-020626-Dbl-pg.pdf?_gl=1*9s00w7*_up*MQ..*_ga*MjA2ODI4ODIyMi4xNzgwODIwNjEz*_ga_6RBRHP33EG*czE3ODA4MjA2MTMkbzEkZzAkdDE3ODA4MjA2MzMkajQwJGwwJGgw,"=HYPERLINK(""https://www.premierfoods.co.uk/wp-content/uploads/2026/06/32390-Premier-Foods-AR2025-INTERACTIVE-020626-Dbl-pg.pdf?_gl=1*9s00w7*_up*MQ..*_ga*MjA2ODI4ODIyMi4xNzgwODIwNjEz*_ga_6RBRHP33EG*czE3ODA4MjA2MTMkbzEkZzAkdDE3ODA4MjA2MzMkajQwJGwwJGgw#page=96"",""p.96 of AR"")",2.0,
Premier Foods Plc,PFD LN Equity,Consumer Staples,Food Beverage & Tobacco,Food Products,Packaged Foods & Meats,1802.6,FY23/24,Alex Whitehouse,Chief Executive Officer (CEO),556000.0,GBP,833000.0,1157000.0,15000.0,41000.0,,2602000.0,GBP,False,Served full year (52 weeks ended 30 March 2024),premier_foods_ar_2025,https://www.premierfoods.co.uk/wp-content/uploads/2026/06/32390-Premier-Foods-AR2025-INTERACTIVE-020626-Dbl-pg.pdf?_gl=1*9s00w7*_up*MQ..*_ga*MjA2ODI4ODIyMi4xNzgwODIwNjEz*_ga_6RBRHP33EG*czE3ODA4MjA2MTMkbzEkZzAkdDE3ODA4MjA2MzMkajQwJGwwJGgw,"=HYPERLINK(""https://www.premierfoods.co.uk/wp-content/uploads/2026/06/32390-Premier-Foods-AR2025-INTERACTIVE-020626-Dbl-pg.pdf?_gl=1*9s00w7*_up*MQ..*_ga*MjA2ODI4ODIyMi4xNzgwODIwNjEz*_ga_6RBRHP33EG*czE3ODA4MjA2MTMkbzEkZzAkdDE3ODA4MjA2MzMkajQwJGwwJGgw#page=104"",""p.104 of AR"")",2.0,
Premier Foods Plc,PFD LN Equity,Consumer Staples,Food Beverage & Tobacco,Food Products,Packaged Foods & Meats,1802.6,FY23/24,Duncan Leggett,Chief Financial Officer (CFO),381000.0,GBP,477000.0,478000.0,15000.0,26000.0,,1377000.0,GBP,False,Served full year (52 weeks ended 30 March 2024),premier_foods_ar_2025,https://www.premierfoods.co.uk/wp-content/uploads/2026/06/32390-Premier-Foods-AR2025-INTERACTIVE-020626-Dbl-pg.pdf?_gl=1*9s00w7*_up*MQ..*_ga*MjA2ODI4ODIyMi4xNzgwODIwNjEz*_ga_6RBRHP33EG*czE3ODA4MjA2MTMkbzEkZzAkdDE3ODA4MjA2MzMkajQwJGwwJGgw,"=HYPERLINK(""https://www.premierfoods.co.uk/wp-content/uploads/2026/06/32390-Premier-Foods-AR2025-INTERACTIVE-020626-Dbl-pg.pdf?_gl=1*9s00w7*_up*MQ..*_ga*MjA2ODI4ODIyMi4xNzgwODIwNjEz*_ga_6RBRHP33EG*czE3ODA4MjA2MTMkbzEkZzAkdDE3ODA4MjA2MzMkajQwJGwwJGgw#page=104"",""p.104 of AR"")",2.0,
Primary Health Properties Plc,PHP LN Equity,,,,,2366.8,FY2025,Mark Davies,Chief Executive Officer,541000.0,GBP,812000.0,0.0,32000.0,2000.0,0.0,1387000.0,GBP,False,Served full year as CEO,primary_health_properties_ar_2025,https://www.phpgroup.co.uk/media/4xin3uke/primary-health-properties-plc-annual-report-2025.pdf,"=HYPERLINK(""https://www.phpgroup.co.uk/media/4xin3uke/primary-health-properties-plc-annual-report-2025.pdf#page=99"",""p.99 of AR"")",2.0,
Primary Health Properties Plc,PHP LN Equity,,,,,2366.8,FY2025,Richard Howell,Chief Financial Officer,399000.0,GBP,599000.0,88000.0,24000.0,2000.0,0.0,1112000.0,GBP,False,Served full year as CFO,primary_health_properties_ar_2025,https://www.phpgroup.co.uk/media/4xin3uke/primary-health-properties-plc-annual-report-2025.pdf,"=HYPERLINK(""https://www.phpgroup.co.uk/media/4xin3uke/primary-health-properties-plc-annual-report-2025.pdf#page=99"",""p.99 of AR"")",2.0,
Primary Health Properties Plc,PHP LN Equity,,,,,2366.8,FY2024,Mark Davies,Chief Executive Officer (from 24 April 2024),416000.0,GBP,322000.0,0.0,22000.0,1000.0,0.0,761000.0,GBP,True,"Appointed CEO from 24 April 2024 (date of AGM); bonus pro-rated accordingly; salary figure includes £56,535 consultancy fee received prior to formal appointment",primary_health_properties_ar_2025,https://www.phpgroup.co.uk/media/4xin3uke/primary-health-properties-plc-annual-report-2025.pdf,"=HYPERLINK(""https://www.phpgroup.co.uk/media/4xin3uke/primary-health-properties-plc-annual-report-2025.pdf#page=99"",""p.99 of AR"")",2.0,
Primary Health Properties Plc,PHP LN Equity,,,,,2366.8,FY2024,Harry Hyman,Chief Executive Officer (until 24 April 2024),142000.0,GBP,133000.0,0.0,0.0,2000.0,0.0,276000.0,GBP,True,Stepped down as CEO at the AGM on 24 April 2024; salary and bonus pro-rated for period served,primary_health_properties_ar_2025,https://www.phpgroup.co.uk/media/4xin3uke/primary-health-properties-plc-annual-report-2025.pdf,"=HYPERLINK(""https://www.phpgroup.co.uk/media/4xin3uke/primary-health-properties-plc-annual-report-2025.pdf#page=99"",""p.99 of AR"")",2.0,
Primary Health Properties Plc,PHP LN Equity,,,,,2366.8,FY2024,Richard Howell,Chief Financial Officer,387000.0,GBP,348000.0,182000.0,23000.0,2000.0,0.0,942000.0,GBP,False,Served full year as CFO,primary_health_properties_ar_2025,https://www.phpgroup.co.uk/media/4xin3uke/primary-health-properties-plc-annual-report-2025.pdf,"=HYPERLINK(""https://www.phpgroup.co.uk/media/4xin3uke/primary-health-properties-plc-annual-report-2025.pdf#page=99"",""p.99 of AR"")",2.0,
Prudential Plc,PRU LN Equity,Financials,Insurance,Insurance,Life & Health Insurance,28461.3,FY2025,Anil Wadhwani,Chief Executive Officer,1575000.0,USD,2580000.0,3581000.0,207000.0,635000.0,0.0,8578000.0,USD,False,Served full year,prudential_ar_2025,https://www.prudentialplc.com/content/dam/prudential-plc/investor/results-and-reports/lastest-annual-report/prudential-plc-ar-2025.pdf,"=HYPERLINK(""https://www.prudentialplc.com/content/dam/prudential-plc/investor/results-and-reports/lastest-annual-report/prudential-plc-ar-2025.pdf#page=217"",""p.217 of AR"")",2.0,
Prudential Plc,PRU LN Equity,Financials,Insurance,Insurance,Life & Health Insurance,28461.3,FY2024,Anil Wadhwani,Chief Executive Officer,1574000.0,USD,2801000.0,0.0,207000.0,503000.0,1439000.0,6524000.0,USD,False,Served full year,prudential_ar_2025,https://www.prudentialplc.com/content/dam/prudential-plc/investor/results-and-reports/lastest-annual-report/prudential-plc-ar-2025.pdf,"=HYPERLINK(""https://www.prudentialplc.com/content/dam/prudential-plc/investor/results-and-reports/lastest-annual-report/prudential-plc-ar-2025.pdf#page=217"",""p.217 of AR"")",2.0,
Qinetiq Group Plc,QQ/ LN Equity,Industrials,Capital Goods,Aerospace & Defense,Aerospace & Defense,2141.4,FY25,Steve Wadey,Chief Executive Officer (CEO),719000.0,GBP,0.0,688000.0,76000.0,85000.0,0.0,1567000.0,GBP,False,"Served full year FY25 (year ended 31 March 2025). Annual bonus formulaic outcome of £748,088 reduced to zero by Committee discretion, reflecting overall company performance and shareholder experience. LTIP comprises Deferred Share Plan vesting of 159,198 shares at 408.4p three-month average, including £37,810 dividend equivalents and £169,227 share price appreciation. Benefits comprise: Taxable expenses £38,000; Travel & car allowance £19,000; Insurance benefit £28,000. Pension is cash in lieu at 10.5% of base salary.",qinetiq_group_ar_2025,https://www.qinetiq.com/-/media/23f13013973e438f9cc8ce678bc18161.ashx,"=HYPERLINK(""https://www.qinetiq.com/-/media/23f13013973e438f9cc8ce678bc18161.ashx#page=126"",""p.126 of AR"")",2.0,
Qinetiq Group Plc,QQ/ LN Equity,Industrials,Capital Goods,Aerospace & Defense,Aerospace & Defense,2141.4,FY25,Martin Cooper,Chief Financial Officer (CFO),265000.0,GBP,0.0,0.0,28000.0,11000.0,0.0,304000.0,GBP,True,"Appointed as CFO on 2 September 2024; salary and all fixed pay components reflect approximately 7 months of service in FY25. Annual bonus formulaic outcome of £270,325 reduced to zero by Committee discretion. Benefits comprise: Taxable expenses £0; Travel & car allowance £8,000; Insurance benefit £3,000. Pension is cash in lieu at 10.5% of base salary.",qinetiq_group_ar_2025,https://www.qinetiq.com/-/media/23f13013973e438f9cc8ce678bc18161.ashx,"=HYPERLINK(""https://www.qinetiq.com/-/media/23f13013973e438f9cc8ce678bc18161.ashx#page=119"",""p.119 of AR"")",2.0,
Qinetiq Group Plc,QQ/ LN Equity,Industrials,Capital Goods,Aerospace & Defense,Aerospace & Defense,2141.4,FY25,Carol Borg,Former Chief Financial Officer (Former CFO),19000.0,GBP,0.0,998000.0,2000.0,3000.0,0.0,1022000.0,GBP,True,"Left on 16 April 2024, approximately 16 days into FY25. Salary and fixed pay reflect only that brief period of service. DSP vesting of 37,489 shares (£162,000) is on a pro-rata basis reflecting her tenure. Compensation Share Plan vesting of £836,000 also included in LTIP total.",qinetiq_group_ar_2025,https://www.qinetiq.com/-/media/23f13013973e438f9cc8ce678bc18161.ashx,"=HYPERLINK(""https://www.qinetiq.com/-/media/23f13013973e438f9cc8ce678bc18161.ashx#page=119"",""p.119 of AR"")",2.0,
Qinetiq Group Plc,QQ/ LN Equity,Industrials,Capital Goods,Aerospace & Defense,Aerospace & Defense,2141.4,FY24,Steve Wadey,Chief Executive Officer (CEO),689000.0,GBP,1180000.0,1802000.0,72000.0,87000.0,0.0,2929000.0,GBP,False,Served full year FY24 (year ended 31 March 2024).,qinetiq_group_ar_2025,https://www.qinetiq.com/-/media/23f13013973e438f9cc8ce678bc18161.ashx,"=HYPERLINK(""https://www.qinetiq.com/-/media/23f13013973e438f9cc8ce678bc18161.ashx#page=119"",""p.119 of AR"")",2.0,
Qinetiq Group Plc,QQ/ LN Equity,Industrials,Capital Goods,Aerospace & Defense,Aerospace & Defense,2141.4,FY24,Martin Cooper,Chief Financial Officer (CFO),0.0,GBP,0.0,0.0,0.0,0.0,0.0,0.0,GBP,False,Not yet appointed in FY24; appointed 2 September 2024 (in FY25). No remuneration received in FY24.,qinetiq_group_ar_2025,https://www.qinetiq.com/-/media/23f13013973e438f9cc8ce678bc18161.ashx,"=HYPERLINK(""https://www.qinetiq.com/-/media/23f13013973e438f9cc8ce678bc18161.ashx#page=119"",""p.119 of AR"")",2.0,
Qinetiq Group Plc,QQ/ LN Equity,Industrials,Capital Goods,Aerospace & Defense,Aerospace & Defense,2141.4,FY24,Carol Borg,Chief Financial Officer (CFO),448000.0,GBP,744000.0,0.0,47000.0,69000.0,0.0,1308000.0,GBP,False,Served as CFO throughout the full FY24 year (year ended 31 March 2024); departed 16 April 2024 (early FY25).,qinetiq_group_ar_2025,https://www.qinetiq.com/-/media/23f13013973e438f9cc8ce678bc18161.ashx,"=HYPERLINK(""https://www.qinetiq.com/-/media/23f13013973e438f9cc8ce678bc18161.ashx#page=119"",""p.119 of AR"")",2.0,
Quilter Plc,QLT LN Equity,Financials,Financial Services,Capital Markets,Asset Management & Custody Banks,2471.8,2024,Steven Levin,Chief Executive Officer,590000.0,GBP,911000.0,298000.0,59000.0,9200.0,0.0,1867200.0,GBP,False,,quilter_ar_2024,https://plc.quilter.com/4957e8/siteassets/documents/reports/annual-report-2025.pdf,"=HYPERLINK(""https://plc.quilter.com/4957e8/siteassets/documents/reports/annual-report-2025.pdf#page=94"",""p.94 of AR"")",2.0,
Quilter Plc,QLT LN Equity,Financials,Financial Services,Capital Markets,Asset Management & Custody Banks,2471.8,2024,Mark Satchel,Chief Financial Officer,472500.0,GBP,701000.0,670500.0,47300.0,7800.0,0.0,1899100.0,GBP,False,,quilter_ar_2024,https://plc.quilter.com/4957e8/siteassets/documents/reports/annual-report-2025.pdf,"=HYPERLINK(""https://plc.quilter.com/4957e8/siteassets/documents/reports/annual-report-2025.pdf#page=94"",""p.94 of AR"")",2.0,
Quilter Plc,QLT LN Equity,Financials,Financial Services,Capital Markets,Asset Management & Custody Banks,2471.8,2023,Steven Levin,Chief Executive Officer,575000.0,GBP,745000.0,187800.0,57500.0,8600.0,7500.0,1581400.0,GBP,False,,quilter_ar_2024,https://plc.quilter.com/4957e8/siteassets/documents/reports/annual-report-2025.pdf,"=HYPERLINK(""https://plc.quilter.com/4957e8/siteassets/documents/reports/annual-report-2025.pdf#page=94"",""p.94 of AR"")",2.0,
Quilter Plc,QLT LN Equity,Financials,Financial Services,Capital Markets,Asset Management & Custody Banks,2471.8,2023,Mark Satchel,Chief Financial Officer,466900.0,GBP,595000.0,422600.0,46700.0,7200.0,7500.0,1545900.0,GBP,False,,quilter_ar_2024,https://plc.quilter.com/4957e8/siteassets/documents/reports/annual-report-2025.pdf,"=HYPERLINK(""https://plc.quilter.com/4957e8/siteassets/documents/reports/annual-report-2025.pdf#page=94"",""p.94 of AR"")",2.0,
Quilter Plc,QLT LN Equity,Financials,Financial Services,Capital Markets,Asset Management & Custody Banks,2471.8,FY2025,Steven Levin,Chief Executive Officer,617500.0,GBP,1031000.0,2434600.0,61800.0,9900.0,,4154700.0,GBP,False,"Served full year. Base salary was £595,000 until 31 March 2025, then increased to £625,000 from 1 April 2025, resulting in a blended full-year total received of £617,500. STI outcome was 83% of maximum, equivalent to 167% of salary. LTIP relates to the 2023 LTI award vesting at 97.4% of maximum following a three-year performance period ending 31 December 2025; awards will formally vest on 3 April 2026 and are subject to a minimum two-year post-vesting holding period. Pension set at 10% of base salary, consistent with wider workforce, payable as employer pension contributions and/or cash in lieu. A further salary increase to £750,000 has been approved effective 1 April 2026 and is not reflected in FY2025 figures. All figures sourced from the audited Single figure for total remuneration table on page 94 of the report.",quilter_ar_2025,https://plc.quilter.com/4957e8/siteassets/documents/reports/annual-report-2025.pdf,"=HYPERLINK(""https://plc.quilter.com/4957e8/siteassets/documents/reports/annual-report-2025.pdf#page=86"",""p.86 of AR"")",2.0,
Quilter Plc,QLT LN Equity,Financials,Financial Services,Capital Markets,Asset Management & Custody Banks,2471.8,FY2025,Mark Satchel,Chief Financial Officer,483000.0,GBP,797000.0,2000600.0,48300.0,8300.0,,3337200.0,GBP,False,"Served full year. Base salary was £472,500 until 31 March 2025, then increased to £486,500 from 1 April 2025, resulting in a blended full-year total received of £483,000. STI outcome was 83% of maximum, equivalent to 165% of salary. LTIP relates to the 2023 LTI award vesting at 97.4% of maximum following a three-year performance period ending 31 December 2025; awards will formally vest on 3 April 2026 and are subject to a minimum two-year post-vesting holding period. Pension set at 10% of base salary, consistent with wider workforce, payable as employer pension contributions and/or cash in lieu. A further salary increase to £506,000 has been approved effective 1 April 2026 and is not reflected in FY2025 figures. All figures sourced from the audited Single figure for total remuneration table on page 94 of the report.",quilter_ar_2025,https://plc.quilter.com/4957e8/siteassets/documents/reports/annual-report-2025.pdf,"=HYPERLINK(""https://plc.quilter.com/4957e8/siteassets/documents/reports/annual-report-2025.pdf#page=86"",""p.86 of AR"")",2.0,
Quilter Plc,QLT LN Equity,Financials,Financial Services,Capital Markets,Asset Management & Custody Banks,2471.8,FY2024,Steven Levin,Chief Executive Officer,590000.0,GBP,911000.0,319500.0,59000.0,9200.0,,1888700.0,GBP,False,Served full year. All figures sourced from the audited Single figure for total remuneration table on page 94 of the report.,quilter_ar_2025,https://plc.quilter.com/4957e8/siteassets/documents/reports/annual-report-2025.pdf,"=HYPERLINK(""https://plc.quilter.com/4957e8/siteassets/documents/reports/annual-report-2025.pdf#page=86"",""p.86 of AR"")",2.0,
Quilter Plc,QLT LN Equity,Financials,Financial Services,Capital Markets,Asset Management & Custody Banks,2471.8,FY2024,Mark Satchel,Chief Financial Officer,472500.0,GBP,701000.0,718900.0,47300.0,7800.0,,1947500.0,GBP,False,Served full year. All figures sourced from the audited Single figure for total remuneration table on page 94 of the report.,quilter_ar_2025,https://plc.quilter.com/4957e8/siteassets/documents/reports/annual-report-2025.pdf,"=HYPERLINK(""https://plc.quilter.com/4957e8/siteassets/documents/reports/annual-report-2025.pdf#page=86"",""p.86 of AR"")",2.0,
Rank Group Plc,RNK LN Equity,Consumer Discretionary,Consumer Services,Hotels Restaurants & Leisure,Casinos & Gaming,453.4,FY2024/25,John O'Reilly,Chief Executive Officer,551668.0,GBP,905080.0,47005.0,16363.0,24818.0,,1544933.0,GBP,False,Served full year,rank_group_ar_2025,https://wp-rankgroup-2024.s3.eu-west-2.amazonaws.com/media/2025/09/Rank-Group-Annual-Report-and-Financial-Statements-2025.pdf,"=HYPERLINK(""https://wp-rankgroup-2024.s3.eu-west-2.amazonaws.com/media/2025/09/Rank-Group-Annual-Report-and-Financial-Statements-2025.pdf#page=159"",""p.159 of AR"")",2.0,
Rank Group Plc,RNK LN Equity,Consumer Discretionary,Consumer Services,Hotels Restaurants & Leisure,Casinos & Gaming,453.4,FY2024/25,Richard Harris,Chief Financial Officer,381100.0,GBP,482330.0,24163.0,11246.0,14845.0,,913685.0,GBP,False,Served full year,rank_group_ar_2025,https://wp-rankgroup-2024.s3.eu-west-2.amazonaws.com/media/2025/09/Rank-Group-Annual-Report-and-Financial-Statements-2025.pdf,"=HYPERLINK(""https://wp-rankgroup-2024.s3.eu-west-2.amazonaws.com/media/2025/09/Rank-Group-Annual-Report-and-Financial-Statements-2025.pdf#page=159"",""p.159 of AR"")",2.0,
Rank Group Plc,RNK LN Equity,Consumer Discretionary,Consumer Services,Hotels Restaurants & Leisure,Casinos & Gaming,453.4,FY2023/24,John O'Reilly,Chief Executive Officer,539617.0,GBP,542841.0,0.0,16001.0,25075.0,,1123534.0,GBP,False,Served full year,rank_group_ar_2025,https://wp-rankgroup-2024.s3.eu-west-2.amazonaws.com/media/2025/09/Rank-Group-Annual-Report-and-Financial-Statements-2025.pdf,"=HYPERLINK(""https://wp-rankgroup-2024.s3.eu-west-2.amazonaws.com/media/2025/09/Rank-Group-Annual-Report-and-Financial-Statements-2025.pdf#page=159"",""p.159 of AR"")",2.0,
Rank Group Plc,RNK LN Equity,Consumer Discretionary,Consumer Services,Hotels Restaurants & Leisure,Casinos & Gaming,453.4,FY2023/24,Richard Harris,Chief Financial Officer,372775.0,GBP,300002.0,0.0,10996.0,14554.0,,698327.0,GBP,False,Served full year,rank_group_ar_2025,https://wp-rankgroup-2024.s3.eu-west-2.amazonaws.com/media/2025/09/Rank-Group-Annual-Report-and-Financial-Statements-2025.pdf,"=HYPERLINK(""https://wp-rankgroup-2024.s3.eu-west-2.amazonaws.com/media/2025/09/Rank-Group-Annual-Report-and-Financial-Statements-2025.pdf#page=159"",""p.159 of AR"")",2.0,
Raspberry Pi Holdings Plc,RPI LN Equity,Information Technology,Technology Hardware & Equipment,Technology Hardware Storage & Peripherals,Technology Hardware Storage & Peripherals,1360.7,FY2025,Eben Upton,Chief Executive Officer (CEO),459000.0,GBP,347000.0,0.0,37000.0,2000.0,,845000.0,GBP,False,"Served full year in FY2025. Annual bonus of £347,000 represents 50.4% of maximum; maximum was 150% of salary (£688,500). One-third of bonus deferred into shares for 3 years, two-thirds paid in cash. Pension paid as 8% of salary cash allowance. No Admission Awards vested in 2025. 2025 LTIP grant of 187,346 shares at £4.90 (face value £918,000) awarded 14 May 2025; performance period ends 31 December 2027 — not yet vested and not included in single figure.",raspberry_pi_holdings_ar_2025,https://investors.raspberrypi.com/reports/44/document,"=HYPERLINK(""https://investors.raspberrypi.com/reports/44/document#page=74"",""p.74 of AR"")",2.0,
Raspberry Pi Holdings Plc,RPI LN Equity,Information Technology,Technology Hardware & Equipment,Technology Hardware Storage & Peripherals,Technology Hardware Storage & Peripherals,1360.7,FY2025,Richard Boult,Chief Financial Officer (CFO),357000.0,GBP,270000.0,0.0,29000.0,2000.0,,658000.0,GBP,False,"Served full year in FY2025. Annual bonus of £270,000 represents 50.4% of maximum; maximum was 150% of salary (£535,500). Entire bonus paid in cash (no deferral) given planned 2026 departure, per Remuneration Committee discretion. Pension paid as 8% of salary cash allowance. No Admission Awards vested in 2025. 2025 LTIP grant of 145,714 shares at £4.90 (face value £714,000) awarded 14 May 2025; performance period ends 31 December 2027 — not yet vested and not included in single figure. Richard Boult announced departure planned in 2026; he will not receive a 2026 LTIP award but remains eligible for a pro-rated 2026 bonus. His Admission Awards will vest on his leaving date per Committee determination.",raspberry_pi_holdings_ar_2025,https://investors.raspberrypi.com/reports/44/document,"=HYPERLINK(""https://investors.raspberrypi.com/reports/44/document#page=74"",""p.74 of AR"")",2.0,
Raspberry Pi Holdings Plc,RPI LN Equity,Information Technology,Technology Hardware & Equipment,Technology Hardware Storage & Peripherals,Technology Hardware Storage & Peripherals,1360.7,FY2024,Eben Upton,Chief Executive Officer (CEO),358000.0,GBP,54000.0,561000.0,29000.0,1000.0,,1003000.0,GBP,True,"Partial year as a listed company. Raspberry Pi Holdings plc listed on the London Stock Exchange in June 2024 (IPO/Admission); salary and certain remuneration elements reflect the period from Admission. Annual bonus of £54,000 represents 10% of maximum pay-out. LTIP figure of £561,000 represents the fair value of Admission Awards (market value options) granted at IPO listing in June 2024, included in the 2024 single figure. Salary increase took effect part-way through 2024 upon listing, contributing to the 28% year-on-year salary increase shown in the 2025 vs 2024 comparison.",raspberry_pi_holdings_ar_2025,https://investors.raspberrypi.com/reports/44/document,"=HYPERLINK(""https://investors.raspberrypi.com/reports/44/document#page=76"",""p.76 of AR"")",2.0,
Raspberry Pi Holdings Plc,RPI LN Equity,Information Technology,Technology Hardware & Equipment,Technology Hardware Storage & Peripherals,Technology Hardware Storage & Peripherals,1360.7,FY2024,Richard Boult,Chief Financial Officer (CFO),275000.0,GBP,42000.0,573000.0,22000.0,1000.0,,913000.0,GBP,True,"Partial year as a listed company. Raspberry Pi Holdings plc listed on the London Stock Exchange in June 2024 (IPO/Admission); salary and certain remuneration elements reflect the period from Admission. Annual bonus of £42,000 represents 10% of maximum pay-out. LTIP figure of £573,000 represents the fair value of Admission Awards (market value options) granted at IPO listing in June 2024, included in the 2024 single figure. Salary increase took effect part-way through 2024 upon listing, contributing to the 30% year-on-year salary increase shown in the 2025 vs 2024 comparison.",raspberry_pi_holdings_ar_2025,https://investors.raspberrypi.com/reports/44/document,"=HYPERLINK(""https://investors.raspberrypi.com/reports/44/document#page=76"",""p.76 of AR"")",2.0,
Rathbones Group Plc,RAT LN Equity,Financials,Financial Services,Capital Markets,Asset Management & Custody Banks,2023.3,FY2025,Jonathan Edward Sorrell,Group Chief Executive Officer (CEO designate from 1 July 2025; appointed Group CEO and Executive Director on 18 August 2025),350000.0,GBP,262000.0,0.0,0.0,1000.0,3105000.0,3718000.0,GBP,True,"Joined Rathbones on 1 July 2025 as CEO designate; appointed to the Board and succeeded Paul Stockton as Group CEO on 18 August 2025. Fixed pay and annual bonus reflect the period from 1 July 2025 only. Full-year fixed pay is set at £784,000.",rathbones_group_ar_2025,https://content.rathbones.com/Rathbones/Annual%20Report%20and%20Accounts%202025%20-%20Rathbones%20Group%20Plc.PDF,"=HYPERLINK(""https://content.rathbones.com/Rathbones/Annual%20Report%20and%20Accounts%202025%20-%20Rathbones%20Group%20Plc.PDF#page=100"",""p.100 of AR"")",1.0,
Rathbones Group Plc,RAT LN Equity,Financials,Financial Services,Capital Markets,Asset Management & Custody Banks,2023.3,FY2025,Iain William Hooley,Group Chief Financial Officer (CFO),437000.0,GBP,292000.0,0.0,0.0,58000.0,10000.0,797000.0,GBP,True,Appointed Group Chief Financial Officer on 1 January 2025 (no prior year comparative available in this capacity as CFO; 2024 data shown separately reflects his first year as CFO).,rathbones_group_ar_2025,https://content.rathbones.com/Rathbones/Annual%20Report%20and%20Accounts%202025%20-%20Rathbones%20Group%20Plc.PDF,"=HYPERLINK(""https://content.rathbones.com/Rathbones/Annual%20Report%20and%20Accounts%202025%20-%20Rathbones%20Group%20Plc.PDF#page=100"",""p.100 of AR"")",1.0,
Rathbones Group Plc,RAT LN Equity,Financials,Financial Services,Capital Markets,Asset Management & Custody Banks,2023.3,FY2025,Richard Paul Stockton,Group Chief Executive Officer (served 1 January to 18 August 2025; stepped down from Board on 18 August 2025 upon Jonathan Sorrell's appointment),390000.0,GBP,310000.0,393000.0,0.0,2000.0,8000.0,1103000.0,GBP,True,"Served as Group CEO from 1 January to 18 August 2025 only. Stepped down from the Board on 18 August 2025 upon regulatory approval of Jonathan Sorrell's appointment. Treated as a 'good leaver'; continues to receive fixed pay and benefits through 18 August 2026 (notice period). Annual bonus covers the period 1 January to 18 August 2025. Post-board payments (18 August to 31 December 2025) of £230,951 (fixed pay £227,597 + benefits £3,355) are disclosed separately as payments to past directors.",rathbones_group_ar_2025,https://content.rathbones.com/Rathbones/Annual%20Report%20and%20Accounts%202025%20-%20Rathbones%20Group%20Plc.PDF,"=HYPERLINK(""https://content.rathbones.com/Rathbones/Annual%20Report%20and%20Accounts%202025%20-%20Rathbones%20Group%20Plc.PDF#page=107"",""p.107 of AR"")",2.0,
Rathbones Group Plc,RAT LN Equity,Financials,Financial Services,Capital Markets,Asset Management & Custody Banks,2023.3,FY2024,Iain William Hooley,Group Chief Financial Officer (CFO),437000.0,GBP,352000.0,0.0,0.0,59000.0,8000.0,856000.0,GBP,False,Full year as CFO in 2024.,rathbones_group_ar_2025,https://content.rathbones.com/Rathbones/Annual%20Report%20and%20Accounts%202025%20-%20Rathbones%20Group%20Plc.PDF,"=HYPERLINK(""https://content.rathbones.com/Rathbones/Annual%20Report%20and%20Accounts%202025%20-%20Rathbones%20Group%20Plc.PDF#page=100"",""p.100 of AR"")",1.0,
Rathbones Group Plc,RAT LN Equity,Financials,Financial Services,Capital Markets,Asset Management & Custody Banks,2023.3,FY2024,Richard Paul Stockton,Group Chief Executive Officer (CEO),618000.0,GBP,498000.0,411000.0,0.0,3000.0,10000.0,1540000.0,GBP,False,"Full year as CEO in 2024. Note: the 2024 RSP value of £411,000 has been restated from the figure reported in the prior year's report to reflect the actual share price at the date of vesting (£16.42).",rathbones_group_ar_2025,https://content.rathbones.com/Rathbones/Annual%20Report%20and%20Accounts%202025%20-%20Rathbones%20Group%20Plc.PDF,"=HYPERLINK(""https://content.rathbones.com/Rathbones/Annual%20Report%20and%20Accounts%202025%20-%20Rathbones%20Group%20Plc.PDF#page=100"",""p.100 of AR"")",1.0,
Reckitt Benckiser Group Plc,RKT LN Equity,Consumer Staples,Household & Personal Products,Household Products,Household Products,29428.0,FY2025,Kris Licht,Chief Executive Officer,,GBP,,,,,,5800000.0,GBP,False,Served full year; no pro-rata adjustment applicable,reckitt_benckiser_group_ar_2025,https://eu-assets.contentstack.com/v3/assets/blt93c8bc7a598af9f0/blt3a6f2cd6ab14bf47/69c2b35aa17ac75c0a18f6f2/Reckitt_Annual_Report_and_Accounts_2025_(2).pdf,"=HYPERLINK(""https://eu-assets.contentstack.com/v3/assets/blt93c8bc7a598af9f0/blt3a6f2cd6ab14bf47/69c2b35aa17ac75c0a18f6f2/Reckitt_Annual_Report_and_Accounts_2025_(2).pdf#page=108"",""p.108 of AR"")",2.0,
Reckitt Benckiser Group Plc,RKT LN Equity,Consumer Staples,Household & Personal Products,Household Products,Household Products,29428.0,FY2025,Unknown — not named in the provided text,Chief Financial Officer,,GBP,,,,,,,GBP,False,Pro-rata status not indicated in the provided text,reckitt_benckiser_group_ar_2025,https://eu-assets.contentstack.com/v3/assets/blt93c8bc7a598af9f0/blt3a6f2cd6ab14bf47/69c2b35aa17ac75c0a18f6f2/Reckitt_Annual_Report_and_Accounts_2025_(2).pdf,"=HYPERLINK(""https://eu-assets.contentstack.com/v3/assets/blt93c8bc7a598af9f0/blt3a6f2cd6ab14bf47/69c2b35aa17ac75c0a18f6f2/Reckitt_Annual_Report_and_Accounts_2025_(2).pdf#page=86"",""p.86 of AR"")",1.0,
Reckitt Benckiser Group Plc,RKT LN Equity,Consumer Staples,Household & Personal Products,Household Products,Household Products,29428.0,FY2024,Kris Licht,Chief Executive Officer,,GBP,,,,,,5842000.0,GBP,False,Served full year; no pro-rata adjustment applicable,reckitt_benckiser_group_ar_2025,https://eu-assets.contentstack.com/v3/assets/blt93c8bc7a598af9f0/blt3a6f2cd6ab14bf47/69c2b35aa17ac75c0a18f6f2/Reckitt_Annual_Report_and_Accounts_2025_(2).pdf,"=HYPERLINK(""https://eu-assets.contentstack.com/v3/assets/blt93c8bc7a598af9f0/blt3a6f2cd6ab14bf47/69c2b35aa17ac75c0a18f6f2/Reckitt_Annual_Report_and_Accounts_2025_(2).pdf#page=108"",""p.108 of AR"")",2.0,
Reckitt Benckiser Group Plc,RKT LN Equity,Consumer Staples,Household & Personal Products,Household Products,Household Products,29428.0,FY2024,Unknown — not named in the provided text,Chief Financial Officer,,GBP,,,,,,,GBP,False,Pro-rata status not indicated in the provided text,reckitt_benckiser_group_ar_2025,https://eu-assets.contentstack.com/v3/assets/blt93c8bc7a598af9f0/blt3a6f2cd6ab14bf47/69c2b35aa17ac75c0a18f6f2/Reckitt_Annual_Report_and_Accounts_2025_(2).pdf,"=HYPERLINK(""https://eu-assets.contentstack.com/v3/assets/blt93c8bc7a598af9f0/blt3a6f2cd6ab14bf47/69c2b35aa17ac75c0a18f6f2/Reckitt_Annual_Report_and_Accounts_2025_(2).pdf#page=86"",""p.86 of AR"")",1.0,
RELX Plc,REL LN Equity,Industrials,Commercial & Professional Services,Professional Services,Research & Consulting Services,42915.5,FY2025,Erik Engstrom,Chief Executive Officer (CEO),1448000.0,GBP,2338000.0,7390000.0,159000.0,100000.0,,11436000.0,GBP,False,Served full year,relx_ar_2025,https://www.relx.com/~/media/Files/R/RELX-Group/documents/reports/annual-reports/relx-2025-annual-report.pdf,"=HYPERLINK(""https://www.relx.com/~/media/Files/R/RELX-Group/documents/reports/annual-reports/relx-2025-annual-report.pdf#page=104"",""p.104 of AR"")",2.0,
RELX Plc,REL LN Equity,Industrials,Commercial & Professional Services,Professional Services,Research & Consulting Services,42915.5,FY2025,Nick Luff,Chief Financial Officer (CFO),911000.0,GBP,1472000.0,3626000.0,100000.0,15000.0,,6125000.0,GBP,False,Served full year,relx_ar_2025,https://www.relx.com/~/media/Files/R/RELX-Group/documents/reports/annual-reports/relx-2025-annual-report.pdf,"=HYPERLINK(""https://www.relx.com/~/media/Files/R/RELX-Group/documents/reports/annual-reports/relx-2025-annual-report.pdf#page=104"",""p.104 of AR"")",2.0,
RELX Plc,REL LN Equity,Industrials,Commercial & Professional Services,Professional Services,Research & Consulting Services,42915.5,FY2024,Erik Engstrom,Chief Executive Officer (CEO),1413000.0,GBP,2250000.0,10686000.0,155000.0,94000.0,,14599000.0,GBP,False,Served full year,relx_ar_2025,https://www.relx.com/~/media/Files/R/RELX-Group/documents/reports/annual-reports/relx-2025-annual-report.pdf,"=HYPERLINK(""https://www.relx.com/~/media/Files/R/RELX-Group/documents/reports/annual-reports/relx-2025-annual-report.pdf#page=104"",""p.104 of AR"")",2.0,
RELX Plc,REL LN Equity,Industrials,Commercial & Professional Services,Professional Services,Research & Consulting Services,42915.5,FY2024,Nick Luff,Chief Financial Officer (CFO),832000.0,GBP,1326000.0,5244000.0,92000.0,15000.0,,7508000.0,GBP,False,Served full year,relx_ar_2025,https://www.relx.com/~/media/Files/R/RELX-Group/documents/reports/annual-reports/relx-2025-annual-report.pdf,"=HYPERLINK(""https://www.relx.com/~/media/Files/R/RELX-Group/documents/reports/annual-reports/relx-2025-annual-report.pdf#page=104"",""p.104 of AR"")",2.0,
Renishaw Plc,RSW LN Equity,Information Technology,Technology Hardware & Equipment,Electronic Equipment Instruments & Components,Electronic Equipment & Instruments,3625.1,FY2025,Will Lee,Chief Executive Officer,752000.0,GBP,619000.0,0.0,83000.0,22000.0,,1476000.0,GBP,False,"Served full year in FY2025. Annual bonus of £619,000 comprises £232,000 cash and £387,000 deferred into shares under DAEIP, representing 41.2% of maximum opportunity of 200% of salary. No LTIP in operation; company operates annual bonus with deferred equity component (DAEIP) instead. Benefits comprise car allowance £21,000 and private medical insurance £1,000. Pension note: due to an administrative error, pension contributions were overpaid in FY2025; adjustments will be made in FY2026 to ensure alignment with the 9% workforce rate applicable from 1 January 2025.",renishaw_ar_2025,https://www.renishaw.com/media/pdf/en/a71bcdd161224ba19ccea1e0ff46b463.pdf,"=HYPERLINK(""https://www.renishaw.com/media/pdf/en/a71bcdd161224ba19ccea1e0ff46b463.pdf#page=95"",""p.95 of AR"")",2.0,
Renishaw Plc,RSW LN Equity,Information Technology,Technology Hardware & Equipment,Electronic Equipment Instruments & Components,Electronic Equipment & Instruments,3625.1,FY2025,Allen Roberts,Group Finance Director,476000.0,GBP,294000.0,0.0,52000.0,20000.0,,842000.0,GBP,False,"Served the entirety of FY2025 and his FY2025 remuneration is therefore not pro-rated. Although Allen Roberts agreed to step down as Group Finance Director with effect from 26 November 2025 (announced 21 August 2025), his departure falls in FY2026. Annual bonus of £294,000 comprises £147,000 cash and £147,000 deferred into shares under DAEIP, representing 41.2% of maximum opportunity of 150% of salary. No LTIP in operation; company operates annual bonus with deferred equity component (DAEIP) instead. Benefits comprise car allowance £20,000 and private medical insurance £0. Pension note: due to an administrative error, pension contributions were overpaid in FY2025; adjustments will be made in FY2026 to ensure alignment with the 9% workforce rate applicable from 1 January 2025.",renishaw_ar_2025,https://www.renishaw.com/media/pdf/en/a71bcdd161224ba19ccea1e0ff46b463.pdf,"=HYPERLINK(""https://www.renishaw.com/media/pdf/en/a71bcdd161224ba19ccea1e0ff46b463.pdf#page=95"",""p.95 of AR"")",2.0,
Renishaw Plc,RSW LN Equity,Information Technology,Technology Hardware & Equipment,Electronic Equipment Instruments & Components,Electronic Equipment & Instruments,3625.1,FY2024,Will Lee,Chief Executive Officer,721000.0,GBP,0.0,0.0,79000.0,21000.0,,821000.0,GBP,False,Served full year in FY2024. Annual bonus of £0 as profit threshold was not achieved. No LTIP in operation; company operates annual bonus with deferred equity component (DAEIP) instead.,renishaw_ar_2025,https://www.renishaw.com/media/pdf/en/a71bcdd161224ba19ccea1e0ff46b463.pdf,"=HYPERLINK(""https://www.renishaw.com/media/pdf/en/a71bcdd161224ba19ccea1e0ff46b463.pdf#page=96"",""p.96 of AR"")",2.0,
Renishaw Plc,RSW LN Equity,Information Technology,Technology Hardware & Equipment,Electronic Equipment Instruments & Components,Electronic Equipment & Instruments,3625.1,FY2024,Allen Roberts,Group Finance Director,459000.0,GBP,0.0,0.0,50000.0,20000.0,,529000.0,GBP,False,Served full year in FY2024. Annual bonus of £0 as profit threshold was not achieved. No LTIP in operation; company operates annual bonus with deferred equity component (DAEIP) instead.,renishaw_ar_2025,https://www.renishaw.com/media/pdf/en/a71bcdd161224ba19ccea1e0ff46b463.pdf,"=HYPERLINK(""https://www.renishaw.com/media/pdf/en/a71bcdd161224ba19ccea1e0ff46b463.pdf#page=102"",""p.102 of AR"")",2.0,
Renishaw Plc,RSW LN Equity,Information Technology,Technology Hardware & Equipment,Electronic Equipment Instruments & Components,Electronic Equipment & Instruments,3625.1,FY2024,Sir David McMurtry,Executive Chairman (until 30 June 2024),785000.0,GBP,0.0,0.0,0.0,3000.0,,788000.0,GBP,False,"Served full year as Executive Chairman in FY2024; FY2024 figures reflect his full year as an Executive Director. Stepped down from Executive Chairman role at the end of FY2024 (30 June 2024). Annual bonus of £0 as profit threshold was not achieved. No LTIP in operation. Pension shown as n/a. Sir David McMurtry was subsequently reclassified as Non-executive Director from 1 July 2024 until his death on 9 December 2024; he does not appear in the FY2025 Executive Director single figure table as he was not an Executive Director during FY2025. His FY2025 Non-executive Director figures (fees £39,000 + expenses £3,000 = £42,000) are pro-rated for the partial period 1 July 2024 to 9 December 2024 and are captured in the Non-executive Director table.",renishaw_ar_2025,https://www.renishaw.com/media/pdf/en/a71bcdd161224ba19ccea1e0ff46b463.pdf,"=HYPERLINK(""https://www.renishaw.com/media/pdf/en/a71bcdd161224ba19ccea1e0ff46b463.pdf#page=97"",""p.97 of AR"")",2.0,
Rentokil Initial Plc,RTO LN Equity,Industrials,Commercial & Professional Services,Commercial Services & Supplies,Environmental & Facilities Services,11889.2,FY2025,Andy Ransom,Chief Executive Officer,1040000.0,GBP,1315800.0,876900.0,31200.0,19300.0,,3283200.0,GBP,False,"Served full year FY2025 (year ended 31 December 2025). Annual bonus of 126.5% of salary comprises 96.5% Company performance element (36.4% of max for Revenue, 65.0% of max for Adjusted Operating Profit, 41.4% of max for North America Organic Revenue Growth) plus 30% personal performance element (PDR rating 5). 50% of annual bonus deferred in shares under the Deferred Bonus Plan (DBP). Pension is 3% of salary.",rentokil_initial_ar_2025,https://www.rentokil-initial.com/~/media/Files/R/Rentokil/documents/annual-reports/rentokil-ar25.pdf,"=HYPERLINK(""https://www.rentokil-initial.com/~/media/Files/R/Rentokil/documents/annual-reports/rentokil-ar25.pdf#page=116"",""p.116 of AR"")",2.0,
Rentokil Initial Plc,RTO LN Equity,Industrials,Commercial & Professional Services,Commercial Services & Supplies,Environmental & Facilities Services,11889.2,FY2025,Paul Edgecliffe-Johnson,Chief Financial Officer,775000.0,GBP,980500.0,0.0,20300.0,15900.0,,1791700.0,GBP,True,"New appointment as CFO in 2025; served part of FY2025 (year ended 31 December 2025). No 2024 comparator data shown — all 2024 figures shown as '–', confirming he was not in post during FY2024. Salary, bonus and pension figures reflect the period served in 2025. No PSP vesting in 2025 as newly appointed. Annual bonus of 126.5% of salary comprises 96.5% Company performance element plus 30% personal performance element (PDR rating 5). Benefits include car allowance of £15,180 p.a., family health insurance, life assurance, and permanent health insurance. Pension is 3% of salary. 50% of annual bonus deferred in shares under the Deferred Bonus Plan (DBP).",rentokil_initial_ar_2025,https://www.rentokil-initial.com/~/media/Files/R/Rentokil/documents/annual-reports/rentokil-ar25.pdf,"=HYPERLINK(""https://www.rentokil-initial.com/~/media/Files/R/Rentokil/documents/annual-reports/rentokil-ar25.pdf#page=116"",""p.116 of AR"")",2.0,
Rentokil Initial Plc,RTO LN Equity,Industrials,Commercial & Professional Services,Commercial Services & Supplies,Environmental & Facilities Services,11889.2,FY2025,Stuart Ingall-Tombs,Former Chief Financial Officer,571500.0,GBP,,,15000.0,15300.0,0.0,601700.0,GBP,True,"Former CFO; departed during FY2025 (year ended 31 December 2025), replaced by Paul Edgecliffe-Johnson. Fixed pay figures (salary, benefits, pension) are pro-rated for the period served in 2025. Variable pay components (Annual Bonus and LTIP/PSP) were not fully detailed in the extracted tables. The disclosed total of £601,700 reflects total fixed pay only.",rentokil_initial_ar_2025,https://www.rentokil-initial.com/~/media/Files/R/Rentokil/documents/annual-reports/rentokil-ar25.pdf,"=HYPERLINK(""https://www.rentokil-initial.com/~/media/Files/R/Rentokil/documents/annual-reports/rentokil-ar25.pdf#page=125"",""p.125 of AR"")",2.0,
Rentokil Initial Plc,RTO LN Equity,Industrials,Commercial & Professional Services,Commercial Services & Supplies,Environmental & Facilities Services,11889.2,FY2024,Andy Ransom,Chief Executive Officer,984100.0,GBP,0.0,868500.0,29500.0,19200.0,,1901300.0,GBP,False,Served full year FY2024 (year ended 31 December 2024). Annual bonus was 0% — no bonus payable for 2024. LTIP (PSP) vesting at 32.6% of maximum. Pension is 3% of salary.,rentokil_initial_ar_2025,https://www.rentokil-initial.com/~/media/Files/R/Rentokil/documents/annual-reports/rentokil-ar25.pdf,"=HYPERLINK(""https://www.rentokil-initial.com/~/media/Files/R/Rentokil/documents/annual-reports/rentokil-ar25.pdf#page=129"",""p.129 of AR"")",2.0,
Rentokil Initial Plc,RTO LN Equity,Industrials,Commercial & Professional Services,Commercial Services & Supplies,Environmental & Facilities Services,11889.2,FY2024,Paul Edgecliffe-Johnson,Chief Financial Officer,,,,,,,,0.0,GBP,True,"Not appointed until 2025; was not a Director in FY2024 (year ended 31 December 2024). All FY2024 figures shown as '–' in the audited single figure remuneration table. No salary, benefits, pension, annual bonus, or LTIP figures are applicable for FY2024.",rentokil_initial_ar_2025,https://www.rentokil-initial.com/~/media/Files/R/Rentokil/documents/annual-reports/rentokil-ar25.pdf,"=HYPERLINK(""https://www.rentokil-initial.com/~/media/Files/R/Rentokil/documents/annual-reports/rentokil-ar25.pdf#page=116"",""p.116 of AR"")",2.0,
RHI Magnesita NV,RHIM LN Equity,,,,,1254.4,FY2025,Stefan Borgas,Chief Executive Officer (CEO),1247500.0,EUR,0.0,1807815.0,187124.0,12937.0,,3255377.0,EUR,False,Served full year,rhi_magnesita_nv_ar_2025,https://ir.rhimagnesita.com/wp-content/uploads/2026/03/rhim-annual-report-and-accounts-2025.pdf,"=HYPERLINK(""https://ir.rhimagnesita.com/wp-content/uploads/2026/03/rhim-annual-report-and-accounts-2025.pdf#page=228"",""p.228 of AR"")",2.0,
RHI Magnesita NV,RHIM LN Equity,,,,,1254.4,FY2025,Ian Botha,Chief Financial Officer (CFO),729200.0,EUR,0.0,792602.0,109380.0,9054.0,,1640236.0,EUR,False,Served full year,rhi_magnesita_nv_ar_2025,https://ir.rhimagnesita.com/wp-content/uploads/2026/03/rhim-annual-report-and-accounts-2025.pdf,"=HYPERLINK(""https://ir.rhimagnesita.com/wp-content/uploads/2026/03/rhim-annual-report-and-accounts-2025.pdf#page=228"",""p.228 of AR"")",2.0,
RHI Magnesita NV,RHIM LN Equity,,,,,1254.4,FY2024,Stefan Borgas,Chief Executive Officer (CEO),1211200.0,EUR,1122945.0,2221691.0,181679.0,15183.0,,4752698.0,EUR,False,Served full year,rhi_magnesita_nv_ar_2025,https://ir.rhimagnesita.com/wp-content/uploads/2026/03/rhim-annual-report-and-accounts-2025.pdf,"=HYPERLINK(""https://ir.rhimagnesita.com/wp-content/uploads/2026/03/rhim-annual-report-and-accounts-2025.pdf#page=228"",""p.228 of AR"")",2.0,
RHI Magnesita NV,RHIM LN Equity,,,,,1254.4,FY2024,Ian Botha,Chief Financial Officer (CFO),708000.0,EUR,656411.0,973999.0,106199.0,12003.0,,2456612.0,EUR,False,Served full year,rhi_magnesita_nv_ar_2025,https://ir.rhimagnesita.com/wp-content/uploads/2026/03/rhim-annual-report-and-accounts-2025.pdf,"=HYPERLINK(""https://ir.rhimagnesita.com/wp-content/uploads/2026/03/rhim-annual-report-and-accounts-2025.pdf#page=228"",""p.228 of AR"")",2.0,
Rightmove Plc,RMV LN Equity,Communication Services,Media & Entertainment,Interactive Media & Services,Interactive Media & Services,2992.3,FY2025,Johan Svanstrom,Chief Executive Officer,636000.0,GBP,907000.0,0.0,38000.0,3000.0,,1584000.0,GBP,False,"Served full year in FY2025. Benefits include private medical insurance, medical cash plan, and participation in the Company's salary sacrifice EV scheme from 27 October 2025. Pension contributions at 7% of salary to Rightmove defined contribution pension scheme. Annual bonus based on 77.1% of maximum achievement; maximum opportunity was 185% of salary. 40% paid in cash and 60% deferred in shares under DSBP for two years (vesting March 2028). LTIP: 2023 PSP threshold targets not met over three-year performance period ending 31 December 2025; no vesting.",rightmove_ar_2025,https://plc.rightmove.co.uk/content/uploads/2026/03/RIG004-V2-2025-ARA-WEB-READY-260323.pdf,"=HYPERLINK(""https://plc.rightmove.co.uk/content/uploads/2026/03/RIG004-V2-2025-ARA-WEB-READY-260323.pdf#page=89"",""p.89 of AR"")",2.0,
Rightmove Plc,RMV LN Equity,Communication Services,Media & Entertainment,Interactive Media & Services,Interactive Media & Services,2992.3,FY2025,Ruaridh Hook,Chief Financial Officer,375000.0,GBP,506000.0,0.0,18000.0,2000.0,,901000.0,GBP,False,"Served full year in FY2025; this represents his first full year as Executive Director, having been appointed to the role on 15 September 2024. Benefits include private medical insurance and medical cash plan. Pension contributions at 7% of salary to Rightmove defined contribution pension scheme. Annual bonus based on 77.1% of maximum achievement; maximum opportunity was 175% of salary. 40% paid in cash and 60% deferred in shares under DSBP for two years (vesting March 2028). LTIP: 2023 PSP threshold targets not met over three-year performance period ending 31 December 2025; no vesting.",rightmove_ar_2025,https://plc.rightmove.co.uk/content/uploads/2026/03/RIG004-V2-2025-ARA-WEB-READY-260323.pdf,"=HYPERLINK(""https://plc.rightmove.co.uk/content/uploads/2026/03/RIG004-V2-2025-ARA-WEB-READY-260323.pdf#page=89"",""p.89 of AR"")",2.0,
Rightmove Plc,RMV LN Equity,Communication Services,Media & Entertainment,Interactive Media & Services,Interactive Media & Services,2992.3,FY2024,Johan Svanstrom,Chief Executive Officer,624000.0,GBP,929000.0,0.0,37000.0,2000.0,,1592000.0,GBP,False,Served full year in FY2024. Benefits include private medical insurance and medical cash plan. Pension contributions at 7% of salary to Rightmove defined contribution pension scheme. No LTIP vested in 2024.,rightmove_ar_2025,https://plc.rightmove.co.uk/content/uploads/2026/03/RIG004-V2-2025-ARA-WEB-READY-260323.pdf,"=HYPERLINK(""https://plc.rightmove.co.uk/content/uploads/2026/03/RIG004-V2-2025-ARA-WEB-READY-260323.pdf#page=92"",""p.92 of AR"")",2.0,
Rightmove Plc,RMV LN Equity,Communication Services,Media & Entertainment,Interactive Media & Services,Interactive Media & Services,2992.3,FY2024,Ruaridh Hook,Chief Financial Officer,110000.0,GBP,164000.0,0.0,7000.0,1000.0,,282000.0,GBP,True,Appointed as Executive Director on 15 September 2024; remuneration shown reflects only the period from that date to 31 December 2024 (approximately 3.5 months). Benefits include private medical insurance and medical cash plan. Pension contributions at 7% of salary to Rightmove defined contribution pension scheme. No LTIP vested in 2024.,rightmove_ar_2025,https://plc.rightmove.co.uk/content/uploads/2026/03/RIG004-V2-2025-ARA-WEB-READY-260323.pdf,"=HYPERLINK(""https://plc.rightmove.co.uk/content/uploads/2026/03/RIG004-V2-2025-ARA-WEB-READY-260323.pdf#page=92"",""p.92 of AR"")",2.0,
Rio Tinto Plc,RIO LN Equity,Materials,Materials,Metals & Mining,Diversified Metals & Mining,126294.7,FY2025,Simon Trott,Chief Executive (from 25 August 2025),472000.0,GBP,704000.0,0.0,66000.0,636000.0,,1878000.0,GBP,True,"Appointed as Executive Director and Chief Executive on 25 August 2025; figures reflect remuneration from that date only. Note: Under Australian statutory reporting (Table 1a, in USD), Simon Trott's figures cover the full financial year across both roles (Chief Executive, Iron Ore and Group Chief Executive), totalling US$6,362,000.",rio_tinto_ar_2025,https://cdn-rio.dataweavers.io/-/media/content/documents/invest/reports/annual-reports/2025-annual-report.pdf,"=HYPERLINK(""https://cdn-rio.dataweavers.io/-/media/content/documents/invest/reports/annual-reports/2025-annual-report.pdf#page=133"",""p.133 of AR"")",2.0,
Rio Tinto Plc,RIO LN Equity,Materials,Materials,Metals & Mining,Diversified Metals & Mining,126294.7,FY2025,Jakob Stausholm,Former Chief Executive (stepped down 24 August 2025),891000.0,GBP,1085000.0,0.0,125000.0,109000.0,,2210000.0,GBP,True,"Stepped down as Chief Executive on 24 August 2025; figures reflect remuneration to that date, including an apportionment of the 2025 STIP award for the period served as Executive Director. Full-year STIP award was £1,678,733; paid entirely in cash as an eligible leaver with no deferred shares component.",rio_tinto_ar_2025,https://cdn-rio.dataweavers.io/-/media/content/documents/invest/reports/annual-reports/2025-annual-report.pdf,"=HYPERLINK(""https://cdn-rio.dataweavers.io/-/media/content/documents/invest/reports/annual-reports/2025-annual-report.pdf#page=133"",""p.133 of AR"")",2.0,
Rio Tinto Plc,RIO LN Equity,Materials,Materials,Metals & Mining,Diversified Metals & Mining,126294.7,FY2025,Peter Cunningham,Chief Financial Officer,780000.0,GBP,932000.0,0.0,109000.0,30000.0,,1851000.0,GBP,False,Served the full financial year.,rio_tinto_ar_2025,https://cdn-rio.dataweavers.io/-/media/content/documents/invest/reports/annual-reports/2025-annual-report.pdf,"=HYPERLINK(""https://cdn-rio.dataweavers.io/-/media/content/documents/invest/reports/annual-reports/2025-annual-report.pdf#page=133"",""p.133 of AR"")",2.0,
Rio Tinto Plc,RIO LN Equity,Materials,Materials,Metals & Mining,Diversified Metals & Mining,126294.7,FY2024,Jakob Stausholm,Chief Executive,1277000.0,GBP,1272000.0,678000.0,179000.0,168000.0,,3574000.0,GBP,False,Served the full financial year.,rio_tinto_ar_2025,https://cdn-rio.dataweavers.io/-/media/content/documents/invest/reports/annual-reports/2025-annual-report.pdf,"=HYPERLINK(""https://cdn-rio.dataweavers.io/-/media/content/documents/invest/reports/annual-reports/2025-annual-report.pdf#page=133"",""p.133 of AR"")",2.0,
Rio Tinto Plc,RIO LN Equity,Materials,Materials,Metals & Mining,Diversified Metals & Mining,126294.7,FY2024,Peter Cunningham,Chief Financial Officer,756000.0,GBP,753000.0,68000.0,106000.0,44000.0,,1727000.0,GBP,False,Served the full financial year.,rio_tinto_ar_2025,https://cdn-rio.dataweavers.io/-/media/content/documents/invest/reports/annual-reports/2025-annual-report.pdf,"=HYPERLINK(""https://cdn-rio.dataweavers.io/-/media/content/documents/invest/reports/annual-reports/2025-annual-report.pdf#page=133"",""p.133 of AR"")",2.0,
Rotork Plc,ROR LN Equity,Industrials,Capital Goods,Machinery,Industrial Machinery & Supplies & Components,2442.8,2025,Kiet Huynh,Chief Executive Officer,703000.0,GBP,881000.0,983000.0,73000.0,26000.0,4000.0,2670000.0,GBP,False,,rotork_ar_2025,https://media.rotork.com/api/public/content/rotorkannualreport2025-pdf-rgqfrcghqhg7tvtmbalvvq.pdf?v=9b37b48e,"=HYPERLINK(""https://media.rotork.com/api/public/content/rotorkannualreport2025-pdf-rgqfrcghqhg7tvtmbalvvq.pdf?v=9b37b48e#page=138"",""p.138 of AR"")",3.0,313.0
Rotork Plc,ROR LN Equity,Industrials,Capital Goods,Machinery,Industrial Machinery & Supplies & Components,2442.8,2025,Ben Peacock,Chief Financial Officer,449000.0,GBP,472000.0,0.0,46000.0,28000.0,0.0,995000.0,GBP,False,Not applicable for 2025; served full year. N/A for 2025; see 2024 note below regarding onboarding/appointment.,rotork_ar_2025,https://media.rotork.com/api/public/content/rotorkannualreport2025-pdf-rgqfrcghqhg7tvtmbalvvq.pdf?v=9b37b48e,"=HYPERLINK(""https://media.rotork.com/api/public/content/rotorkannualreport2025-pdf-rgqfrcghqhg7tvtmbalvvq.pdf?v=9b37b48e#page=138"",""p.138 of AR"")",3.0,313.0
Rotork Plc,ROR LN Equity,Industrials,Capital Goods,Machinery,Industrial Machinery & Supplies & Components,2442.8,2024,Kiet Huynh,Chief Executive Officer,666000.0,GBP,879000.0,595000.0,68000.0,23000.0,4000.0,2235000.0,GBP,False,"Served full year as CEO in 2024 (note: role changed from Kevin Hostetler/Kiet Huynh in 2022, but by 2024 Huynh was full-year CEO).",rotork_ar_2025,https://media.rotork.com/api/public/content/rotorkannualreport2025-pdf-rgqfrcghqhg7tvtmbalvvq.pdf?v=9b37b48e,"=HYPERLINK(""https://media.rotork.com/api/public/content/rotorkannualreport2025-pdf-rgqfrcghqhg7tvtmbalvvq.pdf?v=9b37b48e#page=138"",""p.138 of AR"")",3.0,313.0
Rotork Plc,ROR LN Equity,Industrials,Capital Goods,Machinery,Industrial Machinery & Supplies & Components,2442.8,2024,Ben Peacock,Chief Financial Officer,347000.0,GBP,386000.0,230000.0,33000.0,13000.0,141000.0,1150000.0,GBP,True,"2024 salary (£347k) is notably lower than the 2025 full-year salary (£449k) and the presence of a large 'Other items' figure (£141k) suggests Ben Peacock may have joined Rotork as CFO partway through 2024 or incurred one-off onboarding/relocation costs; the report references relocation cost contributions for his onboarding, supporting a partial-year or transition-related pro-rata treatment for 2024. Exact appointment date not explicitly stated in the provided context.",rotork_ar_2025,https://media.rotork.com/api/public/content/rotorkannualreport2025-pdf-rgqfrcghqhg7tvtmbalvvq.pdf?v=9b37b48e,"=HYPERLINK(""https://media.rotork.com/api/public/content/rotorkannualreport2025-pdf-rgqfrcghqhg7tvtmbalvvq.pdf?v=9b37b48e#page=138"",""p.138 of AR"")",3.0,313.0
RS Group Plc,RS1 LN Equity,Industrials,Capital Goods,Trading Companies & Distributors,Trading Companies & Distributors,2851.7,FY2025,Simon Pryce,Chief Executive Officer (CEO),768946.0,GBP,608499.0,0.0,80739.0,17463.0,0.0,1475647.0,GBP,False,N/A — served full year,rs_group_ar_2025,https://www.rsgroup.com/media/xesjxdci/rs_group_annual_report_2026.pdf,"=HYPERLINK(""https://www.rsgroup.com/media/xesjxdci/rs_group_annual_report_2026.pdf#page=122"",""p.122 of AR"")",2.0,
RS Group Plc,RS1 LN Equity,Industrials,Capital Goods,Trading Companies & Distributors,Trading Companies & Distributors,2851.7,FY2025,Kate Ringrose,Chief Financial Officer (CFO),512500.0,GBP,393975.0,141128.0,53812.0,15458.0,0.0,1116873.0,GBP,True,"Kate Ringrose joined during FY2024 (evidenced by her significantly lower FY2024 salary of £250,000 vs. £512,500 in FY2025, consistent with a mid-year appointment). FY2025 reflects a full year at the higher salary of £512,500. The Buy-out LTIP of £141,128 relates to a buy-out award granted on appointment to compensate for forfeited awards from her previous employer.",rs_group_ar_2025,https://www.rsgroup.com/media/xesjxdci/rs_group_annual_report_2026.pdf,"=HYPERLINK(""https://www.rsgroup.com/media/xesjxdci/rs_group_annual_report_2026.pdf#page=122"",""p.122 of AR"")",2.0,
RS Group Plc,RS1 LN Equity,Industrials,Capital Goods,Trading Companies & Distributors,Trading Companies & Distributors,2851.7,FY2024,Simon Pryce,Chief Executive Officer (CEO),749383.0,GBP,0.0,0.0,78770.0,17169.0,4606.0,849928.0,GBP,False,N/A — served full year. Annual bonus forfeited due to profit underpin not met. No standard LTIP vesting; J2G LTIP lapsed.,rs_group_ar_2025,https://www.rsgroup.com/media/xesjxdci/rs_group_annual_report_2026.pdf,"=HYPERLINK(""https://www.rsgroup.com/media/xesjxdci/rs_group_annual_report_2026.pdf#page=122"",""p.122 of AR"")",2.0,
RS Group Plc,RS1 LN Equity,Industrials,Capital Goods,Trading Companies & Distributors,Trading Companies & Distributors,2851.7,FY2024,Kate Ringrose,Chief Financial Officer (CFO),250000.0,GBP,0.0,89397.0,26250.0,7323.0,4606.0,377576.0,GBP,True,"Appointed mid-year during FY2024. The significantly lower salary of £250,000 (vs. £512,500 full-year equivalent in FY2025) is consistent with Kate Ringrose having been appointed partway through FY2024. Annual bonus forfeited due to profit underpin not met. The Buy-out LTIP of £89,397 relates to the buy-out award granted on appointment to replace forfeited entitlements from her prior employer.",rs_group_ar_2025,https://www.rsgroup.com/media/xesjxdci/rs_group_annual_report_2026.pdf,"=HYPERLINK(""https://www.rsgroup.com/media/xesjxdci/rs_group_annual_report_2026.pdf#page=122"",""p.122 of AR"")",2.0,
Safestore Holdings Plc,SAFE LN Equity,,,,,1369.5,FY2025,Frederic Vecchioli,Chief Executive Officer (CEO),665000.0,GBP,582000.0,0.0,27000.0,25000.0,0.0,1299000.0,GBP,False,"Served full year. Total Fixed Remuneration: £717,000; Total Variable Remuneration: £582,000. Annual bonus of 87.6% of salary represents 58.4% of maximum opportunity of 150% of salary; paid in cash as below 100% of salary deferral threshold. 2022 LTIP lapsed in full; 2023 LTIP excluded as TSR performance period ends July 2026. Pension is 4.1% of salary, cash supplement in line with average workforce contribution rate. Benefits comprise car allowance and private medical insurance.",safestore_holdings_ar_2025,https://corporate.safestore.com/getmedia/0f356b0e-a411-4015-8b87-fd7896ed0f21/Safestore-Holdings-plc-Annual-report-and-financial-statements-2025.pdf,"=HYPERLINK(""https://corporate.safestore.com/getmedia/0f356b0e-a411-4015-8b87-fd7896ed0f21/Safestore-Holdings-plc-Annual-report-and-financial-statements-2025.pdf#page=97"",""p.97 of AR"")",2.0,
Safestore Holdings Plc,SAFE LN Equity,,,,,1369.5,FY2025,Simon Clinton,Chief Financial Officer (CFO),430000.0,GBP,418000.0,0.0,18000.0,25000.0,0.0,891000.0,GBP,False,"Served full year in FY2025 (first full year as CFO). Simon Clinton was appointed to the Board as CFO on 22 April 2024, so FY2025 represents his first full year. Total Fixed Remuneration: £473,000; Total Variable Remuneration: £418,000. Annual bonus of 87.6% of salary represents 58.4% of maximum opportunity of 150% of salary; paid in cash as below 100% of salary deferral threshold. Note: bonus calculated based on proposed salary of £477,009 backdated to 1 November 2025, subject to shareholder approval. 2022 LTIP lapsed in full; 2023 LTIP excluded as TSR performance period ends July 2026. Pension is 4.1% of salary, cash supplement in line with average workforce contribution rate. Benefits comprise car allowance and private medical insurance.",safestore_holdings_ar_2025,https://corporate.safestore.com/getmedia/0f356b0e-a411-4015-8b87-fd7896ed0f21/Safestore-Holdings-plc-Annual-report-and-financial-statements-2025.pdf,"=HYPERLINK(""https://corporate.safestore.com/getmedia/0f356b0e-a411-4015-8b87-fd7896ed0f21/Safestore-Holdings-plc-Annual-report-and-financial-statements-2025.pdf#page=97"",""p.97 of AR"")",2.0,
Safestore Holdings Plc,SAFE LN Equity,,,,,1369.5,FY2024,Frederic Vecchioli,Chief Executive Officer (CEO),566000.0,GBP,0.0,0.0,23000.0,25000.0,0.0,614000.0,GBP,False,"Served full year. Total Fixed Remuneration: £614,000; Total Variable Remuneration: £0. No bonus payable — threshold performance under EBITDA measure was not achieved. 2022 LTIP lapsed in full at vesting date of 25 January 2025.",safestore_holdings_ar_2025,https://corporate.safestore.com/getmedia/0f356b0e-a411-4015-8b87-fd7896ed0f21/Safestore-Holdings-plc-Annual-report-and-financial-statements-2025.pdf,"=HYPERLINK(""https://corporate.safestore.com/getmedia/0f356b0e-a411-4015-8b87-fd7896ed0f21/Safestore-Holdings-plc-Annual-report-and-financial-statements-2025.pdf#page=97"",""p.97 of AR"")",2.0,
Safestore Holdings Plc,SAFE LN Equity,,,,,1369.5,FY2024,Simon Clinton,Chief Financial Officer (CFO),273000.0,GBP,0.0,0.0,11000.0,17000.0,0.0,301000.0,GBP,True,"Simon Clinton joined Safestore on 11 March 2024 and was formally appointed to the Board as CFO on 22 April 2024. The FY2024 remuneration figures reflect earnings from 11 March 2024 onwards (approximately 7.7 months), including payments made prior to his formal Board appointment, all consistent with the approved Remuneration Policy. Total Fixed Remuneration: £301,000; Total Variable Remuneration: £0. No bonus payable — threshold performance under EBITDA measure was not achieved. 2022 LTIP lapsed in full.",safestore_holdings_ar_2025,https://corporate.safestore.com/getmedia/0f356b0e-a411-4015-8b87-fd7896ed0f21/Safestore-Holdings-plc-Annual-report-and-financial-statements-2025.pdf,"=HYPERLINK(""https://corporate.safestore.com/getmedia/0f356b0e-a411-4015-8b87-fd7896ed0f21/Safestore-Holdings-plc-Annual-report-and-financial-statements-2025.pdf#page=107"",""p.107 of AR"")",2.0,
Sage Group Plc,SGE LN Equity,Information Technology,Software & Services,Software,Application Software,7845.4,2024,S Hare,Chief Executive Officer,904000.0,GBP,885000.0,2665000.0,90000.0,43000.0,0.0,4587000.0,GBP,False,,sage_group_ar_2024,https://www.sage.com/investors/-/media/files/investors/documents/pdf/annual%20report/sage-annual-report-2025.pdf,"=HYPERLINK(""https://www.sage.com/investors/-/media/files/investors/documents/pdf/annual%20report/sage-annual-report-2025.pdf#page=139"",""p.139 of AR"")",2.0,
Sage Group Plc,SGE LN Equity,Information Technology,Software & Services,Software,Application Software,7845.4,2024,J Howell,Chief Financial Officer,599000.0,GBP,626000.0,1463000.0,52000.0,7000.0,0.0,2747000.0,GBP,False,,sage_group_ar_2024,https://www.sage.com/investors/-/media/files/investors/documents/pdf/annual%20report/sage-annual-report-2025.pdf,"=HYPERLINK(""https://www.sage.com/investors/-/media/files/investors/documents/pdf/annual%20report/sage-annual-report-2025.pdf#page=139"",""p.139 of AR"")",2.0,
Sage Group Plc,SGE LN Equity,Information Technology,Software & Services,Software,Application Software,7845.4,2023,S Hare,Chief Executive Officer,833000.0,GBP,993000.0,2379000.0,83000.0,65000.0,5000.0,4358000.0,GBP,False,,sage_group_ar_2024,https://www.sage.com/investors/-/media/files/investors/documents/pdf/annual%20report/sage-annual-report-2025.pdf,"=HYPERLINK(""https://www.sage.com/investors/-/media/files/investors/documents/pdf/annual%20report/sage-annual-report-2025.pdf#page=139"",""p.139 of AR"")",2.0,
Sage Group Plc,SGE LN Equity,Information Technology,Software & Services,Software,Application Software,7845.4,2023,J Howell,Chief Financial Officer,571000.0,GBP,691000.0,1652000.0,49000.0,8000.0,0.0,2971000.0,GBP,False,,sage_group_ar_2024,https://www.sage.com/investors/-/media/files/investors/documents/pdf/annual%20report/sage-annual-report-2025.pdf,"=HYPERLINK(""https://www.sage.com/investors/-/media/files/investors/documents/pdf/annual%20report/sage-annual-report-2025.pdf#page=139"",""p.139 of AR"")",2.0,
Sage Group Plc,SGE LN Equity,Information Technology,Software & Services,Software,Application Software,7845.4,FY25,Steve Hare,Chief Executive Officer (CEO),1029000.0,GBP,881000.0,2506000.0,103000.0,43000.0,0.0,4562000.0,GBP,False,Served full financial year in role,sage_group_ar_2025,https://www.sage.com/investors/-/media/files/investors/documents/pdf/annual%20report/sage-annual-report-2025.pdf,"=HYPERLINK(""https://www.sage.com/investors/-/media/files/investors/documents/pdf/annual%20report/sage-annual-report-2025.pdf#page=134"",""p.134 of AR"")",3.0,137.0
Sage Group Plc,SGE LN Equity,Information Technology,Software & Services,Software,Application Software,7845.4,FY25,Jonathan Howell,Chief Financial Officer (CFO),665000.0,GBP,592000.0,1546000.0,57000.0,7000.0,0.0,2867000.0,GBP,False,"Served full financial year in role. Note: per chunk 42/23, Howell is stepping down as CFO/Board member effective 31 December 2025, which falls within FY26, not FY25; his FY25 figures represent a full year of service.",sage_group_ar_2025,https://www.sage.com/investors/-/media/files/investors/documents/pdf/annual%20report/sage-annual-report-2025.pdf,"=HYPERLINK(""https://www.sage.com/investors/-/media/files/investors/documents/pdf/annual%20report/sage-annual-report-2025.pdf#page=134"",""p.134 of AR"")",3.0,137.0
Sage Group Plc,SGE LN Equity,Information Technology,Software & Services,Software,Application Software,7845.4,FY24,Steve Hare,Chief Executive Officer (CEO),904000.0,GBP,885000.0,3394000.0,90000.0,43000.0,0.0,5316000.0,GBP,False,Served full financial year in role,sage_group_ar_2025,https://www.sage.com/investors/-/media/files/investors/documents/pdf/annual%20report/sage-annual-report-2025.pdf,"=HYPERLINK(""https://www.sage.com/investors/-/media/files/investors/documents/pdf/annual%20report/sage-annual-report-2025.pdf#page=134"",""p.134 of AR"")",3.0,137.0
Sage Group Plc,SGE LN Equity,Information Technology,Software & Services,Software,Application Software,7845.4,FY24,Jonathan Howell,Chief Financial Officer (CFO),599000.0,GBP,626000.0,1863000.0,52000.0,7000.0,0.0,3147000.0,GBP,False,Served full financial year in role,sage_group_ar_2025,https://www.sage.com/investors/-/media/files/investors/documents/pdf/annual%20report/sage-annual-report-2025.pdf,"=HYPERLINK(""https://www.sage.com/investors/-/media/files/investors/documents/pdf/annual%20report/sage-annual-report-2025.pdf#page=134"",""p.134 of AR"")",3.0,137.0
Sainsburys Plc,SBRY LN Equity,Consumer Staples,Consumer Staples Distribution & Retail,Consumer Staples Distribution & Retail,Food Retail,6749.7,FY2024/25,Simon Roberts,Chief Executive Officer,971000.0,GBP,1948000.0,2177000.0,73000.0,19000.0,,5188000.0,GBP,False,"Served full year (52 weeks to 1 March 2025). Base salary effective from 26 May 2024 was £979,524 (reflecting a 4% increase); the single figure salary of £971,000 reflects the blended salary paid across the full 52-week year. Benefits include cash car allowance of £15,250, private medical cover and taxable expenses. Pension represents 7.5% of salary paid in lieu of pension plan participation. Annual bonus was 91% of maximum; maximum opportunity was 220% of salary; 50% paid in cash, 50% deferred into shares for two years; an additional £170,866 of cash bonus was deferred into shares vesting on the earlier of return of bank capital to shareholders or end of FY2025/26. LTIP relates to 2022 Leaders' Share Award vesting at 72.5% of maximum; value based on average share price of £2.637 over Q4 2024/25; includes accrued dividend equivalent shares and share price growth since grant of +£238,000; figure may be subject to revision upon actual vesting in April/May 2025.",sainsburys_ar_2025,https://corporate.sainsburys.co.uk/media/z01g231u/j-sainsbury-plc-annual-report-and-financial-statements-2026.pdf,"=HYPERLINK(""https://corporate.sainsburys.co.uk/media/z01g231u/j-sainsbury-plc-annual-report-and-financial-statements-2026.pdf#page=113"",""p.113 of AR"")",2.0,
Sainsburys Plc,SBRY LN Equity,Consumer Staples,Consumer Staples Distribution & Retail,Consumer Staples Distribution & Retail,Food Retail,6749.7,FY2024/25,Bláthnaid Bergin,Chief Financial Officer,670000.0,GBP,1100000.0,426000.0,50000.0,19000.0,,2265000.0,GBP,False,"Served full year (52 weeks to 1 March 2025). Base salary effective from 26 May 2024 was £676,000 (reflecting a 4% increase); the single figure salary of £670,000 reflects the blended salary paid across the full 52-week year. Benefits include cash car allowance of £15,250, private medical cover and taxable expenses. Pension represents pension and cash supplement totalling 7.5% of salary. Annual bonus was 91% of maximum; maximum opportunity was 180% of salary; 50% paid in cash, 50% deferred into shares for two years. LTIP relates to 2022 Leaders' Share Award vesting at 72.5% of maximum; value based on average share price of £2.637 over Q4 2024/25; includes accrued dividend equivalent shares and share price growth since grant of +£47,000; this award was granted prior to her appointment as Executive Director in March 2023 and is therefore not subject to the two-year retention period; figure may be subject to revision upon actual vesting in April/May 2025.",sainsburys_ar_2025,https://corporate.sainsburys.co.uk/media/z01g231u/j-sainsbury-plc-annual-report-and-financial-statements-2026.pdf,"=HYPERLINK(""https://corporate.sainsburys.co.uk/media/z01g231u/j-sainsbury-plc-annual-report-and-financial-statements-2026.pdf#page=113"",""p.113 of AR"")",2.0,
Sainsburys Plc,SBRY LN Equity,Consumer Staples,Consumer Staples Distribution & Retail,Consumer Staples Distribution & Retail,Food Retail,6749.7,FY2023/24,Simon Roberts,Chief Executive Officer,933000.0,GBP,2054000.0,1730000.0,70000.0,19000.0,,4806000.0,GBP,False,Served full year (52 weeks to 2 March 2024). LTIP figure updated from fourth quarter average share price to actual share price on vesting date of 29 April 2024 of £2.624.,sainsburys_ar_2025,https://corporate.sainsburys.co.uk/media/z01g231u/j-sainsbury-plc-annual-report-and-financial-statements-2026.pdf,"=HYPERLINK(""https://corporate.sainsburys.co.uk/media/z01g231u/j-sainsbury-plc-annual-report-and-financial-statements-2026.pdf#page=113"",""p.113 of AR"")",2.0,
Sainsburys Plc,SBRY LN Equity,Consumer Staples,Consumer Staples Distribution & Retail,Consumer Staples Distribution & Retail,Food Retail,6749.7,FY2023/24,Bláthnaid Bergin,Chief Financial Officer,650000.0,GBP,1147000.0,488000.0,49000.0,19000.0,,2353000.0,GBP,False,Served full year (52 weeks to 2 March 2024). LTIP figure updated to actual share price on vesting date of 29 April 2024 of £2.624.,sainsburys_ar_2025,https://corporate.sainsburys.co.uk/media/z01g231u/j-sainsbury-plc-annual-report-and-financial-statements-2026.pdf,"=HYPERLINK(""https://corporate.sainsburys.co.uk/media/z01g231u/j-sainsbury-plc-annual-report-and-financial-statements-2026.pdf#page=113"",""p.113 of AR"")",2.0,
Savills Plc,SVS LN Equity,Real Estate,Real Estate Management & Development,Real Estate Management & Development,Real Estate Services,1112.6,2025,Mark Ridley,Group Chief Executive Officer,311000.0,GBP,2647000.0,0.0,22454.0,11860.0,,2992314.0,GBP,False,No pro-rata adjustment — served full year,savills_ar_2025,https://ir.savills.com/~/media/Files/S/Savills-IR-V3/result-centre/2025/savills-plc-annual-report-and-accounts-2025.pdf,"=HYPERLINK(""https://ir.savills.com/~/media/Files/S/Savills-IR-V3/result-centre/2025/savills-plc-annual-report-and-accounts-2025.pdf#page=125"",""p.125 of AR"")",3.0,134.0
Savills Plc,SVS LN Equity,Real Estate,Real Estate Management & Development,Real Estate Management & Development,Real Estate Services,1112.6,2025,Simon Shaw,Group Chief Financial Officer,238000.0,GBP,2093000.0,0.0,19040.0,11216.0,,2361256.0,GBP,False,"No pro-rata adjustment — served full year. Note: operation-of-policy section for 2026 refers to Simon Shaw as CEO and Nick Sanderson as CFO going forward, but this is forward-looking and not applicable to the FY2025 single figure table.",savills_ar_2025,https://ir.savills.com/~/media/Files/S/Savills-IR-V3/result-centre/2025/savills-plc-annual-report-and-accounts-2025.pdf,"=HYPERLINK(""https://ir.savills.com/~/media/Files/S/Savills-IR-V3/result-centre/2025/savills-plc-annual-report-and-accounts-2025.pdf#page=125"",""p.125 of AR"")",3.0,134.0
Savills Plc,SVS LN Equity,Real Estate,Real Estate Management & Development,Real Estate Management & Development,Real Estate Services,1112.6,2024,Mark Ridley,Group Chief Executive Officer,311000.0,GBP,2342000.0,0.0,24880.0,11670.0,,2689554.0,GBP,False,No pro-rata adjustment — served full year,savills_ar_2025,https://ir.savills.com/~/media/Files/S/Savills-IR-V3/result-centre/2025/savills-plc-annual-report-and-accounts-2025.pdf,"=HYPERLINK(""https://ir.savills.com/~/media/Files/S/Savills-IR-V3/result-centre/2025/savills-plc-annual-report-and-accounts-2025.pdf#page=125"",""p.125 of AR"")",3.0,134.0
Savills Plc,SVS LN Equity,Real Estate,Real Estate Management & Development,Real Estate Management & Development,Real Estate Services,1112.6,2024,Simon Shaw,Group Chief Financial Officer,238000.0,GBP,1801000.0,0.0,19040.0,17866.0,,2075906.0,GBP,False,No pro-rata adjustment — served full year,savills_ar_2025,https://ir.savills.com/~/media/Files/S/Savills-IR-V3/result-centre/2025/savills-plc-annual-report-and-accounts-2025.pdf,"=HYPERLINK(""https://ir.savills.com/~/media/Files/S/Savills-IR-V3/result-centre/2025/savills-plc-annual-report-and-accounts-2025.pdf#page=125"",""p.125 of AR"")",3.0,134.0
Schroders Plc,SDR LN Equity,Financials,Financial Services,Capital Markets,Asset Management & Custody Banks,9067.5,FY2025,Richard Oldfield,Group Chief Executive (CEO),700000.0,GBP,0.0,0.0,0.0,0.0,,6327000.0,GBP,False,Served full year. No pro-rata adjustment applicable.,schroders_ar_2025,https://mybrand.schroders.com/m/74f3d9a5f99e1565/original/Schroders-Annual-Report-FY25-Full-report-interactive.pdf,"=HYPERLINK(""https://mybrand.schroders.com/m/74f3d9a5f99e1565/original/Schroders-Annual-Report-FY25-Full-report-interactive.pdf#page=81"",""p.81 of AR"")",2.0,
Schroders Plc,SDR LN Equity,Financials,Financial Services,Capital Markets,Asset Management & Custody Banks,9067.5,FY2025,Meagen Burnett,Chief Financial Officer (CFO),0.0,GBP,0.0,0.0,0.0,0.0,,2370000.0,GBP,False,No pro-rata indication found in provided text. Insufficient information in provided excerpts to confirm full-year service with certainty; no evidence of mid-year appointment or departure was identified.,schroders_ar_2025,https://mybrand.schroders.com/m/74f3d9a5f99e1565/original/Schroders-Annual-Report-FY25-Full-report-interactive.pdf,"=HYPERLINK(""https://mybrand.schroders.com/m/74f3d9a5f99e1565/original/Schroders-Annual-Report-FY25-Full-report-interactive.pdf#page=81"",""p.81 of AR"")",2.0,
Schroders Plc,SDR LN Equity,Financials,Financial Services,Capital Markets,Asset Management & Custody Banks,9067.5,FY2025,Johanna Kyrklund,Group Chief Investment Officer (CIO),0.0,GBP,0.0,0.0,0.0,0.0,,4891000.0,GBP,False,Served full year. No pro-rata adjustment applicable.,schroders_ar_2025,https://mybrand.schroders.com/m/74f3d9a5f99e1565/original/Schroders-Annual-Report-FY25-Full-report-interactive.pdf,"=HYPERLINK(""https://mybrand.schroders.com/m/74f3d9a5f99e1565/original/Schroders-Annual-Report-FY25-Full-report-interactive.pdf#page=81"",""p.81 of AR"")",2.0,
Segro Plc,SGRO LN Equity,,,,,9225.0,FY2025,David Sleath,Chief Executive Officer,816000.0,GBP,1213000.0,0.0,98000.0,21000.0,5000.0,2153000.0,GBP,False,Served full year,segro_ar_2025,https://www.segro.com/media/kbshtxbq/segro_annual-report-accounts-2025.pdf,"=HYPERLINK(""https://www.segro.com/media/kbshtxbq/segro_annual-report-accounts-2025.pdf#page=120"",""p.120 of AR"")",2.0,
Segro Plc,SGRO LN Equity,,,,,9225.0,FY2025,Soumen Das,Chief Financial Officer (Outgoing),607000.0,GBP,677000.0,0.0,73000.0,24000.0,9000.0,1390000.0,GBP,True,Ceased to be an Executive Director with effect from 31 December 2025 (retired from the Board); served full year but departed at year-end,segro_ar_2025,https://www.segro.com/media/kbshtxbq/segro_annual-report-accounts-2025.pdf,"=HYPERLINK(""https://www.segro.com/media/kbshtxbq/segro_annual-report-accounts-2025.pdf#page=120"",""p.120 of AR"")",2.0,
Segro Plc,SGRO LN Equity,,,,,9225.0,FY2025,Susanne Schroeter,Chief Financial Officer (Incoming),46000.0,GBP,129000.0,0.0,5000.0,2000.0,0.0,182000.0,GBP,True,"Appointed as Executive Director on 1 December 2025; figures pro-rated accordingly (approximately 1 month of service in FY2025). Annual bonus includes a recruitment bonus of £77,000. Pension is cash in lieu of pension at 12% of base salary.",segro_ar_2025,https://www.segro.com/media/kbshtxbq/segro_annual-report-accounts-2025.pdf,"=HYPERLINK(""https://www.segro.com/media/kbshtxbq/segro_annual-report-accounts-2025.pdf#page=120"",""p.120 of AR"")",2.0,
Segro Plc,SGRO LN Equity,,,,,9225.0,FY2024,David Sleath,Chief Executive Officer,794000.0,GBP,678000.0,0.0,95000.0,21000.0,5000.0,1593000.0,GBP,False,Served full year. Pension is cash in lieu of pension at 12% of base salary. 2022 LTIP award vested at 0%. Annual bonus includes DSBP.,segro_ar_2025,https://www.segro.com/media/kbshtxbq/segro_annual-report-accounts-2025.pdf,"=HYPERLINK(""https://www.segro.com/media/kbshtxbq/segro_annual-report-accounts-2025.pdf#page=120"",""p.120 of AR"")",2.0,
Segro Plc,SGRO LN Equity,,,,,9225.0,FY2024,Soumen Das,Chief Financial Officer,591000.0,GBP,504000.0,0.0,71000.0,20000.0,5000.0,1191000.0,GBP,False,Served full year. Pension is cash in lieu of pension at 12% of base salary. 2022 LTIP award vested at 0%. Annual bonus includes DSBP.,segro_ar_2025,https://www.segro.com/media/kbshtxbq/segro_annual-report-accounts-2025.pdf,"=HYPERLINK(""https://www.segro.com/media/kbshtxbq/segro_annual-report-accounts-2025.pdf#page=120"",""p.120 of AR"")",2.0,
Segro Plc,SGRO LN Equity,,,,,9225.0,FY2024,Susanne Schroeter,Chief Financial Officer (Incoming),,,,,,,,0.0,GBP,True,Not appointed as Executive Director until 1 December 2025; no FY2024 comparator available. All compensation fields are N/A as she had not yet been appointed to the Board during FY2024.,segro_ar_2025,https://www.segro.com/media/kbshtxbq/segro_annual-report-accounts-2025.pdf,"=HYPERLINK(""https://www.segro.com/media/kbshtxbq/segro_annual-report-accounts-2025.pdf#page=115"",""p.115 of AR"")",2.0,
Senior Plc,SNR LN Equity,Industrials,Capital Goods,Aerospace & Defense,Aerospace & Defense,1180.3,FY2025,David Squires,Group Chief Executive Officer,630000.0,GBP,882000.0,464000.0,95000.0,31000.0,,2102000.0,GBP,False,Served full year,senior_ar_2025,https://www.seniorplc.com/~/media/Files/S/Senior-PLC/reports-and-presentations/annual-report-2025.pdf,"=HYPERLINK(""https://www.seniorplc.com/~/media/Files/S/Senior-PLC/reports-and-presentations/annual-report-2025.pdf#page=109"",""p.109 of AR"")",2.0,
Senior Plc,SNR LN Equity,Industrials,Capital Goods,Aerospace & Defense,Aerospace & Defense,1180.3,FY2025,Alpna Amar,Group Chief Financial Officer,300000.0,GBP,420000.0,0.0,45000.0,20000.0,512000.0,1297000.0,GBP,True,"Appointed to the Board on 1 April 2025; 2025 remuneration reflects the amount paid from that date only (approximately 9 months). Full-year salary would have been £400,000.",senior_ar_2025,https://www.seniorplc.com/~/media/Files/S/Senior-PLC/reports-and-presentations/annual-report-2025.pdf,"=HYPERLINK(""https://www.seniorplc.com/~/media/Files/S/Senior-PLC/reports-and-presentations/annual-report-2025.pdf#page=109"",""p.109 of AR"")",2.0,
Senior Plc,SNR LN Equity,Industrials,Capital Goods,Aerospace & Defense,Aerospace & Defense,1180.3,FY2025,Bindi Foyle,Group Financial Director (outgoing CFO),168000.0,GBP,235000.0,229000.0,24000.0,9000.0,,665000.0,GBP,True,"Retired from the Board and from the position of Group Financial Director on 16 May 2025 after 19 years with Senior; 2025 remuneration reflects amounts paid up to that date only (approximately 4.5 months). Treated as a 'good leaver'; deferred bonus awards vest on original vesting dates; 2023 and 2024 LTIP awards vest on original vesting dates subject to performance and time pro-rating. Full-year salary would have been £420,000. Benefits note: company-funded private health insurance cover expired 31 May 2025. Annual bonus pro-rated for period of employment, based on original full-year targets, paid fully in cash as a good leaver. LTIP: 2023 LTIP Award vesting pro-rated on a time basis as a good leaver, subject to performance outcome.",senior_ar_2025,https://www.seniorplc.com/~/media/Files/S/Senior-PLC/reports-and-presentations/annual-report-2025.pdf,"=HYPERLINK(""https://www.seniorplc.com/~/media/Files/S/Senior-PLC/reports-and-presentations/annual-report-2025.pdf#page=110"",""p.110 of AR"")",2.0,
Senior Plc,SNR LN Equity,Industrials,Capital Goods,Aerospace & Defense,Aerospace & Defense,1180.3,FY2024,David Squires,Group Chief Executive Officer,615000.0,GBP,185000.0,139000.0,92000.0,29000.0,,1060000.0,GBP,False,Served full year. Annual bonus at 20% of maximum. LTIP restated to reflect value on date of vesting using share price of 162.21p.,senior_ar_2025,https://www.seniorplc.com/~/media/Files/S/Senior-PLC/reports-and-presentations/annual-report-2025.pdf,"=HYPERLINK(""https://www.seniorplc.com/~/media/Files/S/Senior-PLC/reports-and-presentations/annual-report-2025.pdf#page=110"",""p.110 of AR"")",2.0,
Senior Plc,SNR LN Equity,Industrials,Capital Goods,Aerospace & Defense,Aerospace & Defense,1180.3,FY2024,Alpna Amar,Group Chief Financial Officer (not yet on Board in FY2024),0.0,GBP,0.0,0.0,0.0,0.0,0.0,0.0,GBP,True,Not appointed to the Board until 1 April 2025; no remuneration disclosed for FY2024.,senior_ar_2025,https://www.seniorplc.com/~/media/Files/S/Senior-PLC/reports-and-presentations/annual-report-2025.pdf,"=HYPERLINK(""https://www.seniorplc.com/~/media/Files/S/Senior-PLC/reports-and-presentations/annual-report-2025.pdf#page=110"",""p.110 of AR"")",2.0,
Senior Plc,SNR LN Equity,Industrials,Capital Goods,Aerospace & Defense,Aerospace & Defense,1180.3,FY2024,Bindi Foyle,Group Financial Director,420000.0,GBP,126000.0,94000.0,63000.0,23000.0,,726000.0,GBP,False,Served full year in FY2024. Annual bonus at 20% of maximum. LTIP restated to reflect value on date of vesting using share price of 162.21p.,senior_ar_2025,https://www.seniorplc.com/~/media/Files/S/Senior-PLC/reports-and-presentations/annual-report-2025.pdf,"=HYPERLINK(""https://www.seniorplc.com/~/media/Files/S/Senior-PLC/reports-and-presentations/annual-report-2025.pdf#page=110"",""p.110 of AR"")",2.0,
Serco Group Plc,SRP LN Equity,Industrials,Commercial & Professional Services,Commercial Services & Supplies,Environmental & Facilities Services,2646.2,FY2025,Mark Irwin,Group Chief Executive (until 28 February 2025),137333.0,GBP,194170.0,1618340.0,10987.0,19351.0,,1980182.0,GBP,True,"Stepped down as Group Chief Executive on 28 February 2025; remuneration reflects period served only (approximately 2 months). LTIP value includes £636,613 attributable to share price appreciation on the 2023 LTIP award. Bonus of £194,170 reflects the period served as Executive Director to 28 February 2025 (78.6% of maximum for his period).",serco_group_ar_2025,https://www.serco.com/media/13673/serco-annual-report-and-accounts-2025.pdf,"=HYPERLINK(""https://www.serco.com/media/13673/serco-annual-report-and-accounts-2025.pdf#page=112"",""p.112 of AR"")",2.0,
Serco Group Plc,SRP LN Equity,Industrials,Commercial & Professional Services,Commercial Services & Supplies,Environmental & Facilities Services,2646.2,FY2025,Anthony Kirby,Group Chief Executive (from 1 March 2025),704167.0,GBP,1005880.0,0.0,56333.0,93597.0,,1859977.0,GBP,True,Appointed as Group Chief Executive on 1 March 2025; remuneration reflects approximately 10 months of service. Annual bonus outcome was 81.6% of maximum. No LTIP value reported in single figure as no qualifying LTIP award had a performance period ending in 2025 in respect of his Executive Director role. 2023 LTIP awards granted in respect of his prior role within Serco are excluded as they were not awarded in respect of qualifying services as Group Chief Executive.,serco_group_ar_2025,https://www.serco.com/media/13673/serco-annual-report-and-accounts-2025.pdf,"=HYPERLINK(""https://www.serco.com/media/13673/serco-annual-report-and-accounts-2025.pdf#page=112"",""p.112 of AR"")",2.0,
Serco Group Plc,SRP LN Equity,Industrials,Commercial & Professional Services,Commercial Services & Supplies,Environmental & Facilities Services,2646.2,FY2025,Nigel Crossley,Group Chief Financial Officer,504597.0,GBP,636820.0,1390285.0,40368.0,52599.0,,2624669.0,GBP,False,"Served full year as CFO in 2025 (departure announced effective 5 March 2026, but served the full 2025 financial year). Annual bonus outcome was 80.9% of maximum. LTIP value relates to the 2023 LTIP award vesting at 94.1% of maximum, and includes £546,902 attributable to share price appreciation. The 2024 LTIP value (£624,919) previously reported has been restated to reflect the actual share price at the vest date of 6 April 2025 (£1.529987). Benefits include £26,040 in relation to accommodation expenses.",serco_group_ar_2025,https://www.serco.com/media/13673/serco-annual-report-and-accounts-2025.pdf,"=HYPERLINK(""https://www.serco.com/media/13673/serco-annual-report-and-accounts-2025.pdf#page=112"",""p.112 of AR"")",2.0,
Serco Group Plc,SRP LN Equity,Industrials,Commercial & Professional Services,Commercial Services & Supplies,Environmental & Facilities Services,2646.2,FY2024,Mark Irwin,Group Chief Executive,818000.0,GBP,1289820.0,0.0,65440.0,80698.0,,2253958.0,GBP,False,Served full year. No LTIP vested in 2024 in respect of qualifying services.,serco_group_ar_2025,https://www.serco.com/media/13673/serco-annual-report-and-accounts-2025.pdf,"=HYPERLINK(""https://www.serco.com/media/13673/serco-annual-report-and-accounts-2025.pdf#page=112"",""p.112 of AR"")",2.0,
Serco Group Plc,SRP LN Equity,Industrials,Commercial & Professional Services,Commercial Services & Supplies,Environmental & Facilities Services,2646.2,FY2024,Anthony Kirby,Group Chief Executive (not yet appointed in this role),0.0,GBP,0.0,0.0,0.0,0.0,,0.0,GBP,False,Anthony Kirby was not an Executive Director in 2024; no remuneration reported in the single figure table for that year.,serco_group_ar_2025,https://www.serco.com/media/13673/serco-annual-report-and-accounts-2025.pdf,"=HYPERLINK(""https://www.serco.com/media/13673/serco-annual-report-and-accounts-2025.pdf#page=112"",""p.112 of AR"")",2.0,
Serco Group Plc,SRP LN Equity,Industrials,Commercial & Professional Services,Commercial Services & Supplies,Environmental & Facilities Services,2646.2,FY2024,Nigel Crossley,Group Chief Financial Officer,490800.0,GBP,685450.0,624919.0,39264.0,41666.0,,1882099.0,GBP,False,Served full year. LTIP value relates to the 2022 LTIP award. The figure has been restated from the amount originally disclosed to reflect the actual vest date share price of £1.529987 at 6 April 2025.,serco_group_ar_2025,https://www.serco.com/media/13673/serco-annual-report-and-accounts-2025.pdf,"=HYPERLINK(""https://www.serco.com/media/13673/serco-annual-report-and-accounts-2025.pdf#page=112"",""p.112 of AR"")",2.0,
Severn Trent Plc,SVT LN Equity,Utilities,Utilities,Water Utilities,Water Utilities,8677.5,FY2024/25,Liv Garfield,Chief Executive Officer (CEO),829600.0,GBP,831200.0,1464200.0,124400.0,18900.0,0.0,3268300.0,GBP,False,Served full year in FY2024/25 (year ended 31 March 2025),severn_trent_ar_2025,https://www.severntrent.com/content/dam/stw-plc/fy-results-26/full-annual-report-and-accounts-2026.pdf,"=HYPERLINK(""https://www.severntrent.com/content/dam/stw-plc/fy-results-26/full-annual-report-and-accounts-2026.pdf#page=137"",""p.137 of AR"")",2.0,
Severn Trent Plc,SVT LN Equity,Utilities,Utilities,Water Utilities,Water Utilities,8677.5,FY2024/25,Helen Miles,Chief Financial Officer (CFO),498000.0,GBP,499000.0,420000.0,74700.0,16500.0,0.0,1508200.0,GBP,False,Served full year in FY2024/25 (year ended 31 March 2025),severn_trent_ar_2025,https://www.severntrent.com/content/dam/stw-plc/fy-results-26/full-annual-report-and-accounts-2026.pdf,"=HYPERLINK(""https://www.severntrent.com/content/dam/stw-plc/fy-results-26/full-annual-report-and-accounts-2026.pdf#page=137"",""p.137 of AR"")",2.0,
Severn Trent Plc,SVT LN Equity,Utilities,Utilities,Water Utilities,Water Utilities,8677.5,FY2023/24,Liv Garfield,Chief Executive Officer (CEO),793800.0,GBP,584000.0,1684000.0,119100.0,18400.0,4500.0,3203800.0,GBP,False,Served full year in FY2023/24 (year ended 31 March 2024),severn_trent_ar_2025,https://www.severntrent.com/content/dam/stw-plc/fy-results-26/full-annual-report-and-accounts-2026.pdf,"=HYPERLINK(""https://www.severntrent.com/content/dam/stw-plc/fy-results-26/full-annual-report-and-accounts-2026.pdf#page=155"",""p.155 of AR"")",2.0,
Severn Trent Plc,SVT LN Equity,Utilities,Utilities,Water Utilities,Water Utilities,8677.5,FY2023/24,Helen Miles,Chief Financial Officer (CFO),480000.0,GBP,379400.0,327500.0,72000.0,24300.0,0.0,1282300.0,GBP,False,Helen Miles became an Executive Director on 1 April 2023; therefore FY2023/24 was her first full year as an Executive Director. No comparative data is available for FY2022/23 or earlier under the regulations.,severn_trent_ar_2025,https://www.severntrent.com/content/dam/stw-plc/fy-results-26/full-annual-report-and-accounts-2026.pdf,"=HYPERLINK(""https://www.severntrent.com/content/dam/stw-plc/fy-results-26/full-annual-report-and-accounts-2026.pdf#page=155"",""p.155 of AR"")",2.0,
Shaftesbury Capital Plc,SHC LN Equity,,,,,2315.2,FY2025,Ian Hawksworth,Chief Executive Officer,765000.0,GBP,990000.0,2846000.0,134000.0,38000.0,,4773000.0,GBP,False,Served full year,shaftesbury_capital_ar_2025,https://www.shaftesburycapital.com/content/dam/shaftesbury/corporate/new-build/doucments/investor/annual-reports/annual-report-2025.pdf.downloadasset.pdf,"=HYPERLINK(""https://www.shaftesburycapital.com/content/dam/shaftesbury/corporate/new-build/doucments/investor/annual-reports/annual-report-2025.pdf.downloadasset.pdf#page=139"",""p.139 of AR"")",2.0,
Shaftesbury Capital Plc,SHC LN Equity,,,,,2315.2,FY2025,Situl Jobanputra,Chief Financial Officer,549000.0,GBP,723000.0,2042000.0,96000.0,19000.0,,3429000.0,GBP,False,Served full year,shaftesbury_capital_ar_2025,https://www.shaftesburycapital.com/content/dam/shaftesbury/corporate/new-build/doucments/investor/annual-reports/annual-report-2025.pdf.downloadasset.pdf,"=HYPERLINK(""https://www.shaftesburycapital.com/content/dam/shaftesbury/corporate/new-build/doucments/investor/annual-reports/annual-report-2025.pdf.downloadasset.pdf#page=139"",""p.139 of AR"")",2.0,
Shaftesbury Capital Plc,SHC LN Equity,,,,,2315.2,FY2024,Ian Hawksworth,Chief Executive Officer,747000.0,GBP,675000.0,0.0,131000.0,37000.0,,1590000.0,GBP,False,Served full year,shaftesbury_capital_ar_2025,https://www.shaftesburycapital.com/content/dam/shaftesbury/corporate/new-build/doucments/investor/annual-reports/annual-report-2025.pdf.downloadasset.pdf,"=HYPERLINK(""https://www.shaftesburycapital.com/content/dam/shaftesbury/corporate/new-build/doucments/investor/annual-reports/annual-report-2025.pdf.downloadasset.pdf#page=139"",""p.139 of AR"")",2.0,
Shaftesbury Capital Plc,SHC LN Equity,,,,,2315.2,FY2024,Situl Jobanputra,Chief Financial Officer,536000.0,GBP,500000.0,0.0,94000.0,25000.0,,1155000.0,GBP,False,Served full year,shaftesbury_capital_ar_2025,https://www.shaftesburycapital.com/content/dam/shaftesbury/corporate/new-build/doucments/investor/annual-reports/annual-report-2025.pdf.downloadasset.pdf,"=HYPERLINK(""https://www.shaftesburycapital.com/content/dam/shaftesbury/corporate/new-build/doucments/investor/annual-reports/annual-report-2025.pdf.downloadasset.pdf#page=139"",""p.139 of AR"")",2.0,
Shell Plc,SHEL LN Equity,Energy,Energy,Oil Gas & Consumable Fuels,Integrated Oil & Gas,177938.0,FY2025,Wael Sawan,Chief Executive Officer (CEO),1535000.0,GBP,2725000.0,9112000.0,307000.0,77000.0,,13756000.0,GBP,False,Served full year,shell_ar_2025,https://www.shell.com/investors/results-and-reporting/annual-report/_jcr_content/root/main/section/promo/links/item0.stream/1773292272508/5e49e127579b77081f032b6088b348694aac0d14/shell-annual-report-2025.pdf,"=HYPERLINK(""https://www.shell.com/investors/results-and-reporting/annual-report/_jcr_content/root/main/section/promo/links/item0.stream/1773292272508/5e49e127579b77081f032b6088b348694aac0d14/shell-annual-report-2025.pdf#page=187"",""p.187 of AR"")",2.0,
Shell Plc,SHEL LN Equity,Energy,Energy,Oil Gas & Consumable Fuels,Integrated Oil & Gas,177938.0,FY2025,Sinead Gorman,Chief Financial Officer (CFO),1014000.0,GBP,1800000.0,5418000.0,203000.0,35000.0,,8470000.0,GBP,False,Served full year,shell_ar_2025,https://www.shell.com/investors/results-and-reporting/annual-report/_jcr_content/root/main/section/promo/links/item0.stream/1773292272508/5e49e127579b77081f032b6088b348694aac0d14/shell-annual-report-2025.pdf,"=HYPERLINK(""https://www.shell.com/investors/results-and-reporting/annual-report/_jcr_content/root/main/section/promo/links/item0.stream/1773292272508/5e49e127579b77081f032b6088b348694aac0d14/shell-annual-report-2025.pdf#page=187"",""p.187 of AR"")",2.0,
Shell Plc,SHEL LN Equity,Energy,Energy,Oil Gas & Consumable Fuels,Integrated Oil & Gas,177938.0,FY2024,Wael Sawan,Chief Executive Officer (CEO),1455000.0,GBP,2925000.0,3899000.0,291000.0,45000.0,,8615000.0,GBP,False,Served full year,shell_ar_2025,https://www.shell.com/investors/results-and-reporting/annual-report/_jcr_content/root/main/section/promo/links/item0.stream/1773292272508/5e49e127579b77081f032b6088b348694aac0d14/shell-annual-report-2025.pdf,"=HYPERLINK(""https://www.shell.com/investors/results-and-reporting/annual-report/_jcr_content/root/main/section/promo/links/item0.stream/1773292272508/5e49e127579b77081f032b6088b348694aac0d14/shell-annual-report-2025.pdf#page=187"",""p.187 of AR"")",2.0,
Shell Plc,SHEL LN Equity,Energy,Energy,Oil Gas & Consumable Fuels,Integrated Oil & Gas,177938.0,FY2024,Sinead Gorman,Chief Financial Officer (CFO),961000.0,GBP,1930000.0,4136000.0,192000.0,32000.0,,7251000.0,GBP,False,Served full year,shell_ar_2025,https://www.shell.com/investors/results-and-reporting/annual-report/_jcr_content/root/main/section/promo/links/item0.stream/1773292272508/5e49e127579b77081f032b6088b348694aac0d14/shell-annual-report-2025.pdf,"=HYPERLINK(""https://www.shell.com/investors/results-and-reporting/annual-report/_jcr_content/root/main/section/promo/links/item0.stream/1773292272508/5e49e127579b77081f032b6088b348694aac0d14/shell-annual-report-2025.pdf#page=187"",""p.187 of AR"")",2.0,
Sirius Real Estate Ltd,SRE LN Equity,,,,,1543.4,FY2024/25,Andrew Coombs,Chief Executive Officer,662824.0,EUR,994235.0,780234.0,64294.0,141035.0,0.0,2642622.0,EUR,False,"Served full year. Total Fixed Pay: €868,153; Total Variable Pay: €1,774,469. LTIP relates to 2021 LTIP granted July 2022, vested 23 May 2025; calculated using share price of 91.45p, converted at €1.1930. LTIP vested at 64.33% of maximum. Annual bonus represents 100% of maximum. Exchange rate used for FY2024/25: 1.1971 (unless otherwise stated). Benefits include company car, private medical insurance, accommodation allowance, income insurance and death-in-service benefits.",sirius_real_estate_ar_2025,https://www.sirius-real-estate.com/media/wcjasf2l/sirius-annual-report-2026.pdf,"=HYPERLINK(""https://www.sirius-real-estate.com/media/wcjasf2l/sirius-annual-report-2026.pdf#page=105"",""p.105 of AR"")",2.0,
Sirius Real Estate Ltd,SRE LN Equity,,,,,1543.4,FY2024/25,Chris Bowman,Chief Financial Officer,566168.0,EUR,849252.0,0.0,54918.0,125128.0,0.0,1595466.0,EUR,False,"Served full year. Total Fixed Pay: €746,214; Total Variable Pay: €849,252. No LTIP vested in FY2024/25, consistent with more recent appointment. Buyout award of €59,855 is embedded within the benefits figure, being part of a total £200,000 buyout paid over four years commencing 2024. Exchange rate used for FY2024/25: 1.1971 (unless otherwise stated). Benefits include company car, private medical insurance, accommodation allowance, income insurance and death-in-service benefits.",sirius_real_estate_ar_2025,https://www.sirius-real-estate.com/media/wcjasf2l/sirius-annual-report-2026.pdf,"=HYPERLINK(""https://www.sirius-real-estate.com/media/wcjasf2l/sirius-annual-report-2026.pdf#page=105"",""p.105 of AR"")",2.0,
Sirius Real Estate Ltd,SRE LN Equity,,,,,1543.4,FY2023/24,Andrew Coombs,Chief Executive Officer,610377.0,EUR,900306.0,871842.0,59207.0,58002.0,0.0,2499734.0,EUR,False,"Served full year. Total Fixed Pay: €727,586; Total Variable Pay: €1,772,148. LTIP relates to 2021 LTIP granted August 2021, vested 24 May 2024; calculated using share price of 96.7p, converted at €1.1742. LTIP vested at 81% of maximum. Exchange rate used for FY2023/24: 1.1586. Benefits include company car, private medical insurance, accommodation allowance, income insurance and death-in-service benefits.",sirius_real_estate_ar_2025,https://www.sirius-real-estate.com/media/wcjasf2l/sirius-annual-report-2026.pdf,"=HYPERLINK(""https://www.sirius-real-estate.com/media/wcjasf2l/sirius-annual-report-2026.pdf#page=105"",""p.105 of AR"")",2.0,
Sirius Real Estate Ltd,SRE LN Equity,,,,,1543.4,FY2023/24,Chris Bowman,Chief Financial Officer,359994.0,EUR,537260.0,0.0,34919.0,45020.0,0.0,977194.0,EUR,True,"Chris Bowman was appointed during FY2023/24, resulting in a lower salary (€359,994) compared to FY2024/25 (€566,168), reflecting a partial year of service at his full salary rate. His base salary for a full year was set at £472,950 (increased by 5.1% effective 1 April 2024). Total Fixed Pay: €439,954; Total Variable Pay: €537,261. No LTIP vested in FY2023/24, consistent with more recent appointment. Buyout award of €38,620 is embedded within the benefits figure, being part of a total £200,000 buyout paid over four years. Exchange rate used for FY2023/24: 1.1586. Benefits include company car, private medical insurance, accommodation allowance, income insurance and death-in-service benefits.",sirius_real_estate_ar_2025,https://www.sirius-real-estate.com/media/wcjasf2l/sirius-annual-report-2026.pdf,"=HYPERLINK(""https://www.sirius-real-estate.com/media/wcjasf2l/sirius-annual-report-2026.pdf#page=105"",""p.105 of AR"")",2.0,
Smith & Nephew Plc,SN/ LN Equity,Health Care,Health Care Equipment & Services,Health Care Equipment & Supplies,Health Care Equipment,9492.6,FY2024,Deepak Nath,Chief Executive Officer,1560000.0,USD,2034000.0,4060000.0,117000.0,42000.0,,7813000.0,USD,False,"Appointed as CEO on 1 April 2022; served full year in 2024. Note: Pension figure includes a correction for an administrative underpayment in 2023 (rectified in January 2024); the 2024 pension excluding this correction was $25,875. RSP award was granted post shareholder approval in August 2024 at a share price of £11.701 (GBP/USD 1.277). A top-up PSP award of 25% of base salary was also granted in August 2024 following adoption of the new Remuneration Policy.",smith_and_nephew_ar_2024,https://smith-nephew.stylelabs.cloud/api/public/content/9bf6ddda064f489c852f0ecab120f281?v=6ba87057,"=HYPERLINK(""https://smith-nephew.stylelabs.cloud/api/public/content/9bf6ddda064f489c852f0ecab120f281?v=6ba87057#page=157"",""p.157 of AR"")",2.0,
Smith & Nephew Plc,SN/ LN Equity,Health Care,Health Care Equipment & Services,Health Care Equipment & Supplies,Health Care Equipment,9492.6,FY2024,John Rogers,Chief Financial Officer,695000.0,USD,1210000.0,0.0,83000.0,12000.0,,2000000.0,USD,True,John Rogers joined the Company on 1 December 2023 as CFO Designate. Appointed as CFO and Executive Director on 1 April 2024. All amounts shown represent the period from 1 April 2024 only (9 months as Executive Director). Based in the UK and paid in British Pounds.,smith_and_nephew_ar_2024,https://smith-nephew.stylelabs.cloud/api/public/content/9bf6ddda064f489c852f0ecab120f281?v=6ba87057,"=HYPERLINK(""https://smith-nephew.stylelabs.cloud/api/public/content/9bf6ddda064f489c852f0ecab120f281?v=6ba87057#page=143"",""p.143 of AR"")",2.0,
Smith & Nephew Plc,SN/ LN Equity,Health Care,Health Care Equipment & Services,Health Care Equipment & Supplies,Health Care Equipment,9492.6,FY2024,Anne-Françoise Nesmes,Former Chief Financial Officer,204000.0,USD,0.0,546000.0,24000.0,4000.0,,778000.0,USD,True,"Stepped down from the Board as CFO on 31 March 2024 and left the Company on 1 May 2024. Amounts shown represent Q1 2024 only (3 months as Executive Director). Was not eligible for a salary review in April 2024, a 2024 AIP payment, or a 2024 PSP award. Based in the UK and paid in British Pounds.",smith_and_nephew_ar_2024,https://smith-nephew.stylelabs.cloud/api/public/content/9bf6ddda064f489c852f0ecab120f281?v=6ba87057,"=HYPERLINK(""https://smith-nephew.stylelabs.cloud/api/public/content/9bf6ddda064f489c852f0ecab120f281?v=6ba87057#page=157"",""p.157 of AR"")",2.0,
Smith & Nephew Plc,SN/ LN Equity,Health Care,Health Care Equipment & Services,Health Care Equipment & Supplies,Health Care Equipment,9492.6,FY2023,Deepak Nath,Chief Executive Officer,1513000.0,USD,1997000.0,1083000.0,25000.0,40000.0,,4658000.0,USD,False,,smith_and_nephew_ar_2024,https://smith-nephew.stylelabs.cloud/api/public/content/9bf6ddda064f489c852f0ecab120f281?v=6ba87057,"=HYPERLINK(""https://smith-nephew.stylelabs.cloud/api/public/content/9bf6ddda064f489c852f0ecab120f281?v=6ba87057#page=157"",""p.157 of AR"")",2.0,
Smith & Nephew Plc,SN/ LN Equity,Health Care,Health Care Equipment & Services,Health Care Equipment & Supplies,Health Care Equipment,9492.6,FY2023,John Rogers,CFO Designate (not yet an Executive Director in 2023),0.0,USD,0.0,0.0,0.0,0.0,,0.0,USD,False,John Rogers joined on 1 December 2023 as CFO Designate but was not appointed as an Executive Director until 1 April 2024; therefore no single figure remuneration is reported for 2023.,smith_and_nephew_ar_2024,https://smith-nephew.stylelabs.cloud/api/public/content/9bf6ddda064f489c852f0ecab120f281?v=6ba87057,"=HYPERLINK(""https://smith-nephew.stylelabs.cloud/api/public/content/9bf6ddda064f489c852f0ecab120f281?v=6ba87057#page=157"",""p.157 of AR"")",2.0,
Smith & Nephew Plc,SN/ LN Equity,Health Care,Health Care Equipment & Services,Health Care Equipment & Supplies,Health Care Equipment,9492.6,FY2023,Anne-Françoise Nesmes,Chief Financial Officer,786000.0,USD,1010000.0,154000.0,94000.0,15000.0,,2060000.0,USD,False,Served full year in 2023.,smith_and_nephew_ar_2024,https://smith-nephew.stylelabs.cloud/api/public/content/9bf6ddda064f489c852f0ecab120f281?v=6ba87057,"=HYPERLINK(""https://smith-nephew.stylelabs.cloud/api/public/content/9bf6ddda064f489c852f0ecab120f281?v=6ba87057#page=157"",""p.157 of AR"")",2.0,
Smiths Group Plc,SMIN LN Equity,,,,,7511.3,FY2025,Roland Carter,Chief Executive Officer,964000.0,GBP,1893000.0,1373000.0,116000.0,37000.0,,4383000.0,GBP,False,Served full year,smiths_group_ar_2025,https://www.smiths.com/media/uwkpyowa/smiths-annual-report-2025.pdf,"=HYPERLINK(""https://www.smiths.com/media/uwkpyowa/smiths-annual-report-2025.pdf#page=93"",""p.93 of AR"")",2.0,
Smiths Group Plc,SMIN LN Equity,,,,,7511.3,FY2025,Julian Fagge,Chief Financial Officer,313000.0,GBP,481000.0,1227000.0,31000.0,12000.0,,2064000.0,GBP,True,"Appointed to the Board as CFO on 1 February 2025. Salary, benefits, pension and annual bonus reflect approximately six months' service (1 February 2025 to 31 July 2025). The FY2023 LTIP value is included in full and has not been pro-rated. An additional annual bonus of £290,912 relating to his prior role as President of Smiths Interconnect has been excluded from the single figure table.",smiths_group_ar_2025,https://www.smiths.com/media/uwkpyowa/smiths-annual-report-2025.pdf,"=HYPERLINK(""https://www.smiths.com/media/uwkpyowa/smiths-annual-report-2025.pdf#page=93"",""p.93 of AR"")",2.0,
Smiths Group Plc,SMIN LN Equity,,,,,7511.3,FY2025,Clare Scherrer,Chief Financial Officer (former),500000.0,GBP,854000.0,1711000.0,60000.0,67000.0,,3192000.0,GBP,True,"Retired on 30 April 2025 (approximately nine months of FY2025). Treated as a 'good leaver' for incentive purposes. Annual bonus and LTIP awards pro-rated to retirement date. LTIP awards subject to performance testing on normal dates. Post-employment shareholding requirement of at least 33,116 shares for two years post-employment applies.",smiths_group_ar_2025,https://www.smiths.com/media/uwkpyowa/smiths-annual-report-2025.pdf,"=HYPERLINK(""https://www.smiths.com/media/uwkpyowa/smiths-annual-report-2025.pdf#page=93"",""p.93 of AR"")",2.0,
Smiths Group Plc,SMIN LN Equity,,,,,7511.3,FY2024,Roland Carter,Chief Executive Officer,320000.0,GBP,400000.0,886000.0,37000.0,13000.0,,1656000.0,GBP,True,"FY2024 figures reflect partial year service as CEO (Roland Carter was appointed CEO during FY2024, as evidenced by the significantly lower salary and total remuneration compared to FY2025 full-year figures).",smiths_group_ar_2025,https://www.smiths.com/media/uwkpyowa/smiths-annual-report-2025.pdf,"=HYPERLINK(""https://www.smiths.com/media/uwkpyowa/smiths-annual-report-2025.pdf#page=93"",""p.93 of AR"")",2.0,
Smiths Group Plc,SMIN LN Equity,,,,,7511.3,FY2024,Julian Fagge,Chief Financial Officer (not yet appointed as ED in FY2024),0.0,GBP,0.0,0.0,0.0,0.0,,0.0,GBP,False,Julian Fagge was not appointed to the Board as CFO until 1 February 2025; no single figure data reported for FY2024.,smiths_group_ar_2025,https://www.smiths.com/media/uwkpyowa/smiths-annual-report-2025.pdf,"=HYPERLINK(""https://www.smiths.com/media/uwkpyowa/smiths-annual-report-2025.pdf#page=93"",""p.93 of AR"")",2.0,
Smiths Group Plc,SMIN LN Equity,,,,,7511.3,FY2024,Clare Scherrer,Chief Financial Officer,600000.0,GBP,649000.0,0.0,72000.0,32000.0,,1353000.0,GBP,False,Served full year in FY2024.,smiths_group_ar_2025,https://www.smiths.com/media/uwkpyowa/smiths-annual-report-2025.pdf,"=HYPERLINK(""https://www.smiths.com/media/uwkpyowa/smiths-annual-report-2025.pdf#page=93"",""p.93 of AR"")",2.0,
Softcat Plc,SCT LN Equity,Information Technology,Software & Services,IT Services,IT Consulting & Other Services,2697.2,FY2025,Graham Charlton,Chief Executive Officer (CEO),584983.0,GBP,792500.0,333968.0,29249.0,5927.0,,1746627.0,GBP,False,Served full financial year,softcat_ar_2025,https://www.softcat.com/3917/6432/0494/Softcat-plc-Annual-Report-and-Accounts-2025.pdf_-_Interactive_pdf.pdf,"=HYPERLINK(""https://www.softcat.com/3917/6432/0494/Softcat-plc-Annual-Report-and-Accounts-2025.pdf_-_Interactive_pdf.pdf#page=104"",""p.104 of AR"")",3.0,97.0
Softcat Plc,SCT LN Equity,Information Technology,Software & Services,IT Services,IT Consulting & Other Services,2697.2,FY2025,Katy Mecklenburgh,Chief Financial Officer (CFO),381100.0,GBP,516291.0,0.0,19055.0,4296.0,,920742.0,GBP,False,Served full financial year (appointment in 2023 does not affect FY2025 figures),softcat_ar_2025,https://www.softcat.com/3917/6432/0494/Softcat-plc-Annual-Report-and-Accounts-2025.pdf_-_Interactive_pdf.pdf,"=HYPERLINK(""https://www.softcat.com/3917/6432/0494/Softcat-plc-Annual-Report-and-Accounts-2025.pdf_-_Interactive_pdf.pdf#page=104"",""p.104 of AR"")",3.0,97.0
Softcat Plc,SCT LN Equity,Information Technology,Software & Services,IT Services,IT Consulting & Other Services,2697.2,FY2024,Graham Charlton,Chief Executive Officer (CEO),567900.0,GBP,660600.0,346500.0,28400.0,4500.0,,1607900.0,GBP,False,Served full financial year,softcat_ar_2025,https://www.softcat.com/3917/6432/0494/Softcat-plc-Annual-Report-and-Accounts-2025.pdf_-_Interactive_pdf.pdf,"=HYPERLINK(""https://www.softcat.com/3917/6432/0494/Softcat-plc-Annual-Report-and-Accounts-2025.pdf_-_Interactive_pdf.pdf#page=106"",""p.106 of AR"")",3.0,113.0
Softcat Plc,SCT LN Equity,Information Technology,Software & Services,IT Services,IT Consulting & Other Services,2697.2,FY2024,Katy Mecklenburgh,Chief Financial Officer (CFO),370000.0,GBP,430400.0,0.0,18500.0,2700.0,,821600.0,GBP,False,"Served full financial year (though appointed CFO on 19 June 2023, FY2024 was a full financial year for her)",softcat_ar_2025,https://www.softcat.com/3917/6432/0494/Softcat-plc-Annual-Report-and-Accounts-2025.pdf_-_Interactive_pdf.pdf,"=HYPERLINK(""https://www.softcat.com/3917/6432/0494/Softcat-plc-Annual-Report-and-Accounts-2025.pdf_-_Interactive_pdf.pdf#page=106"",""p.106 of AR"")",3.0,113.0
Spirax Group Plc,SPX LN Equity,Industrials,Capital Goods,Machinery,Industrial Machinery & Supplies & Components,5103.0,2025,Nimesh Patel,Group Chief Executive Officer (CEO),763000.0,GBP,682000.0,117000.0,76000.0,30000.0,2000.0,1670000.0,GBP,False,Served full year,spirax_group_ar_2025,https://content.spiraxgroup.com/-/media/engineering/documents/results-and-agm-notices/2025/ara/spirax-group-plc-annual-report-2025.ashx?rev=4264817ad6cb42e7b009ed3640dc1b22&hash=A7FAE47E7BC21AA3BA71D088BCA0A28D,"=HYPERLINK(""https://content.spiraxgroup.com/-/media/engineering/documents/results-and-agm-notices/2025/ara/spirax-group-plc-annual-report-2025.ashx?rev=4264817ad6cb42e7b009ed3640dc1b22&hash=A7FAE47E7BC21AA3BA71D088BCA0A28D#page=140"",""p.140 of AR"")",3.0,561.0
Spirax Group Plc,SPX LN Equity,Industrials,Capital Goods,Machinery,Industrial Machinery & Supplies & Components,5103.0,2025,Louisa Burdett,Group Chief Financial Officer (CFO),562000.0,GBP,419000.0,98000.0,56000.0,20000.0,171000.0,1326000.0,GBP,False,"Served full year in 2025 (appointed 8 July 2024, so 2025 is her first full year)",spirax_group_ar_2025,https://content.spiraxgroup.com/-/media/engineering/documents/results-and-agm-notices/2025/ara/spirax-group-plc-annual-report-2025.ashx?rev=4264817ad6cb42e7b009ed3640dc1b22&hash=A7FAE47E7BC21AA3BA71D088BCA0A28D,"=HYPERLINK(""https://content.spiraxgroup.com/-/media/engineering/documents/results-and-agm-notices/2025/ara/spirax-group-plc-annual-report-2025.ashx?rev=4264817ad6cb42e7b009ed3640dc1b22&hash=A7FAE47E7BC21AA3BA71D088BCA0A28D#page=140"",""p.140 of AR"")",3.0,561.0
Spirax Group Plc,SPX LN Equity,Industrials,Capital Goods,Machinery,Industrial Machinery & Supplies & Components,5103.0,2024,Nimesh Patel,Group Chief Executive Officer (CEO),711000.0,GBP,432000.0,99000.0,71000.0,29000.0,2000.0,1344000.0,GBP,False,"Served full year (though promoted to CEO on 16 January 2024, per other disclosures; 2024 figures reflect near-full-year service)",spirax_group_ar_2025,https://content.spiraxgroup.com/-/media/engineering/documents/results-and-agm-notices/2025/ara/spirax-group-plc-annual-report-2025.ashx?rev=4264817ad6cb42e7b009ed3640dc1b22&hash=A7FAE47E7BC21AA3BA71D088BCA0A28D,"=HYPERLINK(""https://content.spiraxgroup.com/-/media/engineering/documents/results-and-agm-notices/2025/ara/spirax-group-plc-annual-report-2025.ashx?rev=4264817ad6cb42e7b009ed3640dc1b22&hash=A7FAE47E7BC21AA3BA71D088BCA0A28D#page=140"",""p.140 of AR"")",3.0,561.0
Spirax Group Plc,SPX LN Equity,Industrials,Capital Goods,Machinery,Industrial Machinery & Supplies & Components,5103.0,2024,Louisa Burdett,Group Chief Financial Officer (CFO),265000.0,GBP,137000.0,0.0,30000.0,10000.0,0.0,442000.0,GBP,True,Appointed 8 July 2024; 2024 figures reflect only a partial year of service (approx. 5.5 months),spirax_group_ar_2025,https://content.spiraxgroup.com/-/media/engineering/documents/results-and-agm-notices/2025/ara/spirax-group-plc-annual-report-2025.ashx?rev=4264817ad6cb42e7b009ed3640dc1b22&hash=A7FAE47E7BC21AA3BA71D088BCA0A28D,"=HYPERLINK(""https://content.spiraxgroup.com/-/media/engineering/documents/results-and-agm-notices/2025/ara/spirax-group-plc-annual-report-2025.ashx?rev=4264817ad6cb42e7b009ed3640dc1b22&hash=A7FAE47E7BC21AA3BA71D088BCA0A28D#page=140"",""p.140 of AR"")",3.0,561.0
Spire Healthcare Group Plc,SPI LN Equity,Health Care,Health Care Equipment & Services,Health Care Providers & Services,Health Care Facilities,911.4,FY2025,Justin Ash,Chief Executive Officer,662400.0,GBP,0.0,337400.0,53000.0,19800.0,,1072600.0,GBP,False,"Served the full year. Benefits include maturity of a 2022 Sharesave plan, calculated as share price on date acquired (£2.13 on 24 June 2025) minus the option's exercise price, multiplied by number of options that vested. Pension is 8% of salary, in line with majority of employees. Annual bonus of 0% of maximum; full-year Group EBITDA of £268.6m fell below the £270m threshold; no discretion applied. LTIP reflects 2023 LTIP award vesting at 28.46% of maximum; due to vest in 2026; valued using average share price of £2.14 in Q4 2025; none of the value attributable to share price appreciation; subject to a further two-year holding period.",spire_healthcare_group_ar_2025,https://investors.spirehealthcare.com/media/1g0p40u0/annual-report-and-accounts-2025.pdf,"=HYPERLINK(""https://investors.spirehealthcare.com/media/1g0p40u0/annual-report-and-accounts-2025.pdf#page=111"",""p.111 of AR"")",2.0,
Spire Healthcare Group Plc,SPI LN Equity,Health Care,Health Care Equipment & Services,Health Care Providers & Services,Health Care Facilities,911.4,FY2025,Harbant Samra,Chief Financial Officer,397700.0,GBP,0.0,82000.0,31800.0,16400.0,,527900.0,GBP,False,"Harbant Samra was appointed CFO in May 2024. His salary increased from £380,000 to £405,000 effective May 2025 (one year after appointment), reflecting strong performance. A further 3.2% increase was applied from December 2025, bringing salary to £417,960 from 1 December 2025. The blended full-year salary figure is £397,700. Benefits include maturity of a 2022 Sharesave plan, calculated as share price on date acquired (£2.13 on 24 June 2025) minus the option's exercise price, multiplied by number of options that vested. Pension is 8% of salary, in line with majority of employees. Annual bonus of 0% of maximum; full-year Group EBITDA of £268.6m fell below the £270m threshold; no discretion applied. The 2023 LTIP award was granted in respect of his previous (pre-board) role, vesting at 28.46% of maximum; valued using average share price of £2.14 in Q4 2025; full value included for transparency.",spire_healthcare_group_ar_2025,https://investors.spirehealthcare.com/media/1g0p40u0/annual-report-and-accounts-2025.pdf,"=HYPERLINK(""https://investors.spirehealthcare.com/media/1g0p40u0/annual-report-and-accounts-2025.pdf#page=111"",""p.111 of AR"")",2.0,
Spire Healthcare Group Plc,SPI LN Equity,Health Care,Health Care Equipment & Services,Health Care Providers & Services,Health Care Facilities,911.4,FY2024,Justin Ash,Chief Executive Officer,648800.0,GBP,347900.0,593300.0,51900.0,18800.0,,1660700.0,GBP,False,Served the full year. Annual bonus represents 36.1% of maximum. LTIP reflects 2022 LTIP award restated to reflect actual share price on vesting of £1.77; vesting at 60.82% of maximum.,spire_healthcare_group_ar_2025,https://investors.spirehealthcare.com/media/1g0p40u0/annual-report-and-accounts-2025.pdf,"=HYPERLINK(""https://investors.spirehealthcare.com/media/1g0p40u0/annual-report-and-accounts-2025.pdf#page=111"",""p.111 of AR"")",2.0,
Spire Healthcare Group Plc,SPI LN Equity,Health Care,Health Care Equipment & Services,Health Care Providers & Services,Health Care Facilities,911.4,FY2024,Harbant Samra,Chief Financial Officer,245600.0,GBP,130600.0,62200.0,19600.0,10200.0,,468200.0,GBP,True,"Harbant Samra was appointed Chief Financial Officer in May 2024; the 2024 figures reflect a partial year on the board. His salary of £245,600 reflects the pro-rated period from appointment. The 2023 LTIP award included relates to his previous pre-board role.",spire_healthcare_group_ar_2025,https://investors.spirehealthcare.com/media/1g0p40u0/annual-report-and-accounts-2025.pdf,"=HYPERLINK(""https://investors.spirehealthcare.com/media/1g0p40u0/annual-report-and-accounts-2025.pdf#page=111"",""p.111 of AR"")",2.0,
SSE Plc,SSE LN Equity,Utilities,Utilities,Electric Utilities,Electric Utilities,27374.4,FY2024/25,Alistair Phillips-Davies,Chief Executive Officer,1044000.0,GBP,,,,,,3892000.0,GBP,False,"FY2024/25 represents a full year for Alistair Phillips-Davies as CEO. He is stepping down on 17 July 2025 (in FY2025/26), so his pay in FY2025/26 will be pro-rated to 17 July 2025.",sse_ar_2025,https://www.sse.com/media/h3bhjccu/sse_ar26_interactive-report.pdf,"=HYPERLINK(""https://www.sse.com/media/h3bhjccu/sse_ar26_interactive-report.pdf#page=143"",""p.143 of AR"")",2.0,
SSE Plc,SSE LN Equity,Utilities,Utilities,Electric Utilities,Electric Utilities,27374.4,FY2024/25,Martin Pibworth,Chief Commercial Officer,,GBP,,,,,,,GBP,False,Served full year as Chief Commercial Officer (CCO) in FY2024/25. Appointed Chief Executive effective 17 July 2025 (in FY2025/26).,sse_ar_2025,https://www.sse.com/media/h3bhjccu/sse_ar26_interactive-report.pdf,"=HYPERLINK(""https://www.sse.com/media/h3bhjccu/sse_ar26_interactive-report.pdf#page=153"",""p.153 of AR"")",2.0,
SSE Plc,SSE LN Equity,Utilities,Utilities,Electric Utilities,Electric Utilities,27374.4,FY2024/25,Barry,Chief Financial Officer,,GBP,,,,,,,GBP,False,"FY2024/25 represents Barry's first full year on the Board as CFO. He joined the Board part way through FY2023/24, so FY2023/24 pay was pro-rated. Surname not fully stated in extracted text.",sse_ar_2025,https://www.sse.com/media/h3bhjccu/sse_ar26_interactive-report.pdf,"=HYPERLINK(""https://www.sse.com/media/h3bhjccu/sse_ar26_interactive-report.pdf#page=128"",""p.128 of AR"")",1.0,
SSE Plc,SSE LN Equity,Utilities,Utilities,Electric Utilities,Electric Utilities,27374.4,FY2023/24,Alistair Phillips-Davies,Chief Executive Officer,999000.0,GBP,,,0.0,,,3562000.0,GBP,False,Served full year as Chief Executive Officer in FY2023/24.,sse_ar_2025,https://www.sse.com/media/h3bhjccu/sse_ar26_interactive-report.pdf,"=HYPERLINK(""https://www.sse.com/media/h3bhjccu/sse_ar26_interactive-report.pdf#page=143"",""p.143 of AR"")",2.0,
SSE Plc,SSE LN Equity,Utilities,Utilities,Electric Utilities,Electric Utilities,27374.4,FY2023/24,Martin Pibworth,Chief Commercial Officer,,GBP,,,,,,,GBP,False,Served full year as Chief Commercial Officer (CCO) in FY2023/24.,sse_ar_2025,https://www.sse.com/media/h3bhjccu/sse_ar26_interactive-report.pdf,"=HYPERLINK(""https://www.sse.com/media/h3bhjccu/sse_ar26_interactive-report.pdf#page=153"",""p.153 of AR"")",2.0,
SSE Plc,SSE LN Equity,Utilities,Utilities,Electric Utilities,Electric Utilities,27374.4,FY2023/24,Barry,Chief Financial Officer,,GBP,,,,,,,GBP,True,"Joined the Board part way through FY2023/24; all remuneration components (salary, benefits, pension, annual bonus, LTIP) were pro-rated accordingly. FY2024/25 represents his first full year on the Board. Surname not fully stated in extracted text.",sse_ar_2025,https://www.sse.com/media/h3bhjccu/sse_ar26_interactive-report.pdf,"=HYPERLINK(""https://www.sse.com/media/h3bhjccu/sse_ar26_interactive-report.pdf#page=128"",""p.128 of AR"")",1.0,
SSP Group Plc,SSPG LN Equity,Consumer Discretionary,Consumer Services,Hotels Restaurants & Leisure,Restaurants,1198.5,FY2025,Patrick Coveney,Group Chief Executive Officer,826000.0,GBP,188000.0,463000.0,25000.0,41000.0,153000.0,1696000.0,GBP,False,Served full year. LTIP value calculated using average mid-market closing share price for Q4 FY2025 of £1.6617. Annual bonus reflects Committee's application of downward discretion on financial measures (nil payout on EBIT and EPS components); only strategic objectives element paid at 13% of maximum (out of 20% maximum strategic weighting).,ssp_group_ar_2025,https://www.foodtravelexperts.com/media/q11pqu5h/ssp-group-plc_annual-report-and-accounts_2025.pdf,"=HYPERLINK(""https://www.foodtravelexperts.com/media/q11pqu5h/ssp-group-plc_annual-report-and-accounts_2025.pdf#page=124"",""p.124 of AR"")",2.0,
SSP Group Plc,SSPG LN Equity,Consumer Discretionary,Consumer Services,Hotels Restaurants & Leisure,Restaurants,1198.5,FY2025,Geert Verellen,Group Chief Financial Officer,169000.0,GBP,40000.0,0.0,5000.0,141000.0,0.0,355000.0,GBP,True,"Joined the Company as an employee on 7 April 2025; appointed to the Board as an Executive Director on 9 June 2025. Salary (£169,000), pension (£5,000) and annual bonus (£40,000) figures relate to the period from Board appointment on 9 June 2025 only. Benefits (£141,000) relate to the full period from joining on 7 April 2025, including relocation-related benefits. Annual bonus reflects Committee's application of downward discretion on financial measures (nil payout on EBIT and EPS components); only strategic objectives element paid at 16% of maximum (out of 20% maximum strategic weighting).",ssp_group_ar_2025,https://www.foodtravelexperts.com/media/q11pqu5h/ssp-group-plc_annual-report-and-accounts_2025.pdf,"=HYPERLINK(""https://www.foodtravelexperts.com/media/q11pqu5h/ssp-group-plc_annual-report-and-accounts_2025.pdf#page=126"",""p.126 of AR"")",2.0,
SSP Group Plc,SSPG LN Equity,Consumer Discretionary,Consumer Services,Hotels Restaurants & Leisure,Restaurants,1198.5,FY2025,Jonathan Davies,Executive Director (outgoing),549000.0,GBP,99000.0,308000.0,16000.0,16000.0,0.0,988000.0,GBP,True,Retired as Executive Director on 30 September 2025 (the last day of the financial year). Figures represent full-year amounts as his departure coincided with the financial year end. LTIP value calculated using average mid-market closing share price for Q4 FY2025 of £1.6617. Annual bonus reflects Committee's application of downward discretion on financial measures (nil payout on EBIT and EPS components); only strategic objectives element paid at 12% of maximum (out of 20% maximum strategic weighting).,ssp_group_ar_2025,https://www.foodtravelexperts.com/media/q11pqu5h/ssp-group-plc_annual-report-and-accounts_2025.pdf,"=HYPERLINK(""https://www.foodtravelexperts.com/media/q11pqu5h/ssp-group-plc_annual-report-and-accounts_2025.pdf#page=126"",""p.126 of AR"")",2.0,
SSP Group Plc,SSPG LN Equity,Consumer Discretionary,Consumer Services,Hotels Restaurants & Leisure,Restaurants,1198.5,FY2024,Patrick Coveney,Group Chief Executive Officer,802000.0,GBP,211000.0,487000.0,24000.0,40000.0,0.0,1564000.0,GBP,False,Served full year. LTIP value calculated using vesting date share price of £1.3875 (11 April 2025).,ssp_group_ar_2025,https://www.foodtravelexperts.com/media/q11pqu5h/ssp-group-plc_annual-report-and-accounts_2025.pdf,"=HYPERLINK(""https://www.foodtravelexperts.com/media/q11pqu5h/ssp-group-plc_annual-report-and-accounts_2025.pdf#page=126"",""p.126 of AR"")",2.0,
SSP Group Plc,SSPG LN Equity,Consumer Discretionary,Consumer Services,Hotels Restaurants & Leisure,Restaurants,1198.5,FY2024,Geert Verellen,Group Chief Financial Officer,0.0,GBP,0.0,0.0,0.0,0.0,0.0,0.0,GBP,True,Not a Director or employee during FY2024 (year ended 30 September 2024). Joined the Company as an employee on 7 April 2025 and appointed to the Board as an Executive Director on 9 June 2025. All figures are nil for this financial year.,ssp_group_ar_2025,https://www.foodtravelexperts.com/media/q11pqu5h/ssp-group-plc_annual-report-and-accounts_2025.pdf,"=HYPERLINK(""https://www.foodtravelexperts.com/media/q11pqu5h/ssp-group-plc_annual-report-and-accounts_2025.pdf#page=126"",""p.126 of AR"")",2.0,
SSP Group Plc,SSPG LN Equity,Consumer Discretionary,Consumer Services,Hotels Restaurants & Leisure,Restaurants,1198.5,FY2024,Jonathan Davies,Executive Director / CFO,533000.0,GBP,120000.0,393000.0,16000.0,16000.0,0.0,1078000.0,GBP,False,Served full year. LTIP value calculated using vesting date share prices of £1.8710 (9 December 2024) and £1.7085 (25 February 2025).,ssp_group_ar_2025,https://www.foodtravelexperts.com/media/q11pqu5h/ssp-group-plc_annual-report-and-accounts_2025.pdf,"=HYPERLINK(""https://www.foodtravelexperts.com/media/q11pqu5h/ssp-group-plc_annual-report-and-accounts_2025.pdf#page=126"",""p.126 of AR"")",2.0,
St James's Place Plc,STJ LN Equity,Financials,Financial Services,Capital Markets,Asset Management & Custody Banks,5876.6,FY2025,Mark FitzPatrick,Chief Executive Officer,895804.0,GBP,1702297.0,0.0,89580.0,23963.0,1996.0,2713640.0,GBP,False,"Served full year. Total Fixed Remuneration: £1,009,347; Total Variable Remuneration: £1,704,293",st_james's_place_ar_2025,https://www.sjp.co.uk/sites/sjp-corp/files/SJP/shareholders/reports-presentations-webcasts/2026/SJP_AR_2025.pdf,"=HYPERLINK(""https://www.sjp.co.uk/sites/sjp-corp/files/SJP/shareholders/reports-presentations-webcasts/2026/SJP_AR_2025.pdf#page=92"",""p.92 of AR"")",2.0,
St James's Place Plc,STJ LN Equity,Financials,Financial Services,Capital Markets,Asset Management & Custody Banks,5876.6,FY2025,Caroline Waddington,Chief Financial Officer,625000.0,GBP,1028438.0,0.0,62500.0,16791.0,51479.0,1784208.0,GBP,False,"Served full year. Total Fixed Remuneration: £704,291; Total Variable Remuneration: £1,079,917",st_james's_place_ar_2025,https://www.sjp.co.uk/sites/sjp-corp/files/SJP/shareholders/reports-presentations-webcasts/2026/SJP_AR_2025.pdf,"=HYPERLINK(""https://www.sjp.co.uk/sites/sjp-corp/files/SJP/shareholders/reports-presentations-webcasts/2026/SJP_AR_2025.pdf#page=92"",""p.92 of AR"")",2.0,
St James's Place Plc,STJ LN Equity,Financials,Financial Services,Capital Markets,Asset Management & Custody Banks,5876.6,FY2025,Craig Gentle,Chief Financial Officer (former),0.0,GBP,0.0,0.0,0.0,0.0,0.0,0.0,GBP,True,No longer serving as Executive Director in FY2025; all figures are nil for 2025 as he departed prior to the year,st_james's_place_ar_2025,https://www.sjp.co.uk/sites/sjp-corp/files/SJP/shareholders/reports-presentations-webcasts/2026/SJP_AR_2025.pdf,"=HYPERLINK(""https://www.sjp.co.uk/sites/sjp-corp/files/SJP/shareholders/reports-presentations-webcasts/2026/SJP_AR_2025.pdf#page=92"",""p.92 of AR"")",2.0,
St James's Place Plc,STJ LN Equity,Financials,Financial Services,Capital Markets,Asset Management & Custody Banks,5876.6,FY2024,Mark FitzPatrick,Chief Executive Officer,861455.0,GBP,1661054.0,0.0,86145.0,29970.0,894355.0,3532979.0,GBP,False,"Served full year. Total Fixed Remuneration: £977,570; Total Variable Remuneration: £2,555,409",st_james's_place_ar_2025,https://www.sjp.co.uk/sites/sjp-corp/files/SJP/shareholders/reports-presentations-webcasts/2026/SJP_AR_2025.pdf,"=HYPERLINK(""https://www.sjp.co.uk/sites/sjp-corp/files/SJP/shareholders/reports-presentations-webcasts/2026/SJP_AR_2025.pdf#page=92"",""p.92 of AR"")",2.0,
St James's Place Plc,STJ LN Equity,Financials,Financial Services,Capital Markets,Asset Management & Custody Banks,5876.6,FY2024,Caroline Waddington,Chief Financial Officer,182692.0,GBP,979375.0,0.0,18353.0,4047.0,76877.0,1261344.0,GBP,True,"Appointed as CFO during 2024; salary of £182,692 reflects partial-year service (annualised salary £625,000). Annual bonus of £979,375 reflects a full-year bonus entitlement despite partial-year salary, consistent with the figures reported. Total Fixed Remuneration: £205,092; Total Variable Remuneration: £1,056,252",st_james's_place_ar_2025,https://www.sjp.co.uk/sites/sjp-corp/files/SJP/shareholders/reports-presentations-webcasts/2026/SJP_AR_2025.pdf,"=HYPERLINK(""https://www.sjp.co.uk/sites/sjp-corp/files/SJP/shareholders/reports-presentations-webcasts/2026/SJP_AR_2025.pdf#page=92"",""p.92 of AR"")",2.0,
St James's Place Plc,STJ LN Equity,Financials,Financial Services,Capital Markets,Asset Management & Custody Banks,5876.6,FY2024,Craig Gentle,Chief Financial Officer (former),371975.0,GBP,646687.0,0.0,56021.0,74634.0,183.0,1149500.0,GBP,True,"Served as CFO for part of 2024 before being succeeded by Caroline Waddington; salary of £371,975 reflects partial-year service prior to departure; figures reflect remuneration earned up to date of departure. Total Fixed Remuneration: £502,630; Total Variable Remuneration: £646,870",st_james's_place_ar_2025,https://www.sjp.co.uk/sites/sjp-corp/files/SJP/shareholders/reports-presentations-webcasts/2026/SJP_AR_2025.pdf,"=HYPERLINK(""https://www.sjp.co.uk/sites/sjp-corp/files/SJP/shareholders/reports-presentations-webcasts/2026/SJP_AR_2025.pdf#page=92"",""p.92 of AR"")",2.0,
Standard Chartered Plc,STAN LN Equity,Financials,Banks,Banks,Diversified Banks,41514.1,FY2025,Bill Winters,Group Chief Executive (GCE),1748000.0,GBP,3402000.0,7104000.0,175000.0,265000.0,,12694000.0,GBP,False,Served full year,standard_chartered_ar_2025,https://www.sc.com/en/uploads/sites/66/content/docs/standard-chartered-plc-2025-annual-report.pdf,"=HYPERLINK(""https://www.sc.com/en/uploads/sites/66/content/docs/standard-chartered-plc-2025-annual-report.pdf#page=192"",""p.192 of AR"")",2.0,
Standard Chartered Plc,STAN LN Equity,Financials,Banks,Banks,Diversified Banks,41514.1,FY2025,Diego De Giorgi,Group Chief Financial Officer (GCFO),1235000.0,GBP,0.0,0.0,110000.0,62000.0,,1407000.0,GBP,True,"Diego De Giorgi served as GCFO during 2025 but his single figure of £1,407,114 includes fixed remuneration only. No annual incentive or LTIP amounts are included for Diego in 2025, suggesting he departed or his variable remuneration was not applicable for the full performance year. The report notes this is a transition year and a like-for-like comparison with 2024 is not possible.",standard_chartered_ar_2025,https://www.sc.com/en/uploads/sites/66/content/docs/standard-chartered-plc-2025-annual-report.pdf,"=HYPERLINK(""https://www.sc.com/en/uploads/sites/66/content/docs/standard-chartered-plc-2025-annual-report.pdf#page=192"",""p.192 of AR"")",2.0,
Standard Chartered Plc,STAN LN Equity,Financials,Banks,Banks,Diversified Banks,41514.1,FY2024,Bill Winters,Group Chief Executive (GCE),2517000.0,GBP,1462000.0,7932000.0,252000.0,299000.0,,12462000.0,GBP,False,Served full year,standard_chartered_ar_2025,https://www.sc.com/en/uploads/sites/66/content/docs/standard-chartered-plc-2025-annual-report.pdf,"=HYPERLINK(""https://www.sc.com/en/uploads/sites/66/content/docs/standard-chartered-plc-2025-annual-report.pdf#page=192"",""p.192 of AR"")",2.0,
Standard Chartered Plc,STAN LN Equity,Financials,Banks,Banks,Diversified Banks,41514.1,FY2024,Diego De Giorgi,Group Chief Financial Officer (GCFO),1641000.0,GBP,958000.0,0.0,109000.0,61000.0,,2769000.0,GBP,False,Served full year,standard_chartered_ar_2025,https://www.sc.com/en/uploads/sites/66/content/docs/standard-chartered-plc-2025-annual-report.pdf,"=HYPERLINK(""https://www.sc.com/en/uploads/sites/66/content/docs/standard-chartered-plc-2025-annual-report.pdf#page=192"",""p.192 of AR"")",2.0,
Tate & Lyle Plc,TATE LN Equity,Consumer Staples,Food Beverage & Tobacco,Food Products,Packaged Foods & Meats,2367.4,FY2025,Nick Hampton,Chief Executive Officer,723000.0,GBP,490000.0,666000.0,108000.0,18000.0,,2005000.0,GBP,False,Served full year,tate_and_lyle_ar_2025,https://www.tateandlyle.com/sites/default/files/2026-06/tl-website-2026-annual-report-06-2026.pdf,"=HYPERLINK(""https://www.tateandlyle.com/sites/default/files/2026-06/tl-website-2026-annual-report-06-2026.pdf#page=117"",""p.117 of AR"")",2.0,
Tate & Lyle Plc,TATE LN Equity,Consumer Staples,Food Beverage & Tobacco,Food Products,Packaged Foods & Meats,2367.4,FY2025,Sarah Kuijlaars,Chief Financial Officer,272000.0,GBP,157000.0,0.0,27000.0,7000.0,,463000.0,GBP,True,"Appointed to the Board as CFO on 16 September 2024; salary (annual rate £500,000) and bonus are pro-rated to hire date. No LTIP vesting as she had not yet completed a full performance period. Pension is 15% of salary, consistent with wider UK workforce.",tate_and_lyle_ar_2025,https://www.tateandlyle.com/sites/default/files/2026-06/tl-website-2026-annual-report-06-2026.pdf,"=HYPERLINK(""https://www.tateandlyle.com/sites/default/files/2026-06/tl-website-2026-annual-report-06-2026.pdf#page=117"",""p.117 of AR"")",2.0,
Tate & Lyle Plc,TATE LN Equity,Consumer Staples,Food Beverage & Tobacco,Food Products,Packaged Foods & Meats,2367.4,FY2025,Dawn Allen,Former Chief Financial Officer,221000.0,GBP,0.0,0.0,33000.0,6000.0,,260000.0,GBP,True,"Dawn Allen departed during FY2025; received £221,000 salary, £6,000 benefits, £33,000 pension, totalling £260,000, all pro-rated to departure date. No bonus or LTIP awarded.",tate_and_lyle_ar_2025,https://www.tateandlyle.com/sites/default/files/2026-06/tl-website-2026-annual-report-06-2026.pdf,"=HYPERLINK(""https://www.tateandlyle.com/sites/default/files/2026-06/tl-website-2026-annual-report-06-2026.pdf#page=126"",""p.126 of AR"")",2.0,
Tate & Lyle Plc,TATE LN Equity,Consumer Staples,Food Beverage & Tobacco,Food Products,Packaged Foods & Meats,2367.4,FY2024,Nick Hampton,Chief Executive Officer,723000.0,GBP,564000.0,1299000.0,108000.0,17000.0,,2711000.0,GBP,False,Served full year,tate_and_lyle_ar_2025,https://www.tateandlyle.com/sites/default/files/2026-06/tl-website-2026-annual-report-06-2026.pdf,"=HYPERLINK(""https://www.tateandlyle.com/sites/default/files/2026-06/tl-website-2026-annual-report-06-2026.pdf#page=117"",""p.117 of AR"")",2.0,
Tate & Lyle Plc,TATE LN Equity,Consumer Staples,Food Beverage & Tobacco,Food Products,Packaged Foods & Meats,2367.4,FY2024,Dawn Allen,Former Chief Financial Officer,482000.0,GBP,0.0,0.0,72000.0,13000.0,,567000.0,GBP,True,Dawn Allen served part of FY2024 and departed during the period. No bonus or LTIP awarded in FY2024. Note: Sarah Kuijlaars had no FY2024 data as she had not yet joined the Board.,tate_and_lyle_ar_2025,https://www.tateandlyle.com/sites/default/files/2026-06/tl-website-2026-annual-report-06-2026.pdf,"=HYPERLINK(""https://www.tateandlyle.com/sites/default/files/2026-06/tl-website-2026-annual-report-06-2026.pdf#page=126"",""p.126 of AR"")",2.0,
Taylor Wimpey Plc,TW/ LN Equity,Consumer Discretionary,Consumer Durables & Apparel,Household Durables,Homebuilding,2701.1,FY2025,Jennie Daly,Chief Executive,836000.0,GBP,676000.0,1079000.0,84000.0,12000.0,,2687000.0,GBP,False,Served full year,taylor_wimpey_ar_2025,https://www.taylorwimpey.co.uk/-/twdxmedia/Files/Head-Office/Corporate/Annual-Reports/2025/Taylor-Wimpey-Annual-Report-and-Accounts-2025.pdf,"=HYPERLINK(""https://www.taylorwimpey.co.uk/-/twdxmedia/Files/Head-Office/Corporate/Annual-Reports/2025/Taylor-Wimpey-Annual-Report-and-Accounts-2025.pdf#page=148"",""p.148 of AR"")",2.0,
Taylor Wimpey Plc,TW/ LN Equity,Consumer Discretionary,Consumer Durables & Apparel,Household Durables,Homebuilding,2701.1,FY2025,Chris Carney,Group Finance Director,547000.0,GBP,439000.0,726000.0,55000.0,15000.0,,1782000.0,GBP,False,Served full year,taylor_wimpey_ar_2025,https://www.taylorwimpey.co.uk/-/twdxmedia/Files/Head-Office/Corporate/Annual-Reports/2025/Taylor-Wimpey-Annual-Report-and-Accounts-2025.pdf,"=HYPERLINK(""https://www.taylorwimpey.co.uk/-/twdxmedia/Files/Head-Office/Corporate/Annual-Reports/2025/Taylor-Wimpey-Annual-Report-and-Accounts-2025.pdf#page=148"",""p.148 of AR"")",2.0,
Taylor Wimpey Plc,TW/ LN Equity,Consumer Discretionary,Consumer Durables & Apparel,Household Durables,Homebuilding,2701.1,FY2024,Jennie Daly,Chief Executive,790000.0,GBP,1122000.0,849000.0,79000.0,11000.0,,2851000.0,GBP,False,Served full year,taylor_wimpey_ar_2025,https://www.taylorwimpey.co.uk/-/twdxmedia/Files/Head-Office/Corporate/Annual-Reports/2025/Taylor-Wimpey-Annual-Report-and-Accounts-2025.pdf,"=HYPERLINK(""https://www.taylorwimpey.co.uk/-/twdxmedia/Files/Head-Office/Corporate/Annual-Reports/2025/Taylor-Wimpey-Annual-Report-and-Accounts-2025.pdf#page=148"",""p.148 of AR"")",2.0,
Taylor Wimpey Plc,TW/ LN Equity,Consumer Discretionary,Consumer Durables & Apparel,Household Durables,Homebuilding,2701.1,FY2024,Chris Carney,Group Finance Director,532000.0,GBP,755000.0,558000.0,53000.0,13000.0,,1911000.0,GBP,False,Served full year,taylor_wimpey_ar_2025,https://www.taylorwimpey.co.uk/-/twdxmedia/Files/Head-Office/Corporate/Annual-Reports/2025/Taylor-Wimpey-Annual-Report-and-Accounts-2025.pdf,"=HYPERLINK(""https://www.taylorwimpey.co.uk/-/twdxmedia/Files/Head-Office/Corporate/Annual-Reports/2025/Taylor-Wimpey-Annual-Report-and-Accounts-2025.pdf#page=148"",""p.148 of AR"")",2.0,
TBC Bank Group Plc,TBCG LN Equity,Financials,Banks,Banks,Diversified Banks,2521.6,FY2025,Vakhtang Butskhrikidze,Chief Executive Officer,5105000.0,GEL,2281000.0,7546000.0,0.0,60000.0,0.0,14992000.0,GEL,False,"Served the full year (year ended 31 December 2025). Notes: The CIP total award was GEL 5,701,975 (111.7% of salary, representing 55.8% of the maximum 200% opportunity), awarded entirely in shares. Only the 40% Short-Term Share Award (GEL 2,281,000) is included in the single figure; the 60% Long-Term Share Award (GEL 3,421,185) is subject to a TSR-based scale-back mechanism over three years and will be disclosed upon final assessment. The LTIP figure reflects the 2023–2025 LTIP (gross basis). After deducting applicable Georgian and UK taxes, 38,207 net shares were transferred to the CEO, subject to an additional two-year vesting period. The 2022–2024 LTIP (GEL 12,792,000 in FY2024) related to 83,455 gross shares that vested on 10 March 2025 and is reflected in the FY2024 comparator, not in FY2025. Currency: GEL ('000).",tbc_bank_group_ar_2025,https://cms.tbcbankgroup.com/media/4zsgxysp/tbc-group-plc-annual-report-2025.pdf,"=HYPERLINK(""https://cms.tbcbankgroup.com/media/4zsgxysp/tbc-group-plc-annual-report-2025.pdf#page=111"",""p.111 of AR"")",2.0,
TBC Bank Group Plc,TBCG LN Equity,Financials,Banks,Banks,Diversified Banks,2521.6,FY2024,Vakhtang Butskhrikidze,Chief Executive Officer,5105000.0,GEL,3154000.0,12792000.0,0.0,59000.0,0.0,21110000.0,GEL,False,"Served the full year (year ended 31 December 2024). Notes: Currency: GEL ('000). The significantly higher FY2024 total (GEL 21,110,000 vs GEL 14,992,000 in FY2025) is primarily driven by the higher LTIP vesting value (GEL 12,792,000 in FY2024 vs GEL 7,546,000 in FY2025) and a higher Annual Bonus/CIP Share Award (GEL 3,154,000 in FY2024 vs GEL 2,281,000 in FY2025). The FY2024 LTIP achieved 100% of maximum; the FY2025 LTIP was capped at 76.26% due to the NBG's 200% variable remuneration cap.",tbc_bank_group_ar_2025,https://cms.tbcbankgroup.com/media/4zsgxysp/tbc-group-plc-annual-report-2025.pdf,"=HYPERLINK(""https://cms.tbcbankgroup.com/media/4zsgxysp/tbc-group-plc-annual-report-2025.pdf#page=111"",""p.111 of AR"")",2.0,
Telecom Plus Plc,TEP LN Equity,Utilities,Utilities,Multi-Utilities,Multi-Utilities,819.1,FY25,Stuart Burnett,Chief Executive Officer (CEO),672000.0,GBP,1466000.0,0.0,55000.0,10000.0,,2203000.0,GBP,False,,telecom_plus_ar_2025,https://www.telecomplus.co.uk/~/media/Files/T/Telecomplus/Telecom_Plus_PLC_Annual_Report_and_Accounts_31_March_2026_FINAL1.pdf,"=HYPERLINK(""https://www.telecomplus.co.uk/~/media/Files/T/Telecomplus/Telecom_Plus_PLC_Annual_Report_and_Accounts_31_March_2026_FINAL1.pdf#page=80"",""p.80 of AR"")",3.0,127.0
Telecom Plus Plc,TEP LN Equity,Utilities,Utilities,Multi-Utilities,Multi-Utilities,819.1,FY25,Andrew Lindsay,Chief Executive Officer / Co-CEO (stepped down from the Board),242000.0,GBP,0.0,0.0,28000.0,4000.0,,274000.0,GBP,True,Stepped down from the Board on 13 August 2024; figures represent remuneration for the partial period served during the year. His remuneration operated in line with the approved Directors' Remuneration Policy until the date of the AGM (not granted a 2024/25 TPIP award).,telecom_plus_ar_2025,https://www.telecomplus.co.uk/~/media/Files/T/Telecomplus/Telecom_Plus_PLC_Annual_Report_and_Accounts_31_March_2026_FINAL1.pdf,"=HYPERLINK(""https://www.telecomplus.co.uk/~/media/Files/T/Telecomplus/Telecom_Plus_PLC_Annual_Report_and_Accounts_31_March_2026_FINAL1.pdf#page=80"",""p.80 of AR"")",3.0,127.0
Telecom Plus Plc,TEP LN Equity,Utilities,Utilities,Multi-Utilities,Multi-Utilities,819.1,FY25,Nick Schoenfeld,Chief Financial Officer (CFO),554000.0,GBP,812000.0,0.0,35000.0,13000.0,,1414000.0,GBP,False,,telecom_plus_ar_2025,https://www.telecomplus.co.uk/~/media/Files/T/Telecomplus/Telecom_Plus_PLC_Annual_Report_and_Accounts_31_March_2026_FINAL1.pdf,"=HYPERLINK(""https://www.telecomplus.co.uk/~/media/Files/T/Telecomplus/Telecom_Plus_PLC_Annual_Report_and_Accounts_31_March_2026_FINAL1.pdf#page=80"",""p.80 of AR"")",3.0,127.0
Telecom Plus Plc,TEP LN Equity,Utilities,Utilities,Multi-Utilities,Multi-Utilities,819.1,FY24,Stuart Burnett,Chief Executive Officer (CEO) / Co-CEO,652000.0,GBP,1923000.0,,4000.0,10000.0,,2589000.0,GBP,False,,telecom_plus_ar_2025,https://www.telecomplus.co.uk/~/media/Files/T/Telecomplus/Telecom_Plus_PLC_Annual_Report_and_Accounts_31_March_2026_FINAL1.pdf,"=HYPERLINK(""https://www.telecomplus.co.uk/~/media/Files/T/Telecomplus/Telecom_Plus_PLC_Annual_Report_and_Accounts_31_March_2026_FINAL1.pdf#page=81"",""p.81 of AR"")",3.0,133.0
Telecom Plus Plc,TEP LN Equity,Utilities,Utilities,Multi-Utilities,Multi-Utilities,819.1,FY24,Andrew Lindsay,Chief Executive Officer / Co-CEO,652000.0,GBP,1923000.0,,4000.0,10000.0,,2589000.0,GBP,False,Served full year as sole/Co-CEO in FY24,telecom_plus_ar_2025,https://www.telecomplus.co.uk/~/media/Files/T/Telecomplus/Telecom_Plus_PLC_Annual_Report_and_Accounts_31_March_2026_FINAL1.pdf,"=HYPERLINK(""https://www.telecomplus.co.uk/~/media/Files/T/Telecomplus/Telecom_Plus_PLC_Annual_Report_and_Accounts_31_March_2026_FINAL1.pdf#page=81"",""p.81 of AR"")",3.0,133.0
Telecom Plus Plc,TEP LN Equity,Utilities,Utilities,Multi-Utilities,Multi-Utilities,819.1,FY24,Nick Schoenfeld,Chief Financial Officer (CFO),580000.0,GBP,1065000.0,,4000.0,11000.0,,1660000.0,GBP,False,,telecom_plus_ar_2025,https://www.telecomplus.co.uk/~/media/Files/T/Telecomplus/Telecom_Plus_PLC_Annual_Report_and_Accounts_31_March_2026_FINAL1.pdf,"=HYPERLINK(""https://www.telecomplus.co.uk/~/media/Files/T/Telecomplus/Telecom_Plus_PLC_Annual_Report_and_Accounts_31_March_2026_FINAL1.pdf#page=81"",""p.81 of AR"")",3.0,133.0
Telecom Plus Plc,TEP LN Equity,Utilities,Utilities,Multi-Utilities,Multi-Utilities,819.1,FY26,Stuart Burnett,Chief Executive Officer (CEO),682000.0,GBP,1817000.0,0.0,31000.0,12000.0,,2542000.0,GBP,False,Served full year,telecom_plus_ar_2026,https://www.telecomplus.co.uk/~/media/Files/T/Telecomplus/Telecom_Plus_PLC_Annual_Report_and_Accounts_31_March_2026_FINAL1.pdf,"=HYPERLINK(""https://www.telecomplus.co.uk/~/media/Files/T/Telecomplus/Telecom_Plus_PLC_Annual_Report_and_Accounts_31_March_2026_FINAL1.pdf#page=93"",""p.93 of AR"")",3.0,105.0
Telecom Plus Plc,TEP LN Equity,Utilities,Utilities,Multi-Utilities,Multi-Utilities,819.1,FY26,Nick Schoenfeld,Executive Director (CFO),562000.0,GBP,1007000.0,0.0,25000.0,15000.0,,1609000.0,GBP,False,Served full year,telecom_plus_ar_2026,https://www.telecomplus.co.uk/~/media/Files/T/Telecomplus/Telecom_Plus_PLC_Annual_Report_and_Accounts_31_March_2026_FINAL1.pdf,"=HYPERLINK(""https://www.telecomplus.co.uk/~/media/Files/T/Telecomplus/Telecom_Plus_PLC_Annual_Report_and_Accounts_31_March_2026_FINAL1.pdf#page=93"",""p.93 of AR"")",3.0,105.0
Telecom Plus Plc,TEP LN Equity,Utilities,Utilities,Multi-Utilities,Multi-Utilities,819.1,FY25,Stuart Burnett,"CEO (transitioned from Co-Chief Executive to CEO effective August 2024, following Andrew Lindsay's step down)",672000.0,GBP,1466000.0,0.0,55000.0,10000.0,,2203000.0,GBP,True,"Role change mid-year — transitioned from Co-CEO to sole CEO in August 2024, though full-year figures are reported for him as he served the full year in an executive capacity",telecom_plus_ar_2026,https://www.telecomplus.co.uk/~/media/Files/T/Telecomplus/Telecom_Plus_PLC_Annual_Report_and_Accounts_31_March_2026_FINAL1.pdf,"=HYPERLINK(""https://www.telecomplus.co.uk/~/media/Files/T/Telecomplus/Telecom_Plus_PLC_Annual_Report_and_Accounts_31_March_2026_FINAL1.pdf#page=94"",""p.94 of AR"")",3.0,111.0
Telecom Plus Plc,TEP LN Equity,Utilities,Utilities,Multi-Utilities,Multi-Utilities,819.1,FY25,Andrew Lindsay,Co-Chief Executive (stepped down from the Board on 13 August 2024),242000.0,GBP,0.0,0.0,28000.0,4000.0,,274000.0,GBP,True,Stepped down from the Board on 13 August 2024; figures represent partial-year remuneration for the period served,telecom_plus_ar_2026,https://www.telecomplus.co.uk/~/media/Files/T/Telecomplus/Telecom_Plus_PLC_Annual_Report_and_Accounts_31_March_2026_FINAL1.pdf,"=HYPERLINK(""https://www.telecomplus.co.uk/~/media/Files/T/Telecomplus/Telecom_Plus_PLC_Annual_Report_and_Accounts_31_March_2026_FINAL1.pdf#page=94"",""p.94 of AR"")",3.0,111.0
Telecom Plus Plc,TEP LN Equity,Utilities,Utilities,Multi-Utilities,Multi-Utilities,819.1,FY25,Nick Schoenfeld,Executive Director (CFO),554000.0,GBP,812000.0,0.0,35000.0,13000.0,,1414000.0,GBP,False,Served full year,telecom_plus_ar_2026,https://www.telecomplus.co.uk/~/media/Files/T/Telecomplus/Telecom_Plus_PLC_Annual_Report_and_Accounts_31_March_2026_FINAL1.pdf,"=HYPERLINK(""https://www.telecomplus.co.uk/~/media/Files/T/Telecomplus/Telecom_Plus_PLC_Annual_Report_and_Accounts_31_March_2026_FINAL1.pdf#page=94"",""p.94 of AR"")",3.0,111.0
Tesco Plc,TSCO LN Equity,Consumer Staples,Consumer Staples Distribution & Retail,Consumer Staples Distribution & Retail,Food Retail,28465.0,FY2025/26,Ken Murphy,Group Chief Executive,1515000.0,GBP,3424000.0,5665000.0,114000.0,124000.0,,10842000.0,GBP,False,"Full year. Figures reflect a 53-week period (vs 52-week period in 2024/25). PSP value is an estimated figure based on average share price of 447.91p over the three months to 28 February 2026; will be restated in next year's report at actual vesting value. PSP vesting level: 74.4% of maximum (2023 PSP award). Annual bonus paid out at 91.7% of maximum. Pension structured as a cash allowance of 7.5% of base salary, aligned to the wider workforce maximum contribution rate. Subject to a two-year post-vesting holding period on PSP shares. Source: Tesco PLC Annual Report and Financial Statements 2026, page 96 (audited).",tesco_ar_2026,https://www.tescoplc.com/media/gmylxjfw/tesco_ar26_interactive.pdf,"=HYPERLINK(""https://www.tescoplc.com/media/gmylxjfw/tesco_ar26_interactive.pdf#page=96"",""p.96 of AR"")",2.0,
Tesco Plc,TSCO LN Equity,Consumer Staples,Consumer Staples Distribution & Retail,Consumer Staples Distribution & Retail,Food Retail,28465.0,FY2025/26,Imran Nawaz,Chief Financial Officer,840000.0,GBP,1949000.0,2750000.0,63000.0,112000.0,,5714000.0,GBP,False,"Full year. Figures reflect a 53-week period (vs 52-week period in 2024/25). PSP value is an estimated figure based on average share price of 447.91p over the three months to 28 February 2026; will be restated in next year's report at actual vesting value. PSP vesting level: 74.4% of maximum (2023 PSP award). Pension structured as a cash allowance of 7.5% of base salary, aligned to the wider workforce maximum contribution rate. Subject to a two-year post-vesting holding period on PSP shares. Source: Tesco PLC Annual Report and Financial Statements 2026, page 96 (audited).",tesco_ar_2026,https://www.tescoplc.com/media/gmylxjfw/tesco_ar26_interactive.pdf,"=HYPERLINK(""https://www.tescoplc.com/media/gmylxjfw/tesco_ar26_interactive.pdf#page=96"",""p.96 of AR"")",2.0,
Tesco Plc,TSCO LN Equity,Consumer Staples,Consumer Staples Distribution & Retail,Consumer Staples Distribution & Retail,Food Retail,28465.0,FY2024/25,Ken Murphy,Group Chief Executive,1454000.0,GBP,2885000.0,5227000.0,109000.0,88000.0,,9763000.0,GBP,False,"Full year. Figures reflect a 52-week period. PSP figures have been restated using the actual share price at date of vesting of 402.50p, including dividend equivalents in respect of vested shares. Pension structured as a cash allowance of 7.5% of base salary, aligned to the wider workforce maximum contribution rate. Subject to a two-year post-vesting holding period on PSP shares. Source: Tesco PLC Annual Report and Financial Statements 2026, page 96 (audited).",tesco_ar_2026,https://www.tescoplc.com/media/gmylxjfw/tesco_ar26_interactive.pdf,"=HYPERLINK(""https://www.tescoplc.com/media/gmylxjfw/tesco_ar26_interactive.pdf#page=96"",""p.96 of AR"")",2.0,
Tesco Plc,TSCO LN Equity,Consumer Staples,Consumer Staples Distribution & Retail,Consumer Staples Distribution & Retail,Food Retail,28465.0,FY2024/25,Imran Nawaz,Chief Financial Officer,790000.0,GBP,1616000.0,2513000.0,59000.0,92000.0,,5070000.0,GBP,False,"Full year. Figures reflect a 52-week period. PSP figures have been restated using the actual share price at date of vesting of 402.50p, including dividend equivalents in respect of vested shares. Pension structured as a cash allowance of 7.5% of base salary, aligned to the wider workforce maximum contribution rate. Subject to a two-year post-vesting holding period on PSP shares. Source: Tesco PLC Annual Report and Financial Statements 2026, page 96 (audited).",tesco_ar_2026,https://www.tescoplc.com/media/gmylxjfw/tesco_ar26_interactive.pdf,"=HYPERLINK(""https://www.tescoplc.com/media/gmylxjfw/tesco_ar26_interactive.pdf#page=96"",""p.96 of AR"")",2.0,
THG Plc,THG LN Equity,Consumer Discretionary,Consumer Discretionary Distribution & Retail,Broadline Retail,Broadline Retail,499.2,FY2025,Matthew Moulding,Chief Executive Officer,24000.0,GBP,0.0,0.0,1000.0,9000.0,0.0,33000.0,GBP,False,"Served full year. Matthew Moulding voluntarily waived £726,386 of his £750,000 base salary (retaining only the minimum statutory amount of ~£24,000), with the Group making a charitable donation of similar value. He also waived his entitlement to participate in the annual bonus plan and is not eligible to participate in the LTIP per the Remuneration Policy.",thg_ar_2025,https://fcdn.thg-corporate.com/thg/WEB_THG_AR_25_c45d101b27.pdf,"=HYPERLINK(""https://fcdn.thg-corporate.com/thg/WEB_THG_AR_25_c45d101b27.pdf#page=51"",""p.51 of AR"")",2.0,
THG Plc,THG LN Equity,Consumer Discretionary,Consumer Discretionary Distribution & Retail,Broadline Retail,Broadline Retail,499.2,FY2025,John Gallemore,Chief Operating Officer (former),4000.0,GBP,0.0,0.0,0.0,0.0,0.0,4000.0,GBP,True,"Resigned from the Board and as COO with effect from 2 January 2025, following the completion of the demerger of THG Ingenuity. Fixed remuneration was paid only until 2 January 2025. Pension of £12 was paid into his personal pension plan reflecting his service until 2 January 2025 (shown as £0 in the table due to rounding to £'000).",thg_ar_2025,https://fcdn.thg-corporate.com/thg/WEB_THG_AR_25_c45d101b27.pdf,"=HYPERLINK(""https://fcdn.thg-corporate.com/thg/WEB_THG_AR_25_c45d101b27.pdf#page=51"",""p.51 of AR"")",2.0,
THG Plc,THG LN Equity,Consumer Discretionary,Consumer Discretionary Distribution & Retail,Broadline Retail,Broadline Retail,499.2,FY2025,Damian Sanders,Chief Financial Officer,500000.0,GBP,0.0,0.0,0.0,6000.0,0.0,506000.0,GBP,False,"Served full year. Damian Sanders opted out of the Qualifying Earnings pension scheme in April 2023, hence received no pension contributions in 2025. Executive Directors waived their entitlement to participate in the 2025 annual bonus plan. No LTIP grants were made during 2025 while a broader review of incentives was conducted.",thg_ar_2025,https://fcdn.thg-corporate.com/thg/WEB_THG_AR_25_c45d101b27.pdf,"=HYPERLINK(""https://fcdn.thg-corporate.com/thg/WEB_THG_AR_25_c45d101b27.pdf#page=51"",""p.51 of AR"")",2.0,
THG Plc,THG LN Equity,Consumer Discretionary,Consumer Discretionary Distribution & Retail,Broadline Retail,Broadline Retail,499.2,FY2024,Matthew Moulding,Chief Executive Officer,23000.0,GBP,0.0,0.0,1000.0,9000.0,0.0,32000.0,GBP,False,"Served full year. Matthew Moulding waived £726,972 of his £750,000 base salary in FY2024, retaining only the minimum statutory amount. He also waived his annual bonus entitlement and does not participate in the LTIP.",thg_ar_2025,https://fcdn.thg-corporate.com/thg/WEB_THG_AR_25_c45d101b27.pdf,"=HYPERLINK(""https://fcdn.thg-corporate.com/thg/WEB_THG_AR_25_c45d101b27.pdf#page=51"",""p.51 of AR"")",2.0,
THG Plc,THG LN Equity,Consumer Discretionary,Consumer Discretionary Distribution & Retail,Broadline Retail,Broadline Retail,499.2,FY2024,John Gallemore,Chief Operating Officer,450000.0,GBP,0.0,0.0,1000.0,4000.0,0.0,455000.0,GBP,False,Served the full 2024 financial year before resigning on 2 January 2025.,thg_ar_2025,https://fcdn.thg-corporate.com/thg/WEB_THG_AR_25_c45d101b27.pdf,"=HYPERLINK(""https://fcdn.thg-corporate.com/thg/WEB_THG_AR_25_c45d101b27.pdf#page=51"",""p.51 of AR"")",2.0,
THG Plc,THG LN Equity,Consumer Discretionary,Consumer Discretionary Distribution & Retail,Broadline Retail,Broadline Retail,499.2,FY2024,Damian Sanders,Chief Financial Officer,500000.0,GBP,0.0,0.0,0.0,7000.0,0.0,507000.0,GBP,False,Served full year. No pension contributions as Damian Sanders opted out of the Qualifying Earnings scheme in April 2023. Executive Directors waived their annual bonus entitlement in FY2024 as well.,thg_ar_2025,https://fcdn.thg-corporate.com/thg/WEB_THG_AR_25_c45d101b27.pdf,"=HYPERLINK(""https://fcdn.thg-corporate.com/thg/WEB_THG_AR_25_c45d101b27.pdf#page=51"",""p.51 of AR"")",2.0,
TP ICAP Group Plc,TCAP LN Equity,Financials,Financial Services,Capital Markets,Investment Banking & Brokerage,2327.9,FY2025,Nicolas Breteau,Group Chief Executive Officer (CEO),800000.0,GBP,2088000.0,1636000.0,40000.0,24000.0,,4588000.0,GBP,False,"Served full year (year ended 31 December 2025). Pension: from 1 June 2025, aligned with minimum tapered Annual Allowance plus variable cash allowance, as contributions limited by Annual Allowance. Annual Bonus: £2,088,000 total (£1,566,000 cash + £522,000 deferred shares; 87.0% of maximum; 25% deferred into shares for 3 years). LTIP: 2023 RSP award vesting 31 March 2026; valued at average share price of £2.55 for three-month period to 31 December 2025; represents 42% increase on grant price of £1.795.",tp_icap_group_ar_2025,https://tpicap.com/tpicap/sites/g/files/escbpb106/files/2026-04/ARA_Full%20report_2025.pdf,"=HYPERLINK(""https://tpicap.com/tpicap/sites/g/files/escbpb106/files/2026-04/ARA_Full%20report_2025.pdf#page=57"",""p.57 of AR"")",2.0,
TP ICAP Group Plc,TCAP LN Equity,Financials,Financial Services,Capital Markets,Investment Banking & Brokerage,2327.9,FY2025,Robin Stewart,Group Chief Financial Officer (CFO),505000.0,GBP,879000.0,969000.0,26000.0,19000.0,,2398000.0,GBP,False,"Served full year (year ended 31 December 2025). Pension: from 1 June 2025, aligned with minimum tapered Annual Allowance plus variable cash allowance, as contributions limited by Annual Allowance. Annual Bonus: £879,000 total (£659,000 cash + £220,000 deferred shares; 87.0% of maximum; 25% deferred into shares for 3 years). LTIP: 2023 RSP award vesting 31 March 2026; valued at average share price of £2.55 for three-month period to 31 December 2025; represents 42% increase on grant price of £1.795.",tp_icap_group_ar_2025,https://tpicap.com/tpicap/sites/g/files/escbpb106/files/2026-04/ARA_Full%20report_2025.pdf,"=HYPERLINK(""https://tpicap.com/tpicap/sites/g/files/escbpb106/files/2026-04/ARA_Full%20report_2025.pdf#page=58"",""p.58 of AR"")",2.0,
TP ICAP Group Plc,TCAP LN Equity,Financials,Financial Services,Capital Markets,Investment Banking & Brokerage,2327.9,FY2025,Philip Price,Group General Counsel (GGC),485000.0,GBP,829000.0,990000.0,23000.0,19000.0,,2345000.0,GBP,False,"Served full year (year ended 31 December 2025). Pension: received full 8% as cash allowance, as he holds fixed protection. Annual Bonus: £829,000 total (£622,000 cash + £207,000 deferred shares; 85.5% of maximum; 25% deferred into shares for 3 years). LTIP: 2023 RSP award vesting 31 March 2026; valued at average share price of £2.55 for three-month period to 31 December 2025; represents 42% increase on grant price of £1.795.",tp_icap_group_ar_2025,https://tpicap.com/tpicap/sites/g/files/escbpb106/files/2026-04/ARA_Full%20report_2025.pdf,"=HYPERLINK(""https://tpicap.com/tpicap/sites/g/files/escbpb106/files/2026-04/ARA_Full%20report_2025.pdf#page=58"",""p.58 of AR"")",2.0,
TP ICAP Group Plc,TCAP LN Equity,Financials,Financial Services,Capital Markets,Investment Banking & Brokerage,2327.9,FY2024,Nicolas Breteau,Group Chief Executive Officer (CEO),800000.0,GBP,1920000.0,2340000.0,6000.0,24000.0,,5089000.0,GBP,False,"Served full year (year ended 31 December 2024). Annual Bonus: £1,920,000 total (£960,000 cash + £960,000 deferred shares; 96.0% of maximum; 50% deferred into shares). LTIP: 2022 RSP award; originally valued using average share price of £2.48 for three-month period to 31 December 2024; actual vesting on 25 May 2025 at £2.61, generating additional value of £187,588 for Breteau; total figure updated to reflect actual vesting value at £2.61 share price on 25 May 2025.",tp_icap_group_ar_2025,https://tpicap.com/tpicap/sites/g/files/escbpb106/files/2026-04/ARA_Full%20report_2025.pdf,"=HYPERLINK(""https://tpicap.com/tpicap/sites/g/files/escbpb106/files/2026-04/ARA_Full%20report_2025.pdf#page=57"",""p.57 of AR"")",2.0,
TP ICAP Group Plc,TCAP LN Equity,Financials,Financial Services,Capital Markets,Investment Banking & Brokerage,2327.9,FY2024,Robin Stewart,Group Chief Financial Officer (CFO),475000.0,GBP,908000.0,1385000.0,6000.0,19000.0,,2793000.0,GBP,False,"Served full year (year ended 31 December 2024). Annual Bonus: £908,000 total (£454,000 cash + £454,000 deferred shares; 50% deferred into shares). LTIP: 2022 RSP award; updated to reflect actual vesting value at £2.61 share price on 25 May 2025, generating additional value of £111,052 for Stewart; total figure is updated single figure.",tp_icap_group_ar_2025,https://tpicap.com/tpicap/sites/g/files/escbpb106/files/2026-04/ARA_Full%20report_2025.pdf,"=HYPERLINK(""https://tpicap.com/tpicap/sites/g/files/escbpb106/files/2026-04/ARA_Full%20report_2025.pdf#page=58"",""p.58 of AR"")",2.0,
TP ICAP Group Plc,TCAP LN Equity,Financials,Financial Services,Capital Markets,Investment Banking & Brokerage,2327.9,FY2024,Philip Price,Group General Counsel (GGC),480000.0,GBP,908000.0,1413000.0,0.0,19000.0,,2820000.0,GBP,False,"Served full year (year ended 31 December 2024). Pension: nil; shown as '–' in table. Annual Bonus: £908,000 total (£454,000 cash + £454,000 deferred shares; 50% deferred into shares). LTIP: 2022 RSP award; updated to reflect actual vesting value at £2.61 share price on 25 May 2025, generating additional value of £113,303 for Price; total figure is updated single figure.",tp_icap_group_ar_2025,https://tpicap.com/tpicap/sites/g/files/escbpb106/files/2026-04/ARA_Full%20report_2025.pdf,"=HYPERLINK(""https://tpicap.com/tpicap/sites/g/files/escbpb106/files/2026-04/ARA_Full%20report_2025.pdf#page=58"",""p.58 of AR"")",2.0,
Trainline Plc,TRN LN Equity,Consumer Discretionary,Consumer Services,Hotels Restaurants & Leisure,Hotels Resorts & Cruise Lines,770.4,FY2025,Jody Ford,Chief Executive Officer (CEO),695000.0,GBP,1262000.0,3652000.0,38000.0,3000.0,,5651000.0,GBP,False,Served full year,trainline_ar_2025,https://www.trainlinegroup.com/media/4rtneei5/trainline_plc_-_annual_report_fy2026_final_web_version.pdf,"=HYPERLINK(""https://www.trainlinegroup.com/media/4rtneei5/trainline_plc_-_annual_report_fy2026_final_web_version.pdf#page=73"",""p.73 of AR"")",3.0,43.0
Trainline Plc,TRN LN Equity,Consumer Discretionary,Consumer Services,Hotels Restaurants & Leisure,Hotels Resorts & Cruise Lines,770.4,FY2025,Peter (Pete) Wood,Chief Financial Officer (CFO),433000.0,GBP,627000.0,1934000.0,24000.0,2000.0,,3020000.0,GBP,False,Served full year,trainline_ar_2025,https://www.trainlinegroup.com/media/4rtneei5/trainline_plc_-_annual_report_fy2026_final_web_version.pdf,"=HYPERLINK(""https://www.trainlinegroup.com/media/4rtneei5/trainline_plc_-_annual_report_fy2026_final_web_version.pdf#page=73"",""p.73 of AR"")",3.0,43.0
Trainline Plc,TRN LN Equity,Consumer Discretionary,Consumer Services,Hotels Restaurants & Leisure,Hotels Resorts & Cruise Lines,770.4,FY2024,Jody Ford,Chief Executive Officer (CEO),642000.0,GBP,1093000.0,710000.0,35000.0,3000.0,,2483000.0,GBP,False,Served full year,trainline_ar_2025,https://www.trainlinegroup.com/media/4rtneei5/trainline_plc_-_annual_report_fy2026_final_web_version.pdf,"=HYPERLINK(""https://www.trainlinegroup.com/media/4rtneei5/trainline_plc_-_annual_report_fy2026_final_web_version.pdf#page=73"",""p.73 of AR"")",3.0,43.0
Trainline Plc,TRN LN Equity,Consumer Discretionary,Consumer Services,Hotels Restaurants & Leisure,Hotels Resorts & Cruise Lines,770.4,FY2024,Peter (Pete) Wood,Chief Financial Officer (CFO),415000.0,GBP,528000.0,180000.0,23000.0,2000.0,,1148000.0,GBP,False,"Served full year (appointed CFO effective 16 December 2022, so FY2024 was a full year in role)",trainline_ar_2025,https://www.trainlinegroup.com/media/4rtneei5/trainline_plc_-_annual_report_fy2026_final_web_version.pdf,"=HYPERLINK(""https://www.trainlinegroup.com/media/4rtneei5/trainline_plc_-_annual_report_fy2026_final_web_version.pdf#page=73"",""p.73 of AR"")",3.0,43.0
Trainline Plc,TRN LN Equity,Consumer Discretionary,Consumer Services,Hotels Restaurants & Leisure,Hotels Resorts & Cruise Lines,770.4,FY2026,Jody Ford,Chief Executive Officer (CEO),726000.0,GBP,870000.0,883000.0,40000.0,3000.0,,2522000.0,GBP,False,"Jody Ford served the full FY2026 as CEO. His departure was announced during FY2026 (25 Feb 2026), affecting FY2027 remuneration (no salary increase, cash-only bonus capped at 100% of salary pro-rated for service, no FY2027 PSP award) but FY2026 figures reflect full-year service.",trainline_ar_2026,https://www.trainlinegroup.com/media/4rtneei5/trainline_plc_-_annual_report_fy2026_final_web_version.pdf,"=HYPERLINK(""https://www.trainlinegroup.com/media/4rtneei5/trainline_plc_-_annual_report_fy2026_final_web_version.pdf#page=76"",""p.76 of AR"")",3.0,44.0
Trainline Plc,TRN LN Equity,Consumer Discretionary,Consumer Services,Hotels Restaurants & Leisure,Hotels Resorts & Cruise Lines,770.4,FY2026,Peter (Pete) Wood,Chief Financial Officer (CFO),451000.0,GBP,503000.0,569000.0,25000.0,3000.0,,1551000.0,GBP,False,Served full FY2026 as CFO; no role change or partial-year service noted.,trainline_ar_2026,https://www.trainlinegroup.com/media/4rtneei5/trainline_plc_-_annual_report_fy2026_final_web_version.pdf,"=HYPERLINK(""https://www.trainlinegroup.com/media/4rtneei5/trainline_plc_-_annual_report_fy2026_final_web_version.pdf#page=76"",""p.76 of AR"")",3.0,44.0
Trainline Plc,TRN LN Equity,Consumer Discretionary,Consumer Services,Hotels Restaurants & Leisure,Hotels Resorts & Cruise Lines,770.4,FY2025,Jody Ford,Chief Executive Officer (CEO),695000.0,GBP,1262000.0,2501000.0,38000.0,3000.0,,4500000.0,GBP,False,"Full-year service as CEO in FY2025; FY2025 figures were restated in the FY2026 report due to a change in share price valuation methodology for vested shares (see footnote 3, Chunk 45).",trainline_ar_2026,https://www.trainlinegroup.com/media/4rtneei5/trainline_plc_-_annual_report_fy2026_final_web_version.pdf,"=HYPERLINK(""https://www.trainlinegroup.com/media/4rtneei5/trainline_plc_-_annual_report_fy2026_final_web_version.pdf#page=76"",""p.76 of AR"")",3.0,44.0
Trainline Plc,TRN LN Equity,Consumer Discretionary,Consumer Services,Hotels Restaurants & Leisure,Hotels Resorts & Cruise Lines,770.4,FY2025,Peter (Pete) Wood,Chief Financial Officer (CFO),433000.0,GBP,627000.0,1324000.0,24000.0,2000.0,,2410000.0,GBP,False,"Full-year service as CFO in FY2025; figures restated in FY2026 report (see footnote 3, Chunk 45).",trainline_ar_2026,https://www.trainlinegroup.com/media/4rtneei5/trainline_plc_-_annual_report_fy2026_final_web_version.pdf,"=HYPERLINK(""https://www.trainlinegroup.com/media/4rtneei5/trainline_plc_-_annual_report_fy2026_final_web_version.pdf#page=76"",""p.76 of AR"")",3.0,44.0
Travis Perkins Plc,TPK LN Equity,Industrials,Capital Goods,Trading Companies & Distributors,Trading Companies & Distributors,1080.4,2025,Duncan Cooper,Chief Financial Officer (CFO),531000.0,GBP,239000.0,,53000.0,18000.0,,841000.0,GBP,False,,travis_perkins_ar_2025,https://www.travisperkinsplc.co.uk/media/d5fp1kob/travis-perkins-annual-report-2025.pdf,"=HYPERLINK(""https://www.travisperkinsplc.co.uk/media/d5fp1kob/travis-perkins-annual-report-2025.pdf#page=90"",""p.90 of AR"")",3.0,145.0
Travis Perkins Plc,TPK LN Equity,Industrials,Capital Goods,Trading Companies & Distributors,Trading Companies & Distributors,1080.4,2025,Pete Redfern,Former Chief Executive Officer (CEO),148000.0,GBP,0.0,,15000.0,17000.0,,180000.0,GBP,True,Appointed CEO and joined the Group on 16 September 2024; stepped down from the Board and ceased employment on 10 March 2025. Figures reflect only the partial period served in 2025 (through departure).,travis_perkins_ar_2025,https://www.travisperkinsplc.co.uk/media/d5fp1kob/travis-perkins-annual-report-2025.pdf,"=HYPERLINK(""https://www.travisperkinsplc.co.uk/media/d5fp1kob/travis-perkins-annual-report-2025.pdf#page=90"",""p.90 of AR"")",3.0,145.0
Travis Perkins Plc,TPK LN Equity,Industrials,Capital Goods,Trading Companies & Distributors,Trading Companies & Distributors,1080.4,2024,Duncan Cooper,Chief Financial Officer (CFO),514000.0,GBP,0.0,,51000.0,17000.0,196000.0,778000.0,GBP,False,,travis_perkins_ar_2025,https://www.travisperkinsplc.co.uk/media/d5fp1kob/travis-perkins-annual-report-2025.pdf,"=HYPERLINK(""https://www.travisperkinsplc.co.uk/media/d5fp1kob/travis-perkins-annual-report-2025.pdf#page=91"",""p.91 of AR"")",3.0,154.0
Travis Perkins Plc,TPK LN Equity,Industrials,Capital Goods,Trading Companies & Distributors,Trading Companies & Distributors,1080.4,2024,Pete Redfern,Chief Executive Officer (CEO) — newly appointed,220000.0,GBP,0.0,,22000.0,5000.0,0.0,247000.0,GBP,True,Appointed Chief Executive and joined the Group on 16 September 2024; figures reflect partial-year service from appointment date through 31 December 2024.,travis_perkins_ar_2025,https://www.travisperkinsplc.co.uk/media/d5fp1kob/travis-perkins-annual-report-2025.pdf,"=HYPERLINK(""https://www.travisperkinsplc.co.uk/media/d5fp1kob/travis-perkins-annual-report-2025.pdf#page=91"",""p.91 of AR"")",3.0,154.0
Trustpilot Group Plc,TRST LN Equity,Communication Services,Media & Entertainment,Interactive Media & Services,Interactive Media & Services,929.7,FY2025,Adrian Blair,Chief Executive Officer (CEO),738000.0,USD,780000.0,3063000.0,31000.0,15000.0,,4627000.0,USD,False,Served full year as CEO in 2025,trustpilot_group_ar_2025,https://downloads.ctfassets.net/wonkqgvit51x/3ZteL0rrKrX9tFmBauBuPX/010202ae42bdac8e876e0f28384bcc88/Trustpilot_Annual_Report_2025_FINAL.pdf,"=HYPERLINK(""https://downloads.ctfassets.net/wonkqgvit51x/3ZteL0rrKrX9tFmBauBuPX/010202ae42bdac8e876e0f28384bcc88/Trustpilot_Annual_Report_2025_FINAL.pdf#page=122"",""p.122 of AR"")",3.0,140.0
Trustpilot Group Plc,TRST LN Equity,Communication Services,Media & Entertainment,Interactive Media & Services,Interactive Media & Services,929.7,FY2025,Hanno Damm,Chief Financial Officer (CFO),495000.0,USD,436000.0,1685000.0,14000.0,43000.0,,2673000.0,USD,False,Served full year as CFO in 2025,trustpilot_group_ar_2025,https://downloads.ctfassets.net/wonkqgvit51x/3ZteL0rrKrX9tFmBauBuPX/010202ae42bdac8e876e0f28384bcc88/Trustpilot_Annual_Report_2025_FINAL.pdf,"=HYPERLINK(""https://downloads.ctfassets.net/wonkqgvit51x/3ZteL0rrKrX9tFmBauBuPX/010202ae42bdac8e876e0f28384bcc88/Trustpilot_Annual_Report_2025_FINAL.pdf#page=122"",""p.122 of AR"")",3.0,140.0
Trustpilot Group Plc,TRST LN Equity,Communication Services,Media & Entertainment,Interactive Media & Services,Interactive Media & Services,929.7,FY2024,Adrian Blair,Chief Executive Officer (CEO),703000.0,USD,680000.0,0.0,30000.0,9000.0,,1422000.0,USD,False,"Full year 2024; FY2024 was his first full year (joined Trustpilot on 13 September 2023, making FY2023 a partial/pro-rata year, not shown in detail here)",trustpilot_group_ar_2025,https://downloads.ctfassets.net/wonkqgvit51x/3ZteL0rrKrX9tFmBauBuPX/010202ae42bdac8e876e0f28384bcc88/Trustpilot_Annual_Report_2025_FINAL.pdf,"=HYPERLINK(""https://downloads.ctfassets.net/wonkqgvit51x/3ZteL0rrKrX9tFmBauBuPX/010202ae42bdac8e876e0f28384bcc88/Trustpilot_Annual_Report_2025_FINAL.pdf#page=122"",""p.122 of AR"")",3.0,140.0
Trustpilot Group Plc,TRST LN Equity,Communication Services,Media & Entertainment,Interactive Media & Services,Interactive Media & Services,929.7,FY2024,Hanno Damm,Chief Financial Officer (CFO),483000.0,USD,389000.0,994000.0,14000.0,39000.0,,1919000.0,USD,False,Served full year in 2024,trustpilot_group_ar_2025,https://downloads.ctfassets.net/wonkqgvit51x/3ZteL0rrKrX9tFmBauBuPX/010202ae42bdac8e876e0f28384bcc88/Trustpilot_Annual_Report_2025_FINAL.pdf,"=HYPERLINK(""https://downloads.ctfassets.net/wonkqgvit51x/3ZteL0rrKrX9tFmBauBuPX/010202ae42bdac8e876e0f28384bcc88/Trustpilot_Annual_Report_2025_FINAL.pdf#page=122"",""p.122 of AR"")",3.0,140.0
Unilever Plc,ULVR LN Equity,Consumer Staples,Household & Personal Products,Personal Care Products,Personal Care Products,91654.2,FY2025,Hein Schumacher,Chief Executive Officer (departed 28 February 2025),0.0,EUR,0.0,0.0,0.0,0.0,,632000.0,EUR,True,Stepped down as CEO effective 1 March 2025; figures cover the period 1 January 2025 to 28 February 2025 only (approximately 2 months). Benefits noted as nil in the 2025 single figure table per footnote on page 109. Full audited single figure table referenced on page 96 not reproduced in available text; individual line items for salary and pension cannot be confirmed with precision.,unilever_ar_2025,https://www.unilever.com/files/unilever-annual-report-and-accounts-2025.pdf,"=HYPERLINK(""https://www.unilever.com/files/unilever-annual-report-and-accounts-2025.pdf#page=110"",""p.110 of AR"")",2.0,
Unilever Plc,ULVR LN Equity,Consumer Staples,Household & Personal Products,Personal Care Products,Personal Care Products,91654.2,FY2025,Fernando Fernandez,CFO from 1 January 2025 to 28 February 2025; CEO from 1 March 2025 to 31 December 2025,1711000.0,EUR,1752000.0,1791000.0,0.0,374000.0,,4972000.0,EUR,True,"Served as CFO from 1 January 2025 to 28 February 2025, then promoted to CEO from 1 March 2025 to 31 December 2025. The total figure of €4,972,000 covers the full year across both roles (confirmed in narrative on pages 107 and 110). Salary labelled as 'Fixed Pay' per chart on page 87, covering blended CFO/CEO period. Benefits lower than prior year due to reduced relocation costs. Annual bonus reflects 70% of target (47% of maximum) outcome with higher CEO target partially offsetting lower outcome. PSP vesting outcome was 68% of maximum per ten-year history table.",unilever_ar_2025,https://www.unilever.com/files/unilever-annual-report-and-accounts-2025.pdf,"=HYPERLINK(""https://www.unilever.com/files/unilever-annual-report-and-accounts-2025.pdf#page=107"",""p.107 of AR"")",2.0,
Unilever Plc,ULVR LN Equity,Consumer Staples,Household & Personal Products,Personal Care Products,Personal Care Products,91654.2,FY2025,Srinivas Phatak,Chief Financial Officer from 16 September 2025,343000.0,EUR,288000.0,686000.0,0.0,224000.0,,1541000.0,EUR,True,Appointed as CFO on 16 September 2025; figures cover approximately 3.5 months of service only. No prior-year comparator available (confirmed on page 109: 'there is no prior-year comparator'). All component figures per chart on page 87.,unilever_ar_2025,https://www.unilever.com/files/unilever-annual-report-and-accounts-2025.pdf,"=HYPERLINK(""https://www.unilever.com/files/unilever-annual-report-and-accounts-2025.pdf#page=109"",""p.109 of AR"")",2.0,
Unilever Plc,ULVR LN Equity,Consumer Staples,Household & Personal Products,Personal Care Products,Personal Care Products,91654.2,FY2024,Hein Schumacher,Chief Executive Officer (full year 2024),0.0,EUR,0.0,0.0,0.0,0.0,,5552000.0,EUR,False,"Served full year as CEO in 2024. Total figure per CEO ten-year history table on page 110. Full audited single figure table referenced on page 103 of the 2024 Directors' Remuneration Report not reproduced in available text; individual line items for salary, benefits, and pension cannot be confirmed with precision.",unilever_ar_2025,https://www.unilever.com/files/unilever-annual-report-and-accounts-2025.pdf,"=HYPERLINK(""https://www.unilever.com/files/unilever-annual-report-and-accounts-2025.pdf#page=109"",""p.109 of AR"")",2.0,
Unilever Plc,ULVR LN Equity,Consumer Staples,Household & Personal Products,Personal Care Products,Personal Care Products,91654.2,FY2024,Fernando Fernandez,Chief Financial Officer (full year 2024),0.0,EUR,0.0,0.0,0.0,0.0,,0.0,EUR,False,"Served full year as CFO in 2024. However, noted in percentage change table (page 109) that 2023-to-2024 change is 'n/a' as Fernando Fernandez was appointed CFO during 2024, implying a partial year in 2024 as CFO (though he served as an executive director in another capacity). Full audited single figure table referenced on page 103 of the 2024 Directors' Remuneration Report not reproduced in available text.",unilever_ar_2025,https://www.unilever.com/files/unilever-annual-report-and-accounts-2025.pdf,"=HYPERLINK(""https://www.unilever.com/files/unilever-annual-report-and-accounts-2025.pdf#page=109"",""p.109 of AR"")",2.0,
Unite Group Plc,UTG LN Equity,,,,,2528.1,FY2025,Joe Lister,Chief Executive Officer (CEO),622073.0,GBP,320057.0,274913.0,60585.0,17868.0,0.0,1295496.0,GBP,False,"Served full year as CEO. Annual bonus of 34.3% of maximum / 51.5% of salary, after Committee discretion applied to reduce from formulaic outcome of 44.3% of maximum; paid fully in cash as CEO significantly exceeds shareholding guideline. LTIP relates to 2023 LTIP awards at estimated 45.4% vesting, valued using average market price of 568.2p over last quarter of 2025; includes estimated dividend equivalent shares of £43,635; TAR element subject to finalisation; subject to mandatory two-year holding period. Pension contributions to Unite Group Personal Pension Scheme and/or cash allowance at 11% of salary.",unite_group_ar_2025,https://www.unitegroup.com/wp-content/uploads/2026/03/UNITE_AR25-WEB.pdf,"=HYPERLINK(""https://www.unitegroup.com/wp-content/uploads/2026/03/UNITE_AR25-WEB.pdf#page=120"",""p.120 of AR"")",2.0,
Unite Group Plc,UTG LN Equity,,,,,2528.1,FY2025,Mike Burt,Chief Financial Officer (CFO),425000.0,GBP,218663.0,78933.0,39249.0,15054.0,0.0,776899.0,GBP,False,"Served full year as CFO. FY2025 represents his second full year on the Board, having joined the Board with effect from 1 January 2024. Annual bonus of 34.3% of maximum / 51.5% of salary, after Committee discretion applied to reduce from formulaic outcome of 44.3% of maximum; 50% deferred in shares for two years as CFO has not yet met shareholding guideline. LTIP relates to 2023 LTIP awards at estimated 45.4% vesting, valued using average market price of 568.2p over last quarter of 2025; includes estimated dividend equivalent shares of £12,528; awards granted in respect of previous role and accordingly no additional holding period applies. Pension contributions to Unite Group Personal Pension Scheme and/or cash allowance at 11% of salary. Benefits primarily comprise company car/car allowance of £15,000 and private healthcare insurance.",unite_group_ar_2025,https://www.unitegroup.com/wp-content/uploads/2026/03/UNITE_AR25-WEB.pdf,"=HYPERLINK(""https://www.unitegroup.com/wp-content/uploads/2026/03/UNITE_AR25-WEB.pdf#page=120"",""p.120 of AR"")",2.0,
Unite Group Plc,UTG LN Equity,,,,,2528.1,FY2024,Joe Lister,Chief Executive Officer (CEO),606900.0,GBP,569272.0,431095.0,59460.0,17120.0,0.0,1683848.0,GBP,False,"Served full year as CEO. FY2024 was his first full year as CEO, having been promoted from CFO to CEO with effect from 1 January 2024. LTIP relates to 2022 LTIP awards at confirmed vesting of 64.0%; figures updated to reflect actual market price on date of vesting of 823.0p on 10 April 2025.",unite_group_ar_2025,https://www.unitegroup.com/wp-content/uploads/2026/03/UNITE_AR25-WEB.pdf,"=HYPERLINK(""https://www.unitegroup.com/wp-content/uploads/2026/03/UNITE_AR25-WEB.pdf#page=123"",""p.123 of AR"")",2.0,
Unite Group Plc,UTG LN Equity,,,,,2528.1,FY2024,Mike Burt,Chief Financial Officer (CFO),393750.0,GBP,369338.0,77011.0,36186.0,15049.0,0.0,891333.0,GBP,True,"Mike Burt joined the Board as CFO with effect from 1 January 2024; FY2024 was therefore his first year as an Executive Director. The lower salary of £393,750 vs. FY2025's £425,000 reflects the Committee's stated intention to bring him closer to market levels over the short to medium term, with a 7.9% increase applied from 1 January 2025. LTIP relates to 2022 LTIP awards at confirmed vesting of 64.0%; figures updated to reflect actual market price on date of vesting of 823.0p on 10 April 2025.",unite_group_ar_2025,https://www.unitegroup.com/wp-content/uploads/2026/03/UNITE_AR25-WEB.pdf,"=HYPERLINK(""https://www.unitegroup.com/wp-content/uploads/2026/03/UNITE_AR25-WEB.pdf#page=123"",""p.123 of AR"")",2.0,
United Utilities Group Plc,UU/ LN Equity,Utilities,Utilities,Water Utilities,Water Utilities,9508.7,FY2024/25,Louise Beardmore,Chief Executive Officer (CEO),716000.0,GBP,417000.0,415000.0,89000.0,34000.0,,1671000.0,GBP,False,Served full year,united_utilities_group_ar_2025,https://unitedutilities.annualreport2026.com/media/go3gewtl/ar-2026-interactive-v2-spread.pdf,"=HYPERLINK(""https://unitedutilities.annualreport2026.com/media/go3gewtl/ar-2026-interactive-v2-spread.pdf#page=155"",""p.155 of AR"")",2.0,
United Utilities Group Plc,UU/ LN Equity,Utilities,Utilities,Water Utilities,Water Utilities,9508.7,FY2024/25,Phil Aspin,Chief Financial Officer (CFO),462000.0,GBP,269000.0,398000.0,55000.0,23000.0,,1207000.0,GBP,False,Served full year,united_utilities_group_ar_2025,https://unitedutilities.annualreport2026.com/media/go3gewtl/ar-2026-interactive-v2-spread.pdf,"=HYPERLINK(""https://unitedutilities.annualreport2026.com/media/go3gewtl/ar-2026-interactive-v2-spread.pdf#page=155"",""p.155 of AR"")",2.0,
United Utilities Group Plc,UU/ LN Equity,Utilities,Utilities,Water Utilities,Water Utilities,9508.7,FY2023/24,Louise Beardmore,Chief Executive Officer (CEO),690000.0,GBP,420000.0,190000.0,86000.0,29000.0,,1415000.0,GBP,False,Served full year,united_utilities_group_ar_2025,https://unitedutilities.annualreport2026.com/media/go3gewtl/ar-2026-interactive-v2-spread.pdf,"=HYPERLINK(""https://unitedutilities.annualreport2026.com/media/go3gewtl/ar-2026-interactive-v2-spread.pdf#page=168"",""p.168 of AR"")",2.0,
United Utilities Group Plc,UU/ LN Equity,Utilities,Utilities,Water Utilities,Water Utilities,9508.7,FY2023/24,Phil Aspin,Chief Financial Officer (CFO),438000.0,GBP,266000.0,479000.0,53000.0,21000.0,,1256000.0,GBP,False,Served full year,united_utilities_group_ar_2025,https://unitedutilities.annualreport2026.com/media/go3gewtl/ar-2026-interactive-v2-spread.pdf,"=HYPERLINK(""https://unitedutilities.annualreport2026.com/media/go3gewtl/ar-2026-interactive-v2-spread.pdf#page=154"",""p.154 of AR"")",2.0,
Vesuvius Plc,VSVS LN Equity,Industrials,Capital Goods,Machinery,Industrial Machinery & Supplies & Components,1075.4,FY2025,Patrick André,Chief Executive Officer,779000.0,GBP,288000.0,449000.0,132000.0,53000.0,,1700000.0,GBP,False,Served full year,vesuvius_ar_2025,https://report2025.vesuvius.com/media/fxyjruc3/vesuvius_ar25_singles.pdf,"=HYPERLINK(""https://report2025.vesuvius.com/media/fxyjruc3/vesuvius_ar25_singles.pdf#page=112"",""p.112 of AR"")",2.0,
Vesuvius Plc,VSVS LN Equity,Industrials,Capital Goods,Machinery,Industrial Machinery & Supplies & Components,1075.4,FY2025,Mark Collis,Chief Financial Officer,455000.0,GBP,145000.0,180000.0,77000.0,28000.0,,886000.0,GBP,False,Served full year,vesuvius_ar_2025,https://report2025.vesuvius.com/media/fxyjruc3/vesuvius_ar25_singles.pdf,"=HYPERLINK(""https://report2025.vesuvius.com/media/fxyjruc3/vesuvius_ar25_singles.pdf#page=112"",""p.112 of AR"")",2.0,
Vesuvius Plc,VSVS LN Equity,Industrials,Capital Goods,Machinery,Industrial Machinery & Supplies & Components,1075.4,FY2024,Patrick André,Chief Executive Officer,756000.0,GBP,483000.0,963000.0,129000.0,78000.0,,2409000.0,GBP,False,Served full year,vesuvius_ar_2025,https://report2025.vesuvius.com/media/fxyjruc3/vesuvius_ar25_singles.pdf,"=HYPERLINK(""https://report2025.vesuvius.com/media/fxyjruc3/vesuvius_ar25_singles.pdf#page=114"",""p.114 of AR"")",2.0,
Vesuvius Plc,VSVS LN Equity,Industrials,Capital Goods,Machinery,Industrial Machinery & Supplies & Components,1075.4,FY2024,Mark Collis,Chief Financial Officer,441000.0,GBP,240000.0,0.0,75000.0,27000.0,14000.0,797000.0,GBP,False,Served full year,vesuvius_ar_2025,https://report2025.vesuvius.com/media/fxyjruc3/vesuvius_ar25_singles.pdf,"=HYPERLINK(""https://report2025.vesuvius.com/media/fxyjruc3/vesuvius_ar25_singles.pdf#page=114"",""p.114 of AR"")",2.0,
Victrex Plc,VCT LN Equity,Materials,Materials,Chemicals,Specialty Chemicals,512.3,FY 2025,J O Sigurdsson (Jakob Sigurdsson),Chief Executive Officer (CEO),685830.0,GBP,214450.0,43099.0,96016.0,69284.0,0.0,1108679.0,GBP,False,"Served full year as CEO in FY 2025 (steps down as CEO effective 1 January 2026, replaced by Dr James Routh, which is a post-year-end event)",victrex_ar_2025,https://wp-victrexplc-2020.s3.eu-west-2.amazonaws.com/media/2025/12/Victrex-plc-Annual-Report-2025.pdf,"=HYPERLINK(""https://wp-victrexplc-2020.s3.eu-west-2.amazonaws.com/media/2025/12/Victrex-plc-Annual-Report-2025.pdf#page=110"",""p.110 of AR"")",3.0,150.0
Victrex Plc,VCT LN Equity,Materials,Materials,Chemicals,Specialty Chemicals,512.3,FY 2025,I C Melling (Ian Melling),Chief Financial Officer (CFO),416480.0,GBP,108523.0,20619.0,58307.0,31284.0,0.0,635213.0,GBP,False,Served full year,victrex_ar_2025,https://wp-victrexplc-2020.s3.eu-west-2.amazonaws.com/media/2025/12/Victrex-plc-Annual-Report-2025.pdf,"=HYPERLINK(""https://wp-victrexplc-2020.s3.eu-west-2.amazonaws.com/media/2025/12/Victrex-plc-Annual-Report-2025.pdf#page=110"",""p.110 of AR"")",3.0,150.0
Victrex Plc,VCT LN Equity,Materials,Materials,Chemicals,Specialty Chemicals,512.3,FY 2024,J O Sigurdsson (Jakob Sigurdsson),Chief Executive Officer (CEO),661990.0,GBP,0.0,31525.0,89544.0,69069.0,0.0,852128.0,GBP,False,Full year,victrex_ar_2025,https://wp-victrexplc-2020.s3.eu-west-2.amazonaws.com/media/2025/12/Victrex-plc-Annual-Report-2025.pdf,"=HYPERLINK(""https://wp-victrexplc-2020.s3.eu-west-2.amazonaws.com/media/2025/12/Victrex-plc-Annual-Report-2025.pdf#page=110"",""p.110 of AR"")",3.0,150.0
Victrex Plc,VCT LN Equity,Materials,Materials,Chemicals,Specialty Chemicals,512.3,FY 2024,I C Melling (Ian Melling),Chief Financial Officer (CFO),402000.0,GBP,0.0,0.0,49980.0,31069.0,0.0,483049.0,GBP,False,Full year,victrex_ar_2025,https://wp-victrexplc-2020.s3.eu-west-2.amazonaws.com/media/2025/12/Victrex-plc-Annual-Report-2025.pdf,"=HYPERLINK(""https://wp-victrexplc-2020.s3.eu-west-2.amazonaws.com/media/2025/12/Victrex-plc-Annual-Report-2025.pdf#page=110"",""p.110 of AR"")",3.0,150.0
Vistry Group Plc,VTY LN Equity,Consumer Discretionary,Consumer Durables & Apparel,Household Durables,Homebuilding,883.1,FY2025,Greg Fitzgerald,Executive Chair and CEO,800000.0,GBP,1128000.0,0.0,56000.0,10000.0,0.0,1994000.0,GBP,False,N/A — served full year,vistry_group_ar_2025,https://www.vistry.co.uk/pdf-viewer.aspx?gid=345854051&src=/~/media/Files/V/vistry-group-v1/results-and-presentations/2025/annual-report-and-accounts-2025.pdf,"=HYPERLINK(""https://www.vistry.co.uk/pdf-viewer.aspx?gid=345854051&src=/~/media/Files/V/vistry-group-v1/results-and-presentations/2025/annual-report-and-accounts-2025.pdf#page=112"",""p.112 of AR"")",3.0,69.0
Vistry Group Plc,VTY LN Equity,Consumer Discretionary,Consumer Durables & Apparel,Household Durables,Homebuilding,883.1,FY2025,Tim Lawlor,Chief Financial Officer (CFO),516000.0,GBP,425000.0,0.0,36000.0,24000.0,0.0,1001000.0,GBP,False,N/A — served full year,vistry_group_ar_2025,https://www.vistry.co.uk/pdf-viewer.aspx?gid=345854051&src=/~/media/Files/V/vistry-group-v1/results-and-presentations/2025/annual-report-and-accounts-2025.pdf,"=HYPERLINK(""https://www.vistry.co.uk/pdf-viewer.aspx?gid=345854051&src=/~/media/Files/V/vistry-group-v1/results-and-presentations/2025/annual-report-and-accounts-2025.pdf#page=112"",""p.112 of AR"")",3.0,69.0
Vistry Group Plc,VTY LN Equity,Consumer Discretionary,Consumer Durables & Apparel,Household Durables,Homebuilding,883.1,FY2024,Greg Fitzgerald,Executive Chair and CEO,800000.0,GBP,0.0,0.0,56000.0,19000.0,0.0,875000.0,GBP,False,N/A — served full year,vistry_group_ar_2025,https://www.vistry.co.uk/pdf-viewer.aspx?gid=345854051&src=/~/media/Files/V/vistry-group-v1/results-and-presentations/2025/annual-report-and-accounts-2025.pdf,"=HYPERLINK(""https://www.vistry.co.uk/pdf-viewer.aspx?gid=345854051&src=/~/media/Files/V/vistry-group-v1/results-and-presentations/2025/annual-report-and-accounts-2025.pdf#page=112"",""p.112 of AR"")",3.0,69.0
Vistry Group Plc,VTY LN Equity,Consumer Discretionary,Consumer Durables & Apparel,Household Durables,Homebuilding,883.1,FY2024,Tim Lawlor,Chief Financial Officer (CFO),503000.0,GBP,0.0,0.0,38000.0,23000.0,0.0,564000.0,GBP,False,N/A — served full year,vistry_group_ar_2025,https://www.vistry.co.uk/pdf-viewer.aspx?gid=345854051&src=/~/media/Files/V/vistry-group-v1/results-and-presentations/2025/annual-report-and-accounts-2025.pdf,"=HYPERLINK(""https://www.vistry.co.uk/pdf-viewer.aspx?gid=345854051&src=/~/media/Files/V/vistry-group-v1/results-and-presentations/2025/annual-report-and-accounts-2025.pdf#page=112"",""p.112 of AR"")",3.0,69.0
Vodafone Group Plc,VOD LN Equity,Communication Services,Telecommunication Services,Wireless Telecommunication Services,Wireless Telecommunication Services,25513.2,FY2025,Margherita Della Valle,Group Chief Executive,1250000.0,GBP,1464000.0,1668000.0,125000.0,57000.0,,4564000.0,GBP,False,Served full year,vodafone_group_ar_2025,https://reports.investors.vodafone.com/view/500231330/i/,"=HYPERLINK(""https://reports.investors.vodafone.com/view/500231330/i/#page=98"",""p.98 of AR"")",2.0,
Vodafone Group Plc,VOD LN Equity,Communication Services,Telecommunication Services,Wireless Telecommunication Services,Wireless Telecommunication Services,25513.2,FY2025,Luka Mucic,Group Chief Financial Officer,760000.0,GBP,890000.0,0.0,76000.0,140000.0,,1866000.0,GBP,False,"Served full year at £760,000 salary; FY2024 salary of £443,000 reflects partial year at this role/salary level in the prior year",vodafone_group_ar_2025,https://reports.investors.vodafone.com/view/500231330/i/,"=HYPERLINK(""https://reports.investors.vodafone.com/view/500231330/i/#page=97"",""p.97 of AR"")",2.0,
Vodafone Group Plc,VOD LN Equity,Communication Services,Telecommunication Services,Wireless Telecommunication Services,Wireless Telecommunication Services,25513.2,FY2024,Margherita Della Valle,Group Chief Executive,1238000.0,GBP,1780000.0,1213000.0,124000.0,40000.0,,4395000.0,GBP,False,Served full year; total subsequently updated to reflect final GLTI vest price confirmed after the 2024 Annual Report was published,vodafone_group_ar_2025,https://reports.investors.vodafone.com/view/500231330/i/,"=HYPERLINK(""https://reports.investors.vodafone.com/view/500231330/i/#page=98"",""p.98 of AR"")",2.0,
Vodafone Group Plc,VOD LN Equity,Communication Services,Telecommunication Services,Wireless Telecommunication Services,Wireless Telecommunication Services,25513.2,FY2024,Luka Mucic,Group Chief Financial Officer,443000.0,GBP,631000.0,0.0,44000.0,115000.0,,1233000.0,GBP,True,"Appointed as Group CFO part-way through FY2024; salary of £443,000 reflects partial year of service versus full-year salary of £760,000; all remuneration components reflect a partial year of service in the role",vodafone_group_ar_2025,https://reports.investors.vodafone.com/view/500231330/i/,"=HYPERLINK(""https://reports.investors.vodafone.com/view/500231330/i/#page=98"",""p.98 of AR"")",2.0,
Volution Group Plc,FAN LN Equity,Industrials,Capital Goods,Building Products,Building Products,1170.4,FY2025,Ronnie George,Chief Executive Officer,580000.0,GBP,725000.0,1310000.0,32000.0,35000.0,,2682000.0,GBP,False,Served full year,volution_group_ar_2025,https://www.volutiongroupplc.com/~/media/Files/V/Volution/documents/investors/results-reports-and-presentations/2025/update/volution-ar25-interactive-1225-2.pdf,"=HYPERLINK(""https://www.volutiongroupplc.com/~/media/Files/V/Volution/documents/investors/results-reports-and-presentations/2025/update/volution-ar25-interactive-1225-2.pdf#page=115"",""p.115 of AR"")",2.0,
Volution Group Plc,FAN LN Equity,Industrials,Capital Goods,Building Products,Building Products,1170.4,FY2025,Andy O'Brien,Chief Financial Officer,397000.0,GBP,496000.0,764000.0,22000.0,28000.0,,1707000.0,GBP,False,Served full year,volution_group_ar_2025,https://www.volutiongroupplc.com/~/media/Files/V/Volution/documents/investors/results-reports-and-presentations/2025/update/volution-ar25-interactive-1225-2.pdf,"=HYPERLINK(""https://www.volutiongroupplc.com/~/media/Files/V/Volution/documents/investors/results-reports-and-presentations/2025/update/volution-ar25-interactive-1225-2.pdf#page=118"",""p.118 of AR"")",2.0,
Volution Group Plc,FAN LN Equity,Industrials,Capital Goods,Building Products,Building Products,1170.4,FY2024,Ronnie George,Chief Executive Officer,555000.0,GBP,694000.0,717000.0,31000.0,34000.0,,2031000.0,GBP,False,Served full year,volution_group_ar_2025,https://www.volutiongroupplc.com/~/media/Files/V/Volution/documents/investors/results-reports-and-presentations/2025/update/volution-ar25-interactive-1225-2.pdf,"=HYPERLINK(""https://www.volutiongroupplc.com/~/media/Files/V/Volution/documents/investors/results-reports-and-presentations/2025/update/volution-ar25-interactive-1225-2.pdf#page=117"",""p.117 of AR"")",2.0,
Volution Group Plc,FAN LN Equity,Industrials,Capital Goods,Building Products,Building Products,1170.4,FY2024,Andy O'Brien,Chief Financial Officer,380000.0,GBP,475000.0,418000.0,12000.0,27000.0,,1312000.0,GBP,False,Served full year,volution_group_ar_2025,https://www.volutiongroupplc.com/~/media/Files/V/Volution/documents/investors/results-reports-and-presentations/2025/update/volution-ar25-interactive-1225-2.pdf,"=HYPERLINK(""https://www.volutiongroupplc.com/~/media/Files/V/Volution/documents/investors/results-reports-and-presentations/2025/update/volution-ar25-interactive-1225-2.pdf#page=120"",""p.120 of AR"")",2.0,
W.A.G. Payment Solutions Plc,EWG LN Equity,Financials,Financial Services,Financial Services,Transaction & Payment Processing Services,734.1,FY2025,Martin Vohánka,Chief Executive Officer,341000.0,EUR,363000.0,0.0,0.0,28000.0,,732000.0,EUR,False,"Served full year. Note: Martin Vohánka did not participate in a private pension arrangement in 2025. Benefits include life insurance, private medical and dental insurance, residency allowance, air travel, reimbursement of tax return preparation costs, use of company car, fuel card, travel allowances, and vacation pay per Czech legislation. Bonus represents 72% of maximum opportunity; two-thirds paid in cash and one-third deferred for three years as notional shares.",wag_payment_solutions_ar_2025,https://investors.eurowag.com/application/files/5217/7609/9224/EUROWAG_Annual_Report_and_Accounts_2025.pdf,"=HYPERLINK(""https://investors.eurowag.com/application/files/5217/7609/9224/EUROWAG_Annual_Report_and_Accounts_2025.pdf#page=109"",""p.109 of AR"")",2.0,
W.A.G. Payment Solutions Plc,EWG LN Equity,Financials,Financial Services,Financial Services,Transaction & Payment Processing Services,734.1,FY2025,Oskar Zahn,Chief Financial Officer,521000.0,EUR,602000.0,382000.0,42000.0,61000.0,,1608000.0,EUR,False,"Served full year. Paid in GBP; converted to EUR at rate of €1:£0.857. Pension received as cash allowance equivalent to 8% of base salary. Bonus represents 78% of maximum opportunity; two-thirds paid in cash and one-third deferred in shares for three years. LTIP relates to PSP awards granted in April 2023, vesting at 50.79% of maximum based on EPS and relative TSR performance criteria; valued using average three-month share price to 31 December 2025 (94.39 pence), converted at €1:£0.857. Note: The Remuneration Committee exercised discretion to vest the EPS element at two-thirds of maximum as the formulaic outcome was deemed inconsistent with the Group's strong performance over the three-year period.",wag_payment_solutions_ar_2025,https://investors.eurowag.com/application/files/5217/7609/9224/EUROWAG_Annual_Report_and_Accounts_2025.pdf,"=HYPERLINK(""https://investors.eurowag.com/application/files/5217/7609/9224/EUROWAG_Annual_Report_and_Accounts_2025.pdf#page=109"",""p.109 of AR"")",2.0,
W.A.G. Payment Solutions Plc,EWG LN Equity,Financials,Financial Services,Financial Services,Transaction & Payment Processing Services,734.1,FY2024,Martin Vohánka,Chief Executive Officer,321000.0,EUR,313000.0,0.0,0.0,60000.0,,694000.0,EUR,False,Served full year. Benefits figure includes vacation pay per Czech legislation. No pension participation.,wag_payment_solutions_ar_2025,https://investors.eurowag.com/application/files/5217/7609/9224/EUROWAG_Annual_Report_and_Accounts_2025.pdf,"=HYPERLINK(""https://investors.eurowag.com/application/files/5217/7609/9224/EUROWAG_Annual_Report_and_Accounts_2025.pdf#page=109"",""p.109 of AR"")",2.0,
W.A.G. Payment Solutions Plc,EWG LN Equity,Financials,Financial Services,Financial Services,Transaction & Payment Processing Services,734.1,FY2024,Oskar Zahn,Chief Financial Officer,508000.0,EUR,571000.0,0.0,41000.0,46000.0,,1166000.0,EUR,False,Served full year. Paid in GBP; converted to EUR at rate of €1:£0.857. Pension received as cash allowance of 8% of base salary. No LTIP vested in 2024.,wag_payment_solutions_ar_2025,https://investors.eurowag.com/application/files/5217/7609/9224/EUROWAG_Annual_Report_and_Accounts_2025.pdf,"=HYPERLINK(""https://investors.eurowag.com/application/files/5217/7609/9224/EUROWAG_Annual_Report_and_Accounts_2025.pdf#page=109"",""p.109 of AR"")",2.0,
Watches of Switzerland Group Plc,WOSG LN Equity,Consumer Discretionary,Consumer Discretionary Distribution & Retail,Specialty Retail,Other Specialty Retail,1493.8,FY25,Brian Duffy,Chief Executive Officer (CEO),500000.0,GBP,181500.0,0.0,0.0,28771.0,0.0,710271.0,GBP,False,"Served full year. Total Fixed Remuneration: £528,771; Total Variable Remuneration: £181,500. Annual bonus represents 24.2% of maximum potential; paid two-thirds in cash and one-third deferred into shares subject to 3-year vesting; maximum opportunity was 150% of salary. FY23 LTIP award vested at 0% of maximum — performance conditions not met. CEO waives employer pension contribution. Benefits include one or more of: private healthcare, accommodation when attending different offices, company car including private fuel, or car allowance; healthcare provision enhanced effective 23 December 2024.",watches_of_switzerland_group_ar_2025,https://www.thewosgroupplc.com/media/3xlo5mcw/wosg-annual-report-and-accounts-fy25.pdf,"=HYPERLINK(""https://www.thewosgroupplc.com/media/3xlo5mcw/wosg-annual-report-and-accounts-fy25.pdf#page=195"",""p.195 of AR"")",2.0,
Watches of Switzerland Group Plc,WOSG LN Equity,Consumer Discretionary,Consumer Discretionary Distribution & Retail,Specialty Retail,Other Specialty Retail,1493.8,FY25,Anders Romberg,Chief Financial Officer (CFO),380000.0,GBP,114950.0,0.0,0.0,6177.0,0.0,501127.0,GBP,False,"Served full year. Total Fixed Remuneration: £386,177; Total Variable Remuneration: £114,950. Annual bonus represents 24.2% of maximum potential; paid two-thirds in cash and one-third deferred into shares subject to 3-year vesting; maximum opportunity was 125% of salary. FY23 LTIP award vested at 0% of maximum — performance conditions not met. CFO waives employer pension contribution. Benefits include one or more of: private healthcare, accommodation when attending different offices, company car including private fuel, or car allowance. Note: Anders Romberg originally retired as CFO and Executive Director effective 1 January 2022, then rejoined the Board on 12 May 2023 replacing Bill Floydd as CFO. The FY25 salary of £380,000 reflects the full annualisation of his remuneration (vs £377,082 in FY24 which was partially annualised).",watches_of_switzerland_group_ar_2025,https://www.thewosgroupplc.com/media/3xlo5mcw/wosg-annual-report-and-accounts-fy25.pdf,"=HYPERLINK(""https://www.thewosgroupplc.com/media/3xlo5mcw/wosg-annual-report-and-accounts-fy25.pdf#page=195"",""p.195 of AR"")",2.0,
Watches of Switzerland Group Plc,WOSG LN Equity,Consumer Discretionary,Consumer Discretionary Distribution & Retail,Specialty Retail,Other Specialty Retail,1493.8,FY24,Brian Duffy,Chief Executive Officer (CEO),500000.0,GBP,0.0,347770.0,0.0,25190.0,0.0,872960.0,GBP,False,"Served full year. Total Fixed Remuneration: £525,190; Total Variable Remuneration: £347,770. Annual bonus: 0% of maximum bonus earned. FY22 LTIP award vested at 100% of maximum; value updated to reflect share price on exercise date of 7 April 2025 at £3.276. CEO waives employer pension contribution.",watches_of_switzerland_group_ar_2025,https://www.thewosgroupplc.com/media/3xlo5mcw/wosg-annual-report-and-accounts-fy25.pdf,"=HYPERLINK(""https://www.thewosgroupplc.com/media/3xlo5mcw/wosg-annual-report-and-accounts-fy25.pdf#page=196"",""p.196 of AR"")",2.0,
Watches of Switzerland Group Plc,WOSG LN Equity,Consumer Discretionary,Consumer Discretionary Distribution & Retail,Specialty Retail,Other Specialty Retail,1493.8,FY24,Anders Romberg,Chief Financial Officer (CFO),377082.0,GBP,0.0,41415.0,0.0,8523.0,0.0,427020.0,GBP,True,"Anders Romberg rejoined the Board on 12 May 2023 as CFO. The FY24 salary of £377,082 reflects the annualisation of his remuneration from that appointment date (partial-year annualisation following his rejoining on 12 May 2023). The LTIP value of £41,415 reflects only the retained proportion of the LTIP award: 12,642 shares out of the original 65,021 shares granted. Annual bonus: 0% of maximum bonus earned. CFO waives employer pension contribution. Total Fixed Remuneration: £385,605; Total Variable Remuneration: £41,415.",watches_of_switzerland_group_ar_2025,https://www.thewosgroupplc.com/media/3xlo5mcw/wosg-annual-report-and-accounts-fy25.pdf,"=HYPERLINK(""https://www.thewosgroupplc.com/media/3xlo5mcw/wosg-annual-report-and-accounts-fy25.pdf#page=196"",""p.196 of AR"")",2.0,
Weir Group Plc,WEIR LN Equity,Industrials,Capital Goods,Machinery,Industrial Machinery & Supplies & Components,6355.3,2024,Jon Stanton,Chief Executive Officer,821000.0,GBP,1064190.0,1290209.0,98520.0,36230.0,0.0,3310149.0,GBP,False,,weir_group_ar_2024,https://www.global.weir/globalassets/investors/reporting-centre/2026/annual-report/weir-2025-annual-report.pdf,"=HYPERLINK(""https://www.global.weir/globalassets/investors/reporting-centre/2026/annual-report/weir-2025-annual-report.pdf#page=134"",""p.134 of AR"")",2.0,
Weir Group Plc,WEIR LN Equity,Industrials,Capital Goods,Machinery,Industrial Machinery & Supplies & Components,6355.3,2024,Brian Puffer,Chief Financial Officer,416667.0,GBP,445730.0,0.0,50000.0,16634.0,1466253.0,2395284.0,GBP,True,"Appointed as CFO and joined the Board from 1 March 2024 with an annual salary of £500,000. Bonus award adjusted pro-rata for appointment from 1 March 2024.",weir_group_ar_2024,https://www.global.weir/globalassets/investors/reporting-centre/2026/annual-report/weir-2025-annual-report.pdf,"=HYPERLINK(""https://www.global.weir/globalassets/investors/reporting-centre/2026/annual-report/weir-2025-annual-report.pdf#page=134"",""p.134 of AR"")",2.0,
Weir Group Plc,WEIR LN Equity,Industrials,Capital Goods,Machinery,Industrial Machinery & Supplies & Components,6355.3,2023,Jon Stanton,Chief Executive Officer,785750.0,GBP,1022519.0,839527.0,94290.0,32169.0,0.0,2774255.0,GBP,False,,weir_group_ar_2024,https://www.global.weir/globalassets/investors/reporting-centre/2026/annual-report/weir-2025-annual-report.pdf,"=HYPERLINK(""https://www.global.weir/globalassets/investors/reporting-centre/2026/annual-report/weir-2025-annual-report.pdf#page=134"",""p.134 of AR"")",2.0,
Weir Group Plc,WEIR LN Equity,Industrials,Capital Goods,Machinery,Industrial Machinery & Supplies & Components,6355.3,FY2025,Jon Stanton,Executive Director / Chief Executive Officer (CEO),850750.0,GBP,1133584.0,2112713.0,102090.0,78408.0,,4277545.0,GBP,True,"Salary was £829,000 p.a. from 1 January to 31 March 2025, increased to £858,000 p.a. from 1 April 2025, then converted to USD ($1,158,000 p.a.) from 1 October 2025 following relocation to the US. USD amounts converted back to GBP at £1:$1.35 for single figure table purposes.",weir_group_ar_2025,https://www.global.weir/globalassets/investors/reporting-centre/2026/annual-report/weir-2025-annual-report.pdf,"=HYPERLINK(""https://www.global.weir/globalassets/investors/reporting-centre/2026/annual-report/weir-2025-annual-report.pdf#page=138"",""p.138 of AR"")",2.0,
Weir Group Plc,WEIR LN Equity,Industrials,Capital Goods,Machinery,Industrial Machinery & Supplies & Components,6355.3,FY2025,Brian Puffer,Executive Director / Chief Financial Officer (CFO),513500.0,GBP,513417.0,0.0,61620.0,21102.0,412086.0,1521725.0,GBP,False,"Salary was £500,000 p.a. from 1 January to 31 March 2025, increased to £518,000 p.a. from 1 April to 31 December 2025.",weir_group_ar_2025,https://www.global.weir/globalassets/investors/reporting-centre/2026/annual-report/weir-2025-annual-report.pdf,"=HYPERLINK(""https://www.global.weir/globalassets/investors/reporting-centre/2026/annual-report/weir-2025-annual-report.pdf#page=138"",""p.138 of AR"")",2.0,
Weir Group Plc,WEIR LN Equity,Industrials,Capital Goods,Machinery,Industrial Machinery & Supplies & Components,6355.3,FY2024,Jon Stanton,Executive Director / Chief Executive Officer (CEO),821000.0,GBP,1064190.0,1290209.0,98520.0,36230.0,,3310149.0,GBP,False,,weir_group_ar_2025,https://www.global.weir/globalassets/investors/reporting-centre/2026/annual-report/weir-2025-annual-report.pdf,"=HYPERLINK(""https://www.global.weir/globalassets/investors/reporting-centre/2026/annual-report/weir-2025-annual-report.pdf#page=138"",""p.138 of AR"")",2.0,
Weir Group Plc,WEIR LN Equity,Industrials,Capital Goods,Machinery,Industrial Machinery & Supplies & Components,6355.3,FY2024,Brian Puffer,Executive Director / Chief Financial Officer (CFO),416667.0,GBP,445730.0,0.0,50000.0,16634.0,1466253.0,2395284.0,GBP,True,"Brian Puffer's 2024 salary of £416,667 reflects a pro-rated amount, consistent with his appointment as CFO during 2024 (annualised salary of £500,000). The n/a values shown in the percentage change table for 2023–2024 confirm he was not in post for the full prior year.",weir_group_ar_2025,https://www.global.weir/globalassets/investors/reporting-centre/2026/annual-report/weir-2025-annual-report.pdf,"=HYPERLINK(""https://www.global.weir/globalassets/investors/reporting-centre/2026/annual-report/weir-2025-annual-report.pdf#page=138"",""p.138 of AR"")",2.0,
Wetherspoon Plc,JDW LN Equity,Consumer Discretionary,Consumer Services,Hotels Restaurants & Leisure,Restaurants,625.1,FY2025,Not disclosed in provided context,Chief Executive Officer,,GBP,0.0,0.0,,,,,GBP,False,No indication of part-year service,wetherspoon_ar_2025,https://www.investors.jdwetherspoon.com/wp-content/uploads/sites/3/2025/10/Annual-Report-03-October-2025.pdf,"=HYPERLINK(""https://www.investors.jdwetherspoon.com/wp-content/uploads/sites/3/2025/10/Annual-Report-03-October-2025.pdf#page=69"",""p.69 of AR"")",1.0,
Wetherspoon Plc,JDW LN Equity,Consumer Discretionary,Consumer Services,Hotels Restaurants & Leisure,Restaurants,625.1,FY2025,Not disclosed in provided context,Finance Director,,GBP,0.0,0.0,,,,,GBP,False,No indication of part-year service,wetherspoon_ar_2025,https://www.investors.jdwetherspoon.com/wp-content/uploads/sites/3/2025/10/Annual-Report-03-October-2025.pdf,"=HYPERLINK(""https://www.investors.jdwetherspoon.com/wp-content/uploads/sites/3/2025/10/Annual-Report-03-October-2025.pdf#page=69"",""p.69 of AR"")",1.0,
Wetherspoon Plc,JDW LN Equity,Consumer Discretionary,Consumer Services,Hotels Restaurants & Leisure,Restaurants,625.1,FY2025,Not disclosed in provided context,Personnel and Retail Audit Director,,GBP,0.0,0.0,,,,,GBP,False,No indication of part-year service,wetherspoon_ar_2025,https://www.investors.jdwetherspoon.com/wp-content/uploads/sites/3/2025/10/Annual-Report-03-October-2025.pdf,"=HYPERLINK(""https://www.investors.jdwetherspoon.com/wp-content/uploads/sites/3/2025/10/Annual-Report-03-October-2025.pdf#page=69"",""p.69 of AR"")",1.0,
WH Smith Plc,SMWH LN Equity,Consumer Discretionary,Consumer Discretionary Distribution & Retail,Specialty Retail,Other Specialty Retail,573.6,FY2025,Carl Cowling,Group Chief Executive,688000.0,GBP,0.0,0.0,21000.0,15000.0,,724000.0,GBP,False,"Carl Cowling resigned as a director on 19 November 2025, which is after the financial year end of 31 August 2025; therefore full-year figures apply for FY2025. Salary was increased by 6% to £711,000 effective 1 April 2025 (reflected in the £688,000 blended full-year figure). Annual bonus was £nil as the Company did not achieve the threshold profit target. 2022 LTIP awards lapsed/cancelled resulting in £nil LTIP. Pension figure represents a salary supplement in lieu of pension contribution.",wh_smith_ar_2025,https://www.whsmithplc.co.uk/~/media/Files/W/WH-Smith/documents/investors/result-report-presentation/annual-report/2025/whsmith_ar25_accessible.pdf,"=HYPERLINK(""https://www.whsmithplc.co.uk/~/media/Files/W/WH-Smith/documents/investors/result-report-presentation/annual-report/2025/whsmith_ar25_accessible.pdf#page=105"",""p.105 of AR"")",2.0,
WH Smith Plc,SMWH LN Equity,Consumer Discretionary,Consumer Discretionary Distribution & Retail,Specialty Retail,Other Specialty Retail,573.6,FY2025,Max Izzard,Group Chief Financial Officer,340000.0,GBP,0.0,0.0,1000.0,10000.0,,351000.0,GBP,True,"Max Izzard was not listed as an executive director in FY2024 (£nil shown for 2024), indicating he was appointed to the Board during FY2025. Salary was increased by 1.5% to £456,750 effective 1 April 2025 (reflected in the £340,000 blended figure for the portion of the year served). Annual bonus was £nil as the Company did not achieve the threshold profit target. Pension figure represents a 3% contribution into a defined contribution pension scheme.",wh_smith_ar_2025,https://www.whsmithplc.co.uk/~/media/Files/W/WH-Smith/documents/investors/result-report-presentation/annual-report/2025/whsmith_ar25_accessible.pdf,"=HYPERLINK(""https://www.whsmithplc.co.uk/~/media/Files/W/WH-Smith/documents/investors/result-report-presentation/annual-report/2025/whsmith_ar25_accessible.pdf#page=107"",""p.107 of AR"")",2.0,
WH Smith Plc,SMWH LN Equity,Consumer Discretionary,Consumer Discretionary Distribution & Retail,Specialty Retail,Other Specialty Retail,573.6,FY2025,Robert Moorhead,Executive Director,121000.0,GBP,0.0,0.0,4000.0,5000.0,,130000.0,GBP,True,"Robert Moorhead resigned as a director on 30 November 2024, approximately three months into FY2025 (which ran from 1 September 2024 to 31 August 2025). Remuneration figures relate to the period to 30 November 2024 only. Annual bonus was £nil as the Company did not achieve the threshold profit target. 2022 LTIP awards lapsed/cancelled resulting in £nil LTIP. Pension figure represents a salary supplement in lieu of pension contribution.",wh_smith_ar_2025,https://www.whsmithplc.co.uk/~/media/Files/W/WH-Smith/documents/investors/result-report-presentation/annual-report/2025/whsmith_ar25_accessible.pdf,"=HYPERLINK(""https://www.whsmithplc.co.uk/~/media/Files/W/WH-Smith/documents/investors/result-report-presentation/annual-report/2025/whsmith_ar25_accessible.pdf#page=107"",""p.107 of AR"")",2.0,
WH Smith Plc,SMWH LN Equity,Consumer Discretionary,Consumer Discretionary Distribution & Retail,Specialty Retail,Other Specialty Retail,573.6,FY2024,Carl Cowling,Group Chief Executive,644000.0,GBP,884000.0,1146000.0,19000.0,14000.0,,2707000.0,GBP,False,"FY2024 figures are stated before the application of malus and clawback provisions subsequently exercised by the Committee in FY2026 following restatement of financial statements. Annual bonus original outturn was 82.5% of maximum. LTIP relates to the 2021 LTIP with an original outturn of 71% of maximum; value updated for actual share price on vesting date of 1,267p. Pension figure represents a salary supplement in lieu of pension contribution.",wh_smith_ar_2025,https://www.whsmithplc.co.uk/~/media/Files/W/WH-Smith/documents/investors/result-report-presentation/annual-report/2025/whsmith_ar25_accessible.pdf,"=HYPERLINK(""https://www.whsmithplc.co.uk/~/media/Files/W/WH-Smith/documents/investors/result-report-presentation/annual-report/2025/whsmith_ar25_accessible.pdf#page=107"",""p.107 of AR"")",2.0,
WH Smith Plc,SMWH LN Equity,Consumer Discretionary,Consumer Discretionary Distribution & Retail,Specialty Retail,Other Specialty Retail,573.6,FY2024,Max Izzard,Group Chief Financial Officer,0.0,GBP,0.0,0.0,0.0,0.0,,0.0,GBP,False,Max Izzard was not an executive director of the Board in FY2024; no remuneration disclosed for that year.,wh_smith_ar_2025,https://www.whsmithplc.co.uk/~/media/Files/W/WH-Smith/documents/investors/result-report-presentation/annual-report/2025/whsmith_ar25_accessible.pdf,"=HYPERLINK(""https://www.whsmithplc.co.uk/~/media/Files/W/WH-Smith/documents/investors/result-report-presentation/annual-report/2025/whsmith_ar25_accessible.pdf#page=107"",""p.107 of AR"")",2.0,
WH Smith Plc,SMWH LN Equity,Consumer Discretionary,Consumer Discretionary Distribution & Retail,Specialty Retail,Other Specialty Retail,573.6,FY2024,Robert Moorhead,Executive Director,476000.0,GBP,637000.0,811000.0,14000.0,14000.0,,1952000.0,GBP,False,"FY2024 figures are stated before the application of malus and clawback provisions subsequently exercised by the Committee in FY2026 following restatement of financial statements. Annual bonus original outturn was 82.5% of maximum. LTIP relates to the 2021 LTIP; value updated for actual share price on vesting date of 1,267p. Pension figure represents a salary supplement in lieu of pension contribution. Robert Moorhead subsequently resigned on 30 November 2024.",wh_smith_ar_2025,https://www.whsmithplc.co.uk/~/media/Files/W/WH-Smith/documents/investors/result-report-presentation/annual-report/2025/whsmith_ar25_accessible.pdf,"=HYPERLINK(""https://www.whsmithplc.co.uk/~/media/Files/W/WH-Smith/documents/investors/result-report-presentation/annual-report/2025/whsmith_ar25_accessible.pdf#page=107"",""p.107 of AR"")",2.0,
Whitbread,,,,,,,2024/25,Dominic Paul,Chief Executive Officer,930000.0,GBP,865000.0,1163000.0,93000.0,22000.0,,3074000.0,GBP,False,N/A — served full year in role,whitbread_ar_2024_25,,,,164.0
Whitbread,,,,,,,2024/25,Hemant Patel,Chief Financial Officer,548000.0,GBP,499000.0,570000.0,55000.0,22000.0,,1695000.0,GBP,False,N/A — served full year in role,whitbread_ar_2024_25,,,,164.0
Whitbread,,,,,,,2023/24,Dominic Paul,Chief Executive Officer,900000.0,GBP,1453000.0,,90000.0,22000.0,,2465000.0,GBP,False,N/A — served full year in role,whitbread_ar_2024_25,,,,164.0
Whitbread,,,,,,,2023/24,Hemant Patel,Chief Financial Officer,528000.0,GBP,865000.0,123000.0,53000.0,22000.0,,1591000.0,GBP,False,N/A — served full year in role,whitbread_ar_2024_25,,,,164.0
Whitbread Plc,WTB LN Equity,Consumer Discretionary,Consumer Services,Hotels Restaurants & Leisure,Hotels Resorts & Cruise Lines,3843.0,2025/26 (FY26),Dominic Paul,Chief Executive (Officer),959000.0,GBP,1072000.0,949000.0,96000.0,22000.0,,3099000.0,GBP,False,"No pro-rata adjustments apply to either executive director for FY2025/26 — both Dominic Paul and Hemant Patel served the full financial year in their respective roles (service contracts dated 28 June 2022 and 26 January 2022 respectively; no mid-year appointment, departure, or role change indicated).",whitbread_ar_2025_26,https://www.whitbread.co.uk/wp-content/uploads/2026/05/Whitbread-PLC-Annual-Report-and-Accounts-2025-26.pdf,"=HYPERLINK(""https://www.whitbread.co.uk/wp-content/uploads/2026/05/Whitbread-PLC-Annual-Report-and-Accounts-2025-26.pdf#page=126"",""p.126 of AR"")",3.0,84.0
Whitbread Plc,WTB LN Equity,Consumer Discretionary,Consumer Services,Hotels Restaurants & Leisure,Hotels Resorts & Cruise Lines,3843.0,2025/26 (FY26),Hemant Patel,Chief Financial Officer,565000.0,GBP,627000.0,478000.0,57000.0,22000.0,,1749000.0,GBP,False,"No pro-rata adjustments apply to either executive director for FY2025/26 — both Dominic Paul and Hemant Patel served the full financial year in their respective roles (service contracts dated 28 June 2022 and 26 January 2022 respectively; no mid-year appointment, departure, or role change indicated).",whitbread_ar_2025_26,https://www.whitbread.co.uk/wp-content/uploads/2026/05/Whitbread-PLC-Annual-Report-and-Accounts-2025-26.pdf,"=HYPERLINK(""https://www.whitbread.co.uk/wp-content/uploads/2026/05/Whitbread-PLC-Annual-Report-and-Accounts-2025-26.pdf#page=126"",""p.126 of AR"")",3.0,84.0
Whitbread Plc,WTB LN Equity,Consumer Discretionary,Consumer Services,Hotels Restaurants & Leisure,Hotels Resorts & Cruise Lines,3843.0,2024/25 (FY25),Dominic Paul,Chief Executive (Officer),930000.0,GBP,865000.0,1069000.0,93000.0,22000.0,,2979000.0,GBP,False,No pro-rata adjustments apply for FY2024/25 — both directors served the full financial year.,whitbread_ar_2025_26,https://www.whitbread.co.uk/wp-content/uploads/2026/05/Whitbread-PLC-Annual-Report-and-Accounts-2025-26.pdf,"=HYPERLINK(""https://www.whitbread.co.uk/wp-content/uploads/2026/05/Whitbread-PLC-Annual-Report-and-Accounts-2025-26.pdf#page=126"",""p.126 of AR"")",3.0,84.0
Whitbread Plc,WTB LN Equity,Consumer Discretionary,Consumer Services,Hotels Restaurants & Leisure,Hotels Resorts & Cruise Lines,3843.0,2024/25 (FY25),Hemant Patel,Chief Financial Officer,548000.0,GBP,499000.0,550000.0,55000.0,22000.0,,1674000.0,GBP,False,No pro-rata adjustments apply for FY2024/25 — both directors served the full financial year.,whitbread_ar_2025_26,https://www.whitbread.co.uk/wp-content/uploads/2026/05/Whitbread-PLC-Annual-Report-and-Accounts-2025-26.pdf,"=HYPERLINK(""https://www.whitbread.co.uk/wp-content/uploads/2026/05/Whitbread-PLC-Annual-Report-and-Accounts-2025-26.pdf#page=126"",""p.126 of AR"")",3.0,84.0
Whitbread Plc,WTB LN Equity,Consumer Discretionary,Consumer Services,Hotels Restaurants & Leisure,Hotels Resorts & Cruise Lines,3843.0,2023/24,Dominic Paul,Chief Executive (Officer),,,,,,,,2465000.0,GBP,False,,whitbread_ar_2025_26,https://www.whitbread.co.uk/wp-content/uploads/2026/05/Whitbread-PLC-Annual-Report-and-Accounts-2025-26.pdf,"=HYPERLINK(""https://www.whitbread.co.uk/wp-content/uploads/2026/05/Whitbread-PLC-Annual-Report-and-Accounts-2025-26.pdf#page=135"",""p.135 of AR"")",3.0,157.0
Whitbread Plc,WTB LN Equity,Consumer Discretionary,Consumer Services,Hotels Restaurants & Leisure,Hotels Resorts & Cruise Lines,3843.0,2022/23,Dominic Paul,Chief Executive (Officer),,,,,,,,2416000.0,GBP,False,,whitbread_ar_2025_26,https://www.whitbread.co.uk/wp-content/uploads/2026/05/Whitbread-PLC-Annual-Report-and-Accounts-2025-26.pdf,"=HYPERLINK(""https://www.whitbread.co.uk/wp-content/uploads/2026/05/Whitbread-PLC-Annual-Report-and-Accounts-2025-26.pdf#page=135"",""p.135 of AR"")",3.0,157.0
Wickes Group Plc,WIX LN Equity,Consumer Discretionary,Consumer Discretionary Distribution & Retail,Specialty Retail,Home Improvement Retail,379.4,FY2025,David Wood,Chief Executive Officer (CEO),618000.0,GBP,745000.0,1676000.0,58000.0,22000.0,0.0,3119000.0,GBP,False,Served full year,wickes_group_ar_2025,https://www.wickesplc.co.uk/media/r1yaznzh/wickes-annual-report-2025.pdf,"=HYPERLINK(""https://www.wickesplc.co.uk/media/r1yaznzh/wickes-annual-report-2025.pdf#page=108"",""p.108 of AR"")",3.0,66.0
Wickes Group Plc,WIX LN Equity,Consumer Discretionary,Consumer Discretionary Distribution & Retail,Specialty Retail,Home Improvement Retail,379.4,FY2025,Mark George,Chief Financial Officer (CFO),415000.0,GBP,370000.0,1062000.0,37000.0,13000.0,0.0,1897000.0,GBP,False,Served full year,wickes_group_ar_2025,https://www.wickesplc.co.uk/media/r1yaznzh/wickes-annual-report-2025.pdf,"=HYPERLINK(""https://www.wickesplc.co.uk/media/r1yaznzh/wickes-annual-report-2025.pdf#page=108"",""p.108 of AR"")",3.0,66.0
Wickes Group Plc,WIX LN Equity,Consumer Discretionary,Consumer Discretionary Distribution & Retail,Specialty Retail,Home Improvement Retail,379.4,FY2024,David Wood,Chief Executive Officer (CEO),567000.0,GBP,596000.0,0.0,60000.0,22000.0,0.0,1245000.0,GBP,False,Served full year,wickes_group_ar_2025,https://www.wickesplc.co.uk/media/r1yaznzh/wickes-annual-report-2025.pdf,"=HYPERLINK(""https://www.wickesplc.co.uk/media/r1yaznzh/wickes-annual-report-2025.pdf#page=108"",""p.108 of AR"")",3.0,66.0
Wickes Group Plc,WIX LN Equity,Consumer Discretionary,Consumer Discretionary Distribution & Retail,Specialty Retail,Home Improvement Retail,379.4,FY2024,Mark George,Chief Financial Officer (CFO),402000.0,GBP,312000.0,0.0,35000.0,13000.0,0.0,762000.0,GBP,False,Served full year,wickes_group_ar_2025,https://www.wickesplc.co.uk/media/r1yaznzh/wickes-annual-report-2025.pdf,"=HYPERLINK(""https://www.wickesplc.co.uk/media/r1yaznzh/wickes-annual-report-2025.pdf#page=108"",""p.108 of AR"")",3.0,66.0
Wizz Air Holdings Plc,WIZZ LN Equity,Industrials,Transportation,Passenger Airlines,Passenger Airlines,982.4,F25 (year ended 31 March 2025),József Váradi,Chief Executive Officer (Company's sole Executive Director),775000.0,EUR,770727.0,0.0,1570.0,22291.0,2325000.0,3894588.0,EUR,False,Served full financial year as CEO,wizz_air_holdings_ar_2025,https://www.wizzair.com/cms/api/docs/default-source/downloadable-documents/corporate-website-transfer-documents/annual-reports/wizz-air-holdings-plc---annual-report-and-accounts-f26.pdf,"=HYPERLINK(""https://www.wizzair.com/cms/api/docs/default-source/downloadable-documents/corporate-website-transfer-documents/annual-reports/wizz-air-holdings-plc---annual-report-and-accounts-f26.pdf#page=86"",""p.86 of AR"")",3.0,145.0
Wizz Air Holdings Plc,WIZZ LN Equity,Industrials,Transportation,Passenger Airlines,Passenger Airlines,982.4,F24 (year ended 31 March 2024),József Váradi,Chief Executive Officer,710534.0,EUR,660868.0,0.0,1530.0,23000.0,0.0,1395932.0,EUR,False,Served full financial year as CEO,wizz_air_holdings_ar_2025,https://www.wizzair.com/cms/api/docs/default-source/downloadable-documents/corporate-website-transfer-documents/annual-reports/wizz-air-holdings-plc---annual-report-and-accounts-f26.pdf,"=HYPERLINK(""https://www.wizzair.com/cms/api/docs/default-source/downloadable-documents/corporate-website-transfer-documents/annual-reports/wizz-air-holdings-plc---annual-report-and-accounts-f26.pdf#page=86"",""p.86 of AR"")",3.0,145.0
Wizz Air Holdings Plc,WIZZ LN Equity,Industrials,Transportation,Passenger Airlines,Passenger Airlines,982.4,F26 (year ended 31 March 2026),József Váradi,Chief Executive Officer (sole Executive Director),775000.0,EUR,946120.0,0.0,,25919.0,2325000.0,4106798.0,EUR,False,Not applicable - served the full financial year as sole Executive Director,wizz_air_holdings_ar_2026,https://www.wizzair.com/cms/api/docs/default-source/downloadable-documents/corporate-website-transfer-documents/annual-reports/wizz-air-holdings-plc---annual-report-and-accounts-f26.pdf,"=HYPERLINK(""https://www.wizzair.com/cms/api/docs/default-source/downloadable-documents/corporate-website-transfer-documents/annual-reports/wizz-air-holdings-plc---annual-report-and-accounts-f26.pdf#page=86"",""p.86 of AR"")",3.0,156.0
Wizz Air Holdings Plc,WIZZ LN Equity,Industrials,Transportation,Passenger Airlines,Passenger Airlines,982.4,F25 (year ended 31 March 2025),József Váradi,Chief Executive Officer (sole Executive Director),775000.0,EUR,770727.0,0.0,,22291.0,2325000.0,3894588.0,EUR,False,Not applicable - served the full financial year as sole Executive Director,wizz_air_holdings_ar_2026,https://www.wizzair.com/cms/api/docs/default-source/downloadable-documents/corporate-website-transfer-documents/annual-reports/wizz-air-holdings-plc---annual-report-and-accounts-f26.pdf,"=HYPERLINK(""https://www.wizzair.com/cms/api/docs/default-source/downloadable-documents/corporate-website-transfer-documents/annual-reports/wizz-air-holdings-plc---annual-report-and-accounts-f26.pdf#page=86"",""p.86 of AR"")",3.0,156.0
Workspace Group Plc,WKP LN Equity,,,,,614.2,FY2024/25,Lawrence Hutchings,Chief Executive Officer,208900.0,GBP,88200.0,0.0,12500.0,1200.0,250000.0,560800.0,GBP,True,"Appointed as CEO on 18 November 2024; salary of £208,900 reflects earnings from appointment date to 31 March 2025 (full annual salary £560,000). Annual bonus pro-rated for time served (42.2% of salary on a pro-rated basis). Pension set at 6% of salary for first year of employment, increasing to 10% thereafter. No prior year data available (new appointment). Annual bonus deferral of 33% into Company shares for three years: £29,108 deferred. Pension paid as cash allowance in lieu of pension contributions.",workspace_group_ar_2025,https://www.workspace.co.uk/getmedia/be3e84d5-8d24-4dbd-8ef0-2fa88380a2eb/Workspace-Group-Annual-Report-and-Accounts-2026.pdf?ext=.pdf,"=HYPERLINK(""https://www.workspace.co.uk/getmedia/be3e84d5-8d24-4dbd-8ef0-2fa88380a2eb/Workspace-Group-Annual-Report-and-Accounts-2026.pdf?ext=.pdf#page=199"",""p.199 of AR"")",2.0,
Workspace Group Plc,WKP LN Equity,,,,,614.2,FY2024/25,Graham Clemett,Outgoing Chief Executive Officer,463700.0,GBP,195800.0,188400.0,46400.0,18200.0,0.0,912500.0,GBP,True,"Served as CEO from 1 April 2024, stepped down as CEO in November 2024 upon Lawrence Hutchings' appointment, and retired as a Director on 31 January 2025 after serving his full 12-month notice period. Salary of £463,700 reflects earnings to 31 January 2025 (full annual salary £556,400). Annual bonus pro-rated for time served (42.2% of salary on a pro-rated basis). Determined a 'good leaver'; in-flight LTIP awards will vest on normal vesting dates subject to performance and time pro-rating. LTIP figure represents estimated value of 25% of 2022 LTIP shares vesting, using three-month average share price to 31 March 2025 of £4.47, including dividend equivalents. No share price growth element attributed to LTIP figure. Annual bonus deferral of 33% into Company shares for three years: £64,607 deferred. Pension paid as cash allowance in lieu of pension contributions.",workspace_group_ar_2025,https://www.workspace.co.uk/getmedia/be3e84d5-8d24-4dbd-8ef0-2fa88380a2eb/Workspace-Group-Annual-Report-and-Accounts-2026.pdf?ext=.pdf,"=HYPERLINK(""https://www.workspace.co.uk/getmedia/be3e84d5-8d24-4dbd-8ef0-2fa88380a2eb/Workspace-Group-Annual-Report-and-Accounts-2026.pdf?ext=.pdf#page=195"",""p.195 of AR"")",2.0,
Workspace Group Plc,WKP LN Equity,,,,,614.2,FY2024/25,Dave Benson,Chief Financial Officer,400000.0,GBP,135100.0,149300.0,40000.0,0.0,0.0,724300.0,GBP,False,"Served the full financial year. Annual bonus of 33.8% of salary. LTIP figure represents estimated value of 25% of 2022 LTIP shares vesting, using three-month average share price to 31 March 2025 of £4.47, including dividend equivalents. No share price growth element attributed to LTIP figure. No car allowance received. Pension at 10% of salary paid as cash allowance in lieu of pension contributions. Annual bonus deferral of 33% into Company shares for three years: £44,573 deferred.",workspace_group_ar_2025,https://www.workspace.co.uk/getmedia/be3e84d5-8d24-4dbd-8ef0-2fa88380a2eb/Workspace-Group-Annual-Report-and-Accounts-2026.pdf?ext=.pdf,"=HYPERLINK(""https://www.workspace.co.uk/getmedia/be3e84d5-8d24-4dbd-8ef0-2fa88380a2eb/Workspace-Group-Annual-Report-and-Accounts-2026.pdf?ext=.pdf#page=208"",""p.208 of AR"")",2.0,
Workspace Group Plc,WKP LN Equity,,,,,614.2,FY2023/24,Lawrence Hutchings,Chief Executive Officer,,,,,,,,0.0,GBP,False,Not applicable – not employed by Workspace Group in FY2023/24. No remuneration data available for this financial year.,workspace_group_ar_2025,https://www.workspace.co.uk/getmedia/be3e84d5-8d24-4dbd-8ef0-2fa88380a2eb/Workspace-Group-Annual-Report-and-Accounts-2026.pdf?ext=.pdf,"=HYPERLINK(""https://www.workspace.co.uk/getmedia/be3e84d5-8d24-4dbd-8ef0-2fa88380a2eb/Workspace-Group-Annual-Report-and-Accounts-2026.pdf?ext=.pdf#page=195"",""p.195 of AR"")",2.0,
Workspace Group Plc,WKP LN Equity,,,,,614.2,FY2023/24,Graham Clemett,Chief Executive Officer,535000.0,GBP,538500.0,385900.0,53500.0,21800.0,4500.0,1539200.0,GBP,False,Served the full financial year as CEO. LTIP figure updated to reflect the share price on the date of vesting of the 2021 LTIP on 24 June 2024 of £5.854221.,workspace_group_ar_2025,https://www.workspace.co.uk/getmedia/be3e84d5-8d24-4dbd-8ef0-2fa88380a2eb/Workspace-Group-Annual-Report-and-Accounts-2026.pdf?ext=.pdf,"=HYPERLINK(""https://www.workspace.co.uk/getmedia/be3e84d5-8d24-4dbd-8ef0-2fa88380a2eb/Workspace-Group-Annual-Report-and-Accounts-2026.pdf?ext=.pdf#page=195"",""p.195 of AR"")",2.0,
Workspace Group Plc,WKP LN Equity,,,,,614.2,FY2023/24,Dave Benson,Chief Financial Officer,368000.0,GBP,296300.0,265600.0,36800.0,0.0,4500.0,971200.0,GBP,False,Served the full financial year. LTIP figure updated to reflect the share price on the date of vesting of the 2021 LTIP on 24 June 2024 of £5.854221.,workspace_group_ar_2025,https://www.workspace.co.uk/getmedia/be3e84d5-8d24-4dbd-8ef0-2fa88380a2eb/Workspace-Group-Annual-Report-and-Accounts-2026.pdf?ext=.pdf,"=HYPERLINK(""https://www.workspace.co.uk/getmedia/be3e84d5-8d24-4dbd-8ef0-2fa88380a2eb/Workspace-Group-Annual-Report-and-Accounts-2026.pdf?ext=.pdf#page=219"",""p.219 of AR"")",2.0,
WPP Plc,WPP LN Equity,Communication Services,Media & Entertainment,Media,Advertising,2824.7,FY2025,Cindy Rose,Chief Executive Officer,417000.0,GBP,261000.0,0.0,42000.0,165000.0,5942000.0,6827000.0,GBP,True,"Appointed as CEO on 1 September 2025; compensation reflects period from 1 September to 31 December 2025 only (4 months). Prior to appointment as CEO, Cindy Rose served as a Non-Executive Director from 1 January to 31 August 2025. The buy-out awards of £5,942,000 (comprising cash of £857k and a restricted share award of £5,085k) were granted to compensate for loss of incentive awards at her previous employer; under reporting regulations, the full value of the share award is required to be shown in the year of grant even though it vests on a phased basis to September 2030. Benefits of £165,000 include a taxable benefit of £64k for the New York apartment provided to facilitate her dual UK/US role, £87k in one-off professional fees assistance related to her service agreement and buy-out arrangements, and the standard £35,000 benefits allowance.",wpp_ar_2025,https://www.wpp.com/en/-/media/project/wpp/files/investors/2026/annual-report/wpp_annual_report_2025.pdf,"=HYPERLINK(""https://www.wpp.com/en/-/media/project/wpp/files/investors/2026/annual-report/wpp_annual_report_2025.pdf#page=102"",""p.102 of AR"")",2.0,
WPP Plc,WPP LN Equity,Communication Services,Media & Entertainment,Media,Advertising,2824.7,FY2025,Joanne Wilson,Chief Financial Officer,760000.0,GBP,190000.0,0.0,76000.0,36000.0,0.0,1062000.0,GBP,False,Appointed CFO on 27 April 2023; served full year in FY2025.,wpp_ar_2025,https://www.wpp.com/en/-/media/project/wpp/files/investors/2026/annual-report/wpp_annual_report_2025.pdf,"=HYPERLINK(""https://www.wpp.com/en/-/media/project/wpp/files/investors/2026/annual-report/wpp_annual_report_2025.pdf#page=104"",""p.104 of AR"")",2.0,
WPP Plc,WPP LN Equity,Communication Services,Media & Entertainment,Media,Advertising,2824.7,FY2025,Andrew Scott,Executive Director (President),745000.0,GBP,0.0,0.0,75000.0,36000.0,0.0,856000.0,GBP,True,Stepped down from the Board on 31 December 2025 (end of year); no STIP or LTIP awarded for 2025. Remains an employee of the Group after Board departure.,wpp_ar_2025,https://www.wpp.com/en/-/media/project/wpp/files/investors/2026/annual-report/wpp_annual_report_2025.pdf,"=HYPERLINK(""https://www.wpp.com/en/-/media/project/wpp/files/investors/2026/annual-report/wpp_annual_report_2025.pdf#page=119"",""p.119 of AR"")",2.0,
WPP Plc,WPP LN Equity,Communication Services,Media & Entertainment,Media,Advertising,2824.7,FY2025,Mark Read,Former Chief Executive Officer,770000.0,GBP,0.0,0.0,77000.0,26000.0,0.0,873000.0,GBP,True,Stepped down as CEO and from the Board on 1 September 2025; compensation shown reflects the period 1 January to 31 August 2025 only (8 months). No STIP award was made for 2025. Will cease employment on 8 June 2026 at the end of his notice period. Payments received from 1 September to 31 December 2025 are reported separately under Payments to past directors.,wpp_ar_2025,https://www.wpp.com/en/-/media/project/wpp/files/investors/2026/annual-report/wpp_annual_report_2025.pdf,"=HYPERLINK(""https://www.wpp.com/en/-/media/project/wpp/files/investors/2026/annual-report/wpp_annual_report_2025.pdf#page=119"",""p.119 of AR"")",2.0,
WPP Plc,WPP LN Equity,Communication Services,Media & Entertainment,Media,Advertising,2824.7,FY2024,Joanne Wilson,Chief Financial Officer,750000.0,GBP,675000.0,318000.0,75000.0,32000.0,0.0,1850000.0,GBP,False,Full year served in FY2024.,wpp_ar_2025,https://www.wpp.com/en/-/media/project/wpp/files/investors/2026/annual-report/wpp_annual_report_2025.pdf,"=HYPERLINK(""https://www.wpp.com/en/-/media/project/wpp/files/investors/2026/annual-report/wpp_annual_report_2025.pdf#page=119"",""p.119 of AR"")",2.0,
WPP Plc,WPP LN Equity,Communication Services,Media & Entertainment,Media,Advertising,2824.7,FY2024,Andrew Scott,Executive Director (President),735000.0,GBP,550000.0,680000.0,73000.0,32000.0,0.0,2070000.0,GBP,False,Full year served in FY2024.,wpp_ar_2025,https://www.wpp.com/en/-/media/project/wpp/files/investors/2026/annual-report/wpp_annual_report_2025.pdf,"=HYPERLINK(""https://www.wpp.com/en/-/media/project/wpp/files/investors/2026/annual-report/wpp_annual_report_2025.pdf#page=119"",""p.119 of AR"")",2.0,
WPP Plc,WPP LN Equity,Communication Services,Media & Entertainment,Media,Advertising,2824.7,FY2024,Mark Read,Chief Executive Officer,1140000.0,GBP,1137000.0,1372000.0,114000.0,38000.0,0.0,3801000.0,GBP,False,Full year served in FY2024.,wpp_ar_2025,https://www.wpp.com/en/-/media/project/wpp/files/investors/2026/annual-report/wpp_annual_report_2025.pdf,"=HYPERLINK(""https://www.wpp.com/en/-/media/project/wpp/files/investors/2026/annual-report/wpp_annual_report_2025.pdf#page=119"",""p.119 of AR"")",2.0,
XPS Pensions Group Plc,XPS LN Equity,Financials,Financial Services,Capital Markets,Asset Management & Custody Banks,609.3,FY 2025,Ben Bramhall,Co-Chief Executive Officer,372070.0,GBP,558105.0,1377337.0,20830.0,13645.0,,2341987.0,GBP,False,No — full year served,xps_pensions_group_ar_2025,https://xps-13503-s3.s3.eu-west-2.amazonaws.com/files/5417/8358/1204/XPS-Pensions-Group-plc-Annual-Report-and-Accounts-2026.pdf#page=14,"=HYPERLINK(""https://xps-13503-s3.s3.eu-west-2.amazonaws.com/files/5417/8358/1204/XPS-Pensions-Group-plc-Annual-Report-and-Accounts-2026.pdf#page=14#page=92"",""p.92 of AR"")",3.0,140.0
XPS Pensions Group Plc,XPS LN Equity,Financials,Financial Services,Capital Markets,Asset Management & Custody Banks,609.3,FY 2025,Paul Cuff,Co-Chief Executive Officer,372070.0,GBP,558105.0,1377337.0,20830.0,13445.0,,2341787.0,GBP,False,No — full year served,xps_pensions_group_ar_2025,https://xps-13503-s3.s3.eu-west-2.amazonaws.com/files/5417/8358/1204/XPS-Pensions-Group-plc-Annual-Report-and-Accounts-2026.pdf#page=14,"=HYPERLINK(""https://xps-13503-s3.s3.eu-west-2.amazonaws.com/files/5417/8358/1204/XPS-Pensions-Group-plc-Annual-Report-and-Accounts-2026.pdf#page=14#page=92"",""p.92 of AR"")",3.0,140.0
XPS Pensions Group Plc,XPS LN Equity,Financials,Financial Services,Capital Markets,Asset Management & Custody Banks,609.3,FY 2025,Snehal Shah,Chief Financial Officer,321796.0,GBP,402246.0,969504.0,18179.0,13233.0,,1724958.0,GBP,False,No — full year served,xps_pensions_group_ar_2025,https://xps-13503-s3.s3.eu-west-2.amazonaws.com/files/5417/8358/1204/XPS-Pensions-Group-plc-Annual-Report-and-Accounts-2026.pdf#page=14,"=HYPERLINK(""https://xps-13503-s3.s3.eu-west-2.amazonaws.com/files/5417/8358/1204/XPS-Pensions-Group-plc-Annual-Report-and-Accounts-2026.pdf#page=14#page=92"",""p.92 of AR"")",3.0,140.0
XPS Pensions Group Plc,XPS LN Equity,Financials,Financial Services,Capital Markets,Asset Management & Custody Banks,609.3,FY 2024,Ben Bramhall,Co-Chief Executive Officer,356048.0,GBP,534072.0,1156726.0,19985.0,13320.0,,2080151.0,GBP,False,No — full year served,xps_pensions_group_ar_2025,https://xps-13503-s3.s3.eu-west-2.amazonaws.com/files/5417/8358/1204/XPS-Pensions-Group-plc-Annual-Report-and-Accounts-2026.pdf#page=14,"=HYPERLINK(""https://xps-13503-s3.s3.eu-west-2.amazonaws.com/files/5417/8358/1204/XPS-Pensions-Group-plc-Annual-Report-and-Accounts-2026.pdf#page=14#page=92"",""p.92 of AR"")",3.0,140.0
XPS Pensions Group Plc,XPS LN Equity,Financials,Financial Services,Capital Markets,Asset Management & Custody Banks,609.3,FY 2024,Paul Cuff,Co-Chief Executive Officer,356048.0,GBP,534072.0,1156726.0,19985.0,13120.0,,2079951.0,GBP,False,No — full year served,xps_pensions_group_ar_2025,https://xps-13503-s3.s3.eu-west-2.amazonaws.com/files/5417/8358/1204/XPS-Pensions-Group-plc-Annual-Report-and-Accounts-2026.pdf#page=14,"=HYPERLINK(""https://xps-13503-s3.s3.eu-west-2.amazonaws.com/files/5417/8358/1204/XPS-Pensions-Group-plc-Annual-Report-and-Accounts-2026.pdf#page=14#page=92"",""p.92 of AR"")",3.0,140.0
XPS Pensions Group Plc,XPS LN Equity,Financials,Financial Services,Capital Markets,Asset Management & Custody Banks,609.3,FY 2024,Snehal Shah,Chief Financial Officer,300745.0,GBP,375931.0,814214.0,17069.0,12872.0,,1520831.0,GBP,False,No — full year served,xps_pensions_group_ar_2025,https://xps-13503-s3.s3.eu-west-2.amazonaws.com/files/5417/8358/1204/XPS-Pensions-Group-plc-Annual-Report-and-Accounts-2026.pdf#page=14,"=HYPERLINK(""https://xps-13503-s3.s3.eu-west-2.amazonaws.com/files/5417/8358/1204/XPS-Pensions-Group-plc-Annual-Report-and-Accounts-2026.pdf#page=14#page=92"",""p.92 of AR"")",3.0,140.0
XPS Pensions Group Plc,XPS LN Equity,Financials,Financial Services,Capital Markets,Asset Management & Custody Banks,609.3,FY 2026 (year ended 31 March 2026),Ben Bramhall,Co-Chief Executive Officer,435322.0,GBP,576584.0,1069869.0,26119.0,14540.0,,2122434.0,GBP,False,,xps_pensions_group_ar_2026,https://xps-13503-s3.s3.eu-west-2.amazonaws.com/files/5417/8358/1204/XPS-Pensions-Group-plc-Annual-Report-and-Accounts-2026.pdf#page=14,"=HYPERLINK(""https://xps-13503-s3.s3.eu-west-2.amazonaws.com/files/5417/8358/1204/XPS-Pensions-Group-plc-Annual-Report-and-Accounts-2026.pdf#page=14#page=86"",""p.86 of AR"")",3.0,166.0
XPS Pensions Group Plc,XPS LN Equity,Financials,Financial Services,Capital Markets,Asset Management & Custody Banks,609.3,FY 2026 (year ended 31 March 2026),Paul Cuff,Co-Chief Executive Officer,435322.0,GBP,576584.0,1069869.0,26119.0,14340.0,,2122234.0,GBP,False,,xps_pensions_group_ar_2026,https://xps-13503-s3.s3.eu-west-2.amazonaws.com/files/5417/8358/1204/XPS-Pensions-Group-plc-Annual-Report-and-Accounts-2026.pdf#page=14,"=HYPERLINK(""https://xps-13503-s3.s3.eu-west-2.amazonaws.com/files/5417/8358/1204/XPS-Pensions-Group-plc-Annual-Report-and-Accounts-2026.pdf#page=14#page=86"",""p.86 of AR"")",3.0,166.0
XPS Pensions Group Plc,XPS LN Equity,Financials,Financial Services,Capital Markets,Asset Management & Custody Banks,609.3,FY 2026 (year ended 31 March 2026),Snehal Shah,Chief Financial Officer,376503.0,GBP,415563.0,776114.0,20948.0,14063.0,,1603191.0,GBP,False,,xps_pensions_group_ar_2026,https://xps-13503-s3.s3.eu-west-2.amazonaws.com/files/5417/8358/1204/XPS-Pensions-Group-plc-Annual-Report-and-Accounts-2026.pdf#page=14,"=HYPERLINK(""https://xps-13503-s3.s3.eu-west-2.amazonaws.com/files/5417/8358/1204/XPS-Pensions-Group-plc-Annual-Report-and-Accounts-2026.pdf#page=14#page=86"",""p.86 of AR"")",3.0,166.0
XPS Pensions Group Plc,XPS LN Equity,Financials,Financial Services,Capital Markets,Asset Management & Custody Banks,609.3,FY 2025 (year ended 31 March 2025),Ben Bramhall,Co-Chief Executive Officer,372070.0,GBP,558105.0,1562284.0,20830.0,13645.0,,2526934.0,GBP,False,,xps_pensions_group_ar_2026,https://xps-13503-s3.s3.eu-west-2.amazonaws.com/files/5417/8358/1204/XPS-Pensions-Group-plc-Annual-Report-and-Accounts-2026.pdf#page=14,"=HYPERLINK(""https://xps-13503-s3.s3.eu-west-2.amazonaws.com/files/5417/8358/1204/XPS-Pensions-Group-plc-Annual-Report-and-Accounts-2026.pdf#page=14#page=86"",""p.86 of AR"")",3.0,166.0
XPS Pensions Group Plc,XPS LN Equity,Financials,Financial Services,Capital Markets,Asset Management & Custody Banks,609.3,FY 2025 (year ended 31 March 2025),Paul Cuff,Co-Chief Executive Officer,372070.0,GBP,558105.0,1562284.0,20830.0,13445.0,,2526734.0,GBP,False,,xps_pensions_group_ar_2026,https://xps-13503-s3.s3.eu-west-2.amazonaws.com/files/5417/8358/1204/XPS-Pensions-Group-plc-Annual-Report-and-Accounts-2026.pdf#page=14,"=HYPERLINK(""https://xps-13503-s3.s3.eu-west-2.amazonaws.com/files/5417/8358/1204/XPS-Pensions-Group-plc-Annual-Report-and-Accounts-2026.pdf#page=14#page=86"",""p.86 of AR"")",3.0,166.0
XPS Pensions Group Plc,XPS LN Equity,Financials,Financial Services,Capital Markets,Asset Management & Custody Banks,609.3,FY 2025 (year ended 31 March 2025),Snehal Shah,Chief Financial Officer,321796.0,GBP,402246.0,1099688.0,18179.0,13233.0,,1855142.0,GBP,False,,xps_pensions_group_ar_2026,https://xps-13503-s3.s3.eu-west-2.amazonaws.com/files/5417/8358/1204/XPS-Pensions-Group-plc-Annual-Report-and-Accounts-2026.pdf#page=14,"=HYPERLINK(""https://xps-13503-s3.s3.eu-west-2.amazonaws.com/files/5417/8358/1204/XPS-Pensions-Group-plc-Annual-Report-and-Accounts-2026.pdf#page=14#page=86"",""p.86 of AR"")",3.0,166.0
Zigup Plc,ZIG LN Equity,Industrials,Transportation,Ground Transportation,Passenger Ground Transportation,928.4,FY2025,Martin Ward,Chief Executive Officer (CEO),646000.0,GBP,613000.0,575000.0,26000.0,18000.0,,1878000.0,GBP,False,Served full year,zigup_ar_2025,https://report.emperor.works/view/238772089/,"=HYPERLINK(""https://report.emperor.works/view/238772089/#page=107"",""p.107 of AR"")",2.0,
Zigup Plc,ZIG LN Equity,Industrials,Transportation,Ground Transportation,Passenger Ground Transportation,928.4,FY2025,Philip Vincent,Chief Financial Officer (CFO),390000.0,GBP,0.0,0.0,15000.0,12000.0,,417000.0,GBP,True,"Philip Vincent stepped down from the Board on 28 March 2025 following six years of service; remuneration shown to that date only. Salary, benefits and pension were paid up to departure date. CFO was not entitled to a bonus on leaving in March 2025. All unvested LTIP awards lapsed on departure. No further compensation was payable in respect of loss of office.",zigup_ar_2025,https://report.emperor.works/view/238772089/,"=HYPERLINK(""https://report.emperor.works/view/238772089/#page=107"",""p.107 of AR"")",2.0,
Zigup Plc,ZIG LN Equity,Industrials,Transportation,Ground Transportation,Passenger Ground Transportation,928.4,FY2024,Martin Ward,Chief Executive Officer (CEO),628000.0,GBP,784000.0,825000.0,25000.0,20000.0,,2282000.0,GBP,False,"Served full year. LTIP figure relates to 2021 LTIP award; originally reported based on average share price of 364.4p for the three-month period to 30 April 2024, subsequently updated to reflect actual share price at vesting on 9 August 2024 of 399.0p.",zigup_ar_2025,https://report.emperor.works/view/238772089/,"=HYPERLINK(""https://report.emperor.works/view/238772089/#page=107"",""p.107 of AR"")",2.0,
Zigup Plc,ZIG LN Equity,Industrials,Transportation,Ground Transportation,Passenger Ground Transportation,928.4,FY2024,Philip Vincent,Chief Financial Officer (CFO),405000.0,GBP,405000.0,533000.0,16000.0,17000.0,,1376000.0,GBP,False,"Served full year. LTIP figure relates to 2021 LTIP award; originally reported based on average share price of 364.4p for the three-month period to 30 April 2024, subsequently updated to reflect actual share price at vesting on 9 August 2024 of 399.0p.",zigup_ar_2025,https://report.emperor.works/view/238772089/,"=HYPERLINK(""https://report.emperor.works/view/238772089/#page=116"",""p.116 of AR"")",2.0,
